ISO-10303-21;
HEADER;
FILE_DESCRIPTION(('KiCad electronic assembly'),'2;1');
FILE_NAME('Bottom Plate.step','2026-02-10T20:07:56',('Pcbnew'),('Kicad')
  ,'Open CASCADE STEP processor 7.8','KiCad to STEP converter','Unknown'
  );
FILE_SCHEMA(('AUTOMOTIVE_DESIGN { 1 0 10303 214 1 1 1 1 }'));
ENDSEC;
DATA;
#1 = APPLICATION_PROTOCOL_DEFINITION('international standard',
  'automotive_design',2000,#2);
#2 = APPLICATION_CONTEXT(
  'core data for automotive mechanical design processes');
#3 = SHAPE_DEFINITION_REPRESENTATION(#4,#10);
#4 = PRODUCT_DEFINITION_SHAPE('','',#5);
#5 = PRODUCT_DEFINITION('design','',#6,#9);
#6 = PRODUCT_DEFINITION_FORMATION('','',#7);
#7 = PRODUCT('Bottom Plate 1','Bottom Plate 1','',(#8));
#8 = PRODUCT_CONTEXT('',#2,'mechanical');
#9 = PRODUCT_DEFINITION_CONTEXT('part definition',#2,'design');
#10 = SHAPE_REPRESENTATION('',(#11,#15,#19,#23,#27,#31,#35,#39,#43,#47),
  #51);
#11 = AXIS2_PLACEMENT_3D('',#12,#13,#14);
#12 = CARTESIAN_POINT('',(0.,0.,0.));
#13 = DIRECTION('',(0.,0.,1.));
#14 = DIRECTION('',(1.,0.,-0.));
#15 = AXIS2_PLACEMENT_3D('',#16,#17,#18);
#16 = CARTESIAN_POINT('',(125.22,-110.,1.595));
#17 = DIRECTION('',(0.,-0.,1.));
#18 = DIRECTION('',(1.110223024625E-16,1.,0.));
#19 = AXIS2_PLACEMENT_3D('',#20,#21,#22);
#20 = CARTESIAN_POINT('',(109.16,-26.,1.595));
#21 = DIRECTION('',(0.,-0.,1.));
#22 = DIRECTION('',(1.110223024625E-16,1.,0.));
#23 = AXIS2_PLACEMENT_3D('',#24,#25,#26);
#24 = CARTESIAN_POINT('',(42.6,-35.4,1.595));
#25 = DIRECTION('',(0.,0.,1.));
#26 = DIRECTION('',(1.,0.,0.));
#27 = AXIS2_PLACEMENT_3D('',#28,#29,#30);
#28 = CARTESIAN_POINT('',(62.696608,-83.620733,1.595));
#29 = DIRECTION('',(-0.,0.,1.));
#30 = DIRECTION('',(0.173648177667,-0.984807753012,0.));
#31 = AXIS2_PLACEMENT_3D('',#32,#33,#34);
#32 = CARTESIAN_POINT('',(91.3,-101.,1.595));
#33 = DIRECTION('',(-0.,0.,1.));
#34 = DIRECTION('',(1.110223024625E-16,-1.,0.));
#35 = AXIS2_PLACEMENT_3D('',#36,#37,#38);
#36 = CARTESIAN_POINT('',(167.,-68.4,1.595));
#37 = DIRECTION('',(0.,0.,1.));
#38 = DIRECTION('',(1.,0.,0.));
#39 = AXIS2_PLACEMENT_3D('',#40,#41,#42);
#40 = CARTESIAN_POINT('',(155.38,-35.,1.595));
#41 = DIRECTION('',(0.,-0.,1.));
#42 = DIRECTION('',(1.110223024625E-16,1.,0.));
#43 = AXIS2_PLACEMENT_3D('',#44,#45,#46);
#44 = CARTESIAN_POINT('',(64.5875,-32.25,-8.5E-02));
#45 = DIRECTION('',(0.,-1.224646799147E-16,-1.));
#46 = DIRECTION('',(1.,0.,0.));
#47 = AXIS2_PLACEMENT_3D('',#48,#49,#50);
#48 = CARTESIAN_POINT('',(0.,0.,0.));
#49 = DIRECTION('',(0.,0.,1.));
#50 = DIRECTION('',(1.,0.,-0.));
#51 = ( GEOMETRIC_REPRESENTATION_CONTEXT(3) 
GLOBAL_UNCERTAINTY_ASSIGNED_CONTEXT((#55)) GLOBAL_UNIT_ASSIGNED_CONTEXT(
(#52,#53,#54)) REPRESENTATION_CONTEXT('Context #1',
  '3D Context with UNIT and UNCERTAINTY') );
#52 = ( LENGTH_UNIT() NAMED_UNIT(*) SI_UNIT(.MILLI.,.METRE.) );
#53 = ( NAMED_UNIT(*) PLANE_ANGLE_UNIT() SI_UNIT($,.RADIAN.) );
#54 = ( NAMED_UNIT(*) SI_UNIT($,.STERADIAN.) SOLID_ANGLE_UNIT() );
#55 = UNCERTAINTY_MEASURE_WITH_UNIT(LENGTH_MEASURE(1.E-07),#52,
  'distance_accuracy_value','confusion accuracy');
#56 = PRODUCT_RELATED_PRODUCT_CATEGORY('part',$,(#7));
#57 = SHAPE_DEFINITION_REPRESENTATION(#58,#64);
#58 = PRODUCT_DEFINITION_SHAPE('','',#59);
#59 = PRODUCT_DEFINITION('design','',#60,#63);
#60 = PRODUCT_DEFINITION_FORMATION('','',#61);
#61 = PRODUCT('PinSocket_1x04_P2.54mm_Vertical',
  'PinSocket_1x04_P2.54mm_Vertical','',(#62));
#62 = PRODUCT_CONTEXT('',#2,'mechanical');
#63 = PRODUCT_DEFINITION_CONTEXT('part definition',#2,'design');
#64 = ADVANCED_BREP_SHAPE_REPRESENTATION('',(#11,#65),#3451);
#65 = MANIFOLD_SOLID_BREP('',#66);
#66 = CLOSED_SHELL('',(#67,#107,#170,#233,#250,#403,#425,#442,#723,#735,
    #747,#778,#802,#826,#843,#874,#898,#922,#939,#970,#994,#1018,#1035,
    #1066,#1090,#1114,#1131,#1148,#1195,#1212,#1259,#1276,#1323,#1340,
    #1387,#1404,#1451,#1468,#1515,#1532,#1579,#1596,#1643,#1674,#1730,
    #1754,#1803,#1834,#1890,#1914,#1963,#1994,#2050,#2074,#2123,#2154,
    #2210,#2234,#2283,#2300,#2317,#2334,#2351,#2363,#2380,#2397,#2414,
    #2431,#2443,#2460,#2477,#2494,#2511,#2523,#2540,#2557,#2574,#2591,
    #2603,#2620,#2637,#2686,#2710,#2752,#2769,#2786,#2803,#2852,#2876,
    #2918,#2935,#2952,#2969,#3018,#3042,#3084,#3101,#3118,#3135,#3184,
    #3208,#3250,#3267,#3284,#3301,#3313,#3330,#3347,#3359,#3376,#3393,
    #3405,#3422,#3439));
#67 = ADVANCED_FACE('',(#68),#102,.F.);
#68 = FACE_BOUND('',#69,.F.);
#69 = EDGE_LOOP('',(#70,#80,#88,#96));
#70 = ORIENTED_EDGE('',*,*,#71,.T.);
#71 = EDGE_CURVE('',#72,#74,#76,.T.);
#72 = VERTEX_POINT('',#73);
#73 = CARTESIAN_POINT('',(1.27,-8.89,0.));
#74 = VERTEX_POINT('',#75);
#75 = CARTESIAN_POINT('',(1.27,-8.89,8.5));
#76 = LINE('',#77,#78);
#77 = CARTESIAN_POINT('',(1.27,-8.89,0.));
#78 = VECTOR('',#79,1.);
#79 = DIRECTION('',(0.,0.,1.));
#80 = ORIENTED_EDGE('',*,*,#81,.T.);
#81 = EDGE_CURVE('',#74,#82,#84,.T.);
#82 = VERTEX_POINT('',#83);
#83 = CARTESIAN_POINT('',(1.27,1.27,8.5));
#84 = LINE('',#85,#86);
#85 = CARTESIAN_POINT('',(1.27,-8.89,8.5));
#86 = VECTOR('',#87,1.);
#87 = DIRECTION('',(1.110223024625E-16,1.,0.));
#88 = ORIENTED_EDGE('',*,*,#89,.F.);
#89 = EDGE_CURVE('',#90,#82,#92,.T.);
#90 = VERTEX_POINT('',#91);
#91 = CARTESIAN_POINT('',(1.27,1.27,0.));
#92 = LINE('',#93,#94);
#93 = CARTESIAN_POINT('',(1.27,1.27,0.));
#94 = VECTOR('',#95,1.);
#95 = DIRECTION('',(0.,0.,1.));
#96 = ORIENTED_EDGE('',*,*,#97,.F.);
#97 = EDGE_CURVE('',#72,#90,#98,.T.);
#98 = LINE('',#99,#100);
#99 = CARTESIAN_POINT('',(1.27,-8.89,0.));
#100 = VECTOR('',#101,1.);
#101 = DIRECTION('',(1.110223024625E-16,1.,0.));
#102 = PLANE('',#103);
#103 = AXIS2_PLACEMENT_3D('',#104,#105,#106);
#104 = CARTESIAN_POINT('',(1.27,-8.89,0.));
#105 = DIRECTION('',(-1.,1.110223024625E-16,0.));
#106 = DIRECTION('',(1.110223024625E-16,1.,0.));
#107 = ADVANCED_FACE('',(#108),#165,.F.);
#108 = FACE_BOUND('',#109,.F.);
#109 = EDGE_LOOP('',(#110,#120,#128,#134,#135,#143,#151,#159));
#110 = ORIENTED_EDGE('',*,*,#111,.F.);
#111 = EDGE_CURVE('',#112,#114,#116,.T.);
#112 = VERTEX_POINT('',#113);
#113 = CARTESIAN_POINT('',(-1.27,-8.89,0.));
#114 = VERTEX_POINT('',#115);
#115 = CARTESIAN_POINT('',(-0.846666666667,-8.89,0.));
#116 = LINE('',#117,#118);
#117 = CARTESIAN_POINT('',(-1.27,-8.89,0.));
#118 = VECTOR('',#119,1.);
#119 = DIRECTION('',(1.,-1.110223024625E-16,0.));
#120 = ORIENTED_EDGE('',*,*,#121,.T.);
#121 = EDGE_CURVE('',#112,#122,#124,.T.);
#122 = VERTEX_POINT('',#123);
#123 = CARTESIAN_POINT('',(-1.27,-8.89,8.5));
#124 = LINE('',#125,#126);
#125 = CARTESIAN_POINT('',(-1.27,-8.89,0.));
#126 = VECTOR('',#127,1.);
#127 = DIRECTION('',(0.,0.,1.));
#128 = ORIENTED_EDGE('',*,*,#129,.T.);
#129 = EDGE_CURVE('',#122,#74,#130,.T.);
#130 = LINE('',#131,#132);
#131 = CARTESIAN_POINT('',(-1.27,-8.89,8.5));
#132 = VECTOR('',#133,1.);
#133 = DIRECTION('',(1.,-1.110223024625E-16,0.));
#134 = ORIENTED_EDGE('',*,*,#71,.F.);
#135 = ORIENTED_EDGE('',*,*,#136,.F.);
#136 = EDGE_CURVE('',#137,#72,#139,.T.);
#137 = VERTEX_POINT('',#138);
#138 = CARTESIAN_POINT('',(0.846666666667,-8.89,0.));
#139 = LINE('',#140,#141);
#140 = CARTESIAN_POINT('',(-1.27,-8.89,0.));
#141 = VECTOR('',#142,1.);
#142 = DIRECTION('',(1.,-1.110223024625E-16,0.));
#143 = ORIENTED_EDGE('',*,*,#144,.T.);
#144 = EDGE_CURVE('',#137,#145,#147,.T.);
#145 = VERTEX_POINT('',#146);
#146 = CARTESIAN_POINT('',(0.846666666667,-8.89,0.2));
#147 = LINE('',#148,#149);
#148 = CARTESIAN_POINT('',(0.846666666667,-8.89,0.));
#149 = VECTOR('',#150,1.);
#150 = DIRECTION('',(0.,0.,1.));
#151 = ORIENTED_EDGE('',*,*,#152,.F.);
#152 = EDGE_CURVE('',#153,#145,#155,.T.);
#153 = VERTEX_POINT('',#154);
#154 = CARTESIAN_POINT('',(-0.846666666667,-8.89,0.2));
#155 = LINE('',#156,#157);
#156 = CARTESIAN_POINT('',(-0.846666666667,-8.89,0.2));
#157 = VECTOR('',#158,1.);
#158 = DIRECTION('',(1.,-1.110223024625E-16,0.));
#159 = ORIENTED_EDGE('',*,*,#160,.F.);
#160 = EDGE_CURVE('',#114,#153,#161,.T.);
#161 = LINE('',#162,#163);
#162 = CARTESIAN_POINT('',(-0.846666666667,-8.89,0.));
#163 = VECTOR('',#164,1.);
#164 = DIRECTION('',(0.,0.,1.));
#165 = PLANE('',#166);
#166 = AXIS2_PLACEMENT_3D('',#167,#168,#169);
#167 = CARTESIAN_POINT('',(-1.27,-8.89,0.));
#168 = DIRECTION('',(1.110223024625E-16,1.,0.));
#169 = DIRECTION('',(1.,-1.110223024625E-16,0.));
#170 = ADVANCED_FACE('',(#171),#228,.F.);
#171 = FACE_BOUND('',#172,.F.);
#172 = EDGE_LOOP('',(#173,#181,#182,#190,#198,#206,#214,#222));
#173 = ORIENTED_EDGE('',*,*,#174,.F.);
#174 = EDGE_CURVE('',#90,#175,#177,.T.);
#175 = VERTEX_POINT('',#176);
#176 = CARTESIAN_POINT('',(0.846666666667,1.27,0.));
#177 = LINE('',#178,#179);
#178 = CARTESIAN_POINT('',(1.27,1.27,0.));
#179 = VECTOR('',#180,1.);
#180 = DIRECTION('',(-1.,1.110223024625E-16,0.));
#181 = ORIENTED_EDGE('',*,*,#89,.T.);
#182 = ORIENTED_EDGE('',*,*,#183,.T.);
#183 = EDGE_CURVE('',#82,#184,#186,.T.);
#184 = VERTEX_POINT('',#185);
#185 = CARTESIAN_POINT('',(-1.27,1.27,8.5));
#186 = LINE('',#187,#188);
#187 = CARTESIAN_POINT('',(1.27,1.27,8.5));
#188 = VECTOR('',#189,1.);
#189 = DIRECTION('',(-1.,1.110223024625E-16,0.));
#190 = ORIENTED_EDGE('',*,*,#191,.F.);
#191 = EDGE_CURVE('',#192,#184,#194,.T.);
#192 = VERTEX_POINT('',#193);
#193 = CARTESIAN_POINT('',(-1.27,1.27,0.));
#194 = LINE('',#195,#196);
#195 = CARTESIAN_POINT('',(-1.27,1.27,0.));
#196 = VECTOR('',#197,1.);
#197 = DIRECTION('',(0.,0.,1.));
#198 = ORIENTED_EDGE('',*,*,#199,.F.);
#199 = EDGE_CURVE('',#200,#192,#202,.T.);
#200 = VERTEX_POINT('',#201);
#201 = CARTESIAN_POINT('',(-0.846666666667,1.27,0.));
#202 = LINE('',#203,#204);
#203 = CARTESIAN_POINT('',(1.27,1.27,0.));
#204 = VECTOR('',#205,1.);
#205 = DIRECTION('',(-1.,1.110223024625E-16,0.));
#206 = ORIENTED_EDGE('',*,*,#207,.T.);
#207 = EDGE_CURVE('',#200,#208,#210,.T.);
#208 = VERTEX_POINT('',#209);
#209 = CARTESIAN_POINT('',(-0.846666666667,1.27,0.2));
#210 = LINE('',#211,#212);
#211 = CARTESIAN_POINT('',(-0.846666666667,1.27,0.));
#212 = VECTOR('',#213,1.);
#213 = DIRECTION('',(0.,0.,1.));
#214 = ORIENTED_EDGE('',*,*,#215,.F.);
#215 = EDGE_CURVE('',#216,#208,#218,.T.);
#216 = VERTEX_POINT('',#217);
#217 = CARTESIAN_POINT('',(0.846666666667,1.27,0.2));
#218 = LINE('',#219,#220);
#219 = CARTESIAN_POINT('',(0.846666666667,1.27,0.2));
#220 = VECTOR('',#221,1.);
#221 = DIRECTION('',(-1.,1.110223024625E-16,0.));
#222 = ORIENTED_EDGE('',*,*,#223,.F.);
#223 = EDGE_CURVE('',#175,#216,#224,.T.);
#224 = LINE('',#225,#226);
#225 = CARTESIAN_POINT('',(0.846666666667,1.27,0.));
#226 = VECTOR('',#227,1.);
#227 = DIRECTION('',(0.,0.,1.));
#228 = PLANE('',#229);
#229 = AXIS2_PLACEMENT_3D('',#230,#231,#232);
#230 = CARTESIAN_POINT('',(1.27,1.27,0.));
#231 = DIRECTION('',(-1.110223024625E-16,-1.,0.));
#232 = DIRECTION('',(-1.,1.110223024625E-16,0.));
#233 = ADVANCED_FACE('',(#234),#245,.F.);
#234 = FACE_BOUND('',#235,.F.);
#235 = EDGE_LOOP('',(#236,#237,#238,#239));
#236 = ORIENTED_EDGE('',*,*,#136,.T.);
#237 = ORIENTED_EDGE('',*,*,#97,.T.);
#238 = ORIENTED_EDGE('',*,*,#174,.T.);
#239 = ORIENTED_EDGE('',*,*,#240,.F.);
#240 = EDGE_CURVE('',#137,#175,#241,.T.);
#241 = LINE('',#242,#243);
#242 = CARTESIAN_POINT('',(0.846666666667,-8.89,0.));
#243 = VECTOR('',#244,1.);
#244 = DIRECTION('',(1.110223024625E-16,1.,0.));
#245 = PLANE('',#246);
#246 = AXIS2_PLACEMENT_3D('',#247,#248,#249);
#247 = CARTESIAN_POINT('',(-3.952393967666E-16,-3.81,0.));
#248 = DIRECTION('',(0.,0.,1.));
#249 = DIRECTION('',(1.110223024625E-16,1.,-0.));
#250 = ADVANCED_FACE('',(#251,#262,#296,#330,#364),#398,.T.);
#251 = FACE_BOUND('',#252,.T.);
#252 = EDGE_LOOP('',(#253,#254,#255,#261));
#253 = ORIENTED_EDGE('',*,*,#81,.T.);
#254 = ORIENTED_EDGE('',*,*,#183,.T.);
#255 = ORIENTED_EDGE('',*,*,#256,.T.);
#256 = EDGE_CURVE('',#184,#122,#257,.T.);
#257 = LINE('',#258,#259);
#258 = CARTESIAN_POINT('',(-1.27,1.27,8.5));
#259 = VECTOR('',#260,1.);
#260 = DIRECTION('',(-1.110223024625E-16,-1.,0.));
#261 = ORIENTED_EDGE('',*,*,#129,.T.);
#262 = FACE_BOUND('',#263,.T.);
#263 = EDGE_LOOP('',(#264,#274,#282,#290));
#264 = ORIENTED_EDGE('',*,*,#265,.F.);
#265 = EDGE_CURVE('',#266,#268,#270,.T.);
#266 = VERTEX_POINT('',#267);
#267 = CARTESIAN_POINT('',(0.6,-8.22,8.5));
#268 = VERTEX_POINT('',#269);
#269 = CARTESIAN_POINT('',(0.6,-7.02,8.5));
#270 = LINE('',#271,#272);
#271 = CARTESIAN_POINT('',(0.6,-8.22,8.5));
#272 = VECTOR('',#273,1.);
#273 = DIRECTION('',(1.110223024625E-16,1.,0.));
#274 = ORIENTED_EDGE('',*,*,#275,.F.);
#275 = EDGE_CURVE('',#276,#266,#278,.T.);
#276 = VERTEX_POINT('',#277);
#277 = CARTESIAN_POINT('',(-0.6,-8.22,8.5));
#278 = LINE('',#279,#280);
#279 = CARTESIAN_POINT('',(-0.6,-8.22,8.5));
#280 = VECTOR('',#281,1.);
#281 = DIRECTION('',(1.,-1.110223024625E-16,0.));
#282 = ORIENTED_EDGE('',*,*,#283,.F.);
#283 = EDGE_CURVE('',#284,#276,#286,.T.);
#284 = VERTEX_POINT('',#285);
#285 = CARTESIAN_POINT('',(-0.6,-7.02,8.5));
#286 = LINE('',#287,#288);
#287 = CARTESIAN_POINT('',(-0.6,-7.02,8.5));
#288 = VECTOR('',#289,1.);
#289 = DIRECTION('',(-1.110223024625E-16,-1.,0.));
#290 = ORIENTED_EDGE('',*,*,#291,.F.);
#291 = EDGE_CURVE('',#268,#284,#292,.T.);
#292 = LINE('',#293,#294);
#293 = CARTESIAN_POINT('',(0.6,-7.02,8.5));
#294 = VECTOR('',#295,1.);
#295 = DIRECTION('',(-1.,1.110223024625E-16,0.));
#296 = FACE_BOUND('',#297,.T.);
#297 = EDGE_LOOP('',(#298,#308,#316,#324));
#298 = ORIENTED_EDGE('',*,*,#299,.F.);
#299 = EDGE_CURVE('',#300,#302,#304,.T.);
#300 = VERTEX_POINT('',#301);
#301 = CARTESIAN_POINT('',(0.6,-5.68,8.5));
#302 = VERTEX_POINT('',#303);
#303 = CARTESIAN_POINT('',(0.6,-4.48,8.5));
#304 = LINE('',#305,#306);
#305 = CARTESIAN_POINT('',(0.6,-5.68,8.5));
#306 = VECTOR('',#307,1.);
#307 = DIRECTION('',(1.110223024625E-16,1.,0.));
#308 = ORIENTED_EDGE('',*,*,#309,.F.);
#309 = EDGE_CURVE('',#310,#300,#312,.T.);
#310 = VERTEX_POINT('',#311);
#311 = CARTESIAN_POINT('',(-0.6,-5.68,8.5));
#312 = LINE('',#313,#314);
#313 = CARTESIAN_POINT('',(-0.6,-5.68,8.5));
#314 = VECTOR('',#315,1.);
#315 = DIRECTION('',(1.,-1.110223024625E-16,0.));
#316 = ORIENTED_EDGE('',*,*,#317,.F.);
#317 = EDGE_CURVE('',#318,#310,#320,.T.);
#318 = VERTEX_POINT('',#319);
#319 = CARTESIAN_POINT('',(-0.6,-4.48,8.5));
#320 = LINE('',#321,#322);
#321 = CARTESIAN_POINT('',(-0.6,-4.48,8.5));
#322 = VECTOR('',#323,1.);
#323 = DIRECTION('',(-1.110223024625E-16,-1.,0.));
#324 = ORIENTED_EDGE('',*,*,#325,.F.);
#325 = EDGE_CURVE('',#302,#318,#326,.T.);
#326 = LINE('',#327,#328);
#327 = CARTESIAN_POINT('',(0.6,-4.48,8.5));
#328 = VECTOR('',#329,1.);
#329 = DIRECTION('',(-1.,1.110223024625E-16,0.));
#330 = FACE_BOUND('',#331,.T.);
#331 = EDGE_LOOP('',(#332,#342,#350,#358));
#332 = ORIENTED_EDGE('',*,*,#333,.F.);
#333 = EDGE_CURVE('',#334,#336,#338,.T.);
#334 = VERTEX_POINT('',#335);
#335 = CARTESIAN_POINT('',(0.6,-3.14,8.5));
#336 = VERTEX_POINT('',#337);
#337 = CARTESIAN_POINT('',(0.6,-1.94,8.5));
#338 = LINE('',#339,#340);
#339 = CARTESIAN_POINT('',(0.6,-3.14,8.5));
#340 = VECTOR('',#341,1.);
#341 = DIRECTION('',(1.110223024625E-16,1.,0.));
#342 = ORIENTED_EDGE('',*,*,#343,.F.);
#343 = EDGE_CURVE('',#344,#334,#346,.T.);
#344 = VERTEX_POINT('',#345);
#345 = CARTESIAN_POINT('',(-0.6,-3.14,8.5));
#346 = LINE('',#347,#348);
#347 = CARTESIAN_POINT('',(-0.6,-3.14,8.5));
#348 = VECTOR('',#349,1.);
#349 = DIRECTION('',(1.,-1.110223024625E-16,0.));
#350 = ORIENTED_EDGE('',*,*,#351,.F.);
#351 = EDGE_CURVE('',#352,#344,#354,.T.);
#352 = VERTEX_POINT('',#353);
#353 = CARTESIAN_POINT('',(-0.6,-1.94,8.5));
#354 = LINE('',#355,#356);
#355 = CARTESIAN_POINT('',(-0.6,-1.94,8.5));
#356 = VECTOR('',#357,1.);
#357 = DIRECTION('',(-1.110223024625E-16,-1.,0.));
#358 = ORIENTED_EDGE('',*,*,#359,.F.);
#359 = EDGE_CURVE('',#336,#352,#360,.T.);
#360 = LINE('',#361,#362);
#361 = CARTESIAN_POINT('',(0.6,-1.94,8.5));
#362 = VECTOR('',#363,1.);
#363 = DIRECTION('',(-1.,1.110223024625E-16,0.));
#364 = FACE_BOUND('',#365,.T.);
#365 = EDGE_LOOP('',(#366,#376,#384,#392));
#366 = ORIENTED_EDGE('',*,*,#367,.F.);
#367 = EDGE_CURVE('',#368,#370,#372,.T.);
#368 = VERTEX_POINT('',#369);
#369 = CARTESIAN_POINT('',(0.6,-0.6,8.5));
#370 = VERTEX_POINT('',#371);
#371 = CARTESIAN_POINT('',(0.6,0.6,8.5));
#372 = LINE('',#373,#374);
#373 = CARTESIAN_POINT('',(0.6,-0.6,8.5));
#374 = VECTOR('',#375,1.);
#375 = DIRECTION('',(1.110223024625E-16,1.,0.));
#376 = ORIENTED_EDGE('',*,*,#377,.F.);
#377 = EDGE_CURVE('',#378,#368,#380,.T.);
#378 = VERTEX_POINT('',#379);
#379 = CARTESIAN_POINT('',(-0.6,-0.6,8.5));
#380 = LINE('',#381,#382);
#381 = CARTESIAN_POINT('',(-0.6,-0.6,8.5));
#382 = VECTOR('',#383,1.);
#383 = DIRECTION('',(1.,-1.110223024625E-16,0.));
#384 = ORIENTED_EDGE('',*,*,#385,.F.);
#385 = EDGE_CURVE('',#386,#378,#388,.T.);
#386 = VERTEX_POINT('',#387);
#387 = CARTESIAN_POINT('',(-0.6,0.6,8.5));
#388 = LINE('',#389,#390);
#389 = CARTESIAN_POINT('',(-0.6,0.6,8.5));
#390 = VECTOR('',#391,1.);
#391 = DIRECTION('',(-1.110223024625E-16,-1.,0.));
#392 = ORIENTED_EDGE('',*,*,#393,.F.);
#393 = EDGE_CURVE('',#370,#386,#394,.T.);
#394 = LINE('',#395,#396);
#395 = CARTESIAN_POINT('',(0.6,0.6,8.5));
#396 = VECTOR('',#397,1.);
#397 = DIRECTION('',(-1.,1.110223024625E-16,0.));
#398 = PLANE('',#399);
#399 = AXIS2_PLACEMENT_3D('',#400,#401,#402);
#400 = CARTESIAN_POINT('',(-3.952393967666E-16,-3.81,8.5));
#401 = DIRECTION('',(0.,0.,1.));
#402 = DIRECTION('',(1.110223024625E-16,1.,-0.));
#403 = ADVANCED_FACE('',(#404),#420,.F.);
#404 = FACE_BOUND('',#405,.F.);
#405 = EDGE_LOOP('',(#406,#407,#413,#414));
#406 = ORIENTED_EDGE('',*,*,#111,.T.);
#407 = ORIENTED_EDGE('',*,*,#408,.F.);
#408 = EDGE_CURVE('',#200,#114,#409,.T.);
#409 = LINE('',#410,#411);
#410 = CARTESIAN_POINT('',(-0.846666666667,1.27,0.));
#411 = VECTOR('',#412,1.);
#412 = DIRECTION('',(-1.110223024625E-16,-1.,0.));
#413 = ORIENTED_EDGE('',*,*,#199,.T.);
#414 = ORIENTED_EDGE('',*,*,#415,.T.);
#415 = EDGE_CURVE('',#192,#112,#416,.T.);
#416 = LINE('',#417,#418);
#417 = CARTESIAN_POINT('',(-1.27,1.27,0.));
#418 = VECTOR('',#419,1.);
#419 = DIRECTION('',(-1.110223024625E-16,-1.,0.));
#420 = PLANE('',#421);
#421 = AXIS2_PLACEMENT_3D('',#422,#423,#424);
#422 = CARTESIAN_POINT('',(-3.952393967666E-16,-3.81,0.));
#423 = DIRECTION('',(0.,0.,1.));
#424 = DIRECTION('',(1.110223024625E-16,1.,-0.));
#425 = ADVANCED_FACE('',(#426),#437,.T.);
#426 = FACE_BOUND('',#427,.T.);
#427 = EDGE_LOOP('',(#428,#429,#435,#436));
#428 = ORIENTED_EDGE('',*,*,#207,.T.);
#429 = ORIENTED_EDGE('',*,*,#430,.T.);
#430 = EDGE_CURVE('',#208,#153,#431,.T.);
#431 = LINE('',#432,#433);
#432 = CARTESIAN_POINT('',(-0.846666666667,1.27,0.2));
#433 = VECTOR('',#434,1.);
#434 = DIRECTION('',(-1.110223024625E-16,-1.,0.));
#435 = ORIENTED_EDGE('',*,*,#160,.F.);
#436 = ORIENTED_EDGE('',*,*,#408,.F.);
#437 = PLANE('',#438);
#438 = AXIS2_PLACEMENT_3D('',#439,#440,#441);
#439 = CARTESIAN_POINT('',(-0.846666666667,1.27,0.));
#440 = DIRECTION('',(1.,-1.110223024625E-16,0.));
#441 = DIRECTION('',(-1.110223024625E-16,-1.,0.));
#442 = ADVANCED_FACE('',(#443,#454,#520,#586,#652),#718,.F.);
#443 = FACE_BOUND('',#444,.F.);
#444 = EDGE_LOOP('',(#445,#451,#452,#453));
#445 = ORIENTED_EDGE('',*,*,#446,.T.);
#446 = EDGE_CURVE('',#145,#216,#447,.T.);
#447 = LINE('',#448,#449);
#448 = CARTESIAN_POINT('',(0.846666666667,-8.89,0.2));
#449 = VECTOR('',#450,1.);
#450 = DIRECTION('',(1.110223024625E-16,1.,0.));
#451 = ORIENTED_EDGE('',*,*,#215,.T.);
#452 = ORIENTED_EDGE('',*,*,#430,.T.);
#453 = ORIENTED_EDGE('',*,*,#152,.T.);
#454 = FACE_BOUND('',#455,.F.);
#455 = EDGE_LOOP('',(#456,#466,#474,#482,#490,#498,#506,#514));
#456 = ORIENTED_EDGE('',*,*,#457,.F.);
#457 = EDGE_CURVE('',#458,#460,#462,.T.);
#458 = VERTEX_POINT('',#459);
#459 = CARTESIAN_POINT('',(-0.1,-8.07,0.2));
#460 = VERTEX_POINT('',#461);
#461 = CARTESIAN_POINT('',(0.1,-8.07,0.2));
#462 = LINE('',#463,#464);
#463 = CARTESIAN_POINT('',(-0.1,-8.07,0.2));
#464 = VECTOR('',#465,1.);
#465 = DIRECTION('',(1.,-1.110223024625E-16,0.));
#466 = ORIENTED_EDGE('',*,*,#467,.T.);
#467 = EDGE_CURVE('',#458,#468,#470,.T.);
#468 = VERTEX_POINT('',#469);
#469 = CARTESIAN_POINT('',(-0.1,-7.92,0.2));
#470 = LINE('',#471,#472);
#471 = CARTESIAN_POINT('',(-0.1,-8.07,0.2));
#472 = VECTOR('',#473,1.);
#473 = DIRECTION('',(1.110223024625E-16,1.,0.));
#474 = ORIENTED_EDGE('',*,*,#475,.F.);
#475 = EDGE_CURVE('',#476,#468,#478,.T.);
#476 = VERTEX_POINT('',#477);
#477 = CARTESIAN_POINT('',(-0.1,-7.32,0.2));
#478 = LINE('',#479,#480);
#479 = CARTESIAN_POINT('',(-0.1,-5.715,0.2));
#480 = VECTOR('',#481,1.);
#481 = DIRECTION('',(-1.110223024625E-16,-1.,0.));
#482 = ORIENTED_EDGE('',*,*,#483,.T.);
#483 = EDGE_CURVE('',#476,#484,#486,.T.);
#484 = VERTEX_POINT('',#485);
#485 = CARTESIAN_POINT('',(-0.1,-7.17,0.2));
#486 = LINE('',#487,#488);
#487 = CARTESIAN_POINT('',(-0.1,-8.07,0.2));
#488 = VECTOR('',#489,1.);
#489 = DIRECTION('',(1.110223024625E-16,1.,0.));
#490 = ORIENTED_EDGE('',*,*,#491,.T.);
#491 = EDGE_CURVE('',#484,#492,#494,.T.);
#492 = VERTEX_POINT('',#493);
#493 = CARTESIAN_POINT('',(0.1,-7.17,0.2));
#494 = LINE('',#495,#496);
#495 = CARTESIAN_POINT('',(-0.1,-7.17,0.2));
#496 = VECTOR('',#497,1.);
#497 = DIRECTION('',(1.,-1.110223024625E-16,0.));
#498 = ORIENTED_EDGE('',*,*,#499,.T.);
#499 = EDGE_CURVE('',#492,#500,#502,.T.);
#500 = VERTEX_POINT('',#501);
#501 = CARTESIAN_POINT('',(0.1,-7.32,0.2));
#502 = LINE('',#503,#504);
#503 = CARTESIAN_POINT('',(0.1,-7.17,0.2));
#504 = VECTOR('',#505,1.);
#505 = DIRECTION('',(-1.110223024625E-16,-1.,0.));
#506 = ORIENTED_EDGE('',*,*,#507,.T.);
#507 = EDGE_CURVE('',#500,#508,#510,.T.);
#508 = VERTEX_POINT('',#509);
#509 = CARTESIAN_POINT('',(0.1,-7.92,0.2));
#510 = LINE('',#511,#512);
#511 = CARTESIAN_POINT('',(0.1,-5.715,0.2));
#512 = VECTOR('',#513,1.);
#513 = DIRECTION('',(-1.110223024625E-16,-1.,0.));
#514 = ORIENTED_EDGE('',*,*,#515,.T.);
#515 = EDGE_CURVE('',#508,#460,#516,.T.);
#516 = LINE('',#517,#518);
#517 = CARTESIAN_POINT('',(0.1,-7.17,0.2));
#518 = VECTOR('',#519,1.);
#519 = DIRECTION('',(-1.110223024625E-16,-1.,0.));
#520 = FACE_BOUND('',#521,.F.);
#521 = EDGE_LOOP('',(#522,#532,#540,#548,#556,#564,#572,#580));
#522 = ORIENTED_EDGE('',*,*,#523,.F.);
#523 = EDGE_CURVE('',#524,#526,#528,.T.);
#524 = VERTEX_POINT('',#525);
#525 = CARTESIAN_POINT('',(-0.1,-5.53,0.2));
#526 = VERTEX_POINT('',#527);
#527 = CARTESIAN_POINT('',(0.1,-5.53,0.2));
#528 = LINE('',#529,#530);
#529 = CARTESIAN_POINT('',(-0.1,-5.53,0.2));
#530 = VECTOR('',#531,1.);
#531 = DIRECTION('',(1.,-1.110223024625E-16,0.));
#532 = ORIENTED_EDGE('',*,*,#533,.T.);
#533 = EDGE_CURVE('',#524,#534,#536,.T.);
#534 = VERTEX_POINT('',#535);
#535 = CARTESIAN_POINT('',(-0.1,-5.38,0.2));
#536 = LINE('',#537,#538);
#537 = CARTESIAN_POINT('',(-0.1,-5.53,0.2));
#538 = VECTOR('',#539,1.);
#539 = DIRECTION('',(1.110223024625E-16,1.,0.));
#540 = ORIENTED_EDGE('',*,*,#541,.F.);
#541 = EDGE_CURVE('',#542,#534,#544,.T.);
#542 = VERTEX_POINT('',#543);
#543 = CARTESIAN_POINT('',(-0.1,-4.78,0.2));
#544 = LINE('',#545,#546);
#545 = CARTESIAN_POINT('',(-0.1,-4.445,0.2));
#546 = VECTOR('',#547,1.);
#547 = DIRECTION('',(-1.110223024625E-16,-1.,0.));
#548 = ORIENTED_EDGE('',*,*,#549,.T.);
#549 = EDGE_CURVE('',#542,#550,#552,.T.);
#550 = VERTEX_POINT('',#551);
#551 = CARTESIAN_POINT('',(-0.1,-4.63,0.2));
#552 = LINE('',#553,#554);
#553 = CARTESIAN_POINT('',(-0.1,-5.53,0.2));
#554 = VECTOR('',#555,1.);
#555 = DIRECTION('',(1.110223024625E-16,1.,0.));
#556 = ORIENTED_EDGE('',*,*,#557,.T.);
#557 = EDGE_CURVE('',#550,#558,#560,.T.);
#558 = VERTEX_POINT('',#559);
#559 = CARTESIAN_POINT('',(0.1,-4.63,0.2));
#560 = LINE('',#561,#562);
#561 = CARTESIAN_POINT('',(-0.1,-4.63,0.2));
#562 = VECTOR('',#563,1.);
#563 = DIRECTION('',(1.,-1.110223024625E-16,0.));
#564 = ORIENTED_EDGE('',*,*,#565,.T.);
#565 = EDGE_CURVE('',#558,#566,#568,.T.);
#566 = VERTEX_POINT('',#567);
#567 = CARTESIAN_POINT('',(0.1,-4.78,0.2));
#568 = LINE('',#569,#570);
#569 = CARTESIAN_POINT('',(0.1,-4.63,0.2));
#570 = VECTOR('',#571,1.);
#571 = DIRECTION('',(-1.110223024625E-16,-1.,0.));
#572 = ORIENTED_EDGE('',*,*,#573,.T.);
#573 = EDGE_CURVE('',#566,#574,#576,.T.);
#574 = VERTEX_POINT('',#575);
#575 = CARTESIAN_POINT('',(0.1,-5.38,0.2));
#576 = LINE('',#577,#578);
#577 = CARTESIAN_POINT('',(0.1,-4.445,0.2));
#578 = VECTOR('',#579,1.);
#579 = DIRECTION('',(-1.110223024625E-16,-1.,0.));
#580 = ORIENTED_EDGE('',*,*,#581,.T.);
#581 = EDGE_CURVE('',#574,#526,#582,.T.);
#582 = LINE('',#583,#584);
#583 = CARTESIAN_POINT('',(0.1,-4.63,0.2));
#584 = VECTOR('',#585,1.);
#585 = DIRECTION('',(-1.110223024625E-16,-1.,0.));
#586 = FACE_BOUND('',#587,.F.);
#587 = EDGE_LOOP('',(#588,#598,#606,#614,#622,#630,#638,#646));
#588 = ORIENTED_EDGE('',*,*,#589,.F.);
#589 = EDGE_CURVE('',#590,#592,#594,.T.);
#590 = VERTEX_POINT('',#591);
#591 = CARTESIAN_POINT('',(-0.1,-2.99,0.2));
#592 = VERTEX_POINT('',#593);
#593 = CARTESIAN_POINT('',(0.1,-2.99,0.2));
#594 = LINE('',#595,#596);
#595 = CARTESIAN_POINT('',(-0.1,-2.99,0.2));
#596 = VECTOR('',#597,1.);
#597 = DIRECTION('',(1.,-1.110223024625E-16,0.));
#598 = ORIENTED_EDGE('',*,*,#599,.T.);
#599 = EDGE_CURVE('',#590,#600,#602,.T.);
#600 = VERTEX_POINT('',#601);
#601 = CARTESIAN_POINT('',(-0.1,-2.84,0.2));
#602 = LINE('',#603,#604);
#603 = CARTESIAN_POINT('',(-0.1,-2.99,0.2));
#604 = VECTOR('',#605,1.);
#605 = DIRECTION('',(1.110223024625E-16,1.,0.));
#606 = ORIENTED_EDGE('',*,*,#607,.F.);
#607 = EDGE_CURVE('',#608,#600,#610,.T.);
#608 = VERTEX_POINT('',#609);
#609 = CARTESIAN_POINT('',(-0.1,-2.24,0.2));
#610 = LINE('',#611,#612);
#611 = CARTESIAN_POINT('',(-0.1,-3.175,0.2));
#612 = VECTOR('',#613,1.);
#613 = DIRECTION('',(-1.110223024625E-16,-1.,0.));
#614 = ORIENTED_EDGE('',*,*,#615,.T.);
#615 = EDGE_CURVE('',#608,#616,#618,.T.);
#616 = VERTEX_POINT('',#617);
#617 = CARTESIAN_POINT('',(-0.1,-2.09,0.2));
#618 = LINE('',#619,#620);
#619 = CARTESIAN_POINT('',(-0.1,-2.99,0.2));
#620 = VECTOR('',#621,1.);
#621 = DIRECTION('',(1.110223024625E-16,1.,0.));
#622 = ORIENTED_EDGE('',*,*,#623,.T.);
#623 = EDGE_CURVE('',#616,#624,#626,.T.);
#624 = VERTEX_POINT('',#625);
#625 = CARTESIAN_POINT('',(0.1,-2.09,0.2));
#626 = LINE('',#627,#628);
#627 = CARTESIAN_POINT('',(-0.1,-2.09,0.2));
#628 = VECTOR('',#629,1.);
#629 = DIRECTION('',(1.,-1.110223024625E-16,0.));
#630 = ORIENTED_EDGE('',*,*,#631,.T.);
#631 = EDGE_CURVE('',#624,#632,#634,.T.);
#632 = VERTEX_POINT('',#633);
#633 = CARTESIAN_POINT('',(0.1,-2.24,0.2));
#634 = LINE('',#635,#636);
#635 = CARTESIAN_POINT('',(0.1,-2.09,0.2));
#636 = VECTOR('',#637,1.);
#637 = DIRECTION('',(-1.110223024625E-16,-1.,0.));
#638 = ORIENTED_EDGE('',*,*,#639,.T.);
#639 = EDGE_CURVE('',#632,#640,#642,.T.);
#640 = VERTEX_POINT('',#641);
#641 = CARTESIAN_POINT('',(0.1,-2.84,0.2));
#642 = LINE('',#643,#644);
#643 = CARTESIAN_POINT('',(0.1,-3.175,0.2));
#644 = VECTOR('',#645,1.);
#645 = DIRECTION('',(-1.110223024625E-16,-1.,0.));
#646 = ORIENTED_EDGE('',*,*,#647,.T.);
#647 = EDGE_CURVE('',#640,#592,#648,.T.);
#648 = LINE('',#649,#650);
#649 = CARTESIAN_POINT('',(0.1,-2.09,0.2));
#650 = VECTOR('',#651,1.);
#651 = DIRECTION('',(-1.110223024625E-16,-1.,0.));
#652 = FACE_BOUND('',#653,.F.);
#653 = EDGE_LOOP('',(#654,#664,#672,#680,#688,#696,#704,#712));
#654 = ORIENTED_EDGE('',*,*,#655,.F.);
#655 = EDGE_CURVE('',#656,#658,#660,.T.);
#656 = VERTEX_POINT('',#657);
#657 = CARTESIAN_POINT('',(-0.1,-0.45,0.2));
#658 = VERTEX_POINT('',#659);
#659 = CARTESIAN_POINT('',(0.1,-0.45,0.2));
#660 = LINE('',#661,#662);
#661 = CARTESIAN_POINT('',(-0.1,-0.45,0.2));
#662 = VECTOR('',#663,1.);
#663 = DIRECTION('',(1.,-1.110223024625E-16,0.));
#664 = ORIENTED_EDGE('',*,*,#665,.T.);
#665 = EDGE_CURVE('',#656,#666,#668,.T.);
#666 = VERTEX_POINT('',#667);
#667 = CARTESIAN_POINT('',(-0.1,-0.3,0.2));
#668 = LINE('',#669,#670);
#669 = CARTESIAN_POINT('',(-0.1,-0.45,0.2));
#670 = VECTOR('',#671,1.);
#671 = DIRECTION('',(1.110223024625E-16,1.,0.));
#672 = ORIENTED_EDGE('',*,*,#673,.F.);
#673 = EDGE_CURVE('',#674,#666,#676,.T.);
#674 = VERTEX_POINT('',#675);
#675 = CARTESIAN_POINT('',(-0.1,0.3,0.2));
#676 = LINE('',#677,#678);
#677 = CARTESIAN_POINT('',(-0.1,-1.905,0.2));
#678 = VECTOR('',#679,1.);
#679 = DIRECTION('',(-1.110223024625E-16,-1.,0.));
#680 = ORIENTED_EDGE('',*,*,#681,.T.);
#681 = EDGE_CURVE('',#674,#682,#684,.T.);
#682 = VERTEX_POINT('',#683);
#683 = CARTESIAN_POINT('',(-0.1,0.45,0.2));
#684 = LINE('',#685,#686);
#685 = CARTESIAN_POINT('',(-0.1,-0.45,0.2));
#686 = VECTOR('',#687,1.);
#687 = DIRECTION('',(1.110223024625E-16,1.,0.));
#688 = ORIENTED_EDGE('',*,*,#689,.T.);
#689 = EDGE_CURVE('',#682,#690,#692,.T.);
#690 = VERTEX_POINT('',#691);
#691 = CARTESIAN_POINT('',(0.1,0.45,0.2));
#692 = LINE('',#693,#694);
#693 = CARTESIAN_POINT('',(-0.1,0.45,0.2));
#694 = VECTOR('',#695,1.);
#695 = DIRECTION('',(1.,-1.110223024625E-16,0.));
#696 = ORIENTED_EDGE('',*,*,#697,.T.);
#697 = EDGE_CURVE('',#690,#698,#700,.T.);
#698 = VERTEX_POINT('',#699);
#699 = CARTESIAN_POINT('',(0.1,0.3,0.2));
#700 = LINE('',#701,#702);
#701 = CARTESIAN_POINT('',(0.1,0.45,0.2));
#702 = VECTOR('',#703,1.);
#703 = DIRECTION('',(-1.110223024625E-16,-1.,0.));
#704 = ORIENTED_EDGE('',*,*,#705,.T.);
#705 = EDGE_CURVE('',#698,#706,#708,.T.);
#706 = VERTEX_POINT('',#707);
#707 = CARTESIAN_POINT('',(0.1,-0.3,0.2));
#708 = LINE('',#709,#710);
#709 = CARTESIAN_POINT('',(0.1,-1.905,0.2));
#710 = VECTOR('',#711,1.);
#711 = DIRECTION('',(-1.110223024625E-16,-1.,0.));
#712 = ORIENTED_EDGE('',*,*,#713,.T.);
#713 = EDGE_CURVE('',#706,#658,#714,.T.);
#714 = LINE('',#715,#716);
#715 = CARTESIAN_POINT('',(0.1,0.45,0.2));
#716 = VECTOR('',#717,1.);
#717 = DIRECTION('',(-1.110223024625E-16,-1.,0.));
#718 = PLANE('',#719);
#719 = AXIS2_PLACEMENT_3D('',#720,#721,#722);
#720 = CARTESIAN_POINT('',(-3.952393967666E-16,-3.81,0.2));
#721 = DIRECTION('',(0.,0.,1.));
#722 = DIRECTION('',(1.110223024625E-16,1.,-0.));
#723 = ADVANCED_FACE('',(#724),#730,.T.);
#724 = FACE_BOUND('',#725,.T.);
#725 = EDGE_LOOP('',(#726,#727,#728,#729));
#726 = ORIENTED_EDGE('',*,*,#144,.T.);
#727 = ORIENTED_EDGE('',*,*,#446,.T.);
#728 = ORIENTED_EDGE('',*,*,#223,.F.);
#729 = ORIENTED_EDGE('',*,*,#240,.F.);
#730 = PLANE('',#731);
#731 = AXIS2_PLACEMENT_3D('',#732,#733,#734);
#732 = CARTESIAN_POINT('',(0.846666666667,-8.89,0.));
#733 = DIRECTION('',(-1.,1.110223024625E-16,0.));
#734 = DIRECTION('',(1.110223024625E-16,1.,0.));
#735 = ADVANCED_FACE('',(#736),#742,.F.);
#736 = FACE_BOUND('',#737,.F.);
#737 = EDGE_LOOP('',(#738,#739,#740,#741));
#738 = ORIENTED_EDGE('',*,*,#191,.T.);
#739 = ORIENTED_EDGE('',*,*,#256,.T.);
#740 = ORIENTED_EDGE('',*,*,#121,.F.);
#741 = ORIENTED_EDGE('',*,*,#415,.F.);
#742 = PLANE('',#743);
#743 = AXIS2_PLACEMENT_3D('',#744,#745,#746);
#744 = CARTESIAN_POINT('',(-1.27,1.27,0.));
#745 = DIRECTION('',(1.,-1.110223024625E-16,0.));
#746 = DIRECTION('',(-1.110223024625E-16,-1.,0.));
#747 = ADVANCED_FACE('',(#748),#773,.T.);
#748 = FACE_BOUND('',#749,.T.);
#749 = EDGE_LOOP('',(#750,#758,#759,#767));
#750 = ORIENTED_EDGE('',*,*,#751,.F.);
#751 = EDGE_CURVE('',#266,#752,#754,.T.);
#752 = VERTEX_POINT('',#753);
#753 = CARTESIAN_POINT('',(0.3,-7.92,8.2));
#754 = LINE('',#755,#756);
#755 = CARTESIAN_POINT('',(0.3,-7.92,8.2));
#756 = VECTOR('',#757,1.);
#757 = DIRECTION('',(-0.57735026919,0.57735026919,-0.57735026919));
#758 = ORIENTED_EDGE('',*,*,#265,.T.);
#759 = ORIENTED_EDGE('',*,*,#760,.T.);
#760 = EDGE_CURVE('',#268,#761,#763,.T.);
#761 = VERTEX_POINT('',#762);
#762 = CARTESIAN_POINT('',(0.3,-7.32,8.2));
#763 = LINE('',#764,#765);
#764 = CARTESIAN_POINT('',(0.3,-7.32,8.2));
#765 = VECTOR('',#766,1.);
#766 = DIRECTION('',(-0.57735026919,-0.57735026919,-0.57735026919));
#767 = ORIENTED_EDGE('',*,*,#768,.F.);
#768 = EDGE_CURVE('',#752,#761,#769,.T.);
#769 = LINE('',#770,#771);
#770 = CARTESIAN_POINT('',(0.3,-8.22,8.2));
#771 = VECTOR('',#772,1.);
#772 = DIRECTION('',(1.110223024625E-16,1.,0.));
#773 = PLANE('',#774);
#774 = AXIS2_PLACEMENT_3D('',#775,#776,#777);
#775 = CARTESIAN_POINT('',(0.45,-8.22,8.35));
#776 = DIRECTION('',(-0.707106781187,7.850462293414E-17,0.707106781187)
  );
#777 = DIRECTION('',(1.110223024625E-16,1.,2.680278185005E-29));
#778 = ADVANCED_FACE('',(#779),#797,.T.);
#779 = FACE_BOUND('',#780,.T.);
#780 = EDGE_LOOP('',(#781,#782,#783,#791));
#781 = ORIENTED_EDGE('',*,*,#760,.F.);
#782 = ORIENTED_EDGE('',*,*,#291,.T.);
#783 = ORIENTED_EDGE('',*,*,#784,.T.);
#784 = EDGE_CURVE('',#284,#785,#787,.T.);
#785 = VERTEX_POINT('',#786);
#786 = CARTESIAN_POINT('',(-0.3,-7.32,8.2));
#787 = LINE('',#788,#789);
#788 = CARTESIAN_POINT('',(-0.3,-7.32,8.2));
#789 = VECTOR('',#790,1.);
#790 = DIRECTION('',(0.57735026919,-0.57735026919,-0.57735026919));
#791 = ORIENTED_EDGE('',*,*,#792,.F.);
#792 = EDGE_CURVE('',#761,#785,#793,.T.);
#793 = LINE('',#794,#795);
#794 = CARTESIAN_POINT('',(0.6,-7.32,8.2));
#795 = VECTOR('',#796,1.);
#796 = DIRECTION('',(-1.,1.110223024625E-16,0.));
#797 = PLANE('',#798);
#798 = AXIS2_PLACEMENT_3D('',#799,#800,#801);
#799 = CARTESIAN_POINT('',(0.6,-7.17,8.35));
#800 = DIRECTION('',(-8.197719098449E-17,-0.707106781187,0.707106781187)
  );
#801 = DIRECTION('',(-1.,1.13477778879E-16,-2.455476416522E-18));
#802 = ADVANCED_FACE('',(#803),#821,.T.);
#803 = FACE_BOUND('',#804,.T.);
#804 = EDGE_LOOP('',(#805,#806,#807,#815));
#805 = ORIENTED_EDGE('',*,*,#784,.F.);
#806 = ORIENTED_EDGE('',*,*,#283,.T.);
#807 = ORIENTED_EDGE('',*,*,#808,.T.);
#808 = EDGE_CURVE('',#276,#809,#811,.T.);
#809 = VERTEX_POINT('',#810);
#810 = CARTESIAN_POINT('',(-0.3,-7.92,8.2));
#811 = LINE('',#812,#813);
#812 = CARTESIAN_POINT('',(-0.3,-7.92,8.2));
#813 = VECTOR('',#814,1.);
#814 = DIRECTION('',(0.57735026919,0.57735026919,-0.57735026919));
#815 = ORIENTED_EDGE('',*,*,#816,.F.);
#816 = EDGE_CURVE('',#785,#809,#817,.T.);
#817 = LINE('',#818,#819);
#818 = CARTESIAN_POINT('',(-0.3,-7.02,8.2));
#819 = VECTOR('',#820,1.);
#820 = DIRECTION('',(-1.110223024625E-16,-1.,0.));
#821 = PLANE('',#822);
#822 = AXIS2_PLACEMENT_3D('',#823,#824,#825);
#823 = CARTESIAN_POINT('',(-0.45,-7.02,8.35));
#824 = DIRECTION('',(0.707106781187,-7.850462293414E-17,0.707106781187)
  );
#825 = DIRECTION('',(-1.110223024625E-16,-1.,2.680278185005E-29));
#826 = ADVANCED_FACE('',(#827),#838,.T.);
#827 = FACE_BOUND('',#828,.T.);
#828 = EDGE_LOOP('',(#829,#830,#831,#832));
#829 = ORIENTED_EDGE('',*,*,#808,.F.);
#830 = ORIENTED_EDGE('',*,*,#275,.T.);
#831 = ORIENTED_EDGE('',*,*,#751,.T.);
#832 = ORIENTED_EDGE('',*,*,#833,.F.);
#833 = EDGE_CURVE('',#809,#752,#834,.T.);
#834 = LINE('',#835,#836);
#835 = CARTESIAN_POINT('',(-0.6,-7.92,8.2));
#836 = VECTOR('',#837,1.);
#837 = DIRECTION('',(1.,-1.110223024625E-16,0.));
#838 = PLANE('',#839);
#839 = AXIS2_PLACEMENT_3D('',#840,#841,#842);
#840 = CARTESIAN_POINT('',(-0.6,-8.07,8.35));
#841 = DIRECTION('',(8.197719098449E-17,0.707106781187,0.707106781187));
#842 = DIRECTION('',(1.,-1.13477778879E-16,-2.455476416522E-18));
#843 = ADVANCED_FACE('',(#844),#869,.T.);
#844 = FACE_BOUND('',#845,.T.);
#845 = EDGE_LOOP('',(#846,#854,#855,#863));
#846 = ORIENTED_EDGE('',*,*,#847,.F.);
#847 = EDGE_CURVE('',#300,#848,#850,.T.);
#848 = VERTEX_POINT('',#849);
#849 = CARTESIAN_POINT('',(0.3,-5.38,8.2));
#850 = LINE('',#851,#852);
#851 = CARTESIAN_POINT('',(0.3,-5.38,8.2));
#852 = VECTOR('',#853,1.);
#853 = DIRECTION('',(-0.57735026919,0.57735026919,-0.57735026919));
#854 = ORIENTED_EDGE('',*,*,#299,.T.);
#855 = ORIENTED_EDGE('',*,*,#856,.T.);
#856 = EDGE_CURVE('',#302,#857,#859,.T.);
#857 = VERTEX_POINT('',#858);
#858 = CARTESIAN_POINT('',(0.3,-4.78,8.2));
#859 = LINE('',#860,#861);
#860 = CARTESIAN_POINT('',(0.3,-4.78,8.2));
#861 = VECTOR('',#862,1.);
#862 = DIRECTION('',(-0.57735026919,-0.57735026919,-0.57735026919));
#863 = ORIENTED_EDGE('',*,*,#864,.F.);
#864 = EDGE_CURVE('',#848,#857,#865,.T.);
#865 = LINE('',#866,#867);
#866 = CARTESIAN_POINT('',(0.3,-5.68,8.2));
#867 = VECTOR('',#868,1.);
#868 = DIRECTION('',(1.110223024625E-16,1.,0.));
#869 = PLANE('',#870);
#870 = AXIS2_PLACEMENT_3D('',#871,#872,#873);
#871 = CARTESIAN_POINT('',(0.45,-5.68,8.35));
#872 = DIRECTION('',(-0.707106781187,7.850462293414E-17,0.707106781187)
  );
#873 = DIRECTION('',(1.110223024625E-16,1.,2.680278185005E-29));
#874 = ADVANCED_FACE('',(#875),#893,.T.);
#875 = FACE_BOUND('',#876,.T.);
#876 = EDGE_LOOP('',(#877,#878,#879,#887));
#877 = ORIENTED_EDGE('',*,*,#856,.F.);
#878 = ORIENTED_EDGE('',*,*,#325,.T.);
#879 = ORIENTED_EDGE('',*,*,#880,.T.);
#880 = EDGE_CURVE('',#318,#881,#883,.T.);
#881 = VERTEX_POINT('',#882);
#882 = CARTESIAN_POINT('',(-0.3,-4.78,8.2));
#883 = LINE('',#884,#885);
#884 = CARTESIAN_POINT('',(-0.3,-4.78,8.2));
#885 = VECTOR('',#886,1.);
#886 = DIRECTION('',(0.57735026919,-0.57735026919,-0.57735026919));
#887 = ORIENTED_EDGE('',*,*,#888,.F.);
#888 = EDGE_CURVE('',#857,#881,#889,.T.);
#889 = LINE('',#890,#891);
#890 = CARTESIAN_POINT('',(0.6,-4.78,8.2));
#891 = VECTOR('',#892,1.);
#892 = DIRECTION('',(-1.,1.110223024625E-16,0.));
#893 = PLANE('',#894);
#894 = AXIS2_PLACEMENT_3D('',#895,#896,#897);
#895 = CARTESIAN_POINT('',(0.6,-4.63,8.35));
#896 = DIRECTION('',(-8.197719098449E-17,-0.707106781187,0.707106781187)
  );
#897 = DIRECTION('',(-1.,1.13477778879E-16,-2.455476416522E-18));
#898 = ADVANCED_FACE('',(#899),#917,.T.);
#899 = FACE_BOUND('',#900,.T.);
#900 = EDGE_LOOP('',(#901,#902,#903,#911));
#901 = ORIENTED_EDGE('',*,*,#880,.F.);
#902 = ORIENTED_EDGE('',*,*,#317,.T.);
#903 = ORIENTED_EDGE('',*,*,#904,.T.);
#904 = EDGE_CURVE('',#310,#905,#907,.T.);
#905 = VERTEX_POINT('',#906);
#906 = CARTESIAN_POINT('',(-0.3,-5.38,8.2));
#907 = LINE('',#908,#909);
#908 = CARTESIAN_POINT('',(-0.3,-5.38,8.2));
#909 = VECTOR('',#910,1.);
#910 = DIRECTION('',(0.57735026919,0.57735026919,-0.57735026919));
#911 = ORIENTED_EDGE('',*,*,#912,.F.);
#912 = EDGE_CURVE('',#881,#905,#913,.T.);
#913 = LINE('',#914,#915);
#914 = CARTESIAN_POINT('',(-0.3,-4.48,8.2));
#915 = VECTOR('',#916,1.);
#916 = DIRECTION('',(-1.110223024625E-16,-1.,0.));
#917 = PLANE('',#918);
#918 = AXIS2_PLACEMENT_3D('',#919,#920,#921);
#919 = CARTESIAN_POINT('',(-0.45,-4.48,8.35));
#920 = DIRECTION('',(0.707106781187,-7.850462293414E-17,0.707106781187)
  );
#921 = DIRECTION('',(-1.110223024625E-16,-1.,2.680278185005E-29));
#922 = ADVANCED_FACE('',(#923),#934,.T.);
#923 = FACE_BOUND('',#924,.T.);
#924 = EDGE_LOOP('',(#925,#926,#927,#928));
#925 = ORIENTED_EDGE('',*,*,#904,.F.);
#926 = ORIENTED_EDGE('',*,*,#309,.T.);
#927 = ORIENTED_EDGE('',*,*,#847,.T.);
#928 = ORIENTED_EDGE('',*,*,#929,.F.);
#929 = EDGE_CURVE('',#905,#848,#930,.T.);
#930 = LINE('',#931,#932);
#931 = CARTESIAN_POINT('',(-0.6,-5.38,8.2));
#932 = VECTOR('',#933,1.);
#933 = DIRECTION('',(1.,-1.110223024625E-16,0.));
#934 = PLANE('',#935);
#935 = AXIS2_PLACEMENT_3D('',#936,#937,#938);
#936 = CARTESIAN_POINT('',(-0.6,-5.53,8.35));
#937 = DIRECTION('',(8.197719098449E-17,0.707106781187,0.707106781187));
#938 = DIRECTION('',(1.,-1.13477778879E-16,-2.455476416522E-18));
#939 = ADVANCED_FACE('',(#940),#965,.T.);
#940 = FACE_BOUND('',#941,.T.);
#941 = EDGE_LOOP('',(#942,#950,#951,#959));
#942 = ORIENTED_EDGE('',*,*,#943,.F.);
#943 = EDGE_CURVE('',#334,#944,#946,.T.);
#944 = VERTEX_POINT('',#945);
#945 = CARTESIAN_POINT('',(0.3,-2.84,8.2));
#946 = LINE('',#947,#948);
#947 = CARTESIAN_POINT('',(0.3,-2.84,8.2));
#948 = VECTOR('',#949,1.);
#949 = DIRECTION('',(-0.57735026919,0.57735026919,-0.57735026919));
#950 = ORIENTED_EDGE('',*,*,#333,.T.);
#951 = ORIENTED_EDGE('',*,*,#952,.T.);
#952 = EDGE_CURVE('',#336,#953,#955,.T.);
#953 = VERTEX_POINT('',#954);
#954 = CARTESIAN_POINT('',(0.3,-2.24,8.2));
#955 = LINE('',#956,#957);
#956 = CARTESIAN_POINT('',(0.3,-2.24,8.2));
#957 = VECTOR('',#958,1.);
#958 = DIRECTION('',(-0.57735026919,-0.57735026919,-0.57735026919));
#959 = ORIENTED_EDGE('',*,*,#960,.F.);
#960 = EDGE_CURVE('',#944,#953,#961,.T.);
#961 = LINE('',#962,#963);
#962 = CARTESIAN_POINT('',(0.3,-3.14,8.2));
#963 = VECTOR('',#964,1.);
#964 = DIRECTION('',(1.110223024625E-16,1.,0.));
#965 = PLANE('',#966);
#966 = AXIS2_PLACEMENT_3D('',#967,#968,#969);
#967 = CARTESIAN_POINT('',(0.45,-3.14,8.35));
#968 = DIRECTION('',(-0.707106781187,7.850462293414E-17,0.707106781187)
  );
#969 = DIRECTION('',(1.110223024625E-16,1.,2.680278185005E-29));
#970 = ADVANCED_FACE('',(#971),#989,.T.);
#971 = FACE_BOUND('',#972,.T.);
#972 = EDGE_LOOP('',(#973,#974,#975,#983));
#973 = ORIENTED_EDGE('',*,*,#952,.F.);
#974 = ORIENTED_EDGE('',*,*,#359,.T.);
#975 = ORIENTED_EDGE('',*,*,#976,.T.);
#976 = EDGE_CURVE('',#352,#977,#979,.T.);
#977 = VERTEX_POINT('',#978);
#978 = CARTESIAN_POINT('',(-0.3,-2.24,8.2));
#979 = LINE('',#980,#981);
#980 = CARTESIAN_POINT('',(-0.3,-2.24,8.2));
#981 = VECTOR('',#982,1.);
#982 = DIRECTION('',(0.57735026919,-0.57735026919,-0.57735026919));
#983 = ORIENTED_EDGE('',*,*,#984,.F.);
#984 = EDGE_CURVE('',#953,#977,#985,.T.);
#985 = LINE('',#986,#987);
#986 = CARTESIAN_POINT('',(0.6,-2.24,8.2));
#987 = VECTOR('',#988,1.);
#988 = DIRECTION('',(-1.,1.110223024625E-16,0.));
#989 = PLANE('',#990);
#990 = AXIS2_PLACEMENT_3D('',#991,#992,#993);
#991 = CARTESIAN_POINT('',(0.6,-2.09,8.35));
#992 = DIRECTION('',(-8.197719098449E-17,-0.707106781187,0.707106781187)
  );
#993 = DIRECTION('',(-1.,1.13477778879E-16,-2.455476416522E-18));
#994 = ADVANCED_FACE('',(#995),#1013,.T.);
#995 = FACE_BOUND('',#996,.T.);
#996 = EDGE_LOOP('',(#997,#998,#999,#1007));
#997 = ORIENTED_EDGE('',*,*,#976,.F.);
#998 = ORIENTED_EDGE('',*,*,#351,.T.);
#999 = ORIENTED_EDGE('',*,*,#1000,.T.);
#1000 = EDGE_CURVE('',#344,#1001,#1003,.T.);
#1001 = VERTEX_POINT('',#1002);
#1002 = CARTESIAN_POINT('',(-0.3,-2.84,8.2));
#1003 = LINE('',#1004,#1005);
#1004 = CARTESIAN_POINT('',(-0.3,-2.84,8.2));
#1005 = VECTOR('',#1006,1.);
#1006 = DIRECTION('',(0.57735026919,0.57735026919,-0.57735026919));
#1007 = ORIENTED_EDGE('',*,*,#1008,.F.);
#1008 = EDGE_CURVE('',#977,#1001,#1009,.T.);
#1009 = LINE('',#1010,#1011);
#1010 = CARTESIAN_POINT('',(-0.3,-1.94,8.2));
#1011 = VECTOR('',#1012,1.);
#1012 = DIRECTION('',(-1.110223024625E-16,-1.,0.));
#1013 = PLANE('',#1014);
#1014 = AXIS2_PLACEMENT_3D('',#1015,#1016,#1017);
#1015 = CARTESIAN_POINT('',(-0.45,-1.94,8.35));
#1016 = DIRECTION('',(0.707106781187,-7.850462293414E-17,0.707106781187)
  );
#1017 = DIRECTION('',(-1.110223024625E-16,-1.,2.680278185005E-29));
#1018 = ADVANCED_FACE('',(#1019),#1030,.T.);
#1019 = FACE_BOUND('',#1020,.T.);
#1020 = EDGE_LOOP('',(#1021,#1022,#1023,#1024));
#1021 = ORIENTED_EDGE('',*,*,#1000,.F.);
#1022 = ORIENTED_EDGE('',*,*,#343,.T.);
#1023 = ORIENTED_EDGE('',*,*,#943,.T.);
#1024 = ORIENTED_EDGE('',*,*,#1025,.F.);
#1025 = EDGE_CURVE('',#1001,#944,#1026,.T.);
#1026 = LINE('',#1027,#1028);
#1027 = CARTESIAN_POINT('',(-0.6,-2.84,8.2));
#1028 = VECTOR('',#1029,1.);
#1029 = DIRECTION('',(1.,-1.110223024625E-16,0.));
#1030 = PLANE('',#1031);
#1031 = AXIS2_PLACEMENT_3D('',#1032,#1033,#1034);
#1032 = CARTESIAN_POINT('',(-0.6,-2.99,8.35));
#1033 = DIRECTION('',(8.197719098449E-17,0.707106781187,0.707106781187)
  );
#1034 = DIRECTION('',(1.,-1.13477778879E-16,-2.455476416522E-18));
#1035 = ADVANCED_FACE('',(#1036),#1061,.T.);
#1036 = FACE_BOUND('',#1037,.T.);
#1037 = EDGE_LOOP('',(#1038,#1046,#1047,#1055));
#1038 = ORIENTED_EDGE('',*,*,#1039,.F.);
#1039 = EDGE_CURVE('',#368,#1040,#1042,.T.);
#1040 = VERTEX_POINT('',#1041);
#1041 = CARTESIAN_POINT('',(0.3,-0.3,8.2));
#1042 = LINE('',#1043,#1044);
#1043 = CARTESIAN_POINT('',(0.3,-0.3,8.2));
#1044 = VECTOR('',#1045,1.);
#1045 = DIRECTION('',(-0.57735026919,0.57735026919,-0.57735026919));
#1046 = ORIENTED_EDGE('',*,*,#367,.T.);
#1047 = ORIENTED_EDGE('',*,*,#1048,.T.);
#1048 = EDGE_CURVE('',#370,#1049,#1051,.T.);
#1049 = VERTEX_POINT('',#1050);
#1050 = CARTESIAN_POINT('',(0.3,0.3,8.2));
#1051 = LINE('',#1052,#1053);
#1052 = CARTESIAN_POINT('',(0.3,0.3,8.2));
#1053 = VECTOR('',#1054,1.);
#1054 = DIRECTION('',(-0.57735026919,-0.57735026919,-0.57735026919));
#1055 = ORIENTED_EDGE('',*,*,#1056,.F.);
#1056 = EDGE_CURVE('',#1040,#1049,#1057,.T.);
#1057 = LINE('',#1058,#1059);
#1058 = CARTESIAN_POINT('',(0.3,-0.6,8.2));
#1059 = VECTOR('',#1060,1.);
#1060 = DIRECTION('',(1.110223024625E-16,1.,0.));
#1061 = PLANE('',#1062);
#1062 = AXIS2_PLACEMENT_3D('',#1063,#1064,#1065);
#1063 = CARTESIAN_POINT('',(0.45,-0.6,8.35));
#1064 = DIRECTION('',(-0.707106781187,7.850462293414E-17,0.707106781187)
  );
#1065 = DIRECTION('',(1.110223024625E-16,1.,2.680278185005E-29));
#1066 = ADVANCED_FACE('',(#1067),#1085,.T.);
#1067 = FACE_BOUND('',#1068,.T.);
#1068 = EDGE_LOOP('',(#1069,#1070,#1071,#1079));
#1069 = ORIENTED_EDGE('',*,*,#1048,.F.);
#1070 = ORIENTED_EDGE('',*,*,#393,.T.);
#1071 = ORIENTED_EDGE('',*,*,#1072,.T.);
#1072 = EDGE_CURVE('',#386,#1073,#1075,.T.);
#1073 = VERTEX_POINT('',#1074);
#1074 = CARTESIAN_POINT('',(-0.3,0.3,8.2));
#1075 = LINE('',#1076,#1077);
#1076 = CARTESIAN_POINT('',(-0.3,0.3,8.2));
#1077 = VECTOR('',#1078,1.);
#1078 = DIRECTION('',(0.57735026919,-0.57735026919,-0.57735026919));
#1079 = ORIENTED_EDGE('',*,*,#1080,.F.);
#1080 = EDGE_CURVE('',#1049,#1073,#1081,.T.);
#1081 = LINE('',#1082,#1083);
#1082 = CARTESIAN_POINT('',(0.6,0.3,8.2));
#1083 = VECTOR('',#1084,1.);
#1084 = DIRECTION('',(-1.,1.110223024625E-16,0.));
#1085 = PLANE('',#1086);
#1086 = AXIS2_PLACEMENT_3D('',#1087,#1088,#1089);
#1087 = CARTESIAN_POINT('',(0.6,0.45,8.35));
#1088 = DIRECTION('',(-8.197719098449E-17,-0.707106781187,0.707106781187
    ));
#1089 = DIRECTION('',(-1.,1.13477778879E-16,-2.455476416522E-18));
#1090 = ADVANCED_FACE('',(#1091),#1109,.T.);
#1091 = FACE_BOUND('',#1092,.T.);
#1092 = EDGE_LOOP('',(#1093,#1094,#1095,#1103));
#1093 = ORIENTED_EDGE('',*,*,#1072,.F.);
#1094 = ORIENTED_EDGE('',*,*,#385,.T.);
#1095 = ORIENTED_EDGE('',*,*,#1096,.T.);
#1096 = EDGE_CURVE('',#378,#1097,#1099,.T.);
#1097 = VERTEX_POINT('',#1098);
#1098 = CARTESIAN_POINT('',(-0.3,-0.3,8.2));
#1099 = LINE('',#1100,#1101);
#1100 = CARTESIAN_POINT('',(-0.3,-0.3,8.2));
#1101 = VECTOR('',#1102,1.);
#1102 = DIRECTION('',(0.57735026919,0.57735026919,-0.57735026919));
#1103 = ORIENTED_EDGE('',*,*,#1104,.F.);
#1104 = EDGE_CURVE('',#1073,#1097,#1105,.T.);
#1105 = LINE('',#1106,#1107);
#1106 = CARTESIAN_POINT('',(-0.3,0.6,8.2));
#1107 = VECTOR('',#1108,1.);
#1108 = DIRECTION('',(-1.110223024625E-16,-1.,0.));
#1109 = PLANE('',#1110);
#1110 = AXIS2_PLACEMENT_3D('',#1111,#1112,#1113);
#1111 = CARTESIAN_POINT('',(-0.45,0.6,8.35));
#1112 = DIRECTION('',(0.707106781187,-7.850462293414E-17,0.707106781187)
  );
#1113 = DIRECTION('',(-1.110223024625E-16,-1.,2.680278185005E-29));
#1114 = ADVANCED_FACE('',(#1115),#1126,.T.);
#1115 = FACE_BOUND('',#1116,.T.);
#1116 = EDGE_LOOP('',(#1117,#1118,#1119,#1120));
#1117 = ORIENTED_EDGE('',*,*,#1096,.F.);
#1118 = ORIENTED_EDGE('',*,*,#377,.T.);
#1119 = ORIENTED_EDGE('',*,*,#1039,.T.);
#1120 = ORIENTED_EDGE('',*,*,#1121,.F.);
#1121 = EDGE_CURVE('',#1097,#1040,#1122,.T.);
#1122 = LINE('',#1123,#1124);
#1123 = CARTESIAN_POINT('',(-0.6,-0.3,8.2));
#1124 = VECTOR('',#1125,1.);
#1125 = DIRECTION('',(1.,-1.110223024625E-16,0.));
#1126 = PLANE('',#1127);
#1127 = AXIS2_PLACEMENT_3D('',#1128,#1129,#1130);
#1128 = CARTESIAN_POINT('',(-0.6,-0.45,8.35));
#1129 = DIRECTION('',(8.197719098449E-17,0.707106781187,0.707106781187)
  );
#1130 = DIRECTION('',(1.,-1.13477778879E-16,-2.455476416522E-18));
#1131 = ADVANCED_FACE('',(#1132),#1143,.T.);
#1132 = FACE_BOUND('',#1133,.T.);
#1133 = EDGE_LOOP('',(#1134,#1135,#1136,#1142));
#1134 = ORIENTED_EDGE('',*,*,#457,.F.);
#1135 = ORIENTED_EDGE('',*,*,#467,.T.);
#1136 = ORIENTED_EDGE('',*,*,#1137,.T.);
#1137 = EDGE_CURVE('',#468,#508,#1138,.T.);
#1138 = LINE('',#1139,#1140);
#1139 = CARTESIAN_POINT('',(-0.1,-7.92,0.2));
#1140 = VECTOR('',#1141,1.);
#1141 = DIRECTION('',(1.,-1.110223024625E-16,0.));
#1142 = ORIENTED_EDGE('',*,*,#515,.T.);
#1143 = PLANE('',#1144);
#1144 = AXIS2_PLACEMENT_3D('',#1145,#1146,#1147);
#1145 = CARTESIAN_POINT('',(-0.1,-7.92,0.2));
#1146 = DIRECTION('',(0.,-0.,-1.));
#1147 = DIRECTION('',(-1.110223024625E-16,-1.,0.));
#1148 = ADVANCED_FACE('',(#1149),#1190,.F.);
#1149 = FACE_BOUND('',#1150,.F.);
#1150 = EDGE_LOOP('',(#1151,#1159,#1160,#1168,#1176,#1184));
#1151 = ORIENTED_EDGE('',*,*,#1152,.T.);
#1152 = EDGE_CURVE('',#1153,#508,#1155,.T.);
#1153 = VERTEX_POINT('',#1154);
#1154 = CARTESIAN_POINT('',(0.1,-7.92,-2.5));
#1155 = LINE('',#1156,#1157);
#1156 = CARTESIAN_POINT('',(0.1,-7.92,-2.5));
#1157 = VECTOR('',#1158,1.);
#1158 = DIRECTION('',(0.,0.,1.));
#1159 = ORIENTED_EDGE('',*,*,#507,.F.);
#1160 = ORIENTED_EDGE('',*,*,#1161,.T.);
#1161 = EDGE_CURVE('',#500,#1162,#1164,.T.);
#1162 = VERTEX_POINT('',#1163);
#1163 = CARTESIAN_POINT('',(0.1,-7.32,-2.5));
#1164 = LINE('',#1165,#1166);
#1165 = CARTESIAN_POINT('',(0.1,-7.32,0.2));
#1166 = VECTOR('',#1167,1.);
#1167 = DIRECTION('',(0.,0.,-1.));
#1168 = ORIENTED_EDGE('',*,*,#1169,.T.);
#1169 = EDGE_CURVE('',#1162,#1170,#1172,.T.);
#1170 = VERTEX_POINT('',#1171);
#1171 = CARTESIAN_POINT('',(0.1,-7.47,-3.1));
#1172 = LINE('',#1173,#1174);
#1173 = CARTESIAN_POINT('',(0.1,-7.32,-2.5));
#1174 = VECTOR('',#1175,1.);
#1175 = DIRECTION('',(-2.692686352073E-17,-0.242535625036,
    -0.970142500145));
#1176 = ORIENTED_EDGE('',*,*,#1177,.T.);
#1177 = EDGE_CURVE('',#1170,#1178,#1180,.T.);
#1178 = VERTEX_POINT('',#1179);
#1179 = CARTESIAN_POINT('',(0.1,-7.77,-3.1));
#1180 = LINE('',#1181,#1182);
#1181 = CARTESIAN_POINT('',(0.1,-7.47,-3.1));
#1182 = VECTOR('',#1183,1.);
#1183 = DIRECTION('',(-1.110223024625E-16,-1.,0.));
#1184 = ORIENTED_EDGE('',*,*,#1185,.T.);
#1185 = EDGE_CURVE('',#1178,#1153,#1186,.T.);
#1186 = LINE('',#1187,#1188);
#1187 = CARTESIAN_POINT('',(0.1,-7.77,-3.1));
#1188 = VECTOR('',#1189,1.);
#1189 = DIRECTION('',(-2.692686352073E-17,-0.242535625036,0.970142500145
    ));
#1190 = PLANE('',#1191);
#1191 = AXIS2_PLACEMENT_3D('',#1192,#1193,#1194);
#1192 = CARTESIAN_POINT('',(0.1,-7.62,3.911477598424));
#1193 = DIRECTION('',(-1.,1.110223024625E-16,0.));
#1194 = DIRECTION('',(0.,0.,1.));
#1195 = ADVANCED_FACE('',(#1196),#1207,.T.);
#1196 = FACE_BOUND('',#1197,.T.);
#1197 = EDGE_LOOP('',(#1198,#1204,#1205,#1206));
#1198 = ORIENTED_EDGE('',*,*,#1199,.F.);
#1199 = EDGE_CURVE('',#476,#500,#1200,.T.);
#1200 = LINE('',#1201,#1202);
#1201 = CARTESIAN_POINT('',(-0.1,-7.32,0.2));
#1202 = VECTOR('',#1203,1.);
#1203 = DIRECTION('',(1.,-1.110223024625E-16,0.));
#1204 = ORIENTED_EDGE('',*,*,#483,.T.);
#1205 = ORIENTED_EDGE('',*,*,#491,.T.);
#1206 = ORIENTED_EDGE('',*,*,#499,.T.);
#1207 = PLANE('',#1208);
#1208 = AXIS2_PLACEMENT_3D('',#1209,#1210,#1211);
#1209 = CARTESIAN_POINT('',(-0.1,-7.92,0.2));
#1210 = DIRECTION('',(0.,-0.,-1.));
#1211 = DIRECTION('',(-1.110223024625E-16,-1.,0.));
#1212 = ADVANCED_FACE('',(#1213),#1254,.T.);
#1213 = FACE_BOUND('',#1214,.T.);
#1214 = EDGE_LOOP('',(#1215,#1223,#1224,#1232,#1240,#1248));
#1215 = ORIENTED_EDGE('',*,*,#1216,.T.);
#1216 = EDGE_CURVE('',#1217,#468,#1219,.T.);
#1217 = VERTEX_POINT('',#1218);
#1218 = CARTESIAN_POINT('',(-0.1,-7.92,-2.5));
#1219 = LINE('',#1220,#1221);
#1220 = CARTESIAN_POINT('',(-0.1,-7.92,-2.5));
#1221 = VECTOR('',#1222,1.);
#1222 = DIRECTION('',(0.,0.,1.));
#1223 = ORIENTED_EDGE('',*,*,#475,.F.);
#1224 = ORIENTED_EDGE('',*,*,#1225,.T.);
#1225 = EDGE_CURVE('',#476,#1226,#1228,.T.);
#1226 = VERTEX_POINT('',#1227);
#1227 = CARTESIAN_POINT('',(-0.1,-7.32,-2.5));
#1228 = LINE('',#1229,#1230);
#1229 = CARTESIAN_POINT('',(-0.1,-7.32,0.2));
#1230 = VECTOR('',#1231,1.);
#1231 = DIRECTION('',(0.,0.,-1.));
#1232 = ORIENTED_EDGE('',*,*,#1233,.T.);
#1233 = EDGE_CURVE('',#1226,#1234,#1236,.T.);
#1234 = VERTEX_POINT('',#1235);
#1235 = CARTESIAN_POINT('',(-0.1,-7.47,-3.1));
#1236 = LINE('',#1237,#1238);
#1237 = CARTESIAN_POINT('',(-0.1,-7.32,-2.5));
#1238 = VECTOR('',#1239,1.);
#1239 = DIRECTION('',(-2.692686352073E-17,-0.242535625036,
    -0.970142500145));
#1240 = ORIENTED_EDGE('',*,*,#1241,.F.);
#1241 = EDGE_CURVE('',#1242,#1234,#1244,.T.);
#1242 = VERTEX_POINT('',#1243);
#1243 = CARTESIAN_POINT('',(-0.1,-7.77,-3.1));
#1244 = LINE('',#1245,#1246);
#1245 = CARTESIAN_POINT('',(-0.1,-7.77,-3.1));
#1246 = VECTOR('',#1247,1.);
#1247 = DIRECTION('',(1.110223024625E-16,1.,0.));
#1248 = ORIENTED_EDGE('',*,*,#1249,.T.);
#1249 = EDGE_CURVE('',#1242,#1217,#1250,.T.);
#1250 = LINE('',#1251,#1252);
#1251 = CARTESIAN_POINT('',(-0.1,-7.77,-3.1));
#1252 = VECTOR('',#1253,1.);
#1253 = DIRECTION('',(-2.692686352073E-17,-0.242535625036,0.970142500145
    ));
#1254 = PLANE('',#1255);
#1255 = AXIS2_PLACEMENT_3D('',#1256,#1257,#1258);
#1256 = CARTESIAN_POINT('',(-0.1,-7.62,3.911477598424));
#1257 = DIRECTION('',(-1.,1.110223024625E-16,0.));
#1258 = DIRECTION('',(0.,0.,1.));
#1259 = ADVANCED_FACE('',(#1260),#1271,.T.);
#1260 = FACE_BOUND('',#1261,.T.);
#1261 = EDGE_LOOP('',(#1262,#1263,#1264,#1270));
#1262 = ORIENTED_EDGE('',*,*,#523,.F.);
#1263 = ORIENTED_EDGE('',*,*,#533,.T.);
#1264 = ORIENTED_EDGE('',*,*,#1265,.T.);
#1265 = EDGE_CURVE('',#534,#574,#1266,.T.);
#1266 = LINE('',#1267,#1268);
#1267 = CARTESIAN_POINT('',(-0.1,-5.38,0.2));
#1268 = VECTOR('',#1269,1.);
#1269 = DIRECTION('',(1.,-1.110223024625E-16,0.));
#1270 = ORIENTED_EDGE('',*,*,#581,.T.);
#1271 = PLANE('',#1272);
#1272 = AXIS2_PLACEMENT_3D('',#1273,#1274,#1275);
#1273 = CARTESIAN_POINT('',(-0.1,-5.38,0.2));
#1274 = DIRECTION('',(0.,-0.,-1.));
#1275 = DIRECTION('',(-1.110223024625E-16,-1.,0.));
#1276 = ADVANCED_FACE('',(#1277),#1318,.F.);
#1277 = FACE_BOUND('',#1278,.F.);
#1278 = EDGE_LOOP('',(#1279,#1287,#1288,#1296,#1304,#1312));
#1279 = ORIENTED_EDGE('',*,*,#1280,.T.);
#1280 = EDGE_CURVE('',#1281,#574,#1283,.T.);
#1281 = VERTEX_POINT('',#1282);
#1282 = CARTESIAN_POINT('',(0.1,-5.38,-2.5));
#1283 = LINE('',#1284,#1285);
#1284 = CARTESIAN_POINT('',(0.1,-5.38,-2.5));
#1285 = VECTOR('',#1286,1.);
#1286 = DIRECTION('',(0.,0.,1.));
#1287 = ORIENTED_EDGE('',*,*,#573,.F.);
#1288 = ORIENTED_EDGE('',*,*,#1289,.T.);
#1289 = EDGE_CURVE('',#566,#1290,#1292,.T.);
#1290 = VERTEX_POINT('',#1291);
#1291 = CARTESIAN_POINT('',(0.1,-4.78,-2.5));
#1292 = LINE('',#1293,#1294);
#1293 = CARTESIAN_POINT('',(0.1,-4.78,0.2));
#1294 = VECTOR('',#1295,1.);
#1295 = DIRECTION('',(0.,0.,-1.));
#1296 = ORIENTED_EDGE('',*,*,#1297,.T.);
#1297 = EDGE_CURVE('',#1290,#1298,#1300,.T.);
#1298 = VERTEX_POINT('',#1299);
#1299 = CARTESIAN_POINT('',(0.1,-4.93,-3.1));
#1300 = LINE('',#1301,#1302);
#1301 = CARTESIAN_POINT('',(0.1,-4.78,-2.5));
#1302 = VECTOR('',#1303,1.);
#1303 = DIRECTION('',(-2.692686352073E-17,-0.242535625036,
    -0.970142500145));
#1304 = ORIENTED_EDGE('',*,*,#1305,.T.);
#1305 = EDGE_CURVE('',#1298,#1306,#1308,.T.);
#1306 = VERTEX_POINT('',#1307);
#1307 = CARTESIAN_POINT('',(0.1,-5.23,-3.1));
#1308 = LINE('',#1309,#1310);
#1309 = CARTESIAN_POINT('',(0.1,-4.93,-3.1));
#1310 = VECTOR('',#1311,1.);
#1311 = DIRECTION('',(-1.110223024625E-16,-1.,0.));
#1312 = ORIENTED_EDGE('',*,*,#1313,.T.);
#1313 = EDGE_CURVE('',#1306,#1281,#1314,.T.);
#1314 = LINE('',#1315,#1316);
#1315 = CARTESIAN_POINT('',(0.1,-5.23,-3.1));
#1316 = VECTOR('',#1317,1.);
#1317 = DIRECTION('',(-2.692686352073E-17,-0.242535625036,0.970142500145
    ));
#1318 = PLANE('',#1319);
#1319 = AXIS2_PLACEMENT_3D('',#1320,#1321,#1322);
#1320 = CARTESIAN_POINT('',(0.1,-5.08,3.911477598424));
#1321 = DIRECTION('',(-1.,1.110223024625E-16,0.));
#1322 = DIRECTION('',(0.,0.,1.));
#1323 = ADVANCED_FACE('',(#1324),#1335,.T.);
#1324 = FACE_BOUND('',#1325,.T.);
#1325 = EDGE_LOOP('',(#1326,#1332,#1333,#1334));
#1326 = ORIENTED_EDGE('',*,*,#1327,.F.);
#1327 = EDGE_CURVE('',#542,#566,#1328,.T.);
#1328 = LINE('',#1329,#1330);
#1329 = CARTESIAN_POINT('',(-0.1,-4.78,0.2));
#1330 = VECTOR('',#1331,1.);
#1331 = DIRECTION('',(1.,-1.110223024625E-16,0.));
#1332 = ORIENTED_EDGE('',*,*,#549,.T.);
#1333 = ORIENTED_EDGE('',*,*,#557,.T.);
#1334 = ORIENTED_EDGE('',*,*,#565,.T.);
#1335 = PLANE('',#1336);
#1336 = AXIS2_PLACEMENT_3D('',#1337,#1338,#1339);
#1337 = CARTESIAN_POINT('',(-0.1,-5.38,0.2));
#1338 = DIRECTION('',(0.,-0.,-1.));
#1339 = DIRECTION('',(-1.110223024625E-16,-1.,0.));
#1340 = ADVANCED_FACE('',(#1341),#1382,.T.);
#1341 = FACE_BOUND('',#1342,.T.);
#1342 = EDGE_LOOP('',(#1343,#1351,#1352,#1360,#1368,#1376));
#1343 = ORIENTED_EDGE('',*,*,#1344,.T.);
#1344 = EDGE_CURVE('',#1345,#534,#1347,.T.);
#1345 = VERTEX_POINT('',#1346);
#1346 = CARTESIAN_POINT('',(-0.1,-5.38,-2.5));
#1347 = LINE('',#1348,#1349);
#1348 = CARTESIAN_POINT('',(-0.1,-5.38,-2.5));
#1349 = VECTOR('',#1350,1.);
#1350 = DIRECTION('',(0.,0.,1.));
#1351 = ORIENTED_EDGE('',*,*,#541,.F.);
#1352 = ORIENTED_EDGE('',*,*,#1353,.T.);
#1353 = EDGE_CURVE('',#542,#1354,#1356,.T.);
#1354 = VERTEX_POINT('',#1355);
#1355 = CARTESIAN_POINT('',(-0.1,-4.78,-2.5));
#1356 = LINE('',#1357,#1358);
#1357 = CARTESIAN_POINT('',(-0.1,-4.78,0.2));
#1358 = VECTOR('',#1359,1.);
#1359 = DIRECTION('',(0.,0.,-1.));
#1360 = ORIENTED_EDGE('',*,*,#1361,.T.);
#1361 = EDGE_CURVE('',#1354,#1362,#1364,.T.);
#1362 = VERTEX_POINT('',#1363);
#1363 = CARTESIAN_POINT('',(-0.1,-4.93,-3.1));
#1364 = LINE('',#1365,#1366);
#1365 = CARTESIAN_POINT('',(-0.1,-4.78,-2.5));
#1366 = VECTOR('',#1367,1.);
#1367 = DIRECTION('',(-2.692686352073E-17,-0.242535625036,
    -0.970142500145));
#1368 = ORIENTED_EDGE('',*,*,#1369,.F.);
#1369 = EDGE_CURVE('',#1370,#1362,#1372,.T.);
#1370 = VERTEX_POINT('',#1371);
#1371 = CARTESIAN_POINT('',(-0.1,-5.23,-3.1));
#1372 = LINE('',#1373,#1374);
#1373 = CARTESIAN_POINT('',(-0.1,-5.23,-3.1));
#1374 = VECTOR('',#1375,1.);
#1375 = DIRECTION('',(1.110223024625E-16,1.,0.));
#1376 = ORIENTED_EDGE('',*,*,#1377,.T.);
#1377 = EDGE_CURVE('',#1370,#1345,#1378,.T.);
#1378 = LINE('',#1379,#1380);
#1379 = CARTESIAN_POINT('',(-0.1,-5.23,-3.1));
#1380 = VECTOR('',#1381,1.);
#1381 = DIRECTION('',(-2.692686352073E-17,-0.242535625036,0.970142500145
    ));
#1382 = PLANE('',#1383);
#1383 = AXIS2_PLACEMENT_3D('',#1384,#1385,#1386);
#1384 = CARTESIAN_POINT('',(-0.1,-5.08,3.911477598424));
#1385 = DIRECTION('',(-1.,1.110223024625E-16,0.));
#1386 = DIRECTION('',(0.,0.,1.));
#1387 = ADVANCED_FACE('',(#1388),#1399,.T.);
#1388 = FACE_BOUND('',#1389,.T.);
#1389 = EDGE_LOOP('',(#1390,#1391,#1392,#1398));
#1390 = ORIENTED_EDGE('',*,*,#589,.F.);
#1391 = ORIENTED_EDGE('',*,*,#599,.T.);
#1392 = ORIENTED_EDGE('',*,*,#1393,.T.);
#1393 = EDGE_CURVE('',#600,#640,#1394,.T.);
#1394 = LINE('',#1395,#1396);
#1395 = CARTESIAN_POINT('',(-0.1,-2.84,0.2));
#1396 = VECTOR('',#1397,1.);
#1397 = DIRECTION('',(1.,-1.110223024625E-16,0.));
#1398 = ORIENTED_EDGE('',*,*,#647,.T.);
#1399 = PLANE('',#1400);
#1400 = AXIS2_PLACEMENT_3D('',#1401,#1402,#1403);
#1401 = CARTESIAN_POINT('',(-0.1,-2.84,0.2));
#1402 = DIRECTION('',(0.,-0.,-1.));
#1403 = DIRECTION('',(-1.110223024625E-16,-1.,0.));
#1404 = ADVANCED_FACE('',(#1405),#1446,.F.);
#1405 = FACE_BOUND('',#1406,.F.);
#1406 = EDGE_LOOP('',(#1407,#1415,#1416,#1424,#1432,#1440));
#1407 = ORIENTED_EDGE('',*,*,#1408,.T.);
#1408 = EDGE_CURVE('',#1409,#640,#1411,.T.);
#1409 = VERTEX_POINT('',#1410);
#1410 = CARTESIAN_POINT('',(0.1,-2.84,-2.5));
#1411 = LINE('',#1412,#1413);
#1412 = CARTESIAN_POINT('',(0.1,-2.84,-2.5));
#1413 = VECTOR('',#1414,1.);
#1414 = DIRECTION('',(0.,0.,1.));
#1415 = ORIENTED_EDGE('',*,*,#639,.F.);
#1416 = ORIENTED_EDGE('',*,*,#1417,.T.);
#1417 = EDGE_CURVE('',#632,#1418,#1420,.T.);
#1418 = VERTEX_POINT('',#1419);
#1419 = CARTESIAN_POINT('',(0.1,-2.24,-2.5));
#1420 = LINE('',#1421,#1422);
#1421 = CARTESIAN_POINT('',(0.1,-2.24,0.2));
#1422 = VECTOR('',#1423,1.);
#1423 = DIRECTION('',(0.,0.,-1.));
#1424 = ORIENTED_EDGE('',*,*,#1425,.T.);
#1425 = EDGE_CURVE('',#1418,#1426,#1428,.T.);
#1426 = VERTEX_POINT('',#1427);
#1427 = CARTESIAN_POINT('',(0.1,-2.39,-3.1));
#1428 = LINE('',#1429,#1430);
#1429 = CARTESIAN_POINT('',(0.1,-2.24,-2.5));
#1430 = VECTOR('',#1431,1.);
#1431 = DIRECTION('',(-2.692686352073E-17,-0.242535625036,
    -0.970142500145));
#1432 = ORIENTED_EDGE('',*,*,#1433,.T.);
#1433 = EDGE_CURVE('',#1426,#1434,#1436,.T.);
#1434 = VERTEX_POINT('',#1435);
#1435 = CARTESIAN_POINT('',(0.1,-2.69,-3.1));
#1436 = LINE('',#1437,#1438);
#1437 = CARTESIAN_POINT('',(0.1,-2.39,-3.1));
#1438 = VECTOR('',#1439,1.);
#1439 = DIRECTION('',(-1.110223024625E-16,-1.,0.));
#1440 = ORIENTED_EDGE('',*,*,#1441,.T.);
#1441 = EDGE_CURVE('',#1434,#1409,#1442,.T.);
#1442 = LINE('',#1443,#1444);
#1443 = CARTESIAN_POINT('',(0.1,-2.69,-3.1));
#1444 = VECTOR('',#1445,1.);
#1445 = DIRECTION('',(-2.692686352073E-17,-0.242535625036,0.970142500145
    ));
#1446 = PLANE('',#1447);
#1447 = AXIS2_PLACEMENT_3D('',#1448,#1449,#1450);
#1448 = CARTESIAN_POINT('',(0.1,-2.54,3.911477598424));
#1449 = DIRECTION('',(-1.,1.110223024625E-16,0.));
#1450 = DIRECTION('',(0.,0.,1.));
#1451 = ADVANCED_FACE('',(#1452),#1463,.T.);
#1452 = FACE_BOUND('',#1453,.T.);
#1453 = EDGE_LOOP('',(#1454,#1460,#1461,#1462));
#1454 = ORIENTED_EDGE('',*,*,#1455,.F.);
#1455 = EDGE_CURVE('',#608,#632,#1456,.T.);
#1456 = LINE('',#1457,#1458);
#1457 = CARTESIAN_POINT('',(-0.1,-2.24,0.2));
#1458 = VECTOR('',#1459,1.);
#1459 = DIRECTION('',(1.,-1.110223024625E-16,0.));
#1460 = ORIENTED_EDGE('',*,*,#615,.T.);
#1461 = ORIENTED_EDGE('',*,*,#623,.T.);
#1462 = ORIENTED_EDGE('',*,*,#631,.T.);
#1463 = PLANE('',#1464);
#1464 = AXIS2_PLACEMENT_3D('',#1465,#1466,#1467);
#1465 = CARTESIAN_POINT('',(-0.1,-2.84,0.2));
#1466 = DIRECTION('',(0.,-0.,-1.));
#1467 = DIRECTION('',(-1.110223024625E-16,-1.,0.));
#1468 = ADVANCED_FACE('',(#1469),#1510,.T.);
#1469 = FACE_BOUND('',#1470,.T.);
#1470 = EDGE_LOOP('',(#1471,#1479,#1480,#1488,#1496,#1504));
#1471 = ORIENTED_EDGE('',*,*,#1472,.T.);
#1472 = EDGE_CURVE('',#1473,#600,#1475,.T.);
#1473 = VERTEX_POINT('',#1474);
#1474 = CARTESIAN_POINT('',(-0.1,-2.84,-2.5));
#1475 = LINE('',#1476,#1477);
#1476 = CARTESIAN_POINT('',(-0.1,-2.84,-2.5));
#1477 = VECTOR('',#1478,1.);
#1478 = DIRECTION('',(0.,0.,1.));
#1479 = ORIENTED_EDGE('',*,*,#607,.F.);
#1480 = ORIENTED_EDGE('',*,*,#1481,.T.);
#1481 = EDGE_CURVE('',#608,#1482,#1484,.T.);
#1482 = VERTEX_POINT('',#1483);
#1483 = CARTESIAN_POINT('',(-0.1,-2.24,-2.5));
#1484 = LINE('',#1485,#1486);
#1485 = CARTESIAN_POINT('',(-0.1,-2.24,0.2));
#1486 = VECTOR('',#1487,1.);
#1487 = DIRECTION('',(0.,0.,-1.));
#1488 = ORIENTED_EDGE('',*,*,#1489,.T.);
#1489 = EDGE_CURVE('',#1482,#1490,#1492,.T.);
#1490 = VERTEX_POINT('',#1491);
#1491 = CARTESIAN_POINT('',(-0.1,-2.39,-3.1));
#1492 = LINE('',#1493,#1494);
#1493 = CARTESIAN_POINT('',(-0.1,-2.24,-2.5));
#1494 = VECTOR('',#1495,1.);
#1495 = DIRECTION('',(-2.692686352073E-17,-0.242535625036,
    -0.970142500145));
#1496 = ORIENTED_EDGE('',*,*,#1497,.F.);
#1497 = EDGE_CURVE('',#1498,#1490,#1500,.T.);
#1498 = VERTEX_POINT('',#1499);
#1499 = CARTESIAN_POINT('',(-0.1,-2.69,-3.1));
#1500 = LINE('',#1501,#1502);
#1501 = CARTESIAN_POINT('',(-0.1,-2.69,-3.1));
#1502 = VECTOR('',#1503,1.);
#1503 = DIRECTION('',(1.110223024625E-16,1.,0.));
#1504 = ORIENTED_EDGE('',*,*,#1505,.T.);
#1505 = EDGE_CURVE('',#1498,#1473,#1506,.T.);
#1506 = LINE('',#1507,#1508);
#1507 = CARTESIAN_POINT('',(-0.1,-2.69,-3.1));
#1508 = VECTOR('',#1509,1.);
#1509 = DIRECTION('',(-2.692686352073E-17,-0.242535625036,0.970142500145
    ));
#1510 = PLANE('',#1511);
#1511 = AXIS2_PLACEMENT_3D('',#1512,#1513,#1514);
#1512 = CARTESIAN_POINT('',(-0.1,-2.54,3.911477598424));
#1513 = DIRECTION('',(-1.,1.110223024625E-16,0.));
#1514 = DIRECTION('',(0.,0.,1.));
#1515 = ADVANCED_FACE('',(#1516),#1527,.T.);
#1516 = FACE_BOUND('',#1517,.T.);
#1517 = EDGE_LOOP('',(#1518,#1519,#1520,#1526));
#1518 = ORIENTED_EDGE('',*,*,#655,.F.);
#1519 = ORIENTED_EDGE('',*,*,#665,.T.);
#1520 = ORIENTED_EDGE('',*,*,#1521,.T.);
#1521 = EDGE_CURVE('',#666,#706,#1522,.T.);
#1522 = LINE('',#1523,#1524);
#1523 = CARTESIAN_POINT('',(-0.1,-0.3,0.2));
#1524 = VECTOR('',#1525,1.);
#1525 = DIRECTION('',(1.,-1.110223024625E-16,0.));
#1526 = ORIENTED_EDGE('',*,*,#713,.T.);
#1527 = PLANE('',#1528);
#1528 = AXIS2_PLACEMENT_3D('',#1529,#1530,#1531);
#1529 = CARTESIAN_POINT('',(-0.1,-0.3,0.2));
#1530 = DIRECTION('',(0.,-0.,-1.));
#1531 = DIRECTION('',(-1.110223024625E-16,-1.,0.));
#1532 = ADVANCED_FACE('',(#1533),#1574,.F.);
#1533 = FACE_BOUND('',#1534,.F.);
#1534 = EDGE_LOOP('',(#1535,#1543,#1544,#1552,#1560,#1568));
#1535 = ORIENTED_EDGE('',*,*,#1536,.T.);
#1536 = EDGE_CURVE('',#1537,#706,#1539,.T.);
#1537 = VERTEX_POINT('',#1538);
#1538 = CARTESIAN_POINT('',(0.1,-0.3,-2.5));
#1539 = LINE('',#1540,#1541);
#1540 = CARTESIAN_POINT('',(0.1,-0.3,-2.5));
#1541 = VECTOR('',#1542,1.);
#1542 = DIRECTION('',(0.,0.,1.));
#1543 = ORIENTED_EDGE('',*,*,#705,.F.);
#1544 = ORIENTED_EDGE('',*,*,#1545,.T.);
#1545 = EDGE_CURVE('',#698,#1546,#1548,.T.);
#1546 = VERTEX_POINT('',#1547);
#1547 = CARTESIAN_POINT('',(0.1,0.3,-2.5));
#1548 = LINE('',#1549,#1550);
#1549 = CARTESIAN_POINT('',(0.1,0.3,0.2));
#1550 = VECTOR('',#1551,1.);
#1551 = DIRECTION('',(0.,0.,-1.));
#1552 = ORIENTED_EDGE('',*,*,#1553,.T.);
#1553 = EDGE_CURVE('',#1546,#1554,#1556,.T.);
#1554 = VERTEX_POINT('',#1555);
#1555 = CARTESIAN_POINT('',(0.1,0.15,-3.1));
#1556 = LINE('',#1557,#1558);
#1557 = CARTESIAN_POINT('',(0.1,0.3,-2.5));
#1558 = VECTOR('',#1559,1.);
#1559 = DIRECTION('',(-2.692686352073E-17,-0.242535625036,
    -0.970142500145));
#1560 = ORIENTED_EDGE('',*,*,#1561,.T.);
#1561 = EDGE_CURVE('',#1554,#1562,#1564,.T.);
#1562 = VERTEX_POINT('',#1563);
#1563 = CARTESIAN_POINT('',(0.1,-0.15,-3.1));
#1564 = LINE('',#1565,#1566);
#1565 = CARTESIAN_POINT('',(0.1,0.15,-3.1));
#1566 = VECTOR('',#1567,1.);
#1567 = DIRECTION('',(-1.110223024625E-16,-1.,0.));
#1568 = ORIENTED_EDGE('',*,*,#1569,.T.);
#1569 = EDGE_CURVE('',#1562,#1537,#1570,.T.);
#1570 = LINE('',#1571,#1572);
#1571 = CARTESIAN_POINT('',(0.1,-0.15,-3.1));
#1572 = VECTOR('',#1573,1.);
#1573 = DIRECTION('',(-2.692686352073E-17,-0.242535625036,0.970142500145
    ));
#1574 = PLANE('',#1575);
#1575 = AXIS2_PLACEMENT_3D('',#1576,#1577,#1578);
#1576 = CARTESIAN_POINT('',(0.1,-1.110223024625E-17,3.911477598424));
#1577 = DIRECTION('',(-1.,1.110223024625E-16,0.));
#1578 = DIRECTION('',(0.,0.,1.));
#1579 = ADVANCED_FACE('',(#1580),#1591,.T.);
#1580 = FACE_BOUND('',#1581,.T.);
#1581 = EDGE_LOOP('',(#1582,#1588,#1589,#1590));
#1582 = ORIENTED_EDGE('',*,*,#1583,.F.);
#1583 = EDGE_CURVE('',#674,#698,#1584,.T.);
#1584 = LINE('',#1585,#1586);
#1585 = CARTESIAN_POINT('',(-0.1,0.3,0.2));
#1586 = VECTOR('',#1587,1.);
#1587 = DIRECTION('',(1.,-1.110223024625E-16,0.));
#1588 = ORIENTED_EDGE('',*,*,#681,.T.);
#1589 = ORIENTED_EDGE('',*,*,#689,.T.);
#1590 = ORIENTED_EDGE('',*,*,#697,.T.);
#1591 = PLANE('',#1592);
#1592 = AXIS2_PLACEMENT_3D('',#1593,#1594,#1595);
#1593 = CARTESIAN_POINT('',(-0.1,-0.3,0.2));
#1594 = DIRECTION('',(0.,-0.,-1.));
#1595 = DIRECTION('',(-1.110223024625E-16,-1.,0.));
#1596 = ADVANCED_FACE('',(#1597),#1638,.T.);
#1597 = FACE_BOUND('',#1598,.T.);
#1598 = EDGE_LOOP('',(#1599,#1607,#1608,#1616,#1624,#1632));
#1599 = ORIENTED_EDGE('',*,*,#1600,.T.);
#1600 = EDGE_CURVE('',#1601,#666,#1603,.T.);
#1601 = VERTEX_POINT('',#1602);
#1602 = CARTESIAN_POINT('',(-0.1,-0.3,-2.5));
#1603 = LINE('',#1604,#1605);
#1604 = CARTESIAN_POINT('',(-0.1,-0.3,-2.5));
#1605 = VECTOR('',#1606,1.);
#1606 = DIRECTION('',(0.,0.,1.));
#1607 = ORIENTED_EDGE('',*,*,#673,.F.);
#1608 = ORIENTED_EDGE('',*,*,#1609,.T.);
#1609 = EDGE_CURVE('',#674,#1610,#1612,.T.);
#1610 = VERTEX_POINT('',#1611);
#1611 = CARTESIAN_POINT('',(-0.1,0.3,-2.5));
#1612 = LINE('',#1613,#1614);
#1613 = CARTESIAN_POINT('',(-0.1,0.3,0.2));
#1614 = VECTOR('',#1615,1.);
#1615 = DIRECTION('',(0.,0.,-1.));
#1616 = ORIENTED_EDGE('',*,*,#1617,.T.);
#1617 = EDGE_CURVE('',#1610,#1618,#1620,.T.);
#1618 = VERTEX_POINT('',#1619);
#1619 = CARTESIAN_POINT('',(-0.1,0.15,-3.1));
#1620 = LINE('',#1621,#1622);
#1621 = CARTESIAN_POINT('',(-0.1,0.3,-2.5));
#1622 = VECTOR('',#1623,1.);
#1623 = DIRECTION('',(-2.692686352073E-17,-0.242535625036,
    -0.970142500145));
#1624 = ORIENTED_EDGE('',*,*,#1625,.F.);
#1625 = EDGE_CURVE('',#1626,#1618,#1628,.T.);
#1626 = VERTEX_POINT('',#1627);
#1627 = CARTESIAN_POINT('',(-0.1,-0.15,-3.1));
#1628 = LINE('',#1629,#1630);
#1629 = CARTESIAN_POINT('',(-0.1,-0.15,-3.1));
#1630 = VECTOR('',#1631,1.);
#1631 = DIRECTION('',(1.110223024625E-16,1.,0.));
#1632 = ORIENTED_EDGE('',*,*,#1633,.T.);
#1633 = EDGE_CURVE('',#1626,#1601,#1634,.T.);
#1634 = LINE('',#1635,#1636);
#1635 = CARTESIAN_POINT('',(-0.1,-0.15,-3.1));
#1636 = VECTOR('',#1637,1.);
#1637 = DIRECTION('',(-2.692686352073E-17,-0.242535625036,0.970142500145
    ));
#1638 = PLANE('',#1639);
#1639 = AXIS2_PLACEMENT_3D('',#1640,#1641,#1642);
#1640 = CARTESIAN_POINT('',(-0.1,1.110223024625E-17,3.911477598424));
#1641 = DIRECTION('',(-1.,1.110223024625E-16,0.));
#1642 = DIRECTION('',(0.,0.,1.));
#1643 = ADVANCED_FACE('',(#1644),#1669,.F.);
#1644 = FACE_BOUND('',#1645,.F.);
#1645 = EDGE_LOOP('',(#1646,#1654,#1662,#1668));
#1646 = ORIENTED_EDGE('',*,*,#1647,.T.);
#1647 = EDGE_CURVE('',#752,#1648,#1650,.T.);
#1648 = VERTEX_POINT('',#1649);
#1649 = CARTESIAN_POINT('',(0.3,-7.92,0.9));
#1650 = LINE('',#1651,#1652);
#1651 = CARTESIAN_POINT('',(0.3,-7.92,8.2));
#1652 = VECTOR('',#1653,1.);
#1653 = DIRECTION('',(0.,-0.,-1.));
#1654 = ORIENTED_EDGE('',*,*,#1655,.T.);
#1655 = EDGE_CURVE('',#1648,#1656,#1658,.T.);
#1656 = VERTEX_POINT('',#1657);
#1657 = CARTESIAN_POINT('',(0.3,-7.32,0.9));
#1658 = LINE('',#1659,#1660);
#1659 = CARTESIAN_POINT('',(0.3,-7.92,0.9));
#1660 = VECTOR('',#1661,1.);
#1661 = DIRECTION('',(1.110223024625E-16,1.,0.));
#1662 = ORIENTED_EDGE('',*,*,#1663,.F.);
#1663 = EDGE_CURVE('',#761,#1656,#1664,.T.);
#1664 = LINE('',#1665,#1666);
#1665 = CARTESIAN_POINT('',(0.3,-7.32,8.2));
#1666 = VECTOR('',#1667,1.);
#1667 = DIRECTION('',(0.,-0.,-1.));
#1668 = ORIENTED_EDGE('',*,*,#768,.F.);
#1669 = PLANE('',#1670);
#1670 = AXIS2_PLACEMENT_3D('',#1671,#1672,#1673);
#1671 = CARTESIAN_POINT('',(0.3,-7.92,8.2));
#1672 = DIRECTION('',(1.,-1.110223024625E-16,0.));
#1673 = DIRECTION('',(1.110223024625E-16,1.,0.));
#1674 = ADVANCED_FACE('',(#1675),#1725,.F.);
#1675 = FACE_BOUND('',#1676,.F.);
#1676 = EDGE_LOOP('',(#1677,#1678,#1679,#1687,#1695,#1703,#1711,#1719));
#1677 = ORIENTED_EDGE('',*,*,#792,.F.);
#1678 = ORIENTED_EDGE('',*,*,#1663,.T.);
#1679 = ORIENTED_EDGE('',*,*,#1680,.T.);
#1680 = EDGE_CURVE('',#1656,#1681,#1683,.T.);
#1681 = VERTEX_POINT('',#1682);
#1682 = CARTESIAN_POINT('',(0.1,-7.32,0.9));
#1683 = LINE('',#1684,#1685);
#1684 = CARTESIAN_POINT('',(0.3,-7.32,0.9));
#1685 = VECTOR('',#1686,1.);
#1686 = DIRECTION('',(-1.,1.110223024625E-16,0.));
#1687 = ORIENTED_EDGE('',*,*,#1688,.T.);
#1688 = EDGE_CURVE('',#1681,#1689,#1691,.T.);
#1689 = VERTEX_POINT('',#1690);
#1690 = CARTESIAN_POINT('',(0.1,-7.32,7.4));
#1691 = LINE('',#1692,#1693);
#1692 = CARTESIAN_POINT('',(0.1,-7.32,6.055738799212));
#1693 = VECTOR('',#1694,1.);
#1694 = DIRECTION('',(0.,-0.,1.));
#1695 = ORIENTED_EDGE('',*,*,#1696,.F.);
#1696 = EDGE_CURVE('',#1697,#1689,#1699,.T.);
#1697 = VERTEX_POINT('',#1698);
#1698 = CARTESIAN_POINT('',(-0.1,-7.32,7.4));
#1699 = LINE('',#1700,#1701);
#1700 = CARTESIAN_POINT('',(-0.1,-7.32,7.4));
#1701 = VECTOR('',#1702,1.);
#1702 = DIRECTION('',(1.,-1.110223024625E-16,0.));
#1703 = ORIENTED_EDGE('',*,*,#1704,.F.);
#1704 = EDGE_CURVE('',#1705,#1697,#1707,.T.);
#1705 = VERTEX_POINT('',#1706);
#1706 = CARTESIAN_POINT('',(-0.1,-7.32,0.9));
#1707 = LINE('',#1708,#1709);
#1708 = CARTESIAN_POINT('',(-0.1,-7.32,6.055738799212));
#1709 = VECTOR('',#1710,1.);
#1710 = DIRECTION('',(0.,-0.,1.));
#1711 = ORIENTED_EDGE('',*,*,#1712,.T.);
#1712 = EDGE_CURVE('',#1705,#1713,#1715,.T.);
#1713 = VERTEX_POINT('',#1714);
#1714 = CARTESIAN_POINT('',(-0.3,-7.32,0.9));
#1715 = LINE('',#1716,#1717);
#1716 = CARTESIAN_POINT('',(0.3,-7.32,0.9));
#1717 = VECTOR('',#1718,1.);
#1718 = DIRECTION('',(-1.,1.110223024625E-16,0.));
#1719 = ORIENTED_EDGE('',*,*,#1720,.F.);
#1720 = EDGE_CURVE('',#785,#1713,#1721,.T.);
#1721 = LINE('',#1722,#1723);
#1722 = CARTESIAN_POINT('',(-0.3,-7.32,8.2));
#1723 = VECTOR('',#1724,1.);
#1724 = DIRECTION('',(0.,-0.,-1.));
#1725 = PLANE('',#1726);
#1726 = AXIS2_PLACEMENT_3D('',#1727,#1728,#1729);
#1727 = CARTESIAN_POINT('',(0.3,-7.32,8.2));
#1728 = DIRECTION('',(1.110223024625E-16,1.,0.));
#1729 = DIRECTION('',(-1.,1.110223024625E-16,0.));
#1730 = ADVANCED_FACE('',(#1731),#1749,.F.);
#1731 = FACE_BOUND('',#1732,.F.);
#1732 = EDGE_LOOP('',(#1733,#1734,#1742,#1748));
#1733 = ORIENTED_EDGE('',*,*,#1720,.T.);
#1734 = ORIENTED_EDGE('',*,*,#1735,.T.);
#1735 = EDGE_CURVE('',#1713,#1736,#1738,.T.);
#1736 = VERTEX_POINT('',#1737);
#1737 = CARTESIAN_POINT('',(-0.3,-7.92,0.9));
#1738 = LINE('',#1739,#1740);
#1739 = CARTESIAN_POINT('',(-0.3,-7.32,0.9));
#1740 = VECTOR('',#1741,1.);
#1741 = DIRECTION('',(-1.110223024625E-16,-1.,0.));
#1742 = ORIENTED_EDGE('',*,*,#1743,.F.);
#1743 = EDGE_CURVE('',#809,#1736,#1744,.T.);
#1744 = LINE('',#1745,#1746);
#1745 = CARTESIAN_POINT('',(-0.3,-7.92,8.2));
#1746 = VECTOR('',#1747,1.);
#1747 = DIRECTION('',(0.,-0.,-1.));
#1748 = ORIENTED_EDGE('',*,*,#816,.F.);
#1749 = PLANE('',#1750);
#1750 = AXIS2_PLACEMENT_3D('',#1751,#1752,#1753);
#1751 = CARTESIAN_POINT('',(-0.3,-7.32,8.2));
#1752 = DIRECTION('',(-1.,1.110223024625E-16,0.));
#1753 = DIRECTION('',(-1.110223024625E-16,-1.,0.));
#1754 = ADVANCED_FACE('',(#1755),#1798,.F.);
#1755 = FACE_BOUND('',#1756,.F.);
#1756 = EDGE_LOOP('',(#1757,#1758,#1759,#1767,#1775,#1783,#1791,#1797));
#1757 = ORIENTED_EDGE('',*,*,#833,.F.);
#1758 = ORIENTED_EDGE('',*,*,#1743,.T.);
#1759 = ORIENTED_EDGE('',*,*,#1760,.T.);
#1760 = EDGE_CURVE('',#1736,#1761,#1763,.T.);
#1761 = VERTEX_POINT('',#1762);
#1762 = CARTESIAN_POINT('',(-0.1,-7.92,0.9));
#1763 = LINE('',#1764,#1765);
#1764 = CARTESIAN_POINT('',(-0.3,-7.92,0.9));
#1765 = VECTOR('',#1766,1.);
#1766 = DIRECTION('',(1.,-1.110223024625E-16,0.));
#1767 = ORIENTED_EDGE('',*,*,#1768,.F.);
#1768 = EDGE_CURVE('',#1769,#1761,#1771,.T.);
#1769 = VERTEX_POINT('',#1770);
#1770 = CARTESIAN_POINT('',(-0.1,-7.92,7.4));
#1771 = LINE('',#1772,#1773);
#1772 = CARTESIAN_POINT('',(-0.1,-7.92,6.055738799212));
#1773 = VECTOR('',#1774,1.);
#1774 = DIRECTION('',(-0.,0.,-1.));
#1775 = ORIENTED_EDGE('',*,*,#1776,.T.);
#1776 = EDGE_CURVE('',#1769,#1777,#1779,.T.);
#1777 = VERTEX_POINT('',#1778);
#1778 = CARTESIAN_POINT('',(0.1,-7.92,7.4));
#1779 = LINE('',#1780,#1781);
#1780 = CARTESIAN_POINT('',(-0.1,-7.92,7.4));
#1781 = VECTOR('',#1782,1.);
#1782 = DIRECTION('',(1.,-1.110223024625E-16,0.));
#1783 = ORIENTED_EDGE('',*,*,#1784,.T.);
#1784 = EDGE_CURVE('',#1777,#1785,#1787,.T.);
#1785 = VERTEX_POINT('',#1786);
#1786 = CARTESIAN_POINT('',(0.1,-7.92,0.9));
#1787 = LINE('',#1788,#1789);
#1788 = CARTESIAN_POINT('',(0.1,-7.92,6.055738799212));
#1789 = VECTOR('',#1790,1.);
#1790 = DIRECTION('',(-0.,0.,-1.));
#1791 = ORIENTED_EDGE('',*,*,#1792,.T.);
#1792 = EDGE_CURVE('',#1785,#1648,#1793,.T.);
#1793 = LINE('',#1794,#1795);
#1794 = CARTESIAN_POINT('',(-0.3,-7.92,0.9));
#1795 = VECTOR('',#1796,1.);
#1796 = DIRECTION('',(1.,-1.110223024625E-16,0.));
#1797 = ORIENTED_EDGE('',*,*,#1647,.F.);
#1798 = PLANE('',#1799);
#1799 = AXIS2_PLACEMENT_3D('',#1800,#1801,#1802);
#1800 = CARTESIAN_POINT('',(-0.3,-7.92,8.2));
#1801 = DIRECTION('',(-1.110223024625E-16,-1.,0.));
#1802 = DIRECTION('',(1.,-1.110223024625E-16,0.));
#1803 = ADVANCED_FACE('',(#1804),#1829,.F.);
#1804 = FACE_BOUND('',#1805,.F.);
#1805 = EDGE_LOOP('',(#1806,#1814,#1822,#1828));
#1806 = ORIENTED_EDGE('',*,*,#1807,.T.);
#1807 = EDGE_CURVE('',#848,#1808,#1810,.T.);
#1808 = VERTEX_POINT('',#1809);
#1809 = CARTESIAN_POINT('',(0.3,-5.38,0.9));
#1810 = LINE('',#1811,#1812);
#1811 = CARTESIAN_POINT('',(0.3,-5.38,8.2));
#1812 = VECTOR('',#1813,1.);
#1813 = DIRECTION('',(0.,-0.,-1.));
#1814 = ORIENTED_EDGE('',*,*,#1815,.T.);
#1815 = EDGE_CURVE('',#1808,#1816,#1818,.T.);
#1816 = VERTEX_POINT('',#1817);
#1817 = CARTESIAN_POINT('',(0.3,-4.78,0.9));
#1818 = LINE('',#1819,#1820);
#1819 = CARTESIAN_POINT('',(0.3,-5.38,0.9));
#1820 = VECTOR('',#1821,1.);
#1821 = DIRECTION('',(1.110223024625E-16,1.,0.));
#1822 = ORIENTED_EDGE('',*,*,#1823,.F.);
#1823 = EDGE_CURVE('',#857,#1816,#1824,.T.);
#1824 = LINE('',#1825,#1826);
#1825 = CARTESIAN_POINT('',(0.3,-4.78,8.2));
#1826 = VECTOR('',#1827,1.);
#1827 = DIRECTION('',(0.,-0.,-1.));
#1828 = ORIENTED_EDGE('',*,*,#864,.F.);
#1829 = PLANE('',#1830);
#1830 = AXIS2_PLACEMENT_3D('',#1831,#1832,#1833);
#1831 = CARTESIAN_POINT('',(0.3,-5.38,8.2));
#1832 = DIRECTION('',(1.,-1.110223024625E-16,0.));
#1833 = DIRECTION('',(1.110223024625E-16,1.,0.));
#1834 = ADVANCED_FACE('',(#1835),#1885,.F.);
#1835 = FACE_BOUND('',#1836,.F.);
#1836 = EDGE_LOOP('',(#1837,#1838,#1839,#1847,#1855,#1863,#1871,#1879));
#1837 = ORIENTED_EDGE('',*,*,#888,.F.);
#1838 = ORIENTED_EDGE('',*,*,#1823,.T.);
#1839 = ORIENTED_EDGE('',*,*,#1840,.T.);
#1840 = EDGE_CURVE('',#1816,#1841,#1843,.T.);
#1841 = VERTEX_POINT('',#1842);
#1842 = CARTESIAN_POINT('',(0.1,-4.78,0.9));
#1843 = LINE('',#1844,#1845);
#1844 = CARTESIAN_POINT('',(0.3,-4.78,0.9));
#1845 = VECTOR('',#1846,1.);
#1846 = DIRECTION('',(-1.,1.110223024625E-16,0.));
#1847 = ORIENTED_EDGE('',*,*,#1848,.T.);
#1848 = EDGE_CURVE('',#1841,#1849,#1851,.T.);
#1849 = VERTEX_POINT('',#1850);
#1850 = CARTESIAN_POINT('',(0.1,-4.78,7.4));
#1851 = LINE('',#1852,#1853);
#1852 = CARTESIAN_POINT('',(0.1,-4.78,6.055738799212));
#1853 = VECTOR('',#1854,1.);
#1854 = DIRECTION('',(0.,-0.,1.));
#1855 = ORIENTED_EDGE('',*,*,#1856,.F.);
#1856 = EDGE_CURVE('',#1857,#1849,#1859,.T.);
#1857 = VERTEX_POINT('',#1858);
#1858 = CARTESIAN_POINT('',(-0.1,-4.78,7.4));
#1859 = LINE('',#1860,#1861);
#1860 = CARTESIAN_POINT('',(-0.1,-4.78,7.4));
#1861 = VECTOR('',#1862,1.);
#1862 = DIRECTION('',(1.,-1.110223024625E-16,0.));
#1863 = ORIENTED_EDGE('',*,*,#1864,.F.);
#1864 = EDGE_CURVE('',#1865,#1857,#1867,.T.);
#1865 = VERTEX_POINT('',#1866);
#1866 = CARTESIAN_POINT('',(-0.1,-4.78,0.9));
#1867 = LINE('',#1868,#1869);
#1868 = CARTESIAN_POINT('',(-0.1,-4.78,6.055738799212));
#1869 = VECTOR('',#1870,1.);
#1870 = DIRECTION('',(0.,-0.,1.));
#1871 = ORIENTED_EDGE('',*,*,#1872,.T.);
#1872 = EDGE_CURVE('',#1865,#1873,#1875,.T.);
#1873 = VERTEX_POINT('',#1874);
#1874 = CARTESIAN_POINT('',(-0.3,-4.78,0.9));
#1875 = LINE('',#1876,#1877);
#1876 = CARTESIAN_POINT('',(0.3,-4.78,0.9));
#1877 = VECTOR('',#1878,1.);
#1878 = DIRECTION('',(-1.,1.110223024625E-16,0.));
#1879 = ORIENTED_EDGE('',*,*,#1880,.F.);
#1880 = EDGE_CURVE('',#881,#1873,#1881,.T.);
#1881 = LINE('',#1882,#1883);
#1882 = CARTESIAN_POINT('',(-0.3,-4.78,8.2));
#1883 = VECTOR('',#1884,1.);
#1884 = DIRECTION('',(0.,-0.,-1.));
#1885 = PLANE('',#1886);
#1886 = AXIS2_PLACEMENT_3D('',#1887,#1888,#1889);
#1887 = CARTESIAN_POINT('',(0.3,-4.78,8.2));
#1888 = DIRECTION('',(1.110223024625E-16,1.,0.));
#1889 = DIRECTION('',(-1.,1.110223024625E-16,0.));
#1890 = ADVANCED_FACE('',(#1891),#1909,.F.);
#1891 = FACE_BOUND('',#1892,.F.);
#1892 = EDGE_LOOP('',(#1893,#1894,#1902,#1908));
#1893 = ORIENTED_EDGE('',*,*,#1880,.T.);
#1894 = ORIENTED_EDGE('',*,*,#1895,.T.);
#1895 = EDGE_CURVE('',#1873,#1896,#1898,.T.);
#1896 = VERTEX_POINT('',#1897);
#1897 = CARTESIAN_POINT('',(-0.3,-5.38,0.9));
#1898 = LINE('',#1899,#1900);
#1899 = CARTESIAN_POINT('',(-0.3,-4.78,0.9));
#1900 = VECTOR('',#1901,1.);
#1901 = DIRECTION('',(-1.110223024625E-16,-1.,0.));
#1902 = ORIENTED_EDGE('',*,*,#1903,.F.);
#1903 = EDGE_CURVE('',#905,#1896,#1904,.T.);
#1904 = LINE('',#1905,#1906);
#1905 = CARTESIAN_POINT('',(-0.3,-5.38,8.2));
#1906 = VECTOR('',#1907,1.);
#1907 = DIRECTION('',(0.,-0.,-1.));
#1908 = ORIENTED_EDGE('',*,*,#912,.F.);
#1909 = PLANE('',#1910);
#1910 = AXIS2_PLACEMENT_3D('',#1911,#1912,#1913);
#1911 = CARTESIAN_POINT('',(-0.3,-4.78,8.2));
#1912 = DIRECTION('',(-1.,1.110223024625E-16,0.));
#1913 = DIRECTION('',(-1.110223024625E-16,-1.,0.));
#1914 = ADVANCED_FACE('',(#1915),#1958,.F.);
#1915 = FACE_BOUND('',#1916,.F.);
#1916 = EDGE_LOOP('',(#1917,#1918,#1919,#1927,#1935,#1943,#1951,#1957));
#1917 = ORIENTED_EDGE('',*,*,#929,.F.);
#1918 = ORIENTED_EDGE('',*,*,#1903,.T.);
#1919 = ORIENTED_EDGE('',*,*,#1920,.T.);
#1920 = EDGE_CURVE('',#1896,#1921,#1923,.T.);
#1921 = VERTEX_POINT('',#1922);
#1922 = CARTESIAN_POINT('',(-0.1,-5.38,0.9));
#1923 = LINE('',#1924,#1925);
#1924 = CARTESIAN_POINT('',(-0.3,-5.38,0.9));
#1925 = VECTOR('',#1926,1.);
#1926 = DIRECTION('',(1.,-1.110223024625E-16,0.));
#1927 = ORIENTED_EDGE('',*,*,#1928,.F.);
#1928 = EDGE_CURVE('',#1929,#1921,#1931,.T.);
#1929 = VERTEX_POINT('',#1930);
#1930 = CARTESIAN_POINT('',(-0.1,-5.38,7.4));
#1931 = LINE('',#1932,#1933);
#1932 = CARTESIAN_POINT('',(-0.1,-5.38,6.055738799212));
#1933 = VECTOR('',#1934,1.);
#1934 = DIRECTION('',(-0.,0.,-1.));
#1935 = ORIENTED_EDGE('',*,*,#1936,.T.);
#1936 = EDGE_CURVE('',#1929,#1937,#1939,.T.);
#1937 = VERTEX_POINT('',#1938);
#1938 = CARTESIAN_POINT('',(0.1,-5.38,7.4));
#1939 = LINE('',#1940,#1941);
#1940 = CARTESIAN_POINT('',(-0.1,-5.38,7.4));
#1941 = VECTOR('',#1942,1.);
#1942 = DIRECTION('',(1.,-1.110223024625E-16,0.));
#1943 = ORIENTED_EDGE('',*,*,#1944,.T.);
#1944 = EDGE_CURVE('',#1937,#1945,#1947,.T.);
#1945 = VERTEX_POINT('',#1946);
#1946 = CARTESIAN_POINT('',(0.1,-5.38,0.9));
#1947 = LINE('',#1948,#1949);
#1948 = CARTESIAN_POINT('',(0.1,-5.38,6.055738799212));
#1949 = VECTOR('',#1950,1.);
#1950 = DIRECTION('',(-0.,0.,-1.));
#1951 = ORIENTED_EDGE('',*,*,#1952,.T.);
#1952 = EDGE_CURVE('',#1945,#1808,#1953,.T.);
#1953 = LINE('',#1954,#1955);
#1954 = CARTESIAN_POINT('',(-0.3,-5.38,0.9));
#1955 = VECTOR('',#1956,1.);
#1956 = DIRECTION('',(1.,-1.110223024625E-16,0.));
#1957 = ORIENTED_EDGE('',*,*,#1807,.F.);
#1958 = PLANE('',#1959);
#1959 = AXIS2_PLACEMENT_3D('',#1960,#1961,#1962);
#1960 = CARTESIAN_POINT('',(-0.3,-5.38,8.2));
#1961 = DIRECTION('',(-1.110223024625E-16,-1.,0.));
#1962 = DIRECTION('',(1.,-1.110223024625E-16,0.));
#1963 = ADVANCED_FACE('',(#1964),#1989,.F.);
#1964 = FACE_BOUND('',#1965,.F.);
#1965 = EDGE_LOOP('',(#1966,#1974,#1982,#1988));
#1966 = ORIENTED_EDGE('',*,*,#1967,.T.);
#1967 = EDGE_CURVE('',#944,#1968,#1970,.T.);
#1968 = VERTEX_POINT('',#1969);
#1969 = CARTESIAN_POINT('',(0.3,-2.84,0.9));
#1970 = LINE('',#1971,#1972);
#1971 = CARTESIAN_POINT('',(0.3,-2.84,8.2));
#1972 = VECTOR('',#1973,1.);
#1973 = DIRECTION('',(0.,-0.,-1.));
#1974 = ORIENTED_EDGE('',*,*,#1975,.T.);
#1975 = EDGE_CURVE('',#1968,#1976,#1978,.T.);
#1976 = VERTEX_POINT('',#1977);
#1977 = CARTESIAN_POINT('',(0.3,-2.24,0.9));
#1978 = LINE('',#1979,#1980);
#1979 = CARTESIAN_POINT('',(0.3,-2.84,0.9));
#1980 = VECTOR('',#1981,1.);
#1981 = DIRECTION('',(1.110223024625E-16,1.,0.));
#1982 = ORIENTED_EDGE('',*,*,#1983,.F.);
#1983 = EDGE_CURVE('',#953,#1976,#1984,.T.);
#1984 = LINE('',#1985,#1986);
#1985 = CARTESIAN_POINT('',(0.3,-2.24,8.2));
#1986 = VECTOR('',#1987,1.);
#1987 = DIRECTION('',(0.,-0.,-1.));
#1988 = ORIENTED_EDGE('',*,*,#960,.F.);
#1989 = PLANE('',#1990);
#1990 = AXIS2_PLACEMENT_3D('',#1991,#1992,#1993);
#1991 = CARTESIAN_POINT('',(0.3,-2.84,8.2));
#1992 = DIRECTION('',(1.,-1.110223024625E-16,0.));
#1993 = DIRECTION('',(1.110223024625E-16,1.,0.));
#1994 = ADVANCED_FACE('',(#1995),#2045,.F.);
#1995 = FACE_BOUND('',#1996,.F.);
#1996 = EDGE_LOOP('',(#1997,#1998,#1999,#2007,#2015,#2023,#2031,#2039));
#1997 = ORIENTED_EDGE('',*,*,#984,.F.);
#1998 = ORIENTED_EDGE('',*,*,#1983,.T.);
#1999 = ORIENTED_EDGE('',*,*,#2000,.T.);
#2000 = EDGE_CURVE('',#1976,#2001,#2003,.T.);
#2001 = VERTEX_POINT('',#2002);
#2002 = CARTESIAN_POINT('',(0.1,-2.24,0.9));
#2003 = LINE('',#2004,#2005);
#2004 = CARTESIAN_POINT('',(0.3,-2.24,0.9));
#2005 = VECTOR('',#2006,1.);
#2006 = DIRECTION('',(-1.,1.110223024625E-16,0.));
#2007 = ORIENTED_EDGE('',*,*,#2008,.T.);
#2008 = EDGE_CURVE('',#2001,#2009,#2011,.T.);
#2009 = VERTEX_POINT('',#2010);
#2010 = CARTESIAN_POINT('',(0.1,-2.24,7.4));
#2011 = LINE('',#2012,#2013);
#2012 = CARTESIAN_POINT('',(0.1,-2.24,6.055738799212));
#2013 = VECTOR('',#2014,1.);
#2014 = DIRECTION('',(0.,-0.,1.));
#2015 = ORIENTED_EDGE('',*,*,#2016,.F.);
#2016 = EDGE_CURVE('',#2017,#2009,#2019,.T.);
#2017 = VERTEX_POINT('',#2018);
#2018 = CARTESIAN_POINT('',(-0.1,-2.24,7.4));
#2019 = LINE('',#2020,#2021);
#2020 = CARTESIAN_POINT('',(-0.1,-2.24,7.4));
#2021 = VECTOR('',#2022,1.);
#2022 = DIRECTION('',(1.,-1.110223024625E-16,0.));
#2023 = ORIENTED_EDGE('',*,*,#2024,.F.);
#2024 = EDGE_CURVE('',#2025,#2017,#2027,.T.);
#2025 = VERTEX_POINT('',#2026);
#2026 = CARTESIAN_POINT('',(-0.1,-2.24,0.9));
#2027 = LINE('',#2028,#2029);
#2028 = CARTESIAN_POINT('',(-0.1,-2.24,6.055738799212));
#2029 = VECTOR('',#2030,1.);
#2030 = DIRECTION('',(0.,-0.,1.));
#2031 = ORIENTED_EDGE('',*,*,#2032,.T.);
#2032 = EDGE_CURVE('',#2025,#2033,#2035,.T.);
#2033 = VERTEX_POINT('',#2034);
#2034 = CARTESIAN_POINT('',(-0.3,-2.24,0.9));
#2035 = LINE('',#2036,#2037);
#2036 = CARTESIAN_POINT('',(0.3,-2.24,0.9));
#2037 = VECTOR('',#2038,1.);
#2038 = DIRECTION('',(-1.,1.110223024625E-16,0.));
#2039 = ORIENTED_EDGE('',*,*,#2040,.F.);
#2040 = EDGE_CURVE('',#977,#2033,#2041,.T.);
#2041 = LINE('',#2042,#2043);
#2042 = CARTESIAN_POINT('',(-0.3,-2.24,8.2));
#2043 = VECTOR('',#2044,1.);
#2044 = DIRECTION('',(0.,-0.,-1.));
#2045 = PLANE('',#2046);
#2046 = AXIS2_PLACEMENT_3D('',#2047,#2048,#2049);
#2047 = CARTESIAN_POINT('',(0.3,-2.24,8.2));
#2048 = DIRECTION('',(1.110223024625E-16,1.,0.));
#2049 = DIRECTION('',(-1.,1.110223024625E-16,0.));
#2050 = ADVANCED_FACE('',(#2051),#2069,.F.);
#2051 = FACE_BOUND('',#2052,.F.);
#2052 = EDGE_LOOP('',(#2053,#2054,#2062,#2068));
#2053 = ORIENTED_EDGE('',*,*,#2040,.T.);
#2054 = ORIENTED_EDGE('',*,*,#2055,.T.);
#2055 = EDGE_CURVE('',#2033,#2056,#2058,.T.);
#2056 = VERTEX_POINT('',#2057);
#2057 = CARTESIAN_POINT('',(-0.3,-2.84,0.9));
#2058 = LINE('',#2059,#2060);
#2059 = CARTESIAN_POINT('',(-0.3,-2.24,0.9));
#2060 = VECTOR('',#2061,1.);
#2061 = DIRECTION('',(-1.110223024625E-16,-1.,0.));
#2062 = ORIENTED_EDGE('',*,*,#2063,.F.);
#2063 = EDGE_CURVE('',#1001,#2056,#2064,.T.);
#2064 = LINE('',#2065,#2066);
#2065 = CARTESIAN_POINT('',(-0.3,-2.84,8.2));
#2066 = VECTOR('',#2067,1.);
#2067 = DIRECTION('',(0.,-0.,-1.));
#2068 = ORIENTED_EDGE('',*,*,#1008,.F.);
#2069 = PLANE('',#2070);
#2070 = AXIS2_PLACEMENT_3D('',#2071,#2072,#2073);
#2071 = CARTESIAN_POINT('',(-0.3,-2.24,8.2));
#2072 = DIRECTION('',(-1.,1.110223024625E-16,0.));
#2073 = DIRECTION('',(-1.110223024625E-16,-1.,0.));
#2074 = ADVANCED_FACE('',(#2075),#2118,.F.);
#2075 = FACE_BOUND('',#2076,.F.);
#2076 = EDGE_LOOP('',(#2077,#2078,#2079,#2087,#2095,#2103,#2111,#2117));
#2077 = ORIENTED_EDGE('',*,*,#1025,.F.);
#2078 = ORIENTED_EDGE('',*,*,#2063,.T.);
#2079 = ORIENTED_EDGE('',*,*,#2080,.T.);
#2080 = EDGE_CURVE('',#2056,#2081,#2083,.T.);
#2081 = VERTEX_POINT('',#2082);
#2082 = CARTESIAN_POINT('',(-0.1,-2.84,0.9));
#2083 = LINE('',#2084,#2085);
#2084 = CARTESIAN_POINT('',(-0.3,-2.84,0.9));
#2085 = VECTOR('',#2086,1.);
#2086 = DIRECTION('',(1.,-1.110223024625E-16,0.));
#2087 = ORIENTED_EDGE('',*,*,#2088,.F.);
#2088 = EDGE_CURVE('',#2089,#2081,#2091,.T.);
#2089 = VERTEX_POINT('',#2090);
#2090 = CARTESIAN_POINT('',(-0.1,-2.84,7.4));
#2091 = LINE('',#2092,#2093);
#2092 = CARTESIAN_POINT('',(-0.1,-2.84,6.055738799212));
#2093 = VECTOR('',#2094,1.);
#2094 = DIRECTION('',(-0.,0.,-1.));
#2095 = ORIENTED_EDGE('',*,*,#2096,.T.);
#2096 = EDGE_CURVE('',#2089,#2097,#2099,.T.);
#2097 = VERTEX_POINT('',#2098);
#2098 = CARTESIAN_POINT('',(0.1,-2.84,7.4));
#2099 = LINE('',#2100,#2101);
#2100 = CARTESIAN_POINT('',(-0.1,-2.84,7.4));
#2101 = VECTOR('',#2102,1.);
#2102 = DIRECTION('',(1.,-1.110223024625E-16,0.));
#2103 = ORIENTED_EDGE('',*,*,#2104,.T.);
#2104 = EDGE_CURVE('',#2097,#2105,#2107,.T.);
#2105 = VERTEX_POINT('',#2106);
#2106 = CARTESIAN_POINT('',(0.1,-2.84,0.9));
#2107 = LINE('',#2108,#2109);
#2108 = CARTESIAN_POINT('',(0.1,-2.84,6.055738799212));
#2109 = VECTOR('',#2110,1.);
#2110 = DIRECTION('',(-0.,0.,-1.));
#2111 = ORIENTED_EDGE('',*,*,#2112,.T.);
#2112 = EDGE_CURVE('',#2105,#1968,#2113,.T.);
#2113 = LINE('',#2114,#2115);
#2114 = CARTESIAN_POINT('',(-0.3,-2.84,0.9));
#2115 = VECTOR('',#2116,1.);
#2116 = DIRECTION('',(1.,-1.110223024625E-16,0.));
#2117 = ORIENTED_EDGE('',*,*,#1967,.F.);
#2118 = PLANE('',#2119);
#2119 = AXIS2_PLACEMENT_3D('',#2120,#2121,#2122);
#2120 = CARTESIAN_POINT('',(-0.3,-2.84,8.2));
#2121 = DIRECTION('',(-1.110223024625E-16,-1.,0.));
#2122 = DIRECTION('',(1.,-1.110223024625E-16,0.));
#2123 = ADVANCED_FACE('',(#2124),#2149,.F.);
#2124 = FACE_BOUND('',#2125,.F.);
#2125 = EDGE_LOOP('',(#2126,#2134,#2142,#2148));
#2126 = ORIENTED_EDGE('',*,*,#2127,.T.);
#2127 = EDGE_CURVE('',#1040,#2128,#2130,.T.);
#2128 = VERTEX_POINT('',#2129);
#2129 = CARTESIAN_POINT('',(0.3,-0.3,0.9));
#2130 = LINE('',#2131,#2132);
#2131 = CARTESIAN_POINT('',(0.3,-0.3,8.2));
#2132 = VECTOR('',#2133,1.);
#2133 = DIRECTION('',(0.,-0.,-1.));
#2134 = ORIENTED_EDGE('',*,*,#2135,.T.);
#2135 = EDGE_CURVE('',#2128,#2136,#2138,.T.);
#2136 = VERTEX_POINT('',#2137);
#2137 = CARTESIAN_POINT('',(0.3,0.3,0.9));
#2138 = LINE('',#2139,#2140);
#2139 = CARTESIAN_POINT('',(0.3,-0.3,0.9));
#2140 = VECTOR('',#2141,1.);
#2141 = DIRECTION('',(1.110223024625E-16,1.,0.));
#2142 = ORIENTED_EDGE('',*,*,#2143,.F.);
#2143 = EDGE_CURVE('',#1049,#2136,#2144,.T.);
#2144 = LINE('',#2145,#2146);
#2145 = CARTESIAN_POINT('',(0.3,0.3,8.2));
#2146 = VECTOR('',#2147,1.);
#2147 = DIRECTION('',(0.,-0.,-1.));
#2148 = ORIENTED_EDGE('',*,*,#1056,.F.);
#2149 = PLANE('',#2150);
#2150 = AXIS2_PLACEMENT_3D('',#2151,#2152,#2153);
#2151 = CARTESIAN_POINT('',(0.3,-0.3,8.2));
#2152 = DIRECTION('',(1.,-1.110223024625E-16,0.));
#2153 = DIRECTION('',(1.110223024625E-16,1.,0.));
#2154 = ADVANCED_FACE('',(#2155),#2205,.F.);
#2155 = FACE_BOUND('',#2156,.F.);
#2156 = EDGE_LOOP('',(#2157,#2158,#2159,#2167,#2175,#2183,#2191,#2199));
#2157 = ORIENTED_EDGE('',*,*,#1080,.F.);
#2158 = ORIENTED_EDGE('',*,*,#2143,.T.);
#2159 = ORIENTED_EDGE('',*,*,#2160,.T.);
#2160 = EDGE_CURVE('',#2136,#2161,#2163,.T.);
#2161 = VERTEX_POINT('',#2162);
#2162 = CARTESIAN_POINT('',(0.1,0.3,0.9));
#2163 = LINE('',#2164,#2165);
#2164 = CARTESIAN_POINT('',(0.3,0.3,0.9));
#2165 = VECTOR('',#2166,1.);
#2166 = DIRECTION('',(-1.,1.110223024625E-16,0.));
#2167 = ORIENTED_EDGE('',*,*,#2168,.T.);
#2168 = EDGE_CURVE('',#2161,#2169,#2171,.T.);
#2169 = VERTEX_POINT('',#2170);
#2170 = CARTESIAN_POINT('',(0.1,0.3,7.4));
#2171 = LINE('',#2172,#2173);
#2172 = CARTESIAN_POINT('',(0.1,0.3,6.055738799212));
#2173 = VECTOR('',#2174,1.);
#2174 = DIRECTION('',(0.,-0.,1.));
#2175 = ORIENTED_EDGE('',*,*,#2176,.F.);
#2176 = EDGE_CURVE('',#2177,#2169,#2179,.T.);
#2177 = VERTEX_POINT('',#2178);
#2178 = CARTESIAN_POINT('',(-0.1,0.3,7.4));
#2179 = LINE('',#2180,#2181);
#2180 = CARTESIAN_POINT('',(-0.1,0.3,7.4));
#2181 = VECTOR('',#2182,1.);
#2182 = DIRECTION('',(1.,-1.110223024625E-16,0.));
#2183 = ORIENTED_EDGE('',*,*,#2184,.F.);
#2184 = EDGE_CURVE('',#2185,#2177,#2187,.T.);
#2185 = VERTEX_POINT('',#2186);
#2186 = CARTESIAN_POINT('',(-0.1,0.3,0.9));
#2187 = LINE('',#2188,#2189);
#2188 = CARTESIAN_POINT('',(-0.1,0.3,6.055738799212));
#2189 = VECTOR('',#2190,1.);
#2190 = DIRECTION('',(0.,-0.,1.));
#2191 = ORIENTED_EDGE('',*,*,#2192,.T.);
#2192 = EDGE_CURVE('',#2185,#2193,#2195,.T.);
#2193 = VERTEX_POINT('',#2194);
#2194 = CARTESIAN_POINT('',(-0.3,0.3,0.9));
#2195 = LINE('',#2196,#2197);
#2196 = CARTESIAN_POINT('',(0.3,0.3,0.9));
#2197 = VECTOR('',#2198,1.);
#2198 = DIRECTION('',(-1.,1.110223024625E-16,0.));
#2199 = ORIENTED_EDGE('',*,*,#2200,.F.);
#2200 = EDGE_CURVE('',#1073,#2193,#2201,.T.);
#2201 = LINE('',#2202,#2203);
#2202 = CARTESIAN_POINT('',(-0.3,0.3,8.2));
#2203 = VECTOR('',#2204,1.);
#2204 = DIRECTION('',(0.,-0.,-1.));
#2205 = PLANE('',#2206);
#2206 = AXIS2_PLACEMENT_3D('',#2207,#2208,#2209);
#2207 = CARTESIAN_POINT('',(0.3,0.3,8.2));
#2208 = DIRECTION('',(1.110223024625E-16,1.,0.));
#2209 = DIRECTION('',(-1.,1.110223024625E-16,0.));
#2210 = ADVANCED_FACE('',(#2211),#2229,.F.);
#2211 = FACE_BOUND('',#2212,.F.);
#2212 = EDGE_LOOP('',(#2213,#2214,#2222,#2228));
#2213 = ORIENTED_EDGE('',*,*,#2200,.T.);
#2214 = ORIENTED_EDGE('',*,*,#2215,.T.);
#2215 = EDGE_CURVE('',#2193,#2216,#2218,.T.);
#2216 = VERTEX_POINT('',#2217);
#2217 = CARTESIAN_POINT('',(-0.3,-0.3,0.9));
#2218 = LINE('',#2219,#2220);
#2219 = CARTESIAN_POINT('',(-0.3,0.3,0.9));
#2220 = VECTOR('',#2221,1.);
#2221 = DIRECTION('',(-1.110223024625E-16,-1.,0.));
#2222 = ORIENTED_EDGE('',*,*,#2223,.F.);
#2223 = EDGE_CURVE('',#1097,#2216,#2224,.T.);
#2224 = LINE('',#2225,#2226);
#2225 = CARTESIAN_POINT('',(-0.3,-0.3,8.2));
#2226 = VECTOR('',#2227,1.);
#2227 = DIRECTION('',(0.,-0.,-1.));
#2228 = ORIENTED_EDGE('',*,*,#1104,.F.);
#2229 = PLANE('',#2230);
#2230 = AXIS2_PLACEMENT_3D('',#2231,#2232,#2233);
#2231 = CARTESIAN_POINT('',(-0.3,0.3,8.2));
#2232 = DIRECTION('',(-1.,1.110223024625E-16,0.));
#2233 = DIRECTION('',(-1.110223024625E-16,-1.,0.));
#2234 = ADVANCED_FACE('',(#2235),#2278,.F.);
#2235 = FACE_BOUND('',#2236,.F.);
#2236 = EDGE_LOOP('',(#2237,#2238,#2239,#2247,#2255,#2263,#2271,#2277));
#2237 = ORIENTED_EDGE('',*,*,#1121,.F.);
#2238 = ORIENTED_EDGE('',*,*,#2223,.T.);
#2239 = ORIENTED_EDGE('',*,*,#2240,.T.);
#2240 = EDGE_CURVE('',#2216,#2241,#2243,.T.);
#2241 = VERTEX_POINT('',#2242);
#2242 = CARTESIAN_POINT('',(-0.1,-0.3,0.9));
#2243 = LINE('',#2244,#2245);
#2244 = CARTESIAN_POINT('',(-0.3,-0.3,0.9));
#2245 = VECTOR('',#2246,1.);
#2246 = DIRECTION('',(1.,-1.110223024625E-16,0.));
#2247 = ORIENTED_EDGE('',*,*,#2248,.F.);
#2248 = EDGE_CURVE('',#2249,#2241,#2251,.T.);
#2249 = VERTEX_POINT('',#2250);
#2250 = CARTESIAN_POINT('',(-0.1,-0.3,7.4));
#2251 = LINE('',#2252,#2253);
#2252 = CARTESIAN_POINT('',(-0.1,-0.3,6.055738799212));
#2253 = VECTOR('',#2254,1.);
#2254 = DIRECTION('',(-0.,0.,-1.));
#2255 = ORIENTED_EDGE('',*,*,#2256,.T.);
#2256 = EDGE_CURVE('',#2249,#2257,#2259,.T.);
#2257 = VERTEX_POINT('',#2258);
#2258 = CARTESIAN_POINT('',(0.1,-0.3,7.4));
#2259 = LINE('',#2260,#2261);
#2260 = CARTESIAN_POINT('',(-0.1,-0.3,7.4));
#2261 = VECTOR('',#2262,1.);
#2262 = DIRECTION('',(1.,-1.110223024625E-16,0.));
#2263 = ORIENTED_EDGE('',*,*,#2264,.T.);
#2264 = EDGE_CURVE('',#2257,#2265,#2267,.T.);
#2265 = VERTEX_POINT('',#2266);
#2266 = CARTESIAN_POINT('',(0.1,-0.3,0.9));
#2267 = LINE('',#2268,#2269);
#2268 = CARTESIAN_POINT('',(0.1,-0.3,6.055738799212));
#2269 = VECTOR('',#2270,1.);
#2270 = DIRECTION('',(-0.,0.,-1.));
#2271 = ORIENTED_EDGE('',*,*,#2272,.T.);
#2272 = EDGE_CURVE('',#2265,#2128,#2273,.T.);
#2273 = LINE('',#2274,#2275);
#2274 = CARTESIAN_POINT('',(-0.3,-0.3,0.9));
#2275 = VECTOR('',#2276,1.);
#2276 = DIRECTION('',(1.,-1.110223024625E-16,0.));
#2277 = ORIENTED_EDGE('',*,*,#2127,.F.);
#2278 = PLANE('',#2279);
#2279 = AXIS2_PLACEMENT_3D('',#2280,#2281,#2282);
#2280 = CARTESIAN_POINT('',(-0.3,-0.3,8.2));
#2281 = DIRECTION('',(-1.110223024625E-16,-1.,0.));
#2282 = DIRECTION('',(1.,-1.110223024625E-16,0.));
#2283 = ADVANCED_FACE('',(#2284),#2295,.T.);
#2284 = FACE_BOUND('',#2285,.T.);
#2285 = EDGE_LOOP('',(#2286,#2292,#2293,#2294));
#2286 = ORIENTED_EDGE('',*,*,#2287,.T.);
#2287 = EDGE_CURVE('',#1217,#1153,#2288,.T.);
#2288 = LINE('',#2289,#2290);
#2289 = CARTESIAN_POINT('',(-0.1,-7.92,-2.5));
#2290 = VECTOR('',#2291,1.);
#2291 = DIRECTION('',(1.,-1.110223024625E-16,0.));
#2292 = ORIENTED_EDGE('',*,*,#1152,.T.);
#2293 = ORIENTED_EDGE('',*,*,#1137,.F.);
#2294 = ORIENTED_EDGE('',*,*,#1216,.F.);
#2295 = PLANE('',#2296);
#2296 = AXIS2_PLACEMENT_3D('',#2297,#2298,#2299);
#2297 = CARTESIAN_POINT('',(-0.1,-7.92,-2.5));
#2298 = DIRECTION('',(-1.110223024625E-16,-1.,0.));
#2299 = DIRECTION('',(0.,0.,1.));
#2300 = ADVANCED_FACE('',(#2301),#2312,.T.);
#2301 = FACE_BOUND('',#2302,.T.);
#2302 = EDGE_LOOP('',(#2303,#2309,#2310,#2311));
#2303 = ORIENTED_EDGE('',*,*,#2304,.T.);
#2304 = EDGE_CURVE('',#1242,#1178,#2305,.T.);
#2305 = LINE('',#2306,#2307);
#2306 = CARTESIAN_POINT('',(-0.1,-7.77,-3.1));
#2307 = VECTOR('',#2308,1.);
#2308 = DIRECTION('',(1.,-1.110223024625E-16,0.));
#2309 = ORIENTED_EDGE('',*,*,#1185,.T.);
#2310 = ORIENTED_EDGE('',*,*,#2287,.F.);
#2311 = ORIENTED_EDGE('',*,*,#1249,.F.);
#2312 = PLANE('',#2313);
#2313 = AXIS2_PLACEMENT_3D('',#2314,#2315,#2316);
#2314 = CARTESIAN_POINT('',(-0.1,-7.77,-3.1));
#2315 = DIRECTION('',(-1.077074540829E-16,-0.970142500145,
    -0.242535625036));
#2316 = DIRECTION('',(-2.692686352073E-17,-0.242535625036,0.970142500145
    ));
#2317 = ADVANCED_FACE('',(#2318),#2329,.T.);
#2318 = FACE_BOUND('',#2319,.T.);
#2319 = EDGE_LOOP('',(#2320,#2326,#2327,#2328));
#2320 = ORIENTED_EDGE('',*,*,#2321,.T.);
#2321 = EDGE_CURVE('',#1234,#1170,#2322,.T.);
#2322 = LINE('',#2323,#2324);
#2323 = CARTESIAN_POINT('',(-0.1,-7.47,-3.1));
#2324 = VECTOR('',#2325,1.);
#2325 = DIRECTION('',(1.,-1.110223024625E-16,0.));
#2326 = ORIENTED_EDGE('',*,*,#1177,.T.);
#2327 = ORIENTED_EDGE('',*,*,#2304,.F.);
#2328 = ORIENTED_EDGE('',*,*,#1241,.T.);
#2329 = PLANE('',#2330);
#2330 = AXIS2_PLACEMENT_3D('',#2331,#2332,#2333);
#2331 = CARTESIAN_POINT('',(-0.1,-7.47,-3.1));
#2332 = DIRECTION('',(0.,-0.,-1.));
#2333 = DIRECTION('',(-1.110223024625E-16,-1.,0.));
#2334 = ADVANCED_FACE('',(#2335),#2346,.T.);
#2335 = FACE_BOUND('',#2336,.T.);
#2336 = EDGE_LOOP('',(#2337,#2343,#2344,#2345));
#2337 = ORIENTED_EDGE('',*,*,#2338,.T.);
#2338 = EDGE_CURVE('',#1226,#1162,#2339,.T.);
#2339 = LINE('',#2340,#2341);
#2340 = CARTESIAN_POINT('',(-0.1,-7.32,-2.5));
#2341 = VECTOR('',#2342,1.);
#2342 = DIRECTION('',(1.,-1.110223024625E-16,0.));
#2343 = ORIENTED_EDGE('',*,*,#1169,.T.);
#2344 = ORIENTED_EDGE('',*,*,#2321,.F.);
#2345 = ORIENTED_EDGE('',*,*,#1233,.F.);
#2346 = PLANE('',#2347);
#2347 = AXIS2_PLACEMENT_3D('',#2348,#2349,#2350);
#2348 = CARTESIAN_POINT('',(-0.1,-7.32,-2.5));
#2349 = DIRECTION('',(1.077074540829E-16,0.970142500145,-0.242535625036)
  );
#2350 = DIRECTION('',(-2.692686352073E-17,-0.242535625036,
    -0.970142500145));
#2351 = ADVANCED_FACE('',(#2352),#2358,.T.);
#2352 = FACE_BOUND('',#2353,.T.);
#2353 = EDGE_LOOP('',(#2354,#2355,#2356,#2357));
#2354 = ORIENTED_EDGE('',*,*,#1199,.T.);
#2355 = ORIENTED_EDGE('',*,*,#1161,.T.);
#2356 = ORIENTED_EDGE('',*,*,#2338,.F.);
#2357 = ORIENTED_EDGE('',*,*,#1225,.F.);
#2358 = PLANE('',#2359);
#2359 = AXIS2_PLACEMENT_3D('',#2360,#2361,#2362);
#2360 = CARTESIAN_POINT('',(-0.1,-7.32,0.2));
#2361 = DIRECTION('',(1.110223024625E-16,1.,0.));
#2362 = DIRECTION('',(0.,0.,-1.));
#2363 = ADVANCED_FACE('',(#2364),#2375,.T.);
#2364 = FACE_BOUND('',#2365,.T.);
#2365 = EDGE_LOOP('',(#2366,#2372,#2373,#2374));
#2366 = ORIENTED_EDGE('',*,*,#2367,.T.);
#2367 = EDGE_CURVE('',#1345,#1281,#2368,.T.);
#2368 = LINE('',#2369,#2370);
#2369 = CARTESIAN_POINT('',(-0.1,-5.38,-2.5));
#2370 = VECTOR('',#2371,1.);
#2371 = DIRECTION('',(1.,-1.110223024625E-16,0.));
#2372 = ORIENTED_EDGE('',*,*,#1280,.T.);
#2373 = ORIENTED_EDGE('',*,*,#1265,.F.);
#2374 = ORIENTED_EDGE('',*,*,#1344,.F.);
#2375 = PLANE('',#2376);
#2376 = AXIS2_PLACEMENT_3D('',#2377,#2378,#2379);
#2377 = CARTESIAN_POINT('',(-0.1,-5.38,-2.5));
#2378 = DIRECTION('',(-1.110223024625E-16,-1.,0.));
#2379 = DIRECTION('',(0.,0.,1.));
#2380 = ADVANCED_FACE('',(#2381),#2392,.T.);
#2381 = FACE_BOUND('',#2382,.T.);
#2382 = EDGE_LOOP('',(#2383,#2389,#2390,#2391));
#2383 = ORIENTED_EDGE('',*,*,#2384,.T.);
#2384 = EDGE_CURVE('',#1370,#1306,#2385,.T.);
#2385 = LINE('',#2386,#2387);
#2386 = CARTESIAN_POINT('',(-0.1,-5.23,-3.1));
#2387 = VECTOR('',#2388,1.);
#2388 = DIRECTION('',(1.,-1.110223024625E-16,0.));
#2389 = ORIENTED_EDGE('',*,*,#1313,.T.);
#2390 = ORIENTED_EDGE('',*,*,#2367,.F.);
#2391 = ORIENTED_EDGE('',*,*,#1377,.F.);
#2392 = PLANE('',#2393);
#2393 = AXIS2_PLACEMENT_3D('',#2394,#2395,#2396);
#2394 = CARTESIAN_POINT('',(-0.1,-5.23,-3.1));
#2395 = DIRECTION('',(-1.077074540829E-16,-0.970142500145,
    -0.242535625036));
#2396 = DIRECTION('',(-2.692686352073E-17,-0.242535625036,0.970142500145
    ));
#2397 = ADVANCED_FACE('',(#2398),#2409,.T.);
#2398 = FACE_BOUND('',#2399,.T.);
#2399 = EDGE_LOOP('',(#2400,#2406,#2407,#2408));
#2400 = ORIENTED_EDGE('',*,*,#2401,.T.);
#2401 = EDGE_CURVE('',#1362,#1298,#2402,.T.);
#2402 = LINE('',#2403,#2404);
#2403 = CARTESIAN_POINT('',(-0.1,-4.93,-3.1));
#2404 = VECTOR('',#2405,1.);
#2405 = DIRECTION('',(1.,-1.110223024625E-16,0.));
#2406 = ORIENTED_EDGE('',*,*,#1305,.T.);
#2407 = ORIENTED_EDGE('',*,*,#2384,.F.);
#2408 = ORIENTED_EDGE('',*,*,#1369,.T.);
#2409 = PLANE('',#2410);
#2410 = AXIS2_PLACEMENT_3D('',#2411,#2412,#2413);
#2411 = CARTESIAN_POINT('',(-0.1,-4.93,-3.1));
#2412 = DIRECTION('',(0.,-0.,-1.));
#2413 = DIRECTION('',(-1.110223024625E-16,-1.,0.));
#2414 = ADVANCED_FACE('',(#2415),#2426,.T.);
#2415 = FACE_BOUND('',#2416,.T.);
#2416 = EDGE_LOOP('',(#2417,#2423,#2424,#2425));
#2417 = ORIENTED_EDGE('',*,*,#2418,.T.);
#2418 = EDGE_CURVE('',#1354,#1290,#2419,.T.);
#2419 = LINE('',#2420,#2421);
#2420 = CARTESIAN_POINT('',(-0.1,-4.78,-2.5));
#2421 = VECTOR('',#2422,1.);
#2422 = DIRECTION('',(1.,-1.110223024625E-16,0.));
#2423 = ORIENTED_EDGE('',*,*,#1297,.T.);
#2424 = ORIENTED_EDGE('',*,*,#2401,.F.);
#2425 = ORIENTED_EDGE('',*,*,#1361,.F.);
#2426 = PLANE('',#2427);
#2427 = AXIS2_PLACEMENT_3D('',#2428,#2429,#2430);
#2428 = CARTESIAN_POINT('',(-0.1,-4.78,-2.5));
#2429 = DIRECTION('',(1.077074540829E-16,0.970142500145,-0.242535625036)
  );
#2430 = DIRECTION('',(-2.692686352073E-17,-0.242535625036,
    -0.970142500145));
#2431 = ADVANCED_FACE('',(#2432),#2438,.T.);
#2432 = FACE_BOUND('',#2433,.T.);
#2433 = EDGE_LOOP('',(#2434,#2435,#2436,#2437));
#2434 = ORIENTED_EDGE('',*,*,#1327,.T.);
#2435 = ORIENTED_EDGE('',*,*,#1289,.T.);
#2436 = ORIENTED_EDGE('',*,*,#2418,.F.);
#2437 = ORIENTED_EDGE('',*,*,#1353,.F.);
#2438 = PLANE('',#2439);
#2439 = AXIS2_PLACEMENT_3D('',#2440,#2441,#2442);
#2440 = CARTESIAN_POINT('',(-0.1,-4.78,0.2));
#2441 = DIRECTION('',(1.110223024625E-16,1.,0.));
#2442 = DIRECTION('',(0.,0.,-1.));
#2443 = ADVANCED_FACE('',(#2444),#2455,.T.);
#2444 = FACE_BOUND('',#2445,.T.);
#2445 = EDGE_LOOP('',(#2446,#2452,#2453,#2454));
#2446 = ORIENTED_EDGE('',*,*,#2447,.T.);
#2447 = EDGE_CURVE('',#1473,#1409,#2448,.T.);
#2448 = LINE('',#2449,#2450);
#2449 = CARTESIAN_POINT('',(-0.1,-2.84,-2.5));
#2450 = VECTOR('',#2451,1.);
#2451 = DIRECTION('',(1.,-1.110223024625E-16,0.));
#2452 = ORIENTED_EDGE('',*,*,#1408,.T.);
#2453 = ORIENTED_EDGE('',*,*,#1393,.F.);
#2454 = ORIENTED_EDGE('',*,*,#1472,.F.);
#2455 = PLANE('',#2456);
#2456 = AXIS2_PLACEMENT_3D('',#2457,#2458,#2459);
#2457 = CARTESIAN_POINT('',(-0.1,-2.84,-2.5));
#2458 = DIRECTION('',(-1.110223024625E-16,-1.,0.));
#2459 = DIRECTION('',(0.,0.,1.));
#2460 = ADVANCED_FACE('',(#2461),#2472,.T.);
#2461 = FACE_BOUND('',#2462,.T.);
#2462 = EDGE_LOOP('',(#2463,#2469,#2470,#2471));
#2463 = ORIENTED_EDGE('',*,*,#2464,.T.);
#2464 = EDGE_CURVE('',#1498,#1434,#2465,.T.);
#2465 = LINE('',#2466,#2467);
#2466 = CARTESIAN_POINT('',(-0.1,-2.69,-3.1));
#2467 = VECTOR('',#2468,1.);
#2468 = DIRECTION('',(1.,-1.110223024625E-16,0.));
#2469 = ORIENTED_EDGE('',*,*,#1441,.T.);
#2470 = ORIENTED_EDGE('',*,*,#2447,.F.);
#2471 = ORIENTED_EDGE('',*,*,#1505,.F.);
#2472 = PLANE('',#2473);
#2473 = AXIS2_PLACEMENT_3D('',#2474,#2475,#2476);
#2474 = CARTESIAN_POINT('',(-0.1,-2.69,-3.1));
#2475 = DIRECTION('',(-1.077074540829E-16,-0.970142500145,
    -0.242535625036));
#2476 = DIRECTION('',(-2.692686352073E-17,-0.242535625036,0.970142500145
    ));
#2477 = ADVANCED_FACE('',(#2478),#2489,.T.);
#2478 = FACE_BOUND('',#2479,.T.);
#2479 = EDGE_LOOP('',(#2480,#2486,#2487,#2488));
#2480 = ORIENTED_EDGE('',*,*,#2481,.T.);
#2481 = EDGE_CURVE('',#1490,#1426,#2482,.T.);
#2482 = LINE('',#2483,#2484);
#2483 = CARTESIAN_POINT('',(-0.1,-2.39,-3.1));
#2484 = VECTOR('',#2485,1.);
#2485 = DIRECTION('',(1.,-1.110223024625E-16,0.));
#2486 = ORIENTED_EDGE('',*,*,#1433,.T.);
#2487 = ORIENTED_EDGE('',*,*,#2464,.F.);
#2488 = ORIENTED_EDGE('',*,*,#1497,.T.);
#2489 = PLANE('',#2490);
#2490 = AXIS2_PLACEMENT_3D('',#2491,#2492,#2493);
#2491 = CARTESIAN_POINT('',(-0.1,-2.39,-3.1));
#2492 = DIRECTION('',(0.,-0.,-1.));
#2493 = DIRECTION('',(-1.110223024625E-16,-1.,0.));
#2494 = ADVANCED_FACE('',(#2495),#2506,.T.);
#2495 = FACE_BOUND('',#2496,.T.);
#2496 = EDGE_LOOP('',(#2497,#2503,#2504,#2505));
#2497 = ORIENTED_EDGE('',*,*,#2498,.T.);
#2498 = EDGE_CURVE('',#1482,#1418,#2499,.T.);
#2499 = LINE('',#2500,#2501);
#2500 = CARTESIAN_POINT('',(-0.1,-2.24,-2.5));
#2501 = VECTOR('',#2502,1.);
#2502 = DIRECTION('',(1.,-1.110223024625E-16,0.));
#2503 = ORIENTED_EDGE('',*,*,#1425,.T.);
#2504 = ORIENTED_EDGE('',*,*,#2481,.F.);
#2505 = ORIENTED_EDGE('',*,*,#1489,.F.);
#2506 = PLANE('',#2507);
#2507 = AXIS2_PLACEMENT_3D('',#2508,#2509,#2510);
#2508 = CARTESIAN_POINT('',(-0.1,-2.24,-2.5));
#2509 = DIRECTION('',(1.077074540829E-16,0.970142500145,-0.242535625036)
  );
#2510 = DIRECTION('',(-2.692686352073E-17,-0.242535625036,
    -0.970142500145));
#2511 = ADVANCED_FACE('',(#2512),#2518,.T.);
#2512 = FACE_BOUND('',#2513,.T.);
#2513 = EDGE_LOOP('',(#2514,#2515,#2516,#2517));
#2514 = ORIENTED_EDGE('',*,*,#1455,.T.);
#2515 = ORIENTED_EDGE('',*,*,#1417,.T.);
#2516 = ORIENTED_EDGE('',*,*,#2498,.F.);
#2517 = ORIENTED_EDGE('',*,*,#1481,.F.);
#2518 = PLANE('',#2519);
#2519 = AXIS2_PLACEMENT_3D('',#2520,#2521,#2522);
#2520 = CARTESIAN_POINT('',(-0.1,-2.24,0.2));
#2521 = DIRECTION('',(1.110223024625E-16,1.,0.));
#2522 = DIRECTION('',(0.,0.,-1.));
#2523 = ADVANCED_FACE('',(#2524),#2535,.T.);
#2524 = FACE_BOUND('',#2525,.T.);
#2525 = EDGE_LOOP('',(#2526,#2532,#2533,#2534));
#2526 = ORIENTED_EDGE('',*,*,#2527,.T.);
#2527 = EDGE_CURVE('',#1601,#1537,#2528,.T.);
#2528 = LINE('',#2529,#2530);
#2529 = CARTESIAN_POINT('',(-0.1,-0.3,-2.5));
#2530 = VECTOR('',#2531,1.);
#2531 = DIRECTION('',(1.,-1.110223024625E-16,0.));
#2532 = ORIENTED_EDGE('',*,*,#1536,.T.);
#2533 = ORIENTED_EDGE('',*,*,#1521,.F.);
#2534 = ORIENTED_EDGE('',*,*,#1600,.F.);
#2535 = PLANE('',#2536);
#2536 = AXIS2_PLACEMENT_3D('',#2537,#2538,#2539);
#2537 = CARTESIAN_POINT('',(-0.1,-0.3,-2.5));
#2538 = DIRECTION('',(-1.110223024625E-16,-1.,0.));
#2539 = DIRECTION('',(0.,0.,1.));
#2540 = ADVANCED_FACE('',(#2541),#2552,.T.);
#2541 = FACE_BOUND('',#2542,.T.);
#2542 = EDGE_LOOP('',(#2543,#2549,#2550,#2551));
#2543 = ORIENTED_EDGE('',*,*,#2544,.T.);
#2544 = EDGE_CURVE('',#1626,#1562,#2545,.T.);
#2545 = LINE('',#2546,#2547);
#2546 = CARTESIAN_POINT('',(-0.1,-0.15,-3.1));
#2547 = VECTOR('',#2548,1.);
#2548 = DIRECTION('',(1.,-1.110223024625E-16,0.));
#2549 = ORIENTED_EDGE('',*,*,#1569,.T.);
#2550 = ORIENTED_EDGE('',*,*,#2527,.F.);
#2551 = ORIENTED_EDGE('',*,*,#1633,.F.);
#2552 = PLANE('',#2553);
#2553 = AXIS2_PLACEMENT_3D('',#2554,#2555,#2556);
#2554 = CARTESIAN_POINT('',(-0.1,-0.15,-3.1));
#2555 = DIRECTION('',(-1.077074540829E-16,-0.970142500145,
    -0.242535625036));
#2556 = DIRECTION('',(-2.692686352073E-17,-0.242535625036,0.970142500145
    ));
#2557 = ADVANCED_FACE('',(#2558),#2569,.T.);
#2558 = FACE_BOUND('',#2559,.T.);
#2559 = EDGE_LOOP('',(#2560,#2566,#2567,#2568));
#2560 = ORIENTED_EDGE('',*,*,#2561,.T.);
#2561 = EDGE_CURVE('',#1618,#1554,#2562,.T.);
#2562 = LINE('',#2563,#2564);
#2563 = CARTESIAN_POINT('',(-0.1,0.15,-3.1));
#2564 = VECTOR('',#2565,1.);
#2565 = DIRECTION('',(1.,-1.110223024625E-16,0.));
#2566 = ORIENTED_EDGE('',*,*,#1561,.T.);
#2567 = ORIENTED_EDGE('',*,*,#2544,.F.);
#2568 = ORIENTED_EDGE('',*,*,#1625,.T.);
#2569 = PLANE('',#2570);
#2570 = AXIS2_PLACEMENT_3D('',#2571,#2572,#2573);
#2571 = CARTESIAN_POINT('',(-0.1,0.15,-3.1));
#2572 = DIRECTION('',(0.,-0.,-1.));
#2573 = DIRECTION('',(-1.110223024625E-16,-1.,0.));
#2574 = ADVANCED_FACE('',(#2575),#2586,.T.);
#2575 = FACE_BOUND('',#2576,.T.);
#2576 = EDGE_LOOP('',(#2577,#2583,#2584,#2585));
#2577 = ORIENTED_EDGE('',*,*,#2578,.T.);
#2578 = EDGE_CURVE('',#1610,#1546,#2579,.T.);
#2579 = LINE('',#2580,#2581);
#2580 = CARTESIAN_POINT('',(-0.1,0.3,-2.5));
#2581 = VECTOR('',#2582,1.);
#2582 = DIRECTION('',(1.,-1.110223024625E-16,0.));
#2583 = ORIENTED_EDGE('',*,*,#1553,.T.);
#2584 = ORIENTED_EDGE('',*,*,#2561,.F.);
#2585 = ORIENTED_EDGE('',*,*,#1617,.F.);
#2586 = PLANE('',#2587);
#2587 = AXIS2_PLACEMENT_3D('',#2588,#2589,#2590);
#2588 = CARTESIAN_POINT('',(-0.1,0.3,-2.5));
#2589 = DIRECTION('',(1.077074540829E-16,0.970142500145,-0.242535625036)
  );
#2590 = DIRECTION('',(-2.692686352073E-17,-0.242535625036,
    -0.970142500145));
#2591 = ADVANCED_FACE('',(#2592),#2598,.T.);
#2592 = FACE_BOUND('',#2593,.T.);
#2593 = EDGE_LOOP('',(#2594,#2595,#2596,#2597));
#2594 = ORIENTED_EDGE('',*,*,#1583,.T.);
#2595 = ORIENTED_EDGE('',*,*,#1545,.T.);
#2596 = ORIENTED_EDGE('',*,*,#2578,.F.);
#2597 = ORIENTED_EDGE('',*,*,#1609,.F.);
#2598 = PLANE('',#2599);
#2599 = AXIS2_PLACEMENT_3D('',#2600,#2601,#2602);
#2600 = CARTESIAN_POINT('',(-0.1,0.3,0.2));
#2601 = DIRECTION('',(1.110223024625E-16,1.,0.));
#2602 = DIRECTION('',(0.,0.,-1.));
#2603 = ADVANCED_FACE('',(#2604),#2615,.T.);
#2604 = FACE_BOUND('',#2605,.T.);
#2605 = EDGE_LOOP('',(#2606,#2607,#2608,#2609));
#2606 = ORIENTED_EDGE('',*,*,#1792,.T.);
#2607 = ORIENTED_EDGE('',*,*,#1655,.T.);
#2608 = ORIENTED_EDGE('',*,*,#1680,.T.);
#2609 = ORIENTED_EDGE('',*,*,#2610,.T.);
#2610 = EDGE_CURVE('',#1681,#1785,#2611,.T.);
#2611 = LINE('',#2612,#2613);
#2612 = CARTESIAN_POINT('',(0.1,-7.62,0.9));
#2613 = VECTOR('',#2614,1.);
#2614 = DIRECTION('',(-1.110223024625E-16,-1.,0.));
#2615 = PLANE('',#2616);
#2616 = AXIS2_PLACEMENT_3D('',#2617,#2618,#2619);
#2617 = CARTESIAN_POINT('',(-9.281001892939E-16,-7.62,0.9));
#2618 = DIRECTION('',(0.,0.,1.));
#2619 = DIRECTION('',(1.110223024625E-16,1.,-0.));
#2620 = ADVANCED_FACE('',(#2621),#2632,.T.);
#2621 = FACE_BOUND('',#2622,.T.);
#2622 = EDGE_LOOP('',(#2623,#2624,#2630,#2631));
#2623 = ORIENTED_EDGE('',*,*,#1760,.T.);
#2624 = ORIENTED_EDGE('',*,*,#2625,.F.);
#2625 = EDGE_CURVE('',#1705,#1761,#2626,.T.);
#2626 = LINE('',#2627,#2628);
#2627 = CARTESIAN_POINT('',(-0.1,-7.62,0.9));
#2628 = VECTOR('',#2629,1.);
#2629 = DIRECTION('',(-1.110223024625E-16,-1.,0.));
#2630 = ORIENTED_EDGE('',*,*,#1712,.T.);
#2631 = ORIENTED_EDGE('',*,*,#1735,.T.);
#2632 = PLANE('',#2633);
#2633 = AXIS2_PLACEMENT_3D('',#2634,#2635,#2636);
#2634 = CARTESIAN_POINT('',(-9.281001892939E-16,-7.62,0.9));
#2635 = DIRECTION('',(0.,0.,1.));
#2636 = DIRECTION('',(1.110223024625E-16,1.,-0.));
#2637 = ADVANCED_FACE('',(#2638),#2681,.T.);
#2638 = FACE_BOUND('',#2639,.T.);
#2639 = EDGE_LOOP('',(#2640,#2641,#2649,#2657,#2665,#2673,#2679,#2680));
#2640 = ORIENTED_EDGE('',*,*,#1768,.F.);
#2641 = ORIENTED_EDGE('',*,*,#2642,.T.);
#2642 = EDGE_CURVE('',#1769,#2643,#2645,.T.);
#2643 = VERTEX_POINT('',#2644);
#2644 = CARTESIAN_POINT('',(-0.1,-7.87,7.35));
#2645 = LINE('',#2646,#2647);
#2646 = CARTESIAN_POINT('',(-0.1,-7.92,7.4));
#2647 = VECTOR('',#2648,1.);
#2648 = DIRECTION('',(7.850462293414E-17,0.707106781187,-0.707106781187)
  );
#2649 = ORIENTED_EDGE('',*,*,#2650,.T.);
#2650 = EDGE_CURVE('',#2643,#2651,#2653,.T.);
#2651 = VERTEX_POINT('',#2652);
#2652 = CARTESIAN_POINT('',(-0.1,-7.87,1.25));
#2653 = LINE('',#2654,#2655);
#2654 = CARTESIAN_POINT('',(-0.1,-7.87,7.35));
#2655 = VECTOR('',#2656,1.);
#2656 = DIRECTION('',(0.,0.,-1.));
#2657 = ORIENTED_EDGE('',*,*,#2658,.T.);
#2658 = EDGE_CURVE('',#2651,#2659,#2661,.T.);
#2659 = VERTEX_POINT('',#2660);
#2660 = CARTESIAN_POINT('',(-0.1,-7.37,1.25));
#2661 = LINE('',#2662,#2663);
#2662 = CARTESIAN_POINT('',(-0.1,-7.87,1.25));
#2663 = VECTOR('',#2664,1.);
#2664 = DIRECTION('',(1.110223024625E-16,1.,0.));
#2665 = ORIENTED_EDGE('',*,*,#2666,.T.);
#2666 = EDGE_CURVE('',#2659,#2667,#2669,.T.);
#2667 = VERTEX_POINT('',#2668);
#2668 = CARTESIAN_POINT('',(-0.1,-7.37,7.35));
#2669 = LINE('',#2670,#2671);
#2670 = CARTESIAN_POINT('',(-0.1,-7.37,1.25));
#2671 = VECTOR('',#2672,1.);
#2672 = DIRECTION('',(0.,0.,1.));
#2673 = ORIENTED_EDGE('',*,*,#2674,.T.);
#2674 = EDGE_CURVE('',#2667,#1697,#2675,.T.);
#2675 = LINE('',#2676,#2677);
#2676 = CARTESIAN_POINT('',(-0.1,-7.37,7.35));
#2677 = VECTOR('',#2678,1.);
#2678 = DIRECTION('',(7.850462293414E-17,0.707106781187,0.707106781187)
  );
#2679 = ORIENTED_EDGE('',*,*,#1704,.F.);
#2680 = ORIENTED_EDGE('',*,*,#2625,.T.);
#2681 = PLANE('',#2682);
#2682 = AXIS2_PLACEMENT_3D('',#2683,#2684,#2685);
#2683 = CARTESIAN_POINT('',(-0.1,-7.62,3.911477598424));
#2684 = DIRECTION('',(-1.,1.110223024625E-16,0.));
#2685 = DIRECTION('',(0.,0.,1.));
#2686 = ADVANCED_FACE('',(#2687),#2705,.T.);
#2687 = FACE_BOUND('',#2688,.T.);
#2688 = EDGE_LOOP('',(#2689,#2697,#2703,#2704));
#2689 = ORIENTED_EDGE('',*,*,#2690,.T.);
#2690 = EDGE_CURVE('',#2667,#2691,#2693,.T.);
#2691 = VERTEX_POINT('',#2692);
#2692 = CARTESIAN_POINT('',(0.1,-7.37,7.35));
#2693 = LINE('',#2694,#2695);
#2694 = CARTESIAN_POINT('',(-0.1,-7.37,7.35));
#2695 = VECTOR('',#2696,1.);
#2696 = DIRECTION('',(1.,-1.110223024625E-16,0.));
#2697 = ORIENTED_EDGE('',*,*,#2698,.T.);
#2698 = EDGE_CURVE('',#2691,#1689,#2699,.T.);
#2699 = LINE('',#2700,#2701);
#2700 = CARTESIAN_POINT('',(0.1,-7.37,7.35));
#2701 = VECTOR('',#2702,1.);
#2702 = DIRECTION('',(7.850462293414E-17,0.707106781187,0.707106781187)
  );
#2703 = ORIENTED_EDGE('',*,*,#1696,.F.);
#2704 = ORIENTED_EDGE('',*,*,#2674,.F.);
#2705 = PLANE('',#2706);
#2706 = AXIS2_PLACEMENT_3D('',#2707,#2708,#2709);
#2707 = CARTESIAN_POINT('',(-0.1,-7.37,7.35));
#2708 = DIRECTION('',(-7.850462293414E-17,-0.707106781187,0.707106781187
    ));
#2709 = DIRECTION('',(7.850462293414E-17,0.707106781187,0.707106781187)
  );
#2710 = ADVANCED_FACE('',(#2711),#2747,.F.);
#2711 = FACE_BOUND('',#2712,.F.);
#2712 = EDGE_LOOP('',(#2713,#2714,#2722,#2730,#2738,#2744,#2745,#2746));
#2713 = ORIENTED_EDGE('',*,*,#1784,.F.);
#2714 = ORIENTED_EDGE('',*,*,#2715,.T.);
#2715 = EDGE_CURVE('',#1777,#2716,#2718,.T.);
#2716 = VERTEX_POINT('',#2717);
#2717 = CARTESIAN_POINT('',(0.1,-7.87,7.35));
#2718 = LINE('',#2719,#2720);
#2719 = CARTESIAN_POINT('',(0.1,-7.92,7.4));
#2720 = VECTOR('',#2721,1.);
#2721 = DIRECTION('',(7.850462293414E-17,0.707106781187,-0.707106781187)
  );
#2722 = ORIENTED_EDGE('',*,*,#2723,.T.);
#2723 = EDGE_CURVE('',#2716,#2724,#2726,.T.);
#2724 = VERTEX_POINT('',#2725);
#2725 = CARTESIAN_POINT('',(0.1,-7.87,1.25));
#2726 = LINE('',#2727,#2728);
#2727 = CARTESIAN_POINT('',(0.1,-7.87,7.35));
#2728 = VECTOR('',#2729,1.);
#2729 = DIRECTION('',(0.,0.,-1.));
#2730 = ORIENTED_EDGE('',*,*,#2731,.T.);
#2731 = EDGE_CURVE('',#2724,#2732,#2734,.T.);
#2732 = VERTEX_POINT('',#2733);
#2733 = CARTESIAN_POINT('',(0.1,-7.37,1.25));
#2734 = LINE('',#2735,#2736);
#2735 = CARTESIAN_POINT('',(0.1,-7.87,1.25));
#2736 = VECTOR('',#2737,1.);
#2737 = DIRECTION('',(1.110223024625E-16,1.,0.));
#2738 = ORIENTED_EDGE('',*,*,#2739,.T.);
#2739 = EDGE_CURVE('',#2732,#2691,#2740,.T.);
#2740 = LINE('',#2741,#2742);
#2741 = CARTESIAN_POINT('',(0.1,-7.37,1.25));
#2742 = VECTOR('',#2743,1.);
#2743 = DIRECTION('',(0.,0.,1.));
#2744 = ORIENTED_EDGE('',*,*,#2698,.T.);
#2745 = ORIENTED_EDGE('',*,*,#1688,.F.);
#2746 = ORIENTED_EDGE('',*,*,#2610,.T.);
#2747 = PLANE('',#2748);
#2748 = AXIS2_PLACEMENT_3D('',#2749,#2750,#2751);
#2749 = CARTESIAN_POINT('',(0.1,-7.62,3.911477598424));
#2750 = DIRECTION('',(-1.,1.110223024625E-16,0.));
#2751 = DIRECTION('',(0.,0.,1.));
#2752 = ADVANCED_FACE('',(#2753),#2764,.T.);
#2753 = FACE_BOUND('',#2754,.T.);
#2754 = EDGE_LOOP('',(#2755,#2756,#2757,#2763));
#2755 = ORIENTED_EDGE('',*,*,#1776,.T.);
#2756 = ORIENTED_EDGE('',*,*,#2715,.T.);
#2757 = ORIENTED_EDGE('',*,*,#2758,.F.);
#2758 = EDGE_CURVE('',#2643,#2716,#2759,.T.);
#2759 = LINE('',#2760,#2761);
#2760 = CARTESIAN_POINT('',(-0.1,-7.87,7.35));
#2761 = VECTOR('',#2762,1.);
#2762 = DIRECTION('',(1.,-1.110223024625E-16,0.));
#2763 = ORIENTED_EDGE('',*,*,#2642,.F.);
#2764 = PLANE('',#2765);
#2765 = AXIS2_PLACEMENT_3D('',#2766,#2767,#2768);
#2766 = CARTESIAN_POINT('',(-0.1,-7.92,7.4));
#2767 = DIRECTION('',(7.850462293414E-17,0.707106781187,0.707106781187)
  );
#2768 = DIRECTION('',(7.850462293414E-17,0.707106781187,-0.707106781187)
  );
#2769 = ADVANCED_FACE('',(#2770),#2781,.T.);
#2770 = FACE_BOUND('',#2771,.T.);
#2771 = EDGE_LOOP('',(#2772,#2773,#2774,#2775));
#2772 = ORIENTED_EDGE('',*,*,#1952,.T.);
#2773 = ORIENTED_EDGE('',*,*,#1815,.T.);
#2774 = ORIENTED_EDGE('',*,*,#1840,.T.);
#2775 = ORIENTED_EDGE('',*,*,#2776,.T.);
#2776 = EDGE_CURVE('',#1841,#1945,#2777,.T.);
#2777 = LINE('',#2778,#2779);
#2778 = CARTESIAN_POINT('',(0.1,-5.08,0.9));
#2779 = VECTOR('',#2780,1.);
#2780 = DIRECTION('',(-1.110223024625E-16,-1.,0.));
#2781 = PLANE('',#2782);
#2782 = AXIS2_PLACEMENT_3D('',#2783,#2784,#2785);
#2783 = CARTESIAN_POINT('',(-6.461035410391E-16,-5.08,0.9));
#2784 = DIRECTION('',(0.,0.,1.));
#2785 = DIRECTION('',(1.110223024625E-16,1.,-0.));
#2786 = ADVANCED_FACE('',(#2787),#2798,.T.);
#2787 = FACE_BOUND('',#2788,.T.);
#2788 = EDGE_LOOP('',(#2789,#2790,#2796,#2797));
#2789 = ORIENTED_EDGE('',*,*,#1920,.T.);
#2790 = ORIENTED_EDGE('',*,*,#2791,.F.);
#2791 = EDGE_CURVE('',#1865,#1921,#2792,.T.);
#2792 = LINE('',#2793,#2794);
#2793 = CARTESIAN_POINT('',(-0.1,-5.08,0.9));
#2794 = VECTOR('',#2795,1.);
#2795 = DIRECTION('',(-1.110223024625E-16,-1.,0.));
#2796 = ORIENTED_EDGE('',*,*,#1872,.T.);
#2797 = ORIENTED_EDGE('',*,*,#1895,.T.);
#2798 = PLANE('',#2799);
#2799 = AXIS2_PLACEMENT_3D('',#2800,#2801,#2802);
#2800 = CARTESIAN_POINT('',(-6.461035410391E-16,-5.08,0.9));
#2801 = DIRECTION('',(0.,0.,1.));
#2802 = DIRECTION('',(1.110223024625E-16,1.,-0.));
#2803 = ADVANCED_FACE('',(#2804),#2847,.T.);
#2804 = FACE_BOUND('',#2805,.T.);
#2805 = EDGE_LOOP('',(#2806,#2807,#2815,#2823,#2831,#2839,#2845,#2846));
#2806 = ORIENTED_EDGE('',*,*,#1928,.F.);
#2807 = ORIENTED_EDGE('',*,*,#2808,.T.);
#2808 = EDGE_CURVE('',#1929,#2809,#2811,.T.);
#2809 = VERTEX_POINT('',#2810);
#2810 = CARTESIAN_POINT('',(-0.1,-5.33,7.35));
#2811 = LINE('',#2812,#2813);
#2812 = CARTESIAN_POINT('',(-0.1,-5.38,7.4));
#2813 = VECTOR('',#2814,1.);
#2814 = DIRECTION('',(7.850462293414E-17,0.707106781187,-0.707106781187)
  );
#2815 = ORIENTED_EDGE('',*,*,#2816,.T.);
#2816 = EDGE_CURVE('',#2809,#2817,#2819,.T.);
#2817 = VERTEX_POINT('',#2818);
#2818 = CARTESIAN_POINT('',(-0.1,-5.33,1.25));
#2819 = LINE('',#2820,#2821);
#2820 = CARTESIAN_POINT('',(-0.1,-5.33,7.35));
#2821 = VECTOR('',#2822,1.);
#2822 = DIRECTION('',(0.,0.,-1.));
#2823 = ORIENTED_EDGE('',*,*,#2824,.T.);
#2824 = EDGE_CURVE('',#2817,#2825,#2827,.T.);
#2825 = VERTEX_POINT('',#2826);
#2826 = CARTESIAN_POINT('',(-0.1,-4.83,1.25));
#2827 = LINE('',#2828,#2829);
#2828 = CARTESIAN_POINT('',(-0.1,-5.33,1.25));
#2829 = VECTOR('',#2830,1.);
#2830 = DIRECTION('',(1.110223024625E-16,1.,0.));
#2831 = ORIENTED_EDGE('',*,*,#2832,.T.);
#2832 = EDGE_CURVE('',#2825,#2833,#2835,.T.);
#2833 = VERTEX_POINT('',#2834);
#2834 = CARTESIAN_POINT('',(-0.1,-4.83,7.35));
#2835 = LINE('',#2836,#2837);
#2836 = CARTESIAN_POINT('',(-0.1,-4.83,1.25));
#2837 = VECTOR('',#2838,1.);
#2838 = DIRECTION('',(0.,0.,1.));
#2839 = ORIENTED_EDGE('',*,*,#2840,.T.);
#2840 = EDGE_CURVE('',#2833,#1857,#2841,.T.);
#2841 = LINE('',#2842,#2843);
#2842 = CARTESIAN_POINT('',(-0.1,-4.83,7.35));
#2843 = VECTOR('',#2844,1.);
#2844 = DIRECTION('',(7.850462293414E-17,0.707106781187,0.707106781187)
  );
#2845 = ORIENTED_EDGE('',*,*,#1864,.F.);
#2846 = ORIENTED_EDGE('',*,*,#2791,.T.);
#2847 = PLANE('',#2848);
#2848 = AXIS2_PLACEMENT_3D('',#2849,#2850,#2851);
#2849 = CARTESIAN_POINT('',(-0.1,-5.08,3.911477598424));
#2850 = DIRECTION('',(-1.,1.110223024625E-16,0.));
#2851 = DIRECTION('',(0.,0.,1.));
#2852 = ADVANCED_FACE('',(#2853),#2871,.T.);
#2853 = FACE_BOUND('',#2854,.T.);
#2854 = EDGE_LOOP('',(#2855,#2863,#2869,#2870));
#2855 = ORIENTED_EDGE('',*,*,#2856,.T.);
#2856 = EDGE_CURVE('',#2833,#2857,#2859,.T.);
#2857 = VERTEX_POINT('',#2858);
#2858 = CARTESIAN_POINT('',(0.1,-4.83,7.35));
#2859 = LINE('',#2860,#2861);
#2860 = CARTESIAN_POINT('',(-0.1,-4.83,7.35));
#2861 = VECTOR('',#2862,1.);
#2862 = DIRECTION('',(1.,-1.110223024625E-16,0.));
#2863 = ORIENTED_EDGE('',*,*,#2864,.T.);
#2864 = EDGE_CURVE('',#2857,#1849,#2865,.T.);
#2865 = LINE('',#2866,#2867);
#2866 = CARTESIAN_POINT('',(0.1,-4.83,7.35));
#2867 = VECTOR('',#2868,1.);
#2868 = DIRECTION('',(7.850462293414E-17,0.707106781187,0.707106781187)
  );
#2869 = ORIENTED_EDGE('',*,*,#1856,.F.);
#2870 = ORIENTED_EDGE('',*,*,#2840,.F.);
#2871 = PLANE('',#2872);
#2872 = AXIS2_PLACEMENT_3D('',#2873,#2874,#2875);
#2873 = CARTESIAN_POINT('',(-0.1,-4.83,7.35));
#2874 = DIRECTION('',(-7.850462293414E-17,-0.707106781187,0.707106781187
    ));
#2875 = DIRECTION('',(7.850462293414E-17,0.707106781187,0.707106781187)
  );
#2876 = ADVANCED_FACE('',(#2877),#2913,.F.);
#2877 = FACE_BOUND('',#2878,.F.);
#2878 = EDGE_LOOP('',(#2879,#2880,#2888,#2896,#2904,#2910,#2911,#2912));
#2879 = ORIENTED_EDGE('',*,*,#1944,.F.);
#2880 = ORIENTED_EDGE('',*,*,#2881,.T.);
#2881 = EDGE_CURVE('',#1937,#2882,#2884,.T.);
#2882 = VERTEX_POINT('',#2883);
#2883 = CARTESIAN_POINT('',(0.1,-5.33,7.35));
#2884 = LINE('',#2885,#2886);
#2885 = CARTESIAN_POINT('',(0.1,-5.38,7.4));
#2886 = VECTOR('',#2887,1.);
#2887 = DIRECTION('',(7.850462293414E-17,0.707106781187,-0.707106781187)
  );
#2888 = ORIENTED_EDGE('',*,*,#2889,.T.);
#2889 = EDGE_CURVE('',#2882,#2890,#2892,.T.);
#2890 = VERTEX_POINT('',#2891);
#2891 = CARTESIAN_POINT('',(0.1,-5.33,1.25));
#2892 = LINE('',#2893,#2894);
#2893 = CARTESIAN_POINT('',(0.1,-5.33,7.35));
#2894 = VECTOR('',#2895,1.);
#2895 = DIRECTION('',(0.,0.,-1.));
#2896 = ORIENTED_EDGE('',*,*,#2897,.T.);
#2897 = EDGE_CURVE('',#2890,#2898,#2900,.T.);
#2898 = VERTEX_POINT('',#2899);
#2899 = CARTESIAN_POINT('',(0.1,-4.83,1.25));
#2900 = LINE('',#2901,#2902);
#2901 = CARTESIAN_POINT('',(0.1,-5.33,1.25));
#2902 = VECTOR('',#2903,1.);
#2903 = DIRECTION('',(1.110223024625E-16,1.,0.));
#2904 = ORIENTED_EDGE('',*,*,#2905,.T.);
#2905 = EDGE_CURVE('',#2898,#2857,#2906,.T.);
#2906 = LINE('',#2907,#2908);
#2907 = CARTESIAN_POINT('',(0.1,-4.83,1.25));
#2908 = VECTOR('',#2909,1.);
#2909 = DIRECTION('',(0.,0.,1.));
#2910 = ORIENTED_EDGE('',*,*,#2864,.T.);
#2911 = ORIENTED_EDGE('',*,*,#1848,.F.);
#2912 = ORIENTED_EDGE('',*,*,#2776,.T.);
#2913 = PLANE('',#2914);
#2914 = AXIS2_PLACEMENT_3D('',#2915,#2916,#2917);
#2915 = CARTESIAN_POINT('',(0.1,-5.08,3.911477598424));
#2916 = DIRECTION('',(-1.,1.110223024625E-16,0.));
#2917 = DIRECTION('',(0.,0.,1.));
#2918 = ADVANCED_FACE('',(#2919),#2930,.T.);
#2919 = FACE_BOUND('',#2920,.T.);
#2920 = EDGE_LOOP('',(#2921,#2922,#2923,#2929));
#2921 = ORIENTED_EDGE('',*,*,#1936,.T.);
#2922 = ORIENTED_EDGE('',*,*,#2881,.T.);
#2923 = ORIENTED_EDGE('',*,*,#2924,.F.);
#2924 = EDGE_CURVE('',#2809,#2882,#2925,.T.);
#2925 = LINE('',#2926,#2927);
#2926 = CARTESIAN_POINT('',(-0.1,-5.33,7.35));
#2927 = VECTOR('',#2928,1.);
#2928 = DIRECTION('',(1.,-1.110223024625E-16,0.));
#2929 = ORIENTED_EDGE('',*,*,#2808,.F.);
#2930 = PLANE('',#2931);
#2931 = AXIS2_PLACEMENT_3D('',#2932,#2933,#2934);
#2932 = CARTESIAN_POINT('',(-0.1,-5.38,7.4));
#2933 = DIRECTION('',(7.850462293414E-17,0.707106781187,0.707106781187)
  );
#2934 = DIRECTION('',(7.850462293414E-17,0.707106781187,-0.707106781187)
  );
#2935 = ADVANCED_FACE('',(#2936),#2947,.T.);
#2936 = FACE_BOUND('',#2937,.T.);
#2937 = EDGE_LOOP('',(#2938,#2939,#2940,#2941));
#2938 = ORIENTED_EDGE('',*,*,#2112,.T.);
#2939 = ORIENTED_EDGE('',*,*,#1975,.T.);
#2940 = ORIENTED_EDGE('',*,*,#2000,.T.);
#2941 = ORIENTED_EDGE('',*,*,#2942,.T.);
#2942 = EDGE_CURVE('',#2001,#2105,#2943,.T.);
#2943 = LINE('',#2944,#2945);
#2944 = CARTESIAN_POINT('',(0.1,-2.54,0.9));
#2945 = VECTOR('',#2946,1.);
#2946 = DIRECTION('',(-1.110223024625E-16,-1.,0.));
#2947 = PLANE('',#2948);
#2948 = AXIS2_PLACEMENT_3D('',#2949,#2950,#2951);
#2949 = CARTESIAN_POINT('',(-3.641068927844E-16,-2.54,0.9));
#2950 = DIRECTION('',(0.,0.,1.));
#2951 = DIRECTION('',(1.110223024625E-16,1.,-0.));
#2952 = ADVANCED_FACE('',(#2953),#2964,.T.);
#2953 = FACE_BOUND('',#2954,.T.);
#2954 = EDGE_LOOP('',(#2955,#2956,#2962,#2963));
#2955 = ORIENTED_EDGE('',*,*,#2080,.T.);
#2956 = ORIENTED_EDGE('',*,*,#2957,.F.);
#2957 = EDGE_CURVE('',#2025,#2081,#2958,.T.);
#2958 = LINE('',#2959,#2960);
#2959 = CARTESIAN_POINT('',(-0.1,-2.54,0.9));
#2960 = VECTOR('',#2961,1.);
#2961 = DIRECTION('',(-1.110223024625E-16,-1.,0.));
#2962 = ORIENTED_EDGE('',*,*,#2032,.T.);
#2963 = ORIENTED_EDGE('',*,*,#2055,.T.);
#2964 = PLANE('',#2965);
#2965 = AXIS2_PLACEMENT_3D('',#2966,#2967,#2968);
#2966 = CARTESIAN_POINT('',(-3.641068927844E-16,-2.54,0.9));
#2967 = DIRECTION('',(0.,0.,1.));
#2968 = DIRECTION('',(1.110223024625E-16,1.,-0.));
#2969 = ADVANCED_FACE('',(#2970),#3013,.T.);
#2970 = FACE_BOUND('',#2971,.T.);
#2971 = EDGE_LOOP('',(#2972,#2973,#2981,#2989,#2997,#3005,#3011,#3012));
#2972 = ORIENTED_EDGE('',*,*,#2088,.F.);
#2973 = ORIENTED_EDGE('',*,*,#2974,.T.);
#2974 = EDGE_CURVE('',#2089,#2975,#2977,.T.);
#2975 = VERTEX_POINT('',#2976);
#2976 = CARTESIAN_POINT('',(-0.1,-2.79,7.35));
#2977 = LINE('',#2978,#2979);
#2978 = CARTESIAN_POINT('',(-0.1,-2.84,7.4));
#2979 = VECTOR('',#2980,1.);
#2980 = DIRECTION('',(7.850462293414E-17,0.707106781187,-0.707106781187)
  );
#2981 = ORIENTED_EDGE('',*,*,#2982,.T.);
#2982 = EDGE_CURVE('',#2975,#2983,#2985,.T.);
#2983 = VERTEX_POINT('',#2984);
#2984 = CARTESIAN_POINT('',(-0.1,-2.79,1.25));
#2985 = LINE('',#2986,#2987);
#2986 = CARTESIAN_POINT('',(-0.1,-2.79,7.35));
#2987 = VECTOR('',#2988,1.);
#2988 = DIRECTION('',(0.,0.,-1.));
#2989 = ORIENTED_EDGE('',*,*,#2990,.T.);
#2990 = EDGE_CURVE('',#2983,#2991,#2993,.T.);
#2991 = VERTEX_POINT('',#2992);
#2992 = CARTESIAN_POINT('',(-0.1,-2.29,1.25));
#2993 = LINE('',#2994,#2995);
#2994 = CARTESIAN_POINT('',(-0.1,-2.79,1.25));
#2995 = VECTOR('',#2996,1.);
#2996 = DIRECTION('',(1.110223024625E-16,1.,0.));
#2997 = ORIENTED_EDGE('',*,*,#2998,.T.);
#2998 = EDGE_CURVE('',#2991,#2999,#3001,.T.);
#2999 = VERTEX_POINT('',#3000);
#3000 = CARTESIAN_POINT('',(-0.1,-2.29,7.35));
#3001 = LINE('',#3002,#3003);
#3002 = CARTESIAN_POINT('',(-0.1,-2.29,1.25));
#3003 = VECTOR('',#3004,1.);
#3004 = DIRECTION('',(0.,0.,1.));
#3005 = ORIENTED_EDGE('',*,*,#3006,.T.);
#3006 = EDGE_CURVE('',#2999,#2017,#3007,.T.);
#3007 = LINE('',#3008,#3009);
#3008 = CARTESIAN_POINT('',(-0.1,-2.29,7.35));
#3009 = VECTOR('',#3010,1.);
#3010 = DIRECTION('',(7.850462293414E-17,0.707106781187,0.707106781187)
  );
#3011 = ORIENTED_EDGE('',*,*,#2024,.F.);
#3012 = ORIENTED_EDGE('',*,*,#2957,.T.);
#3013 = PLANE('',#3014);
#3014 = AXIS2_PLACEMENT_3D('',#3015,#3016,#3017);
#3015 = CARTESIAN_POINT('',(-0.1,-2.54,3.911477598424));
#3016 = DIRECTION('',(-1.,1.110223024625E-16,0.));
#3017 = DIRECTION('',(0.,0.,1.));
#3018 = ADVANCED_FACE('',(#3019),#3037,.T.);
#3019 = FACE_BOUND('',#3020,.T.);
#3020 = EDGE_LOOP('',(#3021,#3029,#3035,#3036));
#3021 = ORIENTED_EDGE('',*,*,#3022,.T.);
#3022 = EDGE_CURVE('',#2999,#3023,#3025,.T.);
#3023 = VERTEX_POINT('',#3024);
#3024 = CARTESIAN_POINT('',(0.1,-2.29,7.35));
#3025 = LINE('',#3026,#3027);
#3026 = CARTESIAN_POINT('',(-0.1,-2.29,7.35));
#3027 = VECTOR('',#3028,1.);
#3028 = DIRECTION('',(1.,-1.110223024625E-16,0.));
#3029 = ORIENTED_EDGE('',*,*,#3030,.T.);
#3030 = EDGE_CURVE('',#3023,#2009,#3031,.T.);
#3031 = LINE('',#3032,#3033);
#3032 = CARTESIAN_POINT('',(0.1,-2.29,7.35));
#3033 = VECTOR('',#3034,1.);
#3034 = DIRECTION('',(7.850462293414E-17,0.707106781187,0.707106781187)
  );
#3035 = ORIENTED_EDGE('',*,*,#2016,.F.);
#3036 = ORIENTED_EDGE('',*,*,#3006,.F.);
#3037 = PLANE('',#3038);
#3038 = AXIS2_PLACEMENT_3D('',#3039,#3040,#3041);
#3039 = CARTESIAN_POINT('',(-0.1,-2.29,7.35));
#3040 = DIRECTION('',(-7.850462293414E-17,-0.707106781187,0.707106781187
    ));
#3041 = DIRECTION('',(7.850462293414E-17,0.707106781187,0.707106781187)
  );
#3042 = ADVANCED_FACE('',(#3043),#3079,.F.);
#3043 = FACE_BOUND('',#3044,.F.);
#3044 = EDGE_LOOP('',(#3045,#3046,#3054,#3062,#3070,#3076,#3077,#3078));
#3045 = ORIENTED_EDGE('',*,*,#2104,.F.);
#3046 = ORIENTED_EDGE('',*,*,#3047,.T.);
#3047 = EDGE_CURVE('',#2097,#3048,#3050,.T.);
#3048 = VERTEX_POINT('',#3049);
#3049 = CARTESIAN_POINT('',(0.1,-2.79,7.35));
#3050 = LINE('',#3051,#3052);
#3051 = CARTESIAN_POINT('',(0.1,-2.84,7.4));
#3052 = VECTOR('',#3053,1.);
#3053 = DIRECTION('',(7.850462293414E-17,0.707106781187,-0.707106781187)
  );
#3054 = ORIENTED_EDGE('',*,*,#3055,.T.);
#3055 = EDGE_CURVE('',#3048,#3056,#3058,.T.);
#3056 = VERTEX_POINT('',#3057);
#3057 = CARTESIAN_POINT('',(0.1,-2.79,1.25));
#3058 = LINE('',#3059,#3060);
#3059 = CARTESIAN_POINT('',(0.1,-2.79,7.35));
#3060 = VECTOR('',#3061,1.);
#3061 = DIRECTION('',(0.,0.,-1.));
#3062 = ORIENTED_EDGE('',*,*,#3063,.T.);
#3063 = EDGE_CURVE('',#3056,#3064,#3066,.T.);
#3064 = VERTEX_POINT('',#3065);
#3065 = CARTESIAN_POINT('',(0.1,-2.29,1.25));
#3066 = LINE('',#3067,#3068);
#3067 = CARTESIAN_POINT('',(0.1,-2.79,1.25));
#3068 = VECTOR('',#3069,1.);
#3069 = DIRECTION('',(1.110223024625E-16,1.,0.));
#3070 = ORIENTED_EDGE('',*,*,#3071,.T.);
#3071 = EDGE_CURVE('',#3064,#3023,#3072,.T.);
#3072 = LINE('',#3073,#3074);
#3073 = CARTESIAN_POINT('',(0.1,-2.29,1.25));
#3074 = VECTOR('',#3075,1.);
#3075 = DIRECTION('',(0.,0.,1.));
#3076 = ORIENTED_EDGE('',*,*,#3030,.T.);
#3077 = ORIENTED_EDGE('',*,*,#2008,.F.);
#3078 = ORIENTED_EDGE('',*,*,#2942,.T.);
#3079 = PLANE('',#3080);
#3080 = AXIS2_PLACEMENT_3D('',#3081,#3082,#3083);
#3081 = CARTESIAN_POINT('',(0.1,-2.54,3.911477598424));
#3082 = DIRECTION('',(-1.,1.110223024625E-16,0.));
#3083 = DIRECTION('',(0.,0.,1.));
#3084 = ADVANCED_FACE('',(#3085),#3096,.T.);
#3085 = FACE_BOUND('',#3086,.T.);
#3086 = EDGE_LOOP('',(#3087,#3088,#3089,#3095));
#3087 = ORIENTED_EDGE('',*,*,#2096,.T.);
#3088 = ORIENTED_EDGE('',*,*,#3047,.T.);
#3089 = ORIENTED_EDGE('',*,*,#3090,.F.);
#3090 = EDGE_CURVE('',#2975,#3048,#3091,.T.);
#3091 = LINE('',#3092,#3093);
#3092 = CARTESIAN_POINT('',(-0.1,-2.79,7.35));
#3093 = VECTOR('',#3094,1.);
#3094 = DIRECTION('',(1.,-1.110223024625E-16,0.));
#3095 = ORIENTED_EDGE('',*,*,#2974,.F.);
#3096 = PLANE('',#3097);
#3097 = AXIS2_PLACEMENT_3D('',#3098,#3099,#3100);
#3098 = CARTESIAN_POINT('',(-0.1,-2.84,7.4));
#3099 = DIRECTION('',(7.850462293414E-17,0.707106781187,0.707106781187)
  );
#3100 = DIRECTION('',(7.850462293414E-17,0.707106781187,-0.707106781187)
  );
#3101 = ADVANCED_FACE('',(#3102),#3113,.T.);
#3102 = FACE_BOUND('',#3103,.T.);
#3103 = EDGE_LOOP('',(#3104,#3105,#3106,#3107));
#3104 = ORIENTED_EDGE('',*,*,#2272,.T.);
#3105 = ORIENTED_EDGE('',*,*,#2135,.T.);
#3106 = ORIENTED_EDGE('',*,*,#2160,.T.);
#3107 = ORIENTED_EDGE('',*,*,#3108,.T.);
#3108 = EDGE_CURVE('',#2161,#2265,#3109,.T.);
#3109 = LINE('',#3110,#3111);
#3110 = CARTESIAN_POINT('',(0.1,4.329869796038E-16,0.9));
#3111 = VECTOR('',#3112,1.);
#3112 = DIRECTION('',(-1.110223024625E-16,-1.,0.));
#3113 = PLANE('',#3114);
#3114 = AXIS2_PLACEMENT_3D('',#3115,#3116,#3117);
#3115 = CARTESIAN_POINT('',(-8.211024452957E-17,8.881784197001E-16,0.9)
  );
#3116 = DIRECTION('',(0.,0.,1.));
#3117 = DIRECTION('',(1.110223024625E-16,1.,-0.));
#3118 = ADVANCED_FACE('',(#3119),#3130,.T.);
#3119 = FACE_BOUND('',#3120,.T.);
#3120 = EDGE_LOOP('',(#3121,#3122,#3128,#3129));
#3121 = ORIENTED_EDGE('',*,*,#2240,.T.);
#3122 = ORIENTED_EDGE('',*,*,#3123,.F.);
#3123 = EDGE_CURVE('',#2185,#2241,#3124,.T.);
#3124 = LINE('',#3125,#3126);
#3125 = CARTESIAN_POINT('',(-0.1,4.551914400963E-16,0.9));
#3126 = VECTOR('',#3127,1.);
#3127 = DIRECTION('',(-1.110223024625E-16,-1.,0.));
#3128 = ORIENTED_EDGE('',*,*,#2192,.T.);
#3129 = ORIENTED_EDGE('',*,*,#2215,.T.);
#3130 = PLANE('',#3131);
#3131 = AXIS2_PLACEMENT_3D('',#3132,#3133,#3134);
#3132 = CARTESIAN_POINT('',(-8.211024452957E-17,8.881784197001E-16,0.9)
  );
#3133 = DIRECTION('',(0.,0.,1.));
#3134 = DIRECTION('',(1.110223024625E-16,1.,-0.));
#3135 = ADVANCED_FACE('',(#3136),#3179,.T.);
#3136 = FACE_BOUND('',#3137,.T.);
#3137 = EDGE_LOOP('',(#3138,#3139,#3147,#3155,#3163,#3171,#3177,#3178));
#3138 = ORIENTED_EDGE('',*,*,#2248,.F.);
#3139 = ORIENTED_EDGE('',*,*,#3140,.T.);
#3140 = EDGE_CURVE('',#2249,#3141,#3143,.T.);
#3141 = VERTEX_POINT('',#3142);
#3142 = CARTESIAN_POINT('',(-0.1,-0.25,7.35));
#3143 = LINE('',#3144,#3145);
#3144 = CARTESIAN_POINT('',(-0.1,-0.3,7.4));
#3145 = VECTOR('',#3146,1.);
#3146 = DIRECTION('',(7.850462293414E-17,0.707106781187,-0.707106781187)
  );
#3147 = ORIENTED_EDGE('',*,*,#3148,.T.);
#3148 = EDGE_CURVE('',#3141,#3149,#3151,.T.);
#3149 = VERTEX_POINT('',#3150);
#3150 = CARTESIAN_POINT('',(-0.1,-0.25,1.25));
#3151 = LINE('',#3152,#3153);
#3152 = CARTESIAN_POINT('',(-0.1,-0.25,7.35));
#3153 = VECTOR('',#3154,1.);
#3154 = DIRECTION('',(0.,0.,-1.));
#3155 = ORIENTED_EDGE('',*,*,#3156,.T.);
#3156 = EDGE_CURVE('',#3149,#3157,#3159,.T.);
#3157 = VERTEX_POINT('',#3158);
#3158 = CARTESIAN_POINT('',(-0.1,0.25,1.25));
#3159 = LINE('',#3160,#3161);
#3160 = CARTESIAN_POINT('',(-0.1,-0.25,1.25));
#3161 = VECTOR('',#3162,1.);
#3162 = DIRECTION('',(1.110223024625E-16,1.,0.));
#3163 = ORIENTED_EDGE('',*,*,#3164,.T.);
#3164 = EDGE_CURVE('',#3157,#3165,#3167,.T.);
#3165 = VERTEX_POINT('',#3166);
#3166 = CARTESIAN_POINT('',(-0.1,0.25,7.35));
#3167 = LINE('',#3168,#3169);
#3168 = CARTESIAN_POINT('',(-0.1,0.25,1.25));
#3169 = VECTOR('',#3170,1.);
#3170 = DIRECTION('',(0.,0.,1.));
#3171 = ORIENTED_EDGE('',*,*,#3172,.T.);
#3172 = EDGE_CURVE('',#3165,#2177,#3173,.T.);
#3173 = LINE('',#3174,#3175);
#3174 = CARTESIAN_POINT('',(-0.1,0.25,7.35));
#3175 = VECTOR('',#3176,1.);
#3176 = DIRECTION('',(7.850462293414E-17,0.707106781187,0.707106781187)
  );
#3177 = ORIENTED_EDGE('',*,*,#2184,.F.);
#3178 = ORIENTED_EDGE('',*,*,#3123,.T.);
#3179 = PLANE('',#3180);
#3180 = AXIS2_PLACEMENT_3D('',#3181,#3182,#3183);
#3181 = CARTESIAN_POINT('',(-0.1,1.110223024625E-17,3.911477598424));
#3182 = DIRECTION('',(-1.,1.110223024625E-16,0.));
#3183 = DIRECTION('',(0.,0.,1.));
#3184 = ADVANCED_FACE('',(#3185),#3203,.T.);
#3185 = FACE_BOUND('',#3186,.T.);
#3186 = EDGE_LOOP('',(#3187,#3195,#3201,#3202));
#3187 = ORIENTED_EDGE('',*,*,#3188,.T.);
#3188 = EDGE_CURVE('',#3165,#3189,#3191,.T.);
#3189 = VERTEX_POINT('',#3190);
#3190 = CARTESIAN_POINT('',(0.1,0.25,7.35));
#3191 = LINE('',#3192,#3193);
#3192 = CARTESIAN_POINT('',(-0.1,0.25,7.35));
#3193 = VECTOR('',#3194,1.);
#3194 = DIRECTION('',(1.,-1.110223024625E-16,0.));
#3195 = ORIENTED_EDGE('',*,*,#3196,.T.);
#3196 = EDGE_CURVE('',#3189,#2169,#3197,.T.);
#3197 = LINE('',#3198,#3199);
#3198 = CARTESIAN_POINT('',(0.1,0.25,7.35));
#3199 = VECTOR('',#3200,1.);
#3200 = DIRECTION('',(7.850462293414E-17,0.707106781187,0.707106781187)
  );
#3201 = ORIENTED_EDGE('',*,*,#2176,.F.);
#3202 = ORIENTED_EDGE('',*,*,#3172,.F.);
#3203 = PLANE('',#3204);
#3204 = AXIS2_PLACEMENT_3D('',#3205,#3206,#3207);
#3205 = CARTESIAN_POINT('',(-0.1,0.25,7.35));
#3206 = DIRECTION('',(-7.850462293414E-17,-0.707106781187,0.707106781187
    ));
#3207 = DIRECTION('',(7.850462293414E-17,0.707106781187,0.707106781187)
  );
#3208 = ADVANCED_FACE('',(#3209),#3245,.F.);
#3209 = FACE_BOUND('',#3210,.F.);
#3210 = EDGE_LOOP('',(#3211,#3212,#3220,#3228,#3236,#3242,#3243,#3244));
#3211 = ORIENTED_EDGE('',*,*,#2264,.F.);
#3212 = ORIENTED_EDGE('',*,*,#3213,.T.);
#3213 = EDGE_CURVE('',#2257,#3214,#3216,.T.);
#3214 = VERTEX_POINT('',#3215);
#3215 = CARTESIAN_POINT('',(0.1,-0.25,7.35));
#3216 = LINE('',#3217,#3218);
#3217 = CARTESIAN_POINT('',(0.1,-0.3,7.4));
#3218 = VECTOR('',#3219,1.);
#3219 = DIRECTION('',(7.850462293414E-17,0.707106781187,-0.707106781187)
  );
#3220 = ORIENTED_EDGE('',*,*,#3221,.T.);
#3221 = EDGE_CURVE('',#3214,#3222,#3224,.T.);
#3222 = VERTEX_POINT('',#3223);
#3223 = CARTESIAN_POINT('',(0.1,-0.25,1.25));
#3224 = LINE('',#3225,#3226);
#3225 = CARTESIAN_POINT('',(0.1,-0.25,7.35));
#3226 = VECTOR('',#3227,1.);
#3227 = DIRECTION('',(0.,0.,-1.));
#3228 = ORIENTED_EDGE('',*,*,#3229,.T.);
#3229 = EDGE_CURVE('',#3222,#3230,#3232,.T.);
#3230 = VERTEX_POINT('',#3231);
#3231 = CARTESIAN_POINT('',(0.1,0.25,1.25));
#3232 = LINE('',#3233,#3234);
#3233 = CARTESIAN_POINT('',(0.1,-0.25,1.25));
#3234 = VECTOR('',#3235,1.);
#3235 = DIRECTION('',(1.110223024625E-16,1.,0.));
#3236 = ORIENTED_EDGE('',*,*,#3237,.T.);
#3237 = EDGE_CURVE('',#3230,#3189,#3238,.T.);
#3238 = LINE('',#3239,#3240);
#3239 = CARTESIAN_POINT('',(0.1,0.25,1.25));
#3240 = VECTOR('',#3241,1.);
#3241 = DIRECTION('',(0.,0.,1.));
#3242 = ORIENTED_EDGE('',*,*,#3196,.T.);
#3243 = ORIENTED_EDGE('',*,*,#2168,.F.);
#3244 = ORIENTED_EDGE('',*,*,#3108,.T.);
#3245 = PLANE('',#3246);
#3246 = AXIS2_PLACEMENT_3D('',#3247,#3248,#3249);
#3247 = CARTESIAN_POINT('',(0.1,-1.110223024625E-17,3.911477598424));
#3248 = DIRECTION('',(-1.,1.110223024625E-16,0.));
#3249 = DIRECTION('',(0.,0.,1.));
#3250 = ADVANCED_FACE('',(#3251),#3262,.T.);
#3251 = FACE_BOUND('',#3252,.T.);
#3252 = EDGE_LOOP('',(#3253,#3254,#3255,#3261));
#3253 = ORIENTED_EDGE('',*,*,#2256,.T.);
#3254 = ORIENTED_EDGE('',*,*,#3213,.T.);
#3255 = ORIENTED_EDGE('',*,*,#3256,.F.);
#3256 = EDGE_CURVE('',#3141,#3214,#3257,.T.);
#3257 = LINE('',#3258,#3259);
#3258 = CARTESIAN_POINT('',(-0.1,-0.25,7.35));
#3259 = VECTOR('',#3260,1.);
#3260 = DIRECTION('',(1.,-1.110223024625E-16,0.));
#3261 = ORIENTED_EDGE('',*,*,#3140,.F.);
#3262 = PLANE('',#3263);
#3263 = AXIS2_PLACEMENT_3D('',#3264,#3265,#3266);
#3264 = CARTESIAN_POINT('',(-0.1,-0.3,7.4));
#3265 = DIRECTION('',(7.850462293414E-17,0.707106781187,0.707106781187)
  );
#3266 = DIRECTION('',(7.850462293414E-17,0.707106781187,-0.707106781187)
  );
#3267 = ADVANCED_FACE('',(#3268),#3279,.T.);
#3268 = FACE_BOUND('',#3269,.T.);
#3269 = EDGE_LOOP('',(#3270,#3276,#3277,#3278));
#3270 = ORIENTED_EDGE('',*,*,#3271,.T.);
#3271 = EDGE_CURVE('',#2659,#2732,#3272,.T.);
#3272 = LINE('',#3273,#3274);
#3273 = CARTESIAN_POINT('',(-0.1,-7.37,1.25));
#3274 = VECTOR('',#3275,1.);
#3275 = DIRECTION('',(1.,-1.110223024625E-16,0.));
#3276 = ORIENTED_EDGE('',*,*,#2739,.T.);
#3277 = ORIENTED_EDGE('',*,*,#2690,.F.);
#3278 = ORIENTED_EDGE('',*,*,#2666,.F.);
#3279 = PLANE('',#3280);
#3280 = AXIS2_PLACEMENT_3D('',#3281,#3282,#3283);
#3281 = CARTESIAN_POINT('',(-0.1,-7.37,1.25));
#3282 = DIRECTION('',(-1.110223024625E-16,-1.,0.));
#3283 = DIRECTION('',(0.,0.,1.));
#3284 = ADVANCED_FACE('',(#3285),#3296,.T.);
#3285 = FACE_BOUND('',#3286,.T.);
#3286 = EDGE_LOOP('',(#3287,#3293,#3294,#3295));
#3287 = ORIENTED_EDGE('',*,*,#3288,.T.);
#3288 = EDGE_CURVE('',#2651,#2724,#3289,.T.);
#3289 = LINE('',#3290,#3291);
#3290 = CARTESIAN_POINT('',(-0.1,-7.87,1.25));
#3291 = VECTOR('',#3292,1.);
#3292 = DIRECTION('',(1.,-1.110223024625E-16,0.));
#3293 = ORIENTED_EDGE('',*,*,#2731,.T.);
#3294 = ORIENTED_EDGE('',*,*,#3271,.F.);
#3295 = ORIENTED_EDGE('',*,*,#2658,.F.);
#3296 = PLANE('',#3297);
#3297 = AXIS2_PLACEMENT_3D('',#3298,#3299,#3300);
#3298 = CARTESIAN_POINT('',(-0.1,-7.87,1.25));
#3299 = DIRECTION('',(0.,0.,1.));
#3300 = DIRECTION('',(1.110223024625E-16,1.,-0.));
#3301 = ADVANCED_FACE('',(#3302),#3308,.T.);
#3302 = FACE_BOUND('',#3303,.T.);
#3303 = EDGE_LOOP('',(#3304,#3305,#3306,#3307));
#3304 = ORIENTED_EDGE('',*,*,#2758,.T.);
#3305 = ORIENTED_EDGE('',*,*,#2723,.T.);
#3306 = ORIENTED_EDGE('',*,*,#3288,.F.);
#3307 = ORIENTED_EDGE('',*,*,#2650,.F.);
#3308 = PLANE('',#3309);
#3309 = AXIS2_PLACEMENT_3D('',#3310,#3311,#3312);
#3310 = CARTESIAN_POINT('',(-0.1,-7.87,7.35));
#3311 = DIRECTION('',(1.110223024625E-16,1.,0.));
#3312 = DIRECTION('',(0.,0.,-1.));
#3313 = ADVANCED_FACE('',(#3314),#3325,.T.);
#3314 = FACE_BOUND('',#3315,.T.);
#3315 = EDGE_LOOP('',(#3316,#3322,#3323,#3324));
#3316 = ORIENTED_EDGE('',*,*,#3317,.T.);
#3317 = EDGE_CURVE('',#2825,#2898,#3318,.T.);
#3318 = LINE('',#3319,#3320);
#3319 = CARTESIAN_POINT('',(-0.1,-4.83,1.25));
#3320 = VECTOR('',#3321,1.);
#3321 = DIRECTION('',(1.,-1.110223024625E-16,0.));
#3322 = ORIENTED_EDGE('',*,*,#2905,.T.);
#3323 = ORIENTED_EDGE('',*,*,#2856,.F.);
#3324 = ORIENTED_EDGE('',*,*,#2832,.F.);
#3325 = PLANE('',#3326);
#3326 = AXIS2_PLACEMENT_3D('',#3327,#3328,#3329);
#3327 = CARTESIAN_POINT('',(-0.1,-4.83,1.25));
#3328 = DIRECTION('',(-1.110223024625E-16,-1.,0.));
#3329 = DIRECTION('',(0.,0.,1.));
#3330 = ADVANCED_FACE('',(#3331),#3342,.T.);
#3331 = FACE_BOUND('',#3332,.T.);
#3332 = EDGE_LOOP('',(#3333,#3339,#3340,#3341));
#3333 = ORIENTED_EDGE('',*,*,#3334,.T.);
#3334 = EDGE_CURVE('',#2817,#2890,#3335,.T.);
#3335 = LINE('',#3336,#3337);
#3336 = CARTESIAN_POINT('',(-0.1,-5.33,1.25));
#3337 = VECTOR('',#3338,1.);
#3338 = DIRECTION('',(1.,-1.110223024625E-16,0.));
#3339 = ORIENTED_EDGE('',*,*,#2897,.T.);
#3340 = ORIENTED_EDGE('',*,*,#3317,.F.);
#3341 = ORIENTED_EDGE('',*,*,#2824,.F.);
#3342 = PLANE('',#3343);
#3343 = AXIS2_PLACEMENT_3D('',#3344,#3345,#3346);
#3344 = CARTESIAN_POINT('',(-0.1,-5.33,1.25));
#3345 = DIRECTION('',(0.,0.,1.));
#3346 = DIRECTION('',(1.110223024625E-16,1.,-0.));
#3347 = ADVANCED_FACE('',(#3348),#3354,.T.);
#3348 = FACE_BOUND('',#3349,.T.);
#3349 = EDGE_LOOP('',(#3350,#3351,#3352,#3353));
#3350 = ORIENTED_EDGE('',*,*,#2924,.T.);
#3351 = ORIENTED_EDGE('',*,*,#2889,.T.);
#3352 = ORIENTED_EDGE('',*,*,#3334,.F.);
#3353 = ORIENTED_EDGE('',*,*,#2816,.F.);
#3354 = PLANE('',#3355);
#3355 = AXIS2_PLACEMENT_3D('',#3356,#3357,#3358);
#3356 = CARTESIAN_POINT('',(-0.1,-5.33,7.35));
#3357 = DIRECTION('',(1.110223024625E-16,1.,0.));
#3358 = DIRECTION('',(0.,0.,-1.));
#3359 = ADVANCED_FACE('',(#3360),#3371,.T.);
#3360 = FACE_BOUND('',#3361,.T.);
#3361 = EDGE_LOOP('',(#3362,#3368,#3369,#3370));
#3362 = ORIENTED_EDGE('',*,*,#3363,.T.);
#3363 = EDGE_CURVE('',#2991,#3064,#3364,.T.);
#3364 = LINE('',#3365,#3366);
#3365 = CARTESIAN_POINT('',(-0.1,-2.29,1.25));
#3366 = VECTOR('',#3367,1.);
#3367 = DIRECTION('',(1.,-1.110223024625E-16,0.));
#3368 = ORIENTED_EDGE('',*,*,#3071,.T.);
#3369 = ORIENTED_EDGE('',*,*,#3022,.F.);
#3370 = ORIENTED_EDGE('',*,*,#2998,.F.);
#3371 = PLANE('',#3372);
#3372 = AXIS2_PLACEMENT_3D('',#3373,#3374,#3375);
#3373 = CARTESIAN_POINT('',(-0.1,-2.29,1.25));
#3374 = DIRECTION('',(-1.110223024625E-16,-1.,0.));
#3375 = DIRECTION('',(0.,0.,1.));
#3376 = ADVANCED_FACE('',(#3377),#3388,.T.);
#3377 = FACE_BOUND('',#3378,.T.);
#3378 = EDGE_LOOP('',(#3379,#3385,#3386,#3387));
#3379 = ORIENTED_EDGE('',*,*,#3380,.T.);
#3380 = EDGE_CURVE('',#2983,#3056,#3381,.T.);
#3381 = LINE('',#3382,#3383);
#3382 = CARTESIAN_POINT('',(-0.1,-2.79,1.25));
#3383 = VECTOR('',#3384,1.);
#3384 = DIRECTION('',(1.,-1.110223024625E-16,0.));
#3385 = ORIENTED_EDGE('',*,*,#3063,.T.);
#3386 = ORIENTED_EDGE('',*,*,#3363,.F.);
#3387 = ORIENTED_EDGE('',*,*,#2990,.F.);
#3388 = PLANE('',#3389);
#3389 = AXIS2_PLACEMENT_3D('',#3390,#3391,#3392);
#3390 = CARTESIAN_POINT('',(-0.1,-2.79,1.25));
#3391 = DIRECTION('',(0.,0.,1.));
#3392 = DIRECTION('',(1.110223024625E-16,1.,-0.));
#3393 = ADVANCED_FACE('',(#3394),#3400,.T.);
#3394 = FACE_BOUND('',#3395,.T.);
#3395 = EDGE_LOOP('',(#3396,#3397,#3398,#3399));
#3396 = ORIENTED_EDGE('',*,*,#3090,.T.);
#3397 = ORIENTED_EDGE('',*,*,#3055,.T.);
#3398 = ORIENTED_EDGE('',*,*,#3380,.F.);
#3399 = ORIENTED_EDGE('',*,*,#2982,.F.);
#3400 = PLANE('',#3401);
#3401 = AXIS2_PLACEMENT_3D('',#3402,#3403,#3404);
#3402 = CARTESIAN_POINT('',(-0.1,-2.79,7.35));
#3403 = DIRECTION('',(1.110223024625E-16,1.,0.));
#3404 = DIRECTION('',(0.,0.,-1.));
#3405 = ADVANCED_FACE('',(#3406),#3417,.T.);
#3406 = FACE_BOUND('',#3407,.T.);
#3407 = EDGE_LOOP('',(#3408,#3414,#3415,#3416));
#3408 = ORIENTED_EDGE('',*,*,#3409,.T.);
#3409 = EDGE_CURVE('',#3157,#3230,#3410,.T.);
#3410 = LINE('',#3411,#3412);
#3411 = CARTESIAN_POINT('',(-0.1,0.25,1.25));
#3412 = VECTOR('',#3413,1.);
#3413 = DIRECTION('',(1.,-1.110223024625E-16,0.));
#3414 = ORIENTED_EDGE('',*,*,#3237,.T.);
#3415 = ORIENTED_EDGE('',*,*,#3188,.F.);
#3416 = ORIENTED_EDGE('',*,*,#3164,.F.);
#3417 = PLANE('',#3418);
#3418 = AXIS2_PLACEMENT_3D('',#3419,#3420,#3421);
#3419 = CARTESIAN_POINT('',(-0.1,0.25,1.25));
#3420 = DIRECTION('',(-1.110223024625E-16,-1.,0.));
#3421 = DIRECTION('',(0.,0.,1.));
#3422 = ADVANCED_FACE('',(#3423),#3434,.T.);
#3423 = FACE_BOUND('',#3424,.T.);
#3424 = EDGE_LOOP('',(#3425,#3431,#3432,#3433));
#3425 = ORIENTED_EDGE('',*,*,#3426,.T.);
#3426 = EDGE_CURVE('',#3149,#3222,#3427,.T.);
#3427 = LINE('',#3428,#3429);
#3428 = CARTESIAN_POINT('',(-0.1,-0.25,1.25));
#3429 = VECTOR('',#3430,1.);
#3430 = DIRECTION('',(1.,-1.110223024625E-16,0.));
#3431 = ORIENTED_EDGE('',*,*,#3229,.T.);
#3432 = ORIENTED_EDGE('',*,*,#3409,.F.);
#3433 = ORIENTED_EDGE('',*,*,#3156,.F.);
#3434 = PLANE('',#3435);
#3435 = AXIS2_PLACEMENT_3D('',#3436,#3437,#3438);
#3436 = CARTESIAN_POINT('',(-0.1,-0.25,1.25));
#3437 = DIRECTION('',(0.,0.,1.));
#3438 = DIRECTION('',(1.110223024625E-16,1.,-0.));
#3439 = ADVANCED_FACE('',(#3440),#3446,.T.);
#3440 = FACE_BOUND('',#3441,.T.);
#3441 = EDGE_LOOP('',(#3442,#3443,#3444,#3445));
#3442 = ORIENTED_EDGE('',*,*,#3256,.T.);
#3443 = ORIENTED_EDGE('',*,*,#3221,.T.);
#3444 = ORIENTED_EDGE('',*,*,#3426,.F.);
#3445 = ORIENTED_EDGE('',*,*,#3148,.F.);
#3446 = PLANE('',#3447);
#3447 = AXIS2_PLACEMENT_3D('',#3448,#3449,#3450);
#3448 = CARTESIAN_POINT('',(-0.1,-0.25,7.35));
#3449 = DIRECTION('',(1.110223024625E-16,1.,0.));
#3450 = DIRECTION('',(0.,0.,-1.));
#3451 = ( GEOMETRIC_REPRESENTATION_CONTEXT(3) 
GLOBAL_UNCERTAINTY_ASSIGNED_CONTEXT((#3455)) 
GLOBAL_UNIT_ASSIGNED_CONTEXT((#3452,#3453,#3454)) REPRESENTATION_CONTEXT
('Context #1','3D Context with UNIT and UNCERTAINTY') );
#3452 = ( LENGTH_UNIT() NAMED_UNIT(*) SI_UNIT(.MILLI.,.METRE.) );
#3453 = ( NAMED_UNIT(*) PLANE_ANGLE_UNIT() SI_UNIT($,.RADIAN.) );
#3454 = ( NAMED_UNIT(*) SI_UNIT($,.STERADIAN.) SOLID_ANGLE_UNIT() );
#3455 = UNCERTAINTY_MEASURE_WITH_UNIT(LENGTH_MEASURE(1.E-07),#3452,
  'distance_accuracy_value','confusion accuracy');
#3456 = CONTEXT_DEPENDENT_SHAPE_REPRESENTATION(#3457,#3459);
#3457 = ( REPRESENTATION_RELATIONSHIP('','',#64,#10) 
REPRESENTATION_RELATIONSHIP_WITH_TRANSFORMATION(#3458) 
SHAPE_REPRESENTATION_RELATIONSHIP() );
#3458 = ITEM_DEFINED_TRANSFORMATION('','',#11,#15);
#3459 = PRODUCT_DEFINITION_SHAPE('Placement','Placement of an item',
  #3460);
#3460 = NEXT_ASSEMBLY_USAGE_OCCURRENCE('1','J13','',#5,#59,$);
#3461 = PRODUCT_RELATED_PRODUCT_CATEGORY('part',$,(#61));
#3462 = CONTEXT_DEPENDENT_SHAPE_REPRESENTATION(#3463,#3465);
#3463 = ( REPRESENTATION_RELATIONSHIP('','',#64,#10) 
REPRESENTATION_RELATIONSHIP_WITH_TRANSFORMATION(#3464) 
SHAPE_REPRESENTATION_RELATIONSHIP() );
#3464 = ITEM_DEFINED_TRANSFORMATION('','',#11,#19);
#3465 = PRODUCT_DEFINITION_SHAPE('Placement','Placement of an item',
  #3466);
#3466 = NEXT_ASSEMBLY_USAGE_OCCURRENCE('2','J19','',#5,#59,$);
#3467 = CONTEXT_DEPENDENT_SHAPE_REPRESENTATION(#3468,#3470);
#3468 = ( REPRESENTATION_RELATIONSHIP('','',#64,#10) 
REPRESENTATION_RELATIONSHIP_WITH_TRANSFORMATION(#3469) 
SHAPE_REPRESENTATION_RELATIONSHIP() );
#3469 = ITEM_DEFINED_TRANSFORMATION('','',#11,#23);
#3470 = PRODUCT_DEFINITION_SHAPE('Placement','Placement of an item',
  #3471);
#3471 = NEXT_ASSEMBLY_USAGE_OCCURRENCE('3','J38','',#5,#59,$);
#3472 = CONTEXT_DEPENDENT_SHAPE_REPRESENTATION(#3473,#3475);
#3473 = ( REPRESENTATION_RELATIONSHIP('','',#64,#10) 
REPRESENTATION_RELATIONSHIP_WITH_TRANSFORMATION(#3474) 
SHAPE_REPRESENTATION_RELATIONSHIP() );
#3474 = ITEM_DEFINED_TRANSFORMATION('','',#11,#27);
#3475 = PRODUCT_DEFINITION_SHAPE('Placement','Placement of an item',
  #3476);
#3476 = NEXT_ASSEMBLY_USAGE_OCCURRENCE('4','J40','',#5,#59,$);
#3477 = CONTEXT_DEPENDENT_SHAPE_REPRESENTATION(#3478,#3480);
#3478 = ( REPRESENTATION_RELATIONSHIP('','',#64,#10) 
REPRESENTATION_RELATIONSHIP_WITH_TRANSFORMATION(#3479) 
SHAPE_REPRESENTATION_RELATIONSHIP() );
#3479 = ITEM_DEFINED_TRANSFORMATION('','',#11,#31);
#3480 = PRODUCT_DEFINITION_SHAPE('Placement','Placement of an item',
  #3481);
#3481 = NEXT_ASSEMBLY_USAGE_OCCURRENCE('5','J47','',#5,#59,$);
#3482 = CONTEXT_DEPENDENT_SHAPE_REPRESENTATION(#3483,#3485);
#3483 = ( REPRESENTATION_RELATIONSHIP('','',#64,#10) 
REPRESENTATION_RELATIONSHIP_WITH_TRANSFORMATION(#3484) 
SHAPE_REPRESENTATION_RELATIONSHIP() );
#3484 = ITEM_DEFINED_TRANSFORMATION('','',#11,#35);
#3485 = PRODUCT_DEFINITION_SHAPE('Placement','Placement of an item',
  #3486);
#3486 = NEXT_ASSEMBLY_USAGE_OCCURRENCE('6','J34','',#5,#59,$);
#3487 = CONTEXT_DEPENDENT_SHAPE_REPRESENTATION(#3488,#3490);
#3488 = ( REPRESENTATION_RELATIONSHIP('','',#64,#10) 
REPRESENTATION_RELATIONSHIP_WITH_TRANSFORMATION(#3489) 
SHAPE_REPRESENTATION_RELATIONSHIP() );
#3489 = ITEM_DEFINED_TRANSFORMATION('','',#11,#39);
#3490 = PRODUCT_DEFINITION_SHAPE('Placement','Placement of an item',
  #3491);
#3491 = NEXT_ASSEMBLY_USAGE_OCCURRENCE('7','J9','',#5,#59,$);
#3492 = SHAPE_DEFINITION_REPRESENTATION(#3493,#3499);
#3493 = PRODUCT_DEFINITION_SHAPE('','',#3494);
#3494 = PRODUCT_DEFINITION('design','',#3495,#3498);
#3495 = PRODUCT_DEFINITION_FORMATION('','',#3496);
#3496 = PRODUCT('R_0805_2012Metric','R_0805_2012Metric','',(#3497));
#3497 = PRODUCT_CONTEXT('',#2,'mechanical');
#3498 = PRODUCT_DEFINITION_CONTEXT('part definition',#2,'design');
#3499 = ADVANCED_BREP_SHAPE_REPRESENTATION('',(#11,#3500),#4290);
#3500 = MANIFOLD_SOLID_BREP('',#3501);
#3501 = CLOSED_SHELL('',(#3502,#3542,#3625,#3650,#3675,#3742,#3759,#3776
    ,#3825,#3842,#3859,#3908,#3925,#3994,#4025,#4049,#4118,#4142,#4159,
    #4176,#4193,#4210,#4227,#4244,#4261,#4278));
#3502 = ADVANCED_FACE('',(#3503),#3537,.F.);
#3503 = FACE_BOUND('',#3504,.F.);
#3504 = EDGE_LOOP('',(#3505,#3515,#3523,#3531));
#3505 = ORIENTED_EDGE('',*,*,#3506,.F.);
#3506 = EDGE_CURVE('',#3507,#3509,#3511,.T.);
#3507 = VERTEX_POINT('',#3508);
#3508 = CARTESIAN_POINT('',(-1.,-0.6,4.5E-02));
#3509 = VERTEX_POINT('',#3510);
#3510 = CARTESIAN_POINT('',(-1.,-0.6,0.405));
#3511 = LINE('',#3512,#3513);
#3512 = CARTESIAN_POINT('',(-1.,-0.6,0.));
#3513 = VECTOR('',#3514,1.);
#3514 = DIRECTION('',(0.,0.,1.));
#3515 = ORIENTED_EDGE('',*,*,#3516,.T.);
#3516 = EDGE_CURVE('',#3507,#3517,#3519,.T.);
#3517 = VERTEX_POINT('',#3518);
#3518 = CARTESIAN_POINT('',(-1.,0.6,4.5E-02));
#3519 = LINE('',#3520,#3521);
#3520 = CARTESIAN_POINT('',(-1.,-0.6,4.5E-02));
#3521 = VECTOR('',#3522,1.);
#3522 = DIRECTION('',(0.,1.,0.));
#3523 = ORIENTED_EDGE('',*,*,#3524,.T.);
#3524 = EDGE_CURVE('',#3517,#3525,#3527,.T.);
#3525 = VERTEX_POINT('',#3526);
#3526 = CARTESIAN_POINT('',(-1.,0.6,0.405));
#3527 = LINE('',#3528,#3529);
#3528 = CARTESIAN_POINT('',(-1.,0.6,0.));
#3529 = VECTOR('',#3530,1.);
#3530 = DIRECTION('',(0.,0.,1.));
#3531 = ORIENTED_EDGE('',*,*,#3532,.F.);
#3532 = EDGE_CURVE('',#3509,#3525,#3533,.T.);
#3533 = LINE('',#3534,#3535);
#3534 = CARTESIAN_POINT('',(-1.,-0.6,0.405));
#3535 = VECTOR('',#3536,1.);
#3536 = DIRECTION('',(0.,1.,0.));
#3537 = PLANE('',#3538);
#3538 = AXIS2_PLACEMENT_3D('',#3539,#3540,#3541);
#3539 = CARTESIAN_POINT('',(-1.,-0.6,0.));
#3540 = DIRECTION('',(1.,0.,0.));
#3541 = DIRECTION('',(0.,0.,1.));
#3542 = ADVANCED_FACE('',(#3543),#3620,.F.);
#3543 = FACE_BOUND('',#3544,.F.);
#3544 = EDGE_LOOP('',(#3545,#3555,#3562,#3563,#3572,#3580,#3589,#3597,
    #3605,#3613));
#3545 = ORIENTED_EDGE('',*,*,#3546,.F.);
#3546 = EDGE_CURVE('',#3547,#3549,#3551,.T.);
#3547 = VERTEX_POINT('',#3548);
#3548 = CARTESIAN_POINT('',(-0.955,-0.6,-2.775557561563E-17));
#3549 = VERTEX_POINT('',#3550);
#3550 = CARTESIAN_POINT('',(-0.745,-0.6,-2.775557561563E-17));
#3551 = LINE('',#3552,#3553);
#3552 = CARTESIAN_POINT('',(-1.,-0.6,0.));
#3553 = VECTOR('',#3554,1.);
#3554 = DIRECTION('',(1.,0.,0.));
#3555 = ORIENTED_EDGE('',*,*,#3556,.F.);
#3556 = EDGE_CURVE('',#3507,#3547,#3557,.T.);
#3557 = CIRCLE('',#3558,4.5E-02);
#3558 = AXIS2_PLACEMENT_3D('',#3559,#3560,#3561);
#3559 = CARTESIAN_POINT('',(-0.955,-0.6,4.5E-02));
#3560 = DIRECTION('',(0.,-1.,0.));
#3561 = DIRECTION('',(0.,0.,1.));
#3562 = ORIENTED_EDGE('',*,*,#3506,.T.);
#3563 = ORIENTED_EDGE('',*,*,#3564,.T.);
#3564 = EDGE_CURVE('',#3509,#3565,#3567,.T.);
#3565 = VERTEX_POINT('',#3566);
#3566 = CARTESIAN_POINT('',(-0.955,-0.6,0.45));
#3567 = CIRCLE('',#3568,4.5E-02);
#3568 = AXIS2_PLACEMENT_3D('',#3569,#3570,#3571);
#3569 = CARTESIAN_POINT('',(-0.955,-0.6,0.405));
#3570 = DIRECTION('',(0.,1.,0.));
#3571 = DIRECTION('',(0.,-0.,1.));
#3572 = ORIENTED_EDGE('',*,*,#3573,.T.);
#3573 = EDGE_CURVE('',#3565,#3574,#3576,.T.);
#3574 = VERTEX_POINT('',#3575);
#3575 = CARTESIAN_POINT('',(-0.745,-0.6,0.45));
#3576 = LINE('',#3577,#3578);
#3577 = CARTESIAN_POINT('',(-1.,-0.6,0.45));
#3578 = VECTOR('',#3579,1.);
#3579 = DIRECTION('',(1.,0.,0.));
#3580 = ORIENTED_EDGE('',*,*,#3581,.F.);
#3581 = EDGE_CURVE('',#3582,#3574,#3584,.T.);
#3582 = VERTEX_POINT('',#3583);
#3583 = CARTESIAN_POINT('',(-0.7,-0.6,0.405));
#3584 = CIRCLE('',#3585,4.5E-02);
#3585 = AXIS2_PLACEMENT_3D('',#3586,#3587,#3588);
#3586 = CARTESIAN_POINT('',(-0.745,-0.6,0.405));
#3587 = DIRECTION('',(0.,-1.,0.));
#3588 = DIRECTION('',(0.,0.,1.));
#3589 = ORIENTED_EDGE('',*,*,#3590,.F.);
#3590 = EDGE_CURVE('',#3591,#3582,#3593,.T.);
#3591 = VERTEX_POINT('',#3592);
#3592 = CARTESIAN_POINT('',(-0.955,-0.6,0.405));
#3593 = LINE('',#3594,#3595);
#3594 = CARTESIAN_POINT('',(-0.955,-0.6,0.405));
#3595 = VECTOR('',#3596,1.);
#3596 = DIRECTION('',(1.,0.,0.));
#3597 = ORIENTED_EDGE('',*,*,#3598,.F.);
#3598 = EDGE_CURVE('',#3599,#3591,#3601,.T.);
#3599 = VERTEX_POINT('',#3600);
#3600 = CARTESIAN_POINT('',(-0.955,-0.6,4.5E-02));
#3601 = LINE('',#3602,#3603);
#3602 = CARTESIAN_POINT('',(-0.955,-0.6,4.5E-02));
#3603 = VECTOR('',#3604,1.);
#3604 = DIRECTION('',(0.,0.,1.));
#3605 = ORIENTED_EDGE('',*,*,#3606,.T.);
#3606 = EDGE_CURVE('',#3599,#3607,#3609,.T.);
#3607 = VERTEX_POINT('',#3608);
#3608 = CARTESIAN_POINT('',(-0.7,-0.6,4.5E-02));
#3609 = LINE('',#3610,#3611);
#3610 = CARTESIAN_POINT('',(-0.955,-0.6,4.5E-02));
#3611 = VECTOR('',#3612,1.);
#3612 = DIRECTION('',(1.,0.,0.));
#3613 = ORIENTED_EDGE('',*,*,#3614,.T.);
#3614 = EDGE_CURVE('',#3607,#3549,#3615,.T.);
#3615 = CIRCLE('',#3616,4.5E-02);
#3616 = AXIS2_PLACEMENT_3D('',#3617,#3618,#3619);
#3617 = CARTESIAN_POINT('',(-0.745,-0.6,4.5E-02));
#3618 = DIRECTION('',(0.,1.,0.));
#3619 = DIRECTION('',(0.,-0.,1.));
#3620 = PLANE('',#3621);
#3621 = AXIS2_PLACEMENT_3D('',#3622,#3623,#3624);
#3622 = CARTESIAN_POINT('',(-1.,-0.6,0.));
#3623 = DIRECTION('',(0.,1.,0.));
#3624 = DIRECTION('',(0.,-0.,1.));
#3625 = ADVANCED_FACE('',(#3626),#3645,.T.);
#3626 = FACE_BOUND('',#3627,.T.);
#3627 = EDGE_LOOP('',(#3628,#3629,#3638,#3644));
#3628 = ORIENTED_EDGE('',*,*,#3516,.T.);
#3629 = ORIENTED_EDGE('',*,*,#3630,.T.);
#3630 = EDGE_CURVE('',#3517,#3631,#3633,.T.);
#3631 = VERTEX_POINT('',#3632);
#3632 = CARTESIAN_POINT('',(-0.955,0.6,-2.775557561563E-17));
#3633 = CIRCLE('',#3634,4.5E-02);
#3634 = AXIS2_PLACEMENT_3D('',#3635,#3636,#3637);
#3635 = CARTESIAN_POINT('',(-0.955,0.6,4.5E-02));
#3636 = DIRECTION('',(0.,-1.,0.));
#3637 = DIRECTION('',(0.,0.,1.));
#3638 = ORIENTED_EDGE('',*,*,#3639,.F.);
#3639 = EDGE_CURVE('',#3547,#3631,#3640,.T.);
#3640 = LINE('',#3641,#3642);
#3641 = CARTESIAN_POINT('',(-0.955,-0.6,-2.775557561563E-17));
#3642 = VECTOR('',#3643,1.);
#3643 = DIRECTION('',(0.,1.,0.));
#3644 = ORIENTED_EDGE('',*,*,#3556,.F.);
#3645 = CYLINDRICAL_SURFACE('',#3646,4.5E-02);
#3646 = AXIS2_PLACEMENT_3D('',#3647,#3648,#3649);
#3647 = CARTESIAN_POINT('',(-0.955,-0.6,4.5E-02));
#3648 = DIRECTION('',(0.,1.,0.));
#3649 = DIRECTION('',(-1.,0.,0.));
#3650 = ADVANCED_FACE('',(#3651),#3670,.T.);
#3651 = FACE_BOUND('',#3652,.T.);
#3652 = EDGE_LOOP('',(#3653,#3654,#3662,#3669));
#3653 = ORIENTED_EDGE('',*,*,#3564,.T.);
#3654 = ORIENTED_EDGE('',*,*,#3655,.T.);
#3655 = EDGE_CURVE('',#3565,#3656,#3658,.T.);
#3656 = VERTEX_POINT('',#3657);
#3657 = CARTESIAN_POINT('',(-0.955,0.6,0.45));
#3658 = LINE('',#3659,#3660);
#3659 = CARTESIAN_POINT('',(-0.955,-0.6,0.45));
#3660 = VECTOR('',#3661,1.);
#3661 = DIRECTION('',(0.,1.,0.));
#3662 = ORIENTED_EDGE('',*,*,#3663,.F.);
#3663 = EDGE_CURVE('',#3525,#3656,#3664,.T.);
#3664 = CIRCLE('',#3665,4.5E-02);
#3665 = AXIS2_PLACEMENT_3D('',#3666,#3667,#3668);
#3666 = CARTESIAN_POINT('',(-0.955,0.6,0.405));
#3667 = DIRECTION('',(0.,1.,0.));
#3668 = DIRECTION('',(0.,-0.,1.));
#3669 = ORIENTED_EDGE('',*,*,#3532,.F.);
#3670 = CYLINDRICAL_SURFACE('',#3671,4.5E-02);
#3671 = AXIS2_PLACEMENT_3D('',#3672,#3673,#3674);
#3672 = CARTESIAN_POINT('',(-0.955,-0.6,0.405));
#3673 = DIRECTION('',(0.,1.,0.));
#3674 = DIRECTION('',(-1.,0.,0.));
#3675 = ADVANCED_FACE('',(#3676),#3737,.T.);
#3676 = FACE_BOUND('',#3677,.T.);
#3677 = EDGE_LOOP('',(#3678,#3686,#3687,#3688,#3689,#3697,#3706,#3714,
    #3722,#3730));
#3678 = ORIENTED_EDGE('',*,*,#3679,.F.);
#3679 = EDGE_CURVE('',#3631,#3680,#3682,.T.);
#3680 = VERTEX_POINT('',#3681);
#3681 = CARTESIAN_POINT('',(-0.745,0.6,-2.775557561563E-17));
#3682 = LINE('',#3683,#3684);
#3683 = CARTESIAN_POINT('',(-1.,0.6,0.));
#3684 = VECTOR('',#3685,1.);
#3685 = DIRECTION('',(1.,0.,0.));
#3686 = ORIENTED_EDGE('',*,*,#3630,.F.);
#3687 = ORIENTED_EDGE('',*,*,#3524,.T.);
#3688 = ORIENTED_EDGE('',*,*,#3663,.T.);
#3689 = ORIENTED_EDGE('',*,*,#3690,.T.);
#3690 = EDGE_CURVE('',#3656,#3691,#3693,.T.);
#3691 = VERTEX_POINT('',#3692);
#3692 = CARTESIAN_POINT('',(-0.745,0.6,0.45));
#3693 = LINE('',#3694,#3695);
#3694 = CARTESIAN_POINT('',(-1.,0.6,0.45));
#3695 = VECTOR('',#3696,1.);
#3696 = DIRECTION('',(1.,0.,0.));
#3697 = ORIENTED_EDGE('',*,*,#3698,.F.);
#3698 = EDGE_CURVE('',#3699,#3691,#3701,.T.);
#3699 = VERTEX_POINT('',#3700);
#3700 = CARTESIAN_POINT('',(-0.7,0.6,0.405));
#3701 = CIRCLE('',#3702,4.5E-02);
#3702 = AXIS2_PLACEMENT_3D('',#3703,#3704,#3705);
#3703 = CARTESIAN_POINT('',(-0.745,0.6,0.405));
#3704 = DIRECTION('',(0.,-1.,0.));
#3705 = DIRECTION('',(0.,0.,1.));
#3706 = ORIENTED_EDGE('',*,*,#3707,.F.);
#3707 = EDGE_CURVE('',#3708,#3699,#3710,.T.);
#3708 = VERTEX_POINT('',#3709);
#3709 = CARTESIAN_POINT('',(-0.955,0.6,0.405));
#3710 = LINE('',#3711,#3712);
#3711 = CARTESIAN_POINT('',(-0.955,0.6,0.405));
#3712 = VECTOR('',#3713,1.);
#3713 = DIRECTION('',(1.,0.,0.));
#3714 = ORIENTED_EDGE('',*,*,#3715,.F.);
#3715 = EDGE_CURVE('',#3716,#3708,#3718,.T.);
#3716 = VERTEX_POINT('',#3717);
#3717 = CARTESIAN_POINT('',(-0.955,0.6,4.5E-02));
#3718 = LINE('',#3719,#3720);
#3719 = CARTESIAN_POINT('',(-0.955,0.6,4.5E-02));
#3720 = VECTOR('',#3721,1.);
#3721 = DIRECTION('',(0.,0.,1.));
#3722 = ORIENTED_EDGE('',*,*,#3723,.T.);
#3723 = EDGE_CURVE('',#3716,#3724,#3726,.T.);
#3724 = VERTEX_POINT('',#3725);
#3725 = CARTESIAN_POINT('',(-0.7,0.6,4.5E-02));
#3726 = LINE('',#3727,#3728);
#3727 = CARTESIAN_POINT('',(-0.955,0.6,4.5E-02));
#3728 = VECTOR('',#3729,1.);
#3729 = DIRECTION('',(1.,0.,0.));
#3730 = ORIENTED_EDGE('',*,*,#3731,.T.);
#3731 = EDGE_CURVE('',#3724,#3680,#3732,.T.);
#3732 = CIRCLE('',#3733,4.5E-02);
#3733 = AXIS2_PLACEMENT_3D('',#3734,#3735,#3736);
#3734 = CARTESIAN_POINT('',(-0.745,0.6,4.5E-02));
#3735 = DIRECTION('',(0.,1.,0.));
#3736 = DIRECTION('',(0.,-0.,1.));
#3737 = PLANE('',#3738);
#3738 = AXIS2_PLACEMENT_3D('',#3739,#3740,#3741);
#3739 = CARTESIAN_POINT('',(-1.,0.6,0.));
#3740 = DIRECTION('',(0.,1.,0.));
#3741 = DIRECTION('',(0.,-0.,1.));
#3742 = ADVANCED_FACE('',(#3743),#3754,.F.);
#3743 = FACE_BOUND('',#3744,.F.);
#3744 = EDGE_LOOP('',(#3745,#3746,#3747,#3748));
#3745 = ORIENTED_EDGE('',*,*,#3679,.F.);
#3746 = ORIENTED_EDGE('',*,*,#3639,.F.);
#3747 = ORIENTED_EDGE('',*,*,#3546,.T.);
#3748 = ORIENTED_EDGE('',*,*,#3749,.T.);
#3749 = EDGE_CURVE('',#3549,#3680,#3750,.T.);
#3750 = LINE('',#3751,#3752);
#3751 = CARTESIAN_POINT('',(-0.745,-0.6,-2.775557561563E-17));
#3752 = VECTOR('',#3753,1.);
#3753 = DIRECTION('',(0.,1.,0.));
#3754 = PLANE('',#3755);
#3755 = AXIS2_PLACEMENT_3D('',#3756,#3757,#3758);
#3756 = CARTESIAN_POINT('',(-1.,-0.6,0.));
#3757 = DIRECTION('',(0.,0.,1.));
#3758 = DIRECTION('',(1.,0.,-0.));
#3759 = ADVANCED_FACE('',(#3760),#3771,.T.);
#3760 = FACE_BOUND('',#3761,.T.);
#3761 = EDGE_LOOP('',(#3762,#3763,#3764,#3765));
#3762 = ORIENTED_EDGE('',*,*,#3614,.T.);
#3763 = ORIENTED_EDGE('',*,*,#3749,.T.);
#3764 = ORIENTED_EDGE('',*,*,#3731,.F.);
#3765 = ORIENTED_EDGE('',*,*,#3766,.F.);
#3766 = EDGE_CURVE('',#3607,#3724,#3767,.T.);
#3767 = LINE('',#3768,#3769);
#3768 = CARTESIAN_POINT('',(-0.7,-0.6,4.5E-02));
#3769 = VECTOR('',#3770,1.);
#3770 = DIRECTION('',(0.,1.,0.));
#3771 = CYLINDRICAL_SURFACE('',#3772,4.5E-02);
#3772 = AXIS2_PLACEMENT_3D('',#3773,#3774,#3775);
#3773 = CARTESIAN_POINT('',(-0.745,-0.6,4.5E-02));
#3774 = DIRECTION('',(0.,1.,0.));
#3775 = DIRECTION('',(1.,0.,0.));
#3776 = ADVANCED_FACE('',(#3777),#3820,.F.);
#3777 = FACE_BOUND('',#3778,.F.);
#3778 = EDGE_LOOP('',(#3779,#3780,#3781,#3782,#3790,#3798,#3806,#3814));
#3779 = ORIENTED_EDGE('',*,*,#3606,.F.);
#3780 = ORIENTED_EDGE('',*,*,#3598,.T.);
#3781 = ORIENTED_EDGE('',*,*,#3590,.T.);
#3782 = ORIENTED_EDGE('',*,*,#3783,.T.);
#3783 = EDGE_CURVE('',#3582,#3784,#3786,.T.);
#3784 = VERTEX_POINT('',#3785);
#3785 = CARTESIAN_POINT('',(0.7,-0.6,0.405));
#3786 = LINE('',#3787,#3788);
#3787 = CARTESIAN_POINT('',(-0.7,-0.6,0.405));
#3788 = VECTOR('',#3789,1.);
#3789 = DIRECTION('',(1.,0.,0.));
#3790 = ORIENTED_EDGE('',*,*,#3791,.T.);
#3791 = EDGE_CURVE('',#3784,#3792,#3794,.T.);
#3792 = VERTEX_POINT('',#3793);
#3793 = CARTESIAN_POINT('',(0.955,-0.6,0.405));
#3794 = LINE('',#3795,#3796);
#3795 = CARTESIAN_POINT('',(-0.955,-0.6,0.405));
#3796 = VECTOR('',#3797,1.);
#3797 = DIRECTION('',(1.,0.,0.));
#3798 = ORIENTED_EDGE('',*,*,#3799,.F.);
#3799 = EDGE_CURVE('',#3800,#3792,#3802,.T.);
#3800 = VERTEX_POINT('',#3801);
#3801 = CARTESIAN_POINT('',(0.955,-0.6,4.5E-02));
#3802 = LINE('',#3803,#3804);
#3803 = CARTESIAN_POINT('',(0.955,-0.6,4.5E-02));
#3804 = VECTOR('',#3805,1.);
#3805 = DIRECTION('',(0.,0.,1.));
#3806 = ORIENTED_EDGE('',*,*,#3807,.F.);
#3807 = EDGE_CURVE('',#3808,#3800,#3810,.T.);
#3808 = VERTEX_POINT('',#3809);
#3809 = CARTESIAN_POINT('',(0.7,-0.6,4.5E-02));
#3810 = LINE('',#3811,#3812);
#3811 = CARTESIAN_POINT('',(-0.955,-0.6,4.5E-02));
#3812 = VECTOR('',#3813,1.);
#3813 = DIRECTION('',(1.,0.,0.));
#3814 = ORIENTED_EDGE('',*,*,#3815,.F.);
#3815 = EDGE_CURVE('',#3607,#3808,#3816,.T.);
#3816 = LINE('',#3817,#3818);
#3817 = CARTESIAN_POINT('',(-0.955,-0.6,4.5E-02));
#3818 = VECTOR('',#3819,1.);
#3819 = DIRECTION('',(1.,0.,0.));
#3820 = PLANE('',#3821);
#3821 = AXIS2_PLACEMENT_3D('',#3822,#3823,#3824);
#3822 = CARTESIAN_POINT('',(-0.955,-0.6,4.5E-02));
#3823 = DIRECTION('',(0.,1.,0.));
#3824 = DIRECTION('',(0.,-0.,1.));
#3825 = ADVANCED_FACE('',(#3826),#3837,.T.);
#3826 = FACE_BOUND('',#3827,.T.);
#3827 = EDGE_LOOP('',(#3828,#3829,#3830,#3831));
#3828 = ORIENTED_EDGE('',*,*,#3690,.F.);
#3829 = ORIENTED_EDGE('',*,*,#3655,.F.);
#3830 = ORIENTED_EDGE('',*,*,#3573,.T.);
#3831 = ORIENTED_EDGE('',*,*,#3832,.T.);
#3832 = EDGE_CURVE('',#3574,#3691,#3833,.T.);
#3833 = LINE('',#3834,#3835);
#3834 = CARTESIAN_POINT('',(-0.745,-0.6,0.45));
#3835 = VECTOR('',#3836,1.);
#3836 = DIRECTION('',(0.,1.,0.));
#3837 = PLANE('',#3838);
#3838 = AXIS2_PLACEMENT_3D('',#3839,#3840,#3841);
#3839 = CARTESIAN_POINT('',(-1.,-0.6,0.45));
#3840 = DIRECTION('',(0.,0.,1.));
#3841 = DIRECTION('',(1.,0.,-0.));
#3842 = ADVANCED_FACE('',(#3843),#3854,.T.);
#3843 = FACE_BOUND('',#3844,.T.);
#3844 = EDGE_LOOP('',(#3845,#3851,#3852,#3853));
#3845 = ORIENTED_EDGE('',*,*,#3846,.T.);
#3846 = EDGE_CURVE('',#3582,#3699,#3847,.T.);
#3847 = LINE('',#3848,#3849);
#3848 = CARTESIAN_POINT('',(-0.7,-0.6,0.405));
#3849 = VECTOR('',#3850,1.);
#3850 = DIRECTION('',(0.,1.,0.));
#3851 = ORIENTED_EDGE('',*,*,#3698,.T.);
#3852 = ORIENTED_EDGE('',*,*,#3832,.F.);
#3853 = ORIENTED_EDGE('',*,*,#3581,.F.);
#3854 = CYLINDRICAL_SURFACE('',#3855,4.5E-02);
#3855 = AXIS2_PLACEMENT_3D('',#3856,#3857,#3858);
#3856 = CARTESIAN_POINT('',(-0.745,-0.6,0.405));
#3857 = DIRECTION('',(0.,1.,0.));
#3858 = DIRECTION('',(1.,0.,0.));
#3859 = ADVANCED_FACE('',(#3860),#3903,.T.);
#3860 = FACE_BOUND('',#3861,.T.);
#3861 = EDGE_LOOP('',(#3862,#3863,#3864,#3865,#3873,#3881,#3889,#3897));
#3862 = ORIENTED_EDGE('',*,*,#3723,.F.);
#3863 = ORIENTED_EDGE('',*,*,#3715,.T.);
#3864 = ORIENTED_EDGE('',*,*,#3707,.T.);
#3865 = ORIENTED_EDGE('',*,*,#3866,.T.);
#3866 = EDGE_CURVE('',#3699,#3867,#3869,.T.);
#3867 = VERTEX_POINT('',#3868);
#3868 = CARTESIAN_POINT('',(0.7,0.6,0.405));
#3869 = LINE('',#3870,#3871);
#3870 = CARTESIAN_POINT('',(-0.7,0.6,0.405));
#3871 = VECTOR('',#3872,1.);
#3872 = DIRECTION('',(1.,0.,0.));
#3873 = ORIENTED_EDGE('',*,*,#3874,.T.);
#3874 = EDGE_CURVE('',#3867,#3875,#3877,.T.);
#3875 = VERTEX_POINT('',#3876);
#3876 = CARTESIAN_POINT('',(0.955,0.6,0.405));
#3877 = LINE('',#3878,#3879);
#3878 = CARTESIAN_POINT('',(-0.955,0.6,0.405));
#3879 = VECTOR('',#3880,1.);
#3880 = DIRECTION('',(1.,0.,0.));
#3881 = ORIENTED_EDGE('',*,*,#3882,.F.);
#3882 = EDGE_CURVE('',#3883,#3875,#3885,.T.);
#3883 = VERTEX_POINT('',#3884);
#3884 = CARTESIAN_POINT('',(0.955,0.6,4.5E-02));
#3885 = LINE('',#3886,#3887);
#3886 = CARTESIAN_POINT('',(0.955,0.6,4.5E-02));
#3887 = VECTOR('',#3888,1.);
#3888 = DIRECTION('',(0.,0.,1.));
#3889 = ORIENTED_EDGE('',*,*,#3890,.F.);
#3890 = EDGE_CURVE('',#3891,#3883,#3893,.T.);
#3891 = VERTEX_POINT('',#3892);
#3892 = CARTESIAN_POINT('',(0.7,0.6,4.5E-02));
#3893 = LINE('',#3894,#3895);
#3894 = CARTESIAN_POINT('',(-0.955,0.6,4.5E-02));
#3895 = VECTOR('',#3896,1.);
#3896 = DIRECTION('',(1.,0.,0.));
#3897 = ORIENTED_EDGE('',*,*,#3898,.F.);
#3898 = EDGE_CURVE('',#3724,#3891,#3899,.T.);
#3899 = LINE('',#3900,#3901);
#3900 = CARTESIAN_POINT('',(-0.955,0.6,4.5E-02));
#3901 = VECTOR('',#3902,1.);
#3902 = DIRECTION('',(1.,0.,0.));
#3903 = PLANE('',#3904);
#3904 = AXIS2_PLACEMENT_3D('',#3905,#3906,#3907);
#3905 = CARTESIAN_POINT('',(-0.955,0.6,4.5E-02));
#3906 = DIRECTION('',(0.,1.,0.));
#3907 = DIRECTION('',(0.,-0.,1.));
#3908 = ADVANCED_FACE('',(#3909),#3920,.F.);
#3909 = FACE_BOUND('',#3910,.F.);
#3910 = EDGE_LOOP('',(#3911,#3912,#3913,#3919));
#3911 = ORIENTED_EDGE('',*,*,#3766,.F.);
#3912 = ORIENTED_EDGE('',*,*,#3815,.T.);
#3913 = ORIENTED_EDGE('',*,*,#3914,.T.);
#3914 = EDGE_CURVE('',#3808,#3891,#3915,.T.);
#3915 = LINE('',#3916,#3917);
#3916 = CARTESIAN_POINT('',(0.7,-0.6,4.5E-02));
#3917 = VECTOR('',#3918,1.);
#3918 = DIRECTION('',(0.,1.,0.));
#3919 = ORIENTED_EDGE('',*,*,#3898,.F.);
#3920 = PLANE('',#3921);
#3921 = AXIS2_PLACEMENT_3D('',#3922,#3923,#3924);
#3922 = CARTESIAN_POINT('',(-0.955,-0.6,4.5E-02));
#3923 = DIRECTION('',(0.,0.,1.));
#3924 = DIRECTION('',(1.,0.,-0.));
#3925 = ADVANCED_FACE('',(#3926),#3989,.F.);
#3926 = FACE_BOUND('',#3927,.F.);
#3927 = EDGE_LOOP('',(#3928,#3938,#3945,#3946,#3947,#3948,#3957,#3965,
    #3974,#3982));
#3928 = ORIENTED_EDGE('',*,*,#3929,.F.);
#3929 = EDGE_CURVE('',#3930,#3932,#3934,.T.);
#3930 = VERTEX_POINT('',#3931);
#3931 = CARTESIAN_POINT('',(0.745,-0.6,-2.775557561563E-17));
#3932 = VERTEX_POINT('',#3933);
#3933 = CARTESIAN_POINT('',(0.955,-0.6,-2.775557561563E-17));
#3934 = LINE('',#3935,#3936);
#3935 = CARTESIAN_POINT('',(0.7,-0.6,0.));
#3936 = VECTOR('',#3937,1.);
#3937 = DIRECTION('',(1.,0.,0.));
#3938 = ORIENTED_EDGE('',*,*,#3939,.F.);
#3939 = EDGE_CURVE('',#3808,#3930,#3940,.T.);
#3940 = CIRCLE('',#3941,4.5E-02);
#3941 = AXIS2_PLACEMENT_3D('',#3942,#3943,#3944);
#3942 = CARTESIAN_POINT('',(0.745,-0.6,4.5E-02));
#3943 = DIRECTION('',(0.,-1.,0.));
#3944 = DIRECTION('',(0.,0.,1.));
#3945 = ORIENTED_EDGE('',*,*,#3807,.T.);
#3946 = ORIENTED_EDGE('',*,*,#3799,.T.);
#3947 = ORIENTED_EDGE('',*,*,#3791,.F.);
#3948 = ORIENTED_EDGE('',*,*,#3949,.T.);
#3949 = EDGE_CURVE('',#3784,#3950,#3952,.T.);
#3950 = VERTEX_POINT('',#3951);
#3951 = CARTESIAN_POINT('',(0.745,-0.6,0.45));
#3952 = CIRCLE('',#3953,4.5E-02);
#3953 = AXIS2_PLACEMENT_3D('',#3954,#3955,#3956);
#3954 = CARTESIAN_POINT('',(0.745,-0.6,0.405));
#3955 = DIRECTION('',(0.,1.,0.));
#3956 = DIRECTION('',(0.,-0.,1.));
#3957 = ORIENTED_EDGE('',*,*,#3958,.T.);
#3958 = EDGE_CURVE('',#3950,#3959,#3961,.T.);
#3959 = VERTEX_POINT('',#3960);
#3960 = CARTESIAN_POINT('',(0.955,-0.6,0.45));
#3961 = LINE('',#3962,#3963);
#3962 = CARTESIAN_POINT('',(0.7,-0.6,0.45));
#3963 = VECTOR('',#3964,1.);
#3964 = DIRECTION('',(1.,0.,0.));
#3965 = ORIENTED_EDGE('',*,*,#3966,.F.);
#3966 = EDGE_CURVE('',#3967,#3959,#3969,.T.);
#3967 = VERTEX_POINT('',#3968);
#3968 = CARTESIAN_POINT('',(1.,-0.6,0.405));
#3969 = CIRCLE('',#3970,4.5E-02);
#3970 = AXIS2_PLACEMENT_3D('',#3971,#3972,#3973);
#3971 = CARTESIAN_POINT('',(0.955,-0.6,0.405));
#3972 = DIRECTION('',(0.,-1.,0.));
#3973 = DIRECTION('',(0.,0.,1.));
#3974 = ORIENTED_EDGE('',*,*,#3975,.F.);
#3975 = EDGE_CURVE('',#3976,#3967,#3978,.T.);
#3976 = VERTEX_POINT('',#3977);
#3977 = CARTESIAN_POINT('',(1.,-0.6,4.5E-02));
#3978 = LINE('',#3979,#3980);
#3979 = CARTESIAN_POINT('',(1.,-0.6,0.));
#3980 = VECTOR('',#3981,1.);
#3981 = DIRECTION('',(0.,0.,1.));
#3982 = ORIENTED_EDGE('',*,*,#3983,.T.);
#3983 = EDGE_CURVE('',#3976,#3932,#3984,.T.);
#3984 = CIRCLE('',#3985,4.5E-02);
#3985 = AXIS2_PLACEMENT_3D('',#3986,#3987,#3988);
#3986 = CARTESIAN_POINT('',(0.955,-0.6,4.5E-02));
#3987 = DIRECTION('',(0.,1.,0.));
#3988 = DIRECTION('',(0.,-0.,1.));
#3989 = PLANE('',#3990);
#3990 = AXIS2_PLACEMENT_3D('',#3991,#3992,#3993);
#3991 = CARTESIAN_POINT('',(0.7,-0.6,0.));
#3992 = DIRECTION('',(0.,1.,0.));
#3993 = DIRECTION('',(0.,-0.,1.));
#3994 = ADVANCED_FACE('',(#3995),#4020,.F.);
#3995 = FACE_BOUND('',#3996,.F.);
#3996 = EDGE_LOOP('',(#3997,#3998,#4006,#4014));
#3997 = ORIENTED_EDGE('',*,*,#3783,.F.);
#3998 = ORIENTED_EDGE('',*,*,#3999,.T.);
#3999 = EDGE_CURVE('',#3582,#4000,#4002,.T.);
#4000 = VERTEX_POINT('',#4001);
#4001 = CARTESIAN_POINT('',(-0.7,-0.6,0.45));
#4002 = LINE('',#4003,#4004);
#4003 = CARTESIAN_POINT('',(-0.7,-0.6,0.405));
#4004 = VECTOR('',#4005,1.);
#4005 = DIRECTION('',(0.,0.,1.));
#4006 = ORIENTED_EDGE('',*,*,#4007,.T.);
#4007 = EDGE_CURVE('',#4000,#4008,#4010,.T.);
#4008 = VERTEX_POINT('',#4009);
#4009 = CARTESIAN_POINT('',(0.7,-0.6,0.45));
#4010 = LINE('',#4011,#4012);
#4011 = CARTESIAN_POINT('',(-0.7,-0.6,0.45));
#4012 = VECTOR('',#4013,1.);
#4013 = DIRECTION('',(1.,0.,0.));
#4014 = ORIENTED_EDGE('',*,*,#4015,.F.);
#4015 = EDGE_CURVE('',#3784,#4008,#4016,.T.);
#4016 = LINE('',#4017,#4018);
#4017 = CARTESIAN_POINT('',(0.7,-0.6,0.405));
#4018 = VECTOR('',#4019,1.);
#4019 = DIRECTION('',(0.,0.,1.));
#4020 = PLANE('',#4021);
#4021 = AXIS2_PLACEMENT_3D('',#4022,#4023,#4024);
#4022 = CARTESIAN_POINT('',(-0.7,-0.6,0.405));
#4023 = DIRECTION('',(0.,1.,0.));
#4024 = DIRECTION('',(0.,-0.,1.));
#4025 = ADVANCED_FACE('',(#4026),#4044,.F.);
#4026 = FACE_BOUND('',#4027,.F.);
#4027 = EDGE_LOOP('',(#4028,#4029,#4030,#4038));
#4028 = ORIENTED_EDGE('',*,*,#3999,.F.);
#4029 = ORIENTED_EDGE('',*,*,#3846,.T.);
#4030 = ORIENTED_EDGE('',*,*,#4031,.T.);
#4031 = EDGE_CURVE('',#3699,#4032,#4034,.T.);
#4032 = VERTEX_POINT('',#4033);
#4033 = CARTESIAN_POINT('',(-0.7,0.6,0.45));
#4034 = LINE('',#4035,#4036);
#4035 = CARTESIAN_POINT('',(-0.7,0.6,0.405));
#4036 = VECTOR('',#4037,1.);
#4037 = DIRECTION('',(0.,0.,1.));
#4038 = ORIENTED_EDGE('',*,*,#4039,.F.);
#4039 = EDGE_CURVE('',#4000,#4032,#4040,.T.);
#4040 = LINE('',#4041,#4042);
#4041 = CARTESIAN_POINT('',(-0.7,-0.6,0.45));
#4042 = VECTOR('',#4043,1.);
#4043 = DIRECTION('',(0.,1.,0.));
#4044 = PLANE('',#4045);
#4045 = AXIS2_PLACEMENT_3D('',#4046,#4047,#4048);
#4046 = CARTESIAN_POINT('',(-0.7,-0.6,0.405));
#4047 = DIRECTION('',(1.,0.,0.));
#4048 = DIRECTION('',(0.,0.,1.));
#4049 = ADVANCED_FACE('',(#4050),#4113,.T.);
#4050 = FACE_BOUND('',#4051,.T.);
#4051 = EDGE_LOOP('',(#4052,#4062,#4069,#4070,#4071,#4072,#4081,#4089,
    #4098,#4106));
#4052 = ORIENTED_EDGE('',*,*,#4053,.F.);
#4053 = EDGE_CURVE('',#4054,#4056,#4058,.T.);
#4054 = VERTEX_POINT('',#4055);
#4055 = CARTESIAN_POINT('',(0.745,0.6,-2.775557561563E-17));
#4056 = VERTEX_POINT('',#4057);
#4057 = CARTESIAN_POINT('',(0.955,0.6,-2.775557561563E-17));
#4058 = LINE('',#4059,#4060);
#4059 = CARTESIAN_POINT('',(0.7,0.6,0.));
#4060 = VECTOR('',#4061,1.);
#4061 = DIRECTION('',(1.,0.,0.));
#4062 = ORIENTED_EDGE('',*,*,#4063,.F.);
#4063 = EDGE_CURVE('',#3891,#4054,#4064,.T.);
#4064 = CIRCLE('',#4065,4.5E-02);
#4065 = AXIS2_PLACEMENT_3D('',#4066,#4067,#4068);
#4066 = CARTESIAN_POINT('',(0.745,0.6,4.5E-02));
#4067 = DIRECTION('',(0.,-1.,0.));
#4068 = DIRECTION('',(0.,0.,1.));
#4069 = ORIENTED_EDGE('',*,*,#3890,.T.);
#4070 = ORIENTED_EDGE('',*,*,#3882,.T.);
#4071 = ORIENTED_EDGE('',*,*,#3874,.F.);
#4072 = ORIENTED_EDGE('',*,*,#4073,.T.);
#4073 = EDGE_CURVE('',#3867,#4074,#4076,.T.);
#4074 = VERTEX_POINT('',#4075);
#4075 = CARTESIAN_POINT('',(0.745,0.6,0.45));
#4076 = CIRCLE('',#4077,4.5E-02);
#4077 = AXIS2_PLACEMENT_3D('',#4078,#4079,#4080);
#4078 = CARTESIAN_POINT('',(0.745,0.6,0.405));
#4079 = DIRECTION('',(0.,1.,0.));
#4080 = DIRECTION('',(0.,-0.,1.));
#4081 = ORIENTED_EDGE('',*,*,#4082,.T.);
#4082 = EDGE_CURVE('',#4074,#4083,#4085,.T.);
#4083 = VERTEX_POINT('',#4084);
#4084 = CARTESIAN_POINT('',(0.955,0.6,0.45));
#4085 = LINE('',#4086,#4087);
#4086 = CARTESIAN_POINT('',(0.7,0.6,0.45));
#4087 = VECTOR('',#4088,1.);
#4088 = DIRECTION('',(1.,0.,0.));
#4089 = ORIENTED_EDGE('',*,*,#4090,.F.);
#4090 = EDGE_CURVE('',#4091,#4083,#4093,.T.);
#4091 = VERTEX_POINT('',#4092);
#4092 = CARTESIAN_POINT('',(1.,0.6,0.405));
#4093 = CIRCLE('',#4094,4.5E-02);
#4094 = AXIS2_PLACEMENT_3D('',#4095,#4096,#4097);
#4095 = CARTESIAN_POINT('',(0.955,0.6,0.405));
#4096 = DIRECTION('',(0.,-1.,0.));
#4097 = DIRECTION('',(0.,0.,1.));
#4098 = ORIENTED_EDGE('',*,*,#4099,.F.);
#4099 = EDGE_CURVE('',#4100,#4091,#4102,.T.);
#4100 = VERTEX_POINT('',#4101);
#4101 = CARTESIAN_POINT('',(1.,0.6,4.5E-02));
#4102 = LINE('',#4103,#4104);
#4103 = CARTESIAN_POINT('',(1.,0.6,0.));
#4104 = VECTOR('',#4105,1.);
#4105 = DIRECTION('',(0.,0.,1.));
#4106 = ORIENTED_EDGE('',*,*,#4107,.T.);
#4107 = EDGE_CURVE('',#4100,#4056,#4108,.T.);
#4108 = CIRCLE('',#4109,4.5E-02);
#4109 = AXIS2_PLACEMENT_3D('',#4110,#4111,#4112);
#4110 = CARTESIAN_POINT('',(0.955,0.6,4.5E-02));
#4111 = DIRECTION('',(0.,1.,0.));
#4112 = DIRECTION('',(0.,-0.,1.));
#4113 = PLANE('',#4114);
#4114 = AXIS2_PLACEMENT_3D('',#4115,#4116,#4117);
#4115 = CARTESIAN_POINT('',(0.7,0.6,0.));
#4116 = DIRECTION('',(0.,1.,0.));
#4117 = DIRECTION('',(0.,-0.,1.));
#4118 = ADVANCED_FACE('',(#4119),#4137,.T.);
#4119 = FACE_BOUND('',#4120,.T.);
#4120 = EDGE_LOOP('',(#4121,#4122,#4123,#4131));
#4121 = ORIENTED_EDGE('',*,*,#3866,.F.);
#4122 = ORIENTED_EDGE('',*,*,#4031,.T.);
#4123 = ORIENTED_EDGE('',*,*,#4124,.T.);
#4124 = EDGE_CURVE('',#4032,#4125,#4127,.T.);
#4125 = VERTEX_POINT('',#4126);
#4126 = CARTESIAN_POINT('',(0.7,0.6,0.45));
#4127 = LINE('',#4128,#4129);
#4128 = CARTESIAN_POINT('',(-0.7,0.6,0.45));
#4129 = VECTOR('',#4130,1.);
#4130 = DIRECTION('',(1.,0.,0.));
#4131 = ORIENTED_EDGE('',*,*,#4132,.F.);
#4132 = EDGE_CURVE('',#3867,#4125,#4133,.T.);
#4133 = LINE('',#4134,#4135);
#4134 = CARTESIAN_POINT('',(0.7,0.6,0.405));
#4135 = VECTOR('',#4136,1.);
#4136 = DIRECTION('',(0.,0.,1.));
#4137 = PLANE('',#4138);
#4138 = AXIS2_PLACEMENT_3D('',#4139,#4140,#4141);
#4139 = CARTESIAN_POINT('',(-0.7,0.6,0.405));
#4140 = DIRECTION('',(0.,1.,0.));
#4141 = DIRECTION('',(0.,-0.,1.));
#4142 = ADVANCED_FACE('',(#4143),#4154,.T.);
#4143 = FACE_BOUND('',#4144,.T.);
#4144 = EDGE_LOOP('',(#4145,#4146,#4147,#4153));
#4145 = ORIENTED_EDGE('',*,*,#3914,.T.);
#4146 = ORIENTED_EDGE('',*,*,#4063,.T.);
#4147 = ORIENTED_EDGE('',*,*,#4148,.F.);
#4148 = EDGE_CURVE('',#3930,#4054,#4149,.T.);
#4149 = LINE('',#4150,#4151);
#4150 = CARTESIAN_POINT('',(0.745,-0.6,-2.775557561563E-17));
#4151 = VECTOR('',#4152,1.);
#4152 = DIRECTION('',(0.,1.,0.));
#4153 = ORIENTED_EDGE('',*,*,#3939,.F.);
#4154 = CYLINDRICAL_SURFACE('',#4155,4.5E-02);
#4155 = AXIS2_PLACEMENT_3D('',#4156,#4157,#4158);
#4156 = CARTESIAN_POINT('',(0.745,-0.6,4.5E-02));
#4157 = DIRECTION('',(0.,1.,0.));
#4158 = DIRECTION('',(-1.,0.,0.));
#4159 = ADVANCED_FACE('',(#4160),#4171,.F.);
#4160 = FACE_BOUND('',#4161,.F.);
#4161 = EDGE_LOOP('',(#4162,#4163,#4164,#4165));
#4162 = ORIENTED_EDGE('',*,*,#4053,.F.);
#4163 = ORIENTED_EDGE('',*,*,#4148,.F.);
#4164 = ORIENTED_EDGE('',*,*,#3929,.T.);
#4165 = ORIENTED_EDGE('',*,*,#4166,.T.);
#4166 = EDGE_CURVE('',#3932,#4056,#4167,.T.);
#4167 = LINE('',#4168,#4169);
#4168 = CARTESIAN_POINT('',(0.955,-0.6,-2.775557561563E-17));
#4169 = VECTOR('',#4170,1.);
#4170 = DIRECTION('',(0.,1.,0.));
#4171 = PLANE('',#4172);
#4172 = AXIS2_PLACEMENT_3D('',#4173,#4174,#4175);
#4173 = CARTESIAN_POINT('',(0.7,-0.6,0.));
#4174 = DIRECTION('',(0.,0.,1.));
#4175 = DIRECTION('',(1.,0.,-0.));
#4176 = ADVANCED_FACE('',(#4177),#4188,.T.);
#4177 = FACE_BOUND('',#4178,.T.);
#4178 = EDGE_LOOP('',(#4179,#4180,#4181,#4182));
#4179 = ORIENTED_EDGE('',*,*,#3983,.T.);
#4180 = ORIENTED_EDGE('',*,*,#4166,.T.);
#4181 = ORIENTED_EDGE('',*,*,#4107,.F.);
#4182 = ORIENTED_EDGE('',*,*,#4183,.F.);
#4183 = EDGE_CURVE('',#3976,#4100,#4184,.T.);
#4184 = LINE('',#4185,#4186);
#4185 = CARTESIAN_POINT('',(1.,-0.6,4.5E-02));
#4186 = VECTOR('',#4187,1.);
#4187 = DIRECTION('',(0.,1.,0.));
#4188 = CYLINDRICAL_SURFACE('',#4189,4.5E-02);
#4189 = AXIS2_PLACEMENT_3D('',#4190,#4191,#4192);
#4190 = CARTESIAN_POINT('',(0.955,-0.6,4.5E-02));
#4191 = DIRECTION('',(0.,1.,0.));
#4192 = DIRECTION('',(1.,0.,0.));
#4193 = ADVANCED_FACE('',(#4194),#4205,.T.);
#4194 = FACE_BOUND('',#4195,.T.);
#4195 = EDGE_LOOP('',(#4196,#4197,#4198,#4199));
#4196 = ORIENTED_EDGE('',*,*,#3975,.F.);
#4197 = ORIENTED_EDGE('',*,*,#4183,.T.);
#4198 = ORIENTED_EDGE('',*,*,#4099,.T.);
#4199 = ORIENTED_EDGE('',*,*,#4200,.F.);
#4200 = EDGE_CURVE('',#3967,#4091,#4201,.T.);
#4201 = LINE('',#4202,#4203);
#4202 = CARTESIAN_POINT('',(1.,-0.6,0.405));
#4203 = VECTOR('',#4204,1.);
#4204 = DIRECTION('',(0.,1.,0.));
#4205 = PLANE('',#4206);
#4206 = AXIS2_PLACEMENT_3D('',#4207,#4208,#4209);
#4207 = CARTESIAN_POINT('',(1.,-0.6,0.));
#4208 = DIRECTION('',(1.,0.,0.));
#4209 = DIRECTION('',(0.,0.,1.));
#4210 = ADVANCED_FACE('',(#4211),#4222,.T.);
#4211 = FACE_BOUND('',#4212,.T.);
#4212 = EDGE_LOOP('',(#4213,#4214,#4215,#4221));
#4213 = ORIENTED_EDGE('',*,*,#4200,.T.);
#4214 = ORIENTED_EDGE('',*,*,#4090,.T.);
#4215 = ORIENTED_EDGE('',*,*,#4216,.F.);
#4216 = EDGE_CURVE('',#3959,#4083,#4217,.T.);
#4217 = LINE('',#4218,#4219);
#4218 = CARTESIAN_POINT('',(0.955,-0.6,0.45));
#4219 = VECTOR('',#4220,1.);
#4220 = DIRECTION('',(0.,1.,0.));
#4221 = ORIENTED_EDGE('',*,*,#3966,.F.);
#4222 = CYLINDRICAL_SURFACE('',#4223,4.5E-02);
#4223 = AXIS2_PLACEMENT_3D('',#4224,#4225,#4226);
#4224 = CARTESIAN_POINT('',(0.955,-0.6,0.405));
#4225 = DIRECTION('',(0.,1.,0.));
#4226 = DIRECTION('',(1.,0.,0.));
#4227 = ADVANCED_FACE('',(#4228),#4239,.T.);
#4228 = FACE_BOUND('',#4229,.T.);
#4229 = EDGE_LOOP('',(#4230,#4231,#4237,#4238));
#4230 = ORIENTED_EDGE('',*,*,#4082,.F.);
#4231 = ORIENTED_EDGE('',*,*,#4232,.F.);
#4232 = EDGE_CURVE('',#3950,#4074,#4233,.T.);
#4233 = LINE('',#4234,#4235);
#4234 = CARTESIAN_POINT('',(0.745,-0.6,0.45));
#4235 = VECTOR('',#4236,1.);
#4236 = DIRECTION('',(0.,1.,0.));
#4237 = ORIENTED_EDGE('',*,*,#3958,.T.);
#4238 = ORIENTED_EDGE('',*,*,#4216,.T.);
#4239 = PLANE('',#4240);
#4240 = AXIS2_PLACEMENT_3D('',#4241,#4242,#4243);
#4241 = CARTESIAN_POINT('',(0.7,-0.6,0.45));
#4242 = DIRECTION('',(0.,0.,1.));
#4243 = DIRECTION('',(1.,0.,-0.));
#4244 = ADVANCED_FACE('',(#4245),#4256,.T.);
#4245 = FACE_BOUND('',#4246,.T.);
#4246 = EDGE_LOOP('',(#4247,#4248,#4249,#4250));
#4247 = ORIENTED_EDGE('',*,*,#3949,.T.);
#4248 = ORIENTED_EDGE('',*,*,#4232,.T.);
#4249 = ORIENTED_EDGE('',*,*,#4073,.F.);
#4250 = ORIENTED_EDGE('',*,*,#4251,.F.);
#4251 = EDGE_CURVE('',#3784,#3867,#4252,.T.);
#4252 = LINE('',#4253,#4254);
#4253 = CARTESIAN_POINT('',(0.7,-0.6,0.405));
#4254 = VECTOR('',#4255,1.);
#4255 = DIRECTION('',(0.,1.,0.));
#4256 = CYLINDRICAL_SURFACE('',#4257,4.5E-02);
#4257 = AXIS2_PLACEMENT_3D('',#4258,#4259,#4260);
#4258 = CARTESIAN_POINT('',(0.745,-0.6,0.405));
#4259 = DIRECTION('',(0.,1.,0.));
#4260 = DIRECTION('',(-1.,0.,0.));
#4261 = ADVANCED_FACE('',(#4262),#4273,.T.);
#4262 = FACE_BOUND('',#4263,.T.);
#4263 = EDGE_LOOP('',(#4264,#4265,#4266,#4267));
#4264 = ORIENTED_EDGE('',*,*,#4015,.F.);
#4265 = ORIENTED_EDGE('',*,*,#4251,.T.);
#4266 = ORIENTED_EDGE('',*,*,#4132,.T.);
#4267 = ORIENTED_EDGE('',*,*,#4268,.F.);
#4268 = EDGE_CURVE('',#4008,#4125,#4269,.T.);
#4269 = LINE('',#4270,#4271);
#4270 = CARTESIAN_POINT('',(0.7,-0.6,0.45));
#4271 = VECTOR('',#4272,1.);
#4272 = DIRECTION('',(0.,1.,0.));
#4273 = PLANE('',#4274);
#4274 = AXIS2_PLACEMENT_3D('',#4275,#4276,#4277);
#4275 = CARTESIAN_POINT('',(0.7,-0.6,0.405));
#4276 = DIRECTION('',(1.,0.,0.));
#4277 = DIRECTION('',(0.,0.,1.));
#4278 = ADVANCED_FACE('',(#4279),#4285,.T.);
#4279 = FACE_BOUND('',#4280,.T.);
#4280 = EDGE_LOOP('',(#4281,#4282,#4283,#4284));
#4281 = ORIENTED_EDGE('',*,*,#4039,.F.);
#4282 = ORIENTED_EDGE('',*,*,#4007,.T.);
#4283 = ORIENTED_EDGE('',*,*,#4268,.T.);
#4284 = ORIENTED_EDGE('',*,*,#4124,.F.);
#4285 = PLANE('',#4286);
#4286 = AXIS2_PLACEMENT_3D('',#4287,#4288,#4289);
#4287 = CARTESIAN_POINT('',(-0.7,-0.6,0.45));
#4288 = DIRECTION('',(0.,0.,1.));
#4289 = DIRECTION('',(1.,0.,-0.));
#4290 = ( GEOMETRIC_REPRESENTATION_CONTEXT(3) 
GLOBAL_UNCERTAINTY_ASSIGNED_CONTEXT((#4294)) 
GLOBAL_UNIT_ASSIGNED_CONTEXT((#4291,#4292,#4293)) REPRESENTATION_CONTEXT
('Context #1','3D Context with UNIT and UNCERTAINTY') );
#4291 = ( LENGTH_UNIT() NAMED_UNIT(*) SI_UNIT(.MILLI.,.METRE.) );
#4292 = ( NAMED_UNIT(*) PLANE_ANGLE_UNIT() SI_UNIT($,.RADIAN.) );
#4293 = ( NAMED_UNIT(*) SI_UNIT($,.STERADIAN.) SOLID_ANGLE_UNIT() );
#4294 = UNCERTAINTY_MEASURE_WITH_UNIT(LENGTH_MEASURE(1.E-07),#4291,
  'distance_accuracy_value','confusion accuracy');
#4295 = CONTEXT_DEPENDENT_SHAPE_REPRESENTATION(#4296,#4298);
#4296 = ( REPRESENTATION_RELATIONSHIP('','',#3499,#10) 
REPRESENTATION_RELATIONSHIP_WITH_TRANSFORMATION(#4297) 
SHAPE_REPRESENTATION_RELATIONSHIP() );
#4297 = ITEM_DEFINED_TRANSFORMATION('','',#11,#43);
#4298 = PRODUCT_DEFINITION_SHAPE('Placement','Placement of an item',
  #4299);
#4299 = NEXT_ASSEMBLY_USAGE_OCCURRENCE('8','R17','',#5,#3494,$);
#4300 = PRODUCT_RELATED_PRODUCT_CATEGORY('part',$,(#3496));
#4301 = SHAPE_DEFINITION_REPRESENTATION(#4302,#4308);
#4302 = PRODUCT_DEFINITION_SHAPE('','',#4303);
#4303 = PRODUCT_DEFINITION('design','',#4304,#4307);
#4304 = PRODUCT_DEFINITION_FORMATION('','',#4305);
#4305 = PRODUCT('ThumbsUp_PCB','ThumbsUp_PCB','',(#4306));
#4306 = PRODUCT_CONTEXT('',#2,'mechanical');
#4307 = PRODUCT_DEFINITION_CONTEXT('part definition',#2,'design');
#4308 = ADVANCED_BREP_SHAPE_REPRESENTATION('',(#11,#4309),#10977);
#4309 = MANIFOLD_SOLID_BREP('',#4310);
#4310 = CLOSED_SHELL('',(#4311,#4353,#4384,#4415,#6228,#8041,#8058,#8075
    ,#8092,#8109,#8126,#8143,#8160,#8177,#8194,#8211,#8228,#8245,#8262,
    #8274,#8291,#8308,#8325,#8342,#8359,#8376,#8393,#8410,#8427,#8444,
    #8461,#8478,#8495,#8512,#8529,#8546,#8563,#8580,#8597,#8614,#8631,
    #8648,#8665,#8682,#8699,#8716,#8733,#8750,#8767,#8784,#8801,#8818,
    #8835,#8852,#8869,#8886,#8903,#8920,#8937,#8954,#8971,#8988,#9005,
    #9022,#9039,#9056,#9073,#9090,#9107,#9124,#9141,#9158,#9175,#9192,
    #9209,#9226,#9243,#9260,#9277,#9294,#9311,#9328,#9345,#9362,#9379,
    #9396,#9413,#9430,#9447,#9464,#9481,#9498,#9515,#9532,#9549,#9571,
    #9588,#9605,#9617,#9639,#9656,#9673,#9685,#9702,#9724,#9741,#9758,
    #9770,#9792,#9809,#9826,#9838,#9855,#9872,#9889,#9906,#9923,#9940,
    #9957,#9979,#9996,#10013,#10025,#10042,#10059,#10081,#10098,#10115,
    #10127,#10144,#10166,#10183,#10200,#10212,#10229,#10251,#10268,
    #10285,#10297,#10314,#10331,#10348,#10365,#10382,#10399,#10416,
    #10433,#10450,#10467,#10484,#10501,#10518,#10535,#10552,#10569,
    #10586,#10603,#10620,#10637,#10654,#10671,#10688,#10705,#10722,
    #10739,#10756,#10773,#10790,#10807,#10824,#10841,#10858,#10875,
    #10892,#10909,#10926,#10943,#10960));
#4311 = ADVANCED_FACE('',(#4312),#4348,.T.);
#4312 = FACE_BOUND('',#4313,.T.);
#4313 = EDGE_LOOP('',(#4314,#4324,#4333,#4341));
#4314 = ORIENTED_EDGE('',*,*,#4315,.T.);
#4315 = EDGE_CURVE('',#4316,#4318,#4320,.T.);
#4316 = VERTEX_POINT('',#4317);
#4317 = CARTESIAN_POINT('',(117.048147,-24.5,0.));
#4318 = VERTEX_POINT('',#4319);
#4319 = CARTESIAN_POINT('',(117.048147,-24.5,1.51));
#4320 = LINE('',#4321,#4322);
#4321 = CARTESIAN_POINT('',(117.048147,-24.5,0.));
#4322 = VECTOR('',#4323,1.);
#4323 = DIRECTION('',(0.,0.,1.));
#4324 = ORIENTED_EDGE('',*,*,#4325,.T.);
#4325 = EDGE_CURVE('',#4318,#4326,#4328,.T.);
#4326 = VERTEX_POINT('',#4327);
#4327 = CARTESIAN_POINT('',(121.522271,-25.556723,1.51));
#4328 = CIRCLE('',#4329,10.000005856382);
#4329 = AXIS2_PLACEMENT_3D('',#4330,#4331,#4332);
#4330 = CARTESIAN_POINT('',(117.0481443949,-34.50000585638,1.51));
#4331 = DIRECTION('',(0.,0.,-1.));
#4332 = DIRECTION('',(2.605094105127E-07,1.,0.));
#4333 = ORIENTED_EDGE('',*,*,#4334,.F.);
#4334 = EDGE_CURVE('',#4335,#4326,#4337,.T.);
#4335 = VERTEX_POINT('',#4336);
#4336 = CARTESIAN_POINT('',(121.522271,-25.556723,0.));
#4337 = LINE('',#4338,#4339);
#4338 = CARTESIAN_POINT('',(121.522271,-25.556723,0.));
#4339 = VECTOR('',#4340,1.);
#4340 = DIRECTION('',(0.,0.,1.));
#4341 = ORIENTED_EDGE('',*,*,#4342,.F.);
#4342 = EDGE_CURVE('',#4316,#4335,#4343,.T.);
#4343 = CIRCLE('',#4344,10.000005856382);
#4344 = AXIS2_PLACEMENT_3D('',#4345,#4346,#4347);
#4345 = CARTESIAN_POINT('',(117.0481443949,-34.50000585638,0.));
#4346 = DIRECTION('',(0.,0.,-1.));
#4347 = DIRECTION('',(2.605094105127E-07,1.,0.));
#4348 = CYLINDRICAL_SURFACE('',#4349,10.000005856382);
#4349 = AXIS2_PLACEMENT_3D('',#4350,#4351,#4352);
#4350 = CARTESIAN_POINT('',(117.0481443949,-34.50000585638,0.));
#4351 = DIRECTION('',(0.,0.,-1.));
#4352 = DIRECTION('',(2.605094105127E-07,1.,0.));
#4353 = ADVANCED_FACE('',(#4354),#4379,.T.);
#4354 = FACE_BOUND('',#4355,.T.);
#4355 = EDGE_LOOP('',(#4356,#4366,#4372,#4373));
#4356 = ORIENTED_EDGE('',*,*,#4357,.T.);
#4357 = EDGE_CURVE('',#4358,#4360,#4362,.T.);
#4358 = VERTEX_POINT('',#4359);
#4359 = CARTESIAN_POINT('',(45.5,-24.5,0.));
#4360 = VERTEX_POINT('',#4361);
#4361 = CARTESIAN_POINT('',(45.5,-24.5,1.51));
#4362 = LINE('',#4363,#4364);
#4363 = CARTESIAN_POINT('',(45.5,-24.5,0.));
#4364 = VECTOR('',#4365,1.);
#4365 = DIRECTION('',(0.,0.,1.));
#4366 = ORIENTED_EDGE('',*,*,#4367,.T.);
#4367 = EDGE_CURVE('',#4360,#4318,#4368,.T.);
#4368 = LINE('',#4369,#4370);
#4369 = CARTESIAN_POINT('',(45.5,-24.5,1.51));
#4370 = VECTOR('',#4371,1.);
#4371 = DIRECTION('',(1.,0.,0.));
#4372 = ORIENTED_EDGE('',*,*,#4315,.F.);
#4373 = ORIENTED_EDGE('',*,*,#4374,.F.);
#4374 = EDGE_CURVE('',#4358,#4316,#4375,.T.);
#4375 = LINE('',#4376,#4377);
#4376 = CARTESIAN_POINT('',(45.5,-24.5,0.));
#4377 = VECTOR('',#4378,1.);
#4378 = DIRECTION('',(1.,0.,0.));
#4379 = PLANE('',#4380);
#4380 = AXIS2_PLACEMENT_3D('',#4381,#4382,#4383);
#4381 = CARTESIAN_POINT('',(45.5,-24.5,0.));
#4382 = DIRECTION('',(0.,1.,0.));
#4383 = DIRECTION('',(1.,0.,0.));
#4384 = ADVANCED_FACE('',(#4385),#4410,.T.);
#4385 = FACE_BOUND('',#4386,.T.);
#4386 = EDGE_LOOP('',(#4387,#4388,#4396,#4404));
#4387 = ORIENTED_EDGE('',*,*,#4334,.T.);
#4388 = ORIENTED_EDGE('',*,*,#4389,.T.);
#4389 = EDGE_CURVE('',#4326,#4390,#4392,.T.);
#4390 = VERTEX_POINT('',#4391);
#4391 = CARTESIAN_POINT('',(135.287729,-32.443277,1.51));
#4392 = LINE('',#4393,#4394);
#4393 = CARTESIAN_POINT('',(121.522271,-25.556723,1.51));
#4394 = VECTOR('',#4395,1.);
#4395 = DIRECTION('',(0.894327766366,-0.447412389532,0.));
#4396 = ORIENTED_EDGE('',*,*,#4397,.F.);
#4397 = EDGE_CURVE('',#4398,#4390,#4400,.T.);
#4398 = VERTEX_POINT('',#4399);
#4399 = CARTESIAN_POINT('',(135.287729,-32.443277,0.));
#4400 = LINE('',#4401,#4402);
#4401 = CARTESIAN_POINT('',(135.287729,-32.443277,0.));
#4402 = VECTOR('',#4403,1.);
#4403 = DIRECTION('',(0.,0.,1.));
#4404 = ORIENTED_EDGE('',*,*,#4405,.F.);
#4405 = EDGE_CURVE('',#4335,#4398,#4406,.T.);
#4406 = LINE('',#4407,#4408);
#4407 = CARTESIAN_POINT('',(121.522271,-25.556723,0.));
#4408 = VECTOR('',#4409,1.);
#4409 = DIRECTION('',(0.894327766366,-0.447412389532,0.));
#4410 = PLANE('',#4411);
#4411 = AXIS2_PLACEMENT_3D('',#4412,#4413,#4414);
#4412 = CARTESIAN_POINT('',(121.522271,-25.556723,0.));
#4413 = DIRECTION('',(0.447412389532,0.894327766366,-0.));
#4414 = DIRECTION('',(0.894327766366,-0.447412389532,0.));
#4415 = ADVANCED_FACE('',(#4416,#4538,#4549,#4560,#4571,#4582,#4593,
    #4604,#4615,#4626,#4637,#4648,#4659,#4670,#4681,#4692,#4703,#4714,
    #4725,#4736,#4747,#4758,#4769,#4780,#4791,#4802,#4813,#4824,#4835,
    #4846,#4857,#4868,#4879,#4890,#4901,#4912,#4923,#4934,#4945,#4956,
    #4967,#4978,#4989,#5000,#5011,#5022,#5033,#5044,#5055,#5066,#5077,
    #5088,#5099,#5110,#5121,#5132,#5143,#5154,#5165,#5176,#5187,#5198,
    #5209,#5220,#5231,#5242,#5253,#5264,#5275,#5286,#5297,#5308,#5319,
    #5330,#5341,#5352,#5363,#5399,#5435,#5446,#5482,#5518,#5529,#5540,
    #5551,#5562,#5573,#5584,#5595,#5631,#5642,#5653,#5689,#5700,#5736,
    #5747,#5783,#5794,#5805,#5816,#5827,#5838,#5849,#5860,#5871,#5882,
    #5893,#5904,#5915,#5926,#5937,#5948,#5959,#5970,#5981,#5992,#6003,
    #6014,#6025,#6036,#6047,#6058,#6069,#6080,#6091,#6102,#6113,#6124,
    #6135,#6146,#6157,#6168,#6179,#6190,#6201,#6212),#6223,.F.);
#4416 = FACE_BOUND('',#4417,.F.);
#4417 = EDGE_LOOP('',(#4418,#4419,#4420,#4429,#4437,#4446,#4454,#4463,
    #4471,#4480,#4488,#4497,#4505,#4514,#4522,#4530,#4537));
#4418 = ORIENTED_EDGE('',*,*,#4342,.F.);
#4419 = ORIENTED_EDGE('',*,*,#4374,.F.);
#4420 = ORIENTED_EDGE('',*,*,#4421,.F.);
#4421 = EDGE_CURVE('',#4422,#4358,#4424,.T.);
#4422 = VERTEX_POINT('',#4423);
#4423 = CARTESIAN_POINT('',(40.5,-29.5,0.));
#4424 = CIRCLE('',#4425,4.999999678834);
#4425 = AXIS2_PLACEMENT_3D('',#4426,#4427,#4428);
#4426 = CARTESIAN_POINT('',(45.499999678834,-29.49999967883,0.));
#4427 = DIRECTION('',(0.,0.,-1.));
#4428 = DIRECTION('',(-1.,-6.423314275614E-08,-0.));
#4429 = ORIENTED_EDGE('',*,*,#4430,.F.);
#4430 = EDGE_CURVE('',#4431,#4422,#4433,.T.);
#4431 = VERTEX_POINT('',#4432);
#4432 = CARTESIAN_POINT('',(40.5,-94.732638,0.));
#4433 = LINE('',#4434,#4435);
#4434 = CARTESIAN_POINT('',(40.5,-94.732638,0.));
#4435 = VECTOR('',#4436,1.);
#4436 = DIRECTION('',(0.,1.,0.));
#4437 = ORIENTED_EDGE('',*,*,#4438,.F.);
#4438 = EDGE_CURVE('',#4439,#4431,#4441,.T.);
#4439 = VERTEX_POINT('',#4440);
#4440 = CARTESIAN_POINT('',(40.803445,-98.203335,0.));
#4441 = CIRCLE('',#4442,19.999317452336);
#4442 = AXIS2_PLACEMENT_3D('',#4443,#4444,#4445);
#4443 = CARTESIAN_POINT('',(60.499317452239,-94.73270005745,0.));
#4444 = DIRECTION('',(0.,0.,-1.));
#4445 = DIRECTION('',(-0.984827232188,-0.173537669514,-0.));
#4446 = ORIENTED_EDGE('',*,*,#4447,.F.);
#4447 = EDGE_CURVE('',#4448,#4439,#4450,.T.);
#4448 = VERTEX_POINT('',#4449);
#4449 = CARTESIAN_POINT('',(44.622856,-119.878873,0.));
#4450 = LINE('',#4451,#4452);
#4451 = CARTESIAN_POINT('',(44.622856,-119.878873,0.));
#4452 = VECTOR('',#4453,1.);
#4453 = DIRECTION('',(-0.173534878002,0.98482772408,0.));
#4454 = ORIENTED_EDGE('',*,*,#4455,.F.);
#4455 = EDGE_CURVE('',#4456,#4448,#4458,.T.);
#4456 = VERTEX_POINT('',#4457);
#4457 = CARTESIAN_POINT('',(50.411656,-123.935868,0.));
#4458 = CIRCLE('',#4459,5.000010510596);
#4459 = AXIS2_PLACEMENT_3D('',#4460,#4461,#4462);
#4460 = CARTESIAN_POINT('',(49.547003285813,-119.0111872194,0.));
#4461 = DIRECTION('',(0.,0.,-1.));
#4462 = DIRECTION('',(0.172930179318,-0.984934085653,0.));
#4463 = ORIENTED_EDGE('',*,*,#4464,.F.);
#4464 = EDGE_CURVE('',#4465,#4456,#4467,.T.);
#4465 = VERTEX_POINT('',#4466);
#4466 = CARTESIAN_POINT('',(119.523804,-111.801326,0.));
#4467 = LINE('',#4468,#4469);
#4468 = CARTESIAN_POINT('',(119.523804,-111.801326,0.));
#4469 = VECTOR('',#4470,1.);
#4470 = DIRECTION('',(-0.984933721198,-0.17293225508,0.));
#4471 = ORIENTED_EDGE('',*,*,#4472,.F.);
#4472 = EDGE_CURVE('',#4473,#4465,#4475,.T.);
#4473 = VERTEX_POINT('',#4474);
#4474 = CARTESIAN_POINT('',(122.982449,-111.5,0.));
#4475 = CIRCLE('',#4476,19.998947194885);
#4476 = AXIS2_PLACEMENT_3D('',#4477,#4478,#4479);
#4477 = CARTESIAN_POINT('',(122.98235979316,-131.4989471946,0.));
#4478 = DIRECTION('',(0.,0.,1.));
#4479 = DIRECTION('',(4.460576422292E-06,0.99999999999,-0.));
#4480 = ORIENTED_EDGE('',*,*,#4481,.F.);
#4481 = EDGE_CURVE('',#4482,#4473,#4484,.T.);
#4482 = VERTEX_POINT('',#4483);
#4483 = CARTESIAN_POINT('',(163.5,-111.5,0.));
#4484 = LINE('',#4485,#4486);
#4485 = CARTESIAN_POINT('',(163.5,-111.5,0.));
#4486 = VECTOR('',#4487,1.);
#4487 = DIRECTION('',(-1.,0.,0.));
#4488 = ORIENTED_EDGE('',*,*,#4489,.F.);
#4489 = EDGE_CURVE('',#4490,#4482,#4492,.T.);
#4490 = VERTEX_POINT('',#4491);
#4491 = CARTESIAN_POINT('',(168.5,-106.5,0.));
#4492 = CIRCLE('',#4493,4.999999678834);
#4493 = AXIS2_PLACEMENT_3D('',#4494,#4495,#4496);
#4494 = CARTESIAN_POINT('',(163.50000032116,-106.5000003211,0.));
#4495 = DIRECTION('',(0.,0.,-1.));
#4496 = DIRECTION('',(1.,6.42331470194E-08,0.));
#4497 = ORIENTED_EDGE('',*,*,#4498,.F.);
#4498 = EDGE_CURVE('',#4499,#4490,#4501,.T.);
#4499 = VERTEX_POINT('',#4500);
#4500 = CARTESIAN_POINT('',(168.5,-38.5,0.));
#4501 = LINE('',#4502,#4503);
#4502 = CARTESIAN_POINT('',(168.5,-38.5,0.));
#4503 = VECTOR('',#4504,1.);
#4504 = DIRECTION('',(0.,-1.,0.));
#4505 = ORIENTED_EDGE('',*,*,#4506,.F.);
#4506 = EDGE_CURVE('',#4507,#4499,#4509,.T.);
#4507 = VERTEX_POINT('',#4508);
#4508 = CARTESIAN_POINT('',(163.5,-33.5,0.));
#4509 = CIRCLE('',#4510,4.999999678834);
#4510 = AXIS2_PLACEMENT_3D('',#4511,#4512,#4513);
#4511 = CARTESIAN_POINT('',(163.50000032116,-38.49999967883,0.));
#4512 = DIRECTION('',(0.,0.,-1.));
#4513 = DIRECTION('',(-6.42331470194E-08,1.,0.));
#4514 = ORIENTED_EDGE('',*,*,#4515,.F.);
#4515 = EDGE_CURVE('',#4516,#4507,#4518,.T.);
#4516 = VERTEX_POINT('',#4517);
#4517 = CARTESIAN_POINT('',(154.5,-33.5,0.));
#4518 = LINE('',#4519,#4520);
#4519 = CARTESIAN_POINT('',(154.5,-33.5,0.));
#4520 = VECTOR('',#4521,1.);
#4521 = DIRECTION('',(1.,0.,0.));
#4522 = ORIENTED_EDGE('',*,*,#4523,.F.);
#4523 = EDGE_CURVE('',#4524,#4516,#4526,.T.);
#4524 = VERTEX_POINT('',#4525);
#4525 = CARTESIAN_POINT('',(139.761853,-33.5,0.));
#4526 = LINE('',#4527,#4528);
#4527 = CARTESIAN_POINT('',(139.761853,-33.5,0.));
#4528 = VECTOR('',#4529,1.);
#4529 = DIRECTION('',(1.,0.,0.));
#4530 = ORIENTED_EDGE('',*,*,#4531,.F.);
#4531 = EDGE_CURVE('',#4398,#4524,#4532,.T.);
#4532 = CIRCLE('',#4533,10.000005856382);
#4533 = AXIS2_PLACEMENT_3D('',#4534,#4535,#4536);
#4534 = CARTESIAN_POINT('',(139.76185560509,-23.49999414361,0.));
#4535 = DIRECTION('',(0.,0.,1.));
#4536 = DIRECTION('',(-0.447412398488,-0.894327761886,0.));
#4537 = ORIENTED_EDGE('',*,*,#4405,.F.);
#4538 = FACE_BOUND('',#4539,.F.);
#4539 = EDGE_LOOP('',(#4540));
#4540 = ORIENTED_EDGE('',*,*,#4541,.T.);
#4541 = EDGE_CURVE('',#4542,#4542,#4544,.T.);
#4542 = VERTEX_POINT('',#4543);
#4543 = CARTESIAN_POINT('',(52.669022,-104.948362,0.));
#4544 = CIRCLE('',#4545,0.5969);
#4545 = AXIS2_PLACEMENT_3D('',#4546,#4547,#4548);
#4546 = CARTESIAN_POINT('',(52.669022,-104.351462,0.));
#4547 = DIRECTION('',(-0.,0.,-1.));
#4548 = DIRECTION('',(-0.,-1.,0.));
#4549 = FACE_BOUND('',#4550,.F.);
#4550 = EDGE_LOOP('',(#4551));
#4551 = ORIENTED_EDGE('',*,*,#4552,.T.);
#4552 = EDGE_CURVE('',#4553,#4553,#4555,.T.);
#4553 = VERTEX_POINT('',#4554);
#4554 = CARTESIAN_POINT('',(67.933543,-102.256815,0.));
#4555 = CIRCLE('',#4556,0.5969);
#4556 = AXIS2_PLACEMENT_3D('',#4557,#4558,#4559);
#4557 = CARTESIAN_POINT('',(67.933543,-101.659915,0.));
#4558 = DIRECTION('',(-0.,0.,-1.));
#4559 = DIRECTION('',(-0.,-1.,0.));
#4560 = FACE_BOUND('',#4561,.F.);
#4561 = EDGE_LOOP('',(#4562));
#4562 = ORIENTED_EDGE('',*,*,#4563,.T.);
#4563 = EDGE_CURVE('',#4564,#4564,#4566,.T.);
#4564 = VERTEX_POINT('',#4565);
#4565 = CARTESIAN_POINT('',(48.70321,-96.854048,0.));
#4566 = CIRCLE('',#4567,0.5969);
#4567 = AXIS2_PLACEMENT_3D('',#4568,#4569,#4570);
#4568 = CARTESIAN_POINT('',(48.70321,-96.257148,0.));
#4569 = DIRECTION('',(-0.,0.,-1.));
#4570 = DIRECTION('',(-0.,-1.,0.));
#4571 = FACE_BOUND('',#4572,.F.);
#4572 = EDGE_LOOP('',(#4573));
#4573 = ORIENTED_EDGE('',*,*,#4574,.T.);
#4574 = EDGE_CURVE('',#4575,#4575,#4577,.T.);
#4575 = VERTEX_POINT('',#4576);
#4576 = CARTESIAN_POINT('',(51.78689,-99.94554,0.));
#4577 = CIRCLE('',#4578,0.5969);
#4578 = AXIS2_PLACEMENT_3D('',#4579,#4580,#4581);
#4579 = CARTESIAN_POINT('',(51.78689,-99.34864,0.));
#4580 = DIRECTION('',(-0.,0.,-1.));
#4581 = DIRECTION('',(-0.,-1.,0.));
#4582 = FACE_BOUND('',#4583,.F.);
#4583 = EDGE_LOOP('',(#4584));
#4584 = ORIENTED_EDGE('',*,*,#4585,.T.);
#4585 = EDGE_CURVE('',#4586,#4586,#4588,.T.);
#4586 = VERTEX_POINT('',#4587);
#4587 = CARTESIAN_POINT('',(53.627249,-95.985807,0.));
#4588 = CIRCLE('',#4589,0.5969);
#4589 = AXIS2_PLACEMENT_3D('',#4590,#4591,#4592);
#4590 = CARTESIAN_POINT('',(53.627249,-95.388907,0.));
#4591 = DIRECTION('',(-0.,0.,-1.));
#4592 = DIRECTION('',(-0.,-1.,0.));
#4593 = FACE_BOUND('',#4594,.F.);
#4594 = EDGE_LOOP('',(#4595));
#4595 = ORIENTED_EDGE('',*,*,#4596,.T.);
#4596 = EDGE_CURVE('',#4597,#4597,#4599,.T.);
#4597 = VERTEX_POINT('',#4598);
#4598 = CARTESIAN_POINT('',(50.904757,-94.942716,0.));
#4599 = CIRCLE('',#4600,0.5969);
#4600 = AXIS2_PLACEMENT_3D('',#4601,#4602,#4603);
#4601 = CARTESIAN_POINT('',(50.904757,-94.345816,0.));
#4602 = DIRECTION('',(-0.,0.,-1.));
#4603 = DIRECTION('',(-1.190388232133E-14,-1.,0.));
#4604 = FACE_BOUND('',#4605,.F.);
#4605 = EDGE_LOOP('',(#4606));
#4606 = ORIENTED_EDGE('',*,*,#4607,.T.);
#4607 = EDGE_CURVE('',#4608,#4608,#4610,.T.);
#4608 = VERTEX_POINT('',#4609);
#4609 = CARTESIAN_POINT('',(67.051411,-97.253993,0.));
#4610 = CIRCLE('',#4611,0.5969);
#4611 = AXIS2_PLACEMENT_3D('',#4612,#4613,#4614);
#4612 = CARTESIAN_POINT('',(67.051411,-96.657093,0.));
#4613 = DIRECTION('',(-0.,0.,-1.));
#4614 = DIRECTION('',(-0.,-1.,0.));
#4615 = FACE_BOUND('',#4616,.F.);
#4616 = EDGE_LOOP('',(#4617));
#4617 = ORIENTED_EDGE('',*,*,#4618,.T.);
#4618 = EDGE_CURVE('',#4619,#4619,#4621,.T.);
#4619 = VERTEX_POINT('',#4620);
#4620 = CARTESIAN_POINT('',(63.967731,-94.162501,0.));
#4621 = CIRCLE('',#4622,0.5969);
#4622 = AXIS2_PLACEMENT_3D('',#4623,#4624,#4625);
#4623 = CARTESIAN_POINT('',(63.967731,-93.565601,0.));
#4624 = DIRECTION('',(-0.,0.,-1.));
#4625 = DIRECTION('',(-0.,-1.,0.));
#4626 = FACE_BOUND('',#4627,.F.);
#4627 = EDGE_LOOP('',(#4628));
#4628 = ORIENTED_EDGE('',*,*,#4629,.T.);
#4629 = EDGE_CURVE('',#4630,#4630,#4632,.T.);
#4630 = VERTEX_POINT('',#4631);
#4631 = CARTESIAN_POINT('',(68.89177,-93.29426,0.));
#4632 = CIRCLE('',#4633,0.5969);
#4633 = AXIS2_PLACEMENT_3D('',#4634,#4635,#4636);
#4634 = CARTESIAN_POINT('',(68.89177,-92.69736,0.));
#4635 = DIRECTION('',(-0.,0.,-1.));
#4636 = DIRECTION('',(-2.380776464266E-14,-1.,0.));
#4637 = FACE_BOUND('',#4638,.F.);
#4638 = EDGE_LOOP('',(#4639));
#4639 = ORIENTED_EDGE('',*,*,#4640,.T.);
#4640 = EDGE_CURVE('',#4641,#4641,#4643,.T.);
#4641 = VERTEX_POINT('',#4642);
#4642 = CARTESIAN_POINT('',(66.169278,-92.251169,0.));
#4643 = CIRCLE('',#4644,0.5969);
#4644 = AXIS2_PLACEMENT_3D('',#4645,#4646,#4647);
#4645 = CARTESIAN_POINT('',(66.169278,-91.654269,0.));
#4646 = DIRECTION('',(-0.,0.,-1.));
#4647 = DIRECTION('',(2.380776464266E-14,-1.,-0.));
#4648 = FACE_BOUND('',#4649,.F.);
#4649 = EDGE_LOOP('',(#4650));
#4650 = ORIENTED_EDGE('',*,*,#4651,.T.);
#4651 = EDGE_CURVE('',#4652,#4652,#4654,.T.);
#4652 = VERTEX_POINT('',#4653);
#4653 = CARTESIAN_POINT('',(83.68,-101.5,0.));
#4654 = CIRCLE('',#4655,0.5);
#4655 = AXIS2_PLACEMENT_3D('',#4656,#4657,#4658);
#4656 = CARTESIAN_POINT('',(83.68,-101.,0.));
#4657 = DIRECTION('',(-0.,0.,-1.));
#4658 = DIRECTION('',(-0.,-1.,0.));
#4659 = FACE_BOUND('',#4660,.F.);
#4660 = EDGE_LOOP('',(#4661));
#4661 = ORIENTED_EDGE('',*,*,#4662,.T.);
#4662 = EDGE_CURVE('',#4663,#4663,#4665,.T.);
#4663 = VERTEX_POINT('',#4664);
#4664 = CARTESIAN_POINT('',(86.219999,-101.5,0.));
#4665 = CIRCLE('',#4666,0.5);
#4666 = AXIS2_PLACEMENT_3D('',#4667,#4668,#4669);
#4667 = CARTESIAN_POINT('',(86.219999,-101.,0.));
#4668 = DIRECTION('',(-0.,0.,-1.));
#4669 = DIRECTION('',(-0.,-1.,0.));
#4670 = FACE_BOUND('',#4671,.F.);
#4671 = EDGE_LOOP('',(#4672));
#4672 = ORIENTED_EDGE('',*,*,#4673,.T.);
#4673 = EDGE_CURVE('',#4674,#4674,#4676,.T.);
#4674 = VERTEX_POINT('',#4675);
#4675 = CARTESIAN_POINT('',(88.76,-101.5,0.));
#4676 = CIRCLE('',#4677,0.5);
#4677 = AXIS2_PLACEMENT_3D('',#4678,#4679,#4680);
#4678 = CARTESIAN_POINT('',(88.76,-101.,0.));
#4679 = DIRECTION('',(-0.,0.,-1.));
#4680 = DIRECTION('',(-0.,-1.,0.));
#4681 = FACE_BOUND('',#4682,.F.);
#4682 = EDGE_LOOP('',(#4683));
#4683 = ORIENTED_EDGE('',*,*,#4684,.T.);
#4684 = EDGE_CURVE('',#4685,#4685,#4687,.T.);
#4685 = VERTEX_POINT('',#4686);
#4686 = CARTESIAN_POINT('',(91.3,-101.5,0.));
#4687 = CIRCLE('',#4688,0.5);
#4688 = AXIS2_PLACEMENT_3D('',#4689,#4690,#4691);
#4689 = CARTESIAN_POINT('',(91.3,-101.,0.));
#4690 = DIRECTION('',(-0.,0.,-1.));
#4691 = DIRECTION('',(-0.,-1.,0.));
#4692 = FACE_BOUND('',#4693,.F.);
#4693 = EDGE_LOOP('',(#4694));
#4694 = ORIENTED_EDGE('',*,*,#4695,.T.);
#4695 = EDGE_CURVE('',#4696,#4696,#4698,.T.);
#4696 = VERTEX_POINT('',#4697);
#4697 = CARTESIAN_POINT('',(103.1,-103.05,0.));
#4698 = CIRCLE('',#4699,1.75);
#4699 = AXIS2_PLACEMENT_3D('',#4700,#4701,#4702);
#4700 = CARTESIAN_POINT('',(103.1,-101.3,0.));
#4701 = DIRECTION('',(-0.,0.,-1.));
#4702 = DIRECTION('',(-0.,-1.,0.));
#4703 = FACE_BOUND('',#4704,.F.);
#4704 = EDGE_LOOP('',(#4705));
#4705 = ORIENTED_EDGE('',*,*,#4706,.T.);
#4706 = EDGE_CURVE('',#4707,#4707,#4709,.T.);
#4707 = VERTEX_POINT('',#4708);
#4708 = CARTESIAN_POINT('',(87.5,-92.7569,0.));
#4709 = CIRCLE('',#4710,0.5969);
#4710 = AXIS2_PLACEMENT_3D('',#4711,#4712,#4713);
#4711 = CARTESIAN_POINT('',(87.5,-92.16,0.));
#4712 = DIRECTION('',(-0.,0.,-1.));
#4713 = DIRECTION('',(-0.,-1.,0.));
#4714 = FACE_BOUND('',#4715,.F.);
#4715 = EDGE_LOOP('',(#4716));
#4716 = ORIENTED_EDGE('',*,*,#4717,.T.);
#4717 = EDGE_CURVE('',#4718,#4718,#4720,.T.);
#4718 = VERTEX_POINT('',#4719);
#4719 = CARTESIAN_POINT('',(85.,-91.2569,0.));
#4720 = CIRCLE('',#4721,0.5969);
#4721 = AXIS2_PLACEMENT_3D('',#4722,#4723,#4724);
#4722 = CARTESIAN_POINT('',(85.,-90.66,0.));
#4723 = DIRECTION('',(-0.,0.,-1.));
#4724 = DIRECTION('',(-0.,-1.,0.));
#4725 = FACE_BOUND('',#4726,.F.);
#4726 = EDGE_LOOP('',(#4727));
#4727 = ORIENTED_EDGE('',*,*,#4728,.T.);
#4728 = EDGE_CURVE('',#4729,#4729,#4731,.T.);
#4729 = VERTEX_POINT('',#4730);
#4730 = CARTESIAN_POINT('',(90.,-91.2569,0.));
#4731 = CIRCLE('',#4732,0.5969);
#4732 = AXIS2_PLACEMENT_3D('',#4733,#4734,#4735);
#4733 = CARTESIAN_POINT('',(90.,-90.66,0.));
#4734 = DIRECTION('',(-0.,0.,-1.));
#4735 = DIRECTION('',(-0.,-1.,0.));
#4736 = FACE_BOUND('',#4737,.F.);
#4737 = EDGE_LOOP('',(#4738));
#4738 = ORIENTED_EDGE('',*,*,#4739,.T.);
#4739 = EDGE_CURVE('',#4740,#4740,#4742,.T.);
#4740 = VERTEX_POINT('',#4741);
#4741 = CARTESIAN_POINT('',(55.192373,-85.443932,0.));
#4742 = CIRCLE('',#4743,0.5);
#4743 = AXIS2_PLACEMENT_3D('',#4744,#4745,#4746);
#4744 = CARTESIAN_POINT('',(55.192373,-84.943932,0.));
#4745 = DIRECTION('',(-0.,0.,-1.));
#4746 = DIRECTION('',(-0.,-1.,0.));
#4747 = FACE_BOUND('',#4748,.F.);
#4748 = EDGE_LOOP('',(#4749));
#4749 = ORIENTED_EDGE('',*,*,#4750,.T.);
#4750 = EDGE_CURVE('',#4751,#4751,#4753,.T.);
#4751 = VERTEX_POINT('',#4752);
#4752 = CARTESIAN_POINT('',(57.693784,-85.002866,0.));
#4753 = CIRCLE('',#4754,0.5);
#4754 = AXIS2_PLACEMENT_3D('',#4755,#4756,#4757);
#4755 = CARTESIAN_POINT('',(57.693784,-84.502866,0.));
#4756 = DIRECTION('',(-0.,0.,-1.));
#4757 = DIRECTION('',(-0.,-1.,0.));
#4758 = FACE_BOUND('',#4759,.F.);
#4759 = EDGE_LOOP('',(#4760));
#4760 = ORIENTED_EDGE('',*,*,#4761,.T.);
#4761 = EDGE_CURVE('',#4762,#4762,#4764,.T.);
#4762 = VERTEX_POINT('',#4763);
#4763 = CARTESIAN_POINT('',(60.195196,-84.561799,0.));
#4764 = CIRCLE('',#4765,0.5);
#4765 = AXIS2_PLACEMENT_3D('',#4766,#4767,#4768);
#4766 = CARTESIAN_POINT('',(60.195196,-84.061799,0.));
#4767 = DIRECTION('',(-0.,0.,-1.));
#4768 = DIRECTION('',(-0.,-1.,0.));
#4769 = FACE_BOUND('',#4770,.F.);
#4770 = EDGE_LOOP('',(#4771));
#4771 = ORIENTED_EDGE('',*,*,#4772,.T.);
#4772 = EDGE_CURVE('',#4773,#4773,#4775,.T.);
#4773 = VERTEX_POINT('',#4774);
#4774 = CARTESIAN_POINT('',(62.696608,-84.120733,0.));
#4775 = CIRCLE('',#4776,0.5);
#4776 = AXIS2_PLACEMENT_3D('',#4777,#4778,#4779);
#4777 = CARTESIAN_POINT('',(62.696608,-83.620733,0.));
#4778 = DIRECTION('',(-0.,0.,-1.));
#4779 = DIRECTION('',(-0.,-1.,0.));
#4780 = FACE_BOUND('',#4781,.F.);
#4781 = EDGE_LOOP('',(#4782));
#4782 = ORIENTED_EDGE('',*,*,#4783,.T.);
#4783 = EDGE_CURVE('',#4784,#4784,#4786,.T.);
#4784 = VERTEX_POINT('',#4785);
#4785 = CARTESIAN_POINT('',(55.692893,-69.504007,0.));
#4786 = CIRCLE('',#4787,0.5969);
#4787 = AXIS2_PLACEMENT_3D('',#4788,#4789,#4790);
#4788 = CARTESIAN_POINT('',(55.692893,-68.907107,0.));
#4789 = DIRECTION('',(-0.,0.,-1.));
#4790 = DIRECTION('',(-0.,-1.,0.));
#4791 = FACE_BOUND('',#4792,.F.);
#4792 = EDGE_LOOP('',(#4793));
#4793 = ORIENTED_EDGE('',*,*,#4794,.T.);
#4794 = EDGE_CURVE('',#4795,#4795,#4797,.T.);
#4795 = VERTEX_POINT('',#4796);
#4796 = CARTESIAN_POINT('',(87.5,-87.6769,0.));
#4797 = CIRCLE('',#4798,0.5969);
#4798 = AXIS2_PLACEMENT_3D('',#4799,#4800,#4801);
#4799 = CARTESIAN_POINT('',(87.5,-87.08,0.));
#4800 = DIRECTION('',(-0.,0.,-1.));
#4801 = DIRECTION('',(-0.,-1.,0.));
#4802 = FACE_BOUND('',#4803,.F.);
#4803 = EDGE_LOOP('',(#4804));
#4804 = ORIENTED_EDGE('',*,*,#4805,.T.);
#4805 = EDGE_CURVE('',#4806,#4806,#4808,.T.);
#4806 = VERTEX_POINT('',#4807);
#4807 = CARTESIAN_POINT('',(87.5,-82.5969,0.));
#4808 = CIRCLE('',#4809,0.5969);
#4809 = AXIS2_PLACEMENT_3D('',#4810,#4811,#4812);
#4810 = CARTESIAN_POINT('',(87.5,-82.,0.));
#4811 = DIRECTION('',(-0.,0.,-1.));
#4812 = DIRECTION('',(-0.,-1.,0.));
#4813 = FACE_BOUND('',#4814,.F.);
#4814 = EDGE_LOOP('',(#4815));
#4815 = ORIENTED_EDGE('',*,*,#4816,.T.);
#4816 = EDGE_CURVE('',#4817,#4817,#4819,.T.);
#4817 = VERTEX_POINT('',#4818);
#4818 = CARTESIAN_POINT('',(100.5,-88.2569,0.));
#4819 = CIRCLE('',#4820,0.5969);
#4820 = AXIS2_PLACEMENT_3D('',#4821,#4822,#4823);
#4821 = CARTESIAN_POINT('',(100.5,-87.66,0.));
#4822 = DIRECTION('',(-0.,0.,-1.));
#4823 = DIRECTION('',(-0.,-1.,0.));
#4824 = FACE_BOUND('',#4825,.F.);
#4825 = EDGE_LOOP('',(#4826));
#4826 = ORIENTED_EDGE('',*,*,#4827,.T.);
#4827 = EDGE_CURVE('',#4828,#4828,#4830,.T.);
#4828 = VERTEX_POINT('',#4829);
#4829 = CARTESIAN_POINT('',(103.,-89.7569,0.));
#4830 = CIRCLE('',#4831,0.5969);
#4831 = AXIS2_PLACEMENT_3D('',#4832,#4833,#4834);
#4832 = CARTESIAN_POINT('',(103.,-89.16,0.));
#4833 = DIRECTION('',(-0.,0.,-1.));
#4834 = DIRECTION('',(-0.,-1.,0.));
#4835 = FACE_BOUND('',#4836,.F.);
#4836 = EDGE_LOOP('',(#4837));
#4837 = ORIENTED_EDGE('',*,*,#4838,.T.);
#4838 = EDGE_CURVE('',#4839,#4839,#4841,.T.);
#4839 = VERTEX_POINT('',#4840);
#4840 = CARTESIAN_POINT('',(103.,-84.6769,0.));
#4841 = CIRCLE('',#4842,0.5969);
#4842 = AXIS2_PLACEMENT_3D('',#4843,#4844,#4845);
#4843 = CARTESIAN_POINT('',(103.,-84.08,0.));
#4844 = DIRECTION('',(-0.,0.,-1.));
#4845 = DIRECTION('',(-0.,-1.,0.));
#4846 = FACE_BOUND('',#4847,.F.);
#4847 = EDGE_LOOP('',(#4848));
#4848 = ORIENTED_EDGE('',*,*,#4849,.T.);
#4849 = EDGE_CURVE('',#4850,#4850,#4852,.T.);
#4850 = VERTEX_POINT('',#4851);
#4851 = CARTESIAN_POINT('',(103.,-79.5969,0.));
#4852 = CIRCLE('',#4853,0.5969);
#4853 = AXIS2_PLACEMENT_3D('',#4854,#4855,#4856);
#4854 = CARTESIAN_POINT('',(103.,-79.,0.));
#4855 = DIRECTION('',(-0.,0.,-1.));
#4856 = DIRECTION('',(-0.,-1.,0.));
#4857 = FACE_BOUND('',#4858,.F.);
#4858 = EDGE_LOOP('',(#4859));
#4859 = ORIENTED_EDGE('',*,*,#4860,.T.);
#4860 = EDGE_CURVE('',#4861,#4861,#4863,.T.);
#4861 = VERTEX_POINT('',#4862);
#4862 = CARTESIAN_POINT('',(93.6,-73.35,0.));
#4863 = CIRCLE('',#4864,2.25);
#4864 = AXIS2_PLACEMENT_3D('',#4865,#4866,#4867);
#4865 = CARTESIAN_POINT('',(93.6,-71.1,0.));
#4866 = DIRECTION('',(-0.,0.,-1.));
#4867 = DIRECTION('',(-0.,-1.,0.));
#4868 = FACE_BOUND('',#4869,.F.);
#4869 = EDGE_LOOP('',(#4870));
#4870 = ORIENTED_EDGE('',*,*,#4871,.T.);
#4871 = EDGE_CURVE('',#4872,#4872,#4874,.T.);
#4872 = VERTEX_POINT('',#4873);
#4873 = CARTESIAN_POINT('',(125.22,-110.5,0.));
#4874 = CIRCLE('',#4875,0.5);
#4875 = AXIS2_PLACEMENT_3D('',#4876,#4877,#4878);
#4876 = CARTESIAN_POINT('',(125.22,-110.,0.));
#4877 = DIRECTION('',(-0.,0.,-1.));
#4878 = DIRECTION('',(-0.,-1.,0.));
#4879 = FACE_BOUND('',#4880,.F.);
#4880 = EDGE_LOOP('',(#4881));
#4881 = ORIENTED_EDGE('',*,*,#4882,.T.);
#4882 = EDGE_CURVE('',#4883,#4883,#4885,.T.);
#4883 = VERTEX_POINT('',#4884);
#4884 = CARTESIAN_POINT('',(127.76,-110.5,0.));
#4885 = CIRCLE('',#4886,0.5);
#4886 = AXIS2_PLACEMENT_3D('',#4887,#4888,#4889);
#4887 = CARTESIAN_POINT('',(127.76,-110.,0.));
#4888 = DIRECTION('',(-0.,0.,-1.));
#4889 = DIRECTION('',(2.84217094304E-14,-1.,-0.));
#4890 = FACE_BOUND('',#4891,.F.);
#4891 = EDGE_LOOP('',(#4892));
#4892 = ORIENTED_EDGE('',*,*,#4893,.T.);
#4893 = EDGE_CURVE('',#4894,#4894,#4896,.T.);
#4894 = VERTEX_POINT('',#4895);
#4895 = CARTESIAN_POINT('',(130.3,-110.5,0.));
#4896 = CIRCLE('',#4897,0.5);
#4897 = AXIS2_PLACEMENT_3D('',#4898,#4899,#4900);
#4898 = CARTESIAN_POINT('',(130.3,-110.,0.));
#4899 = DIRECTION('',(-0.,0.,-1.));
#4900 = DIRECTION('',(-0.,-1.,0.));
#4901 = FACE_BOUND('',#4902,.F.);
#4902 = EDGE_LOOP('',(#4903));
#4903 = ORIENTED_EDGE('',*,*,#4904,.T.);
#4904 = EDGE_CURVE('',#4905,#4905,#4907,.T.);
#4905 = VERTEX_POINT('',#4906);
#4906 = CARTESIAN_POINT('',(132.84,-110.5,0.));
#4907 = CIRCLE('',#4908,0.5);
#4908 = AXIS2_PLACEMENT_3D('',#4909,#4910,#4911);
#4909 = CARTESIAN_POINT('',(132.84,-110.,0.));
#4910 = DIRECTION('',(-0.,0.,-1.));
#4911 = DIRECTION('',(-0.,-1.,0.));
#4912 = FACE_BOUND('',#4913,.F.);
#4913 = EDGE_LOOP('',(#4914));
#4914 = ORIENTED_EDGE('',*,*,#4915,.T.);
#4915 = EDGE_CURVE('',#4916,#4916,#4918,.T.);
#4916 = VERTEX_POINT('',#4917);
#4917 = CARTESIAN_POINT('',(118.5,-93.2569,0.));
#4918 = CIRCLE('',#4919,0.5969);
#4919 = AXIS2_PLACEMENT_3D('',#4920,#4921,#4922);
#4920 = CARTESIAN_POINT('',(118.5,-92.66,0.));
#4921 = DIRECTION('',(-0.,0.,-1.));
#4922 = DIRECTION('',(-0.,-1.,0.));
#4923 = FACE_BOUND('',#4924,.F.);
#4924 = EDGE_LOOP('',(#4925));
#4925 = ORIENTED_EDGE('',*,*,#4926,.T.);
#4926 = EDGE_CURVE('',#4927,#4927,#4929,.T.);
#4927 = VERTEX_POINT('',#4928);
#4928 = CARTESIAN_POINT('',(121.,-94.7569,0.));
#4929 = CIRCLE('',#4930,0.5969);
#4930 = AXIS2_PLACEMENT_3D('',#4931,#4932,#4933);
#4931 = CARTESIAN_POINT('',(121.,-94.16,0.));
#4932 = DIRECTION('',(-0.,0.,-1.));
#4933 = DIRECTION('',(-0.,-1.,0.));
#4934 = FACE_BOUND('',#4935,.F.);
#4935 = EDGE_LOOP('',(#4936));
#4936 = ORIENTED_EDGE('',*,*,#4937,.T.);
#4937 = EDGE_CURVE('',#4938,#4938,#4940,.T.);
#4938 = VERTEX_POINT('',#4939);
#4939 = CARTESIAN_POINT('',(123.5,-93.2569,0.));
#4940 = CIRCLE('',#4941,0.5969);
#4941 = AXIS2_PLACEMENT_3D('',#4942,#4943,#4944);
#4942 = CARTESIAN_POINT('',(123.5,-92.66,0.));
#4943 = DIRECTION('',(-0.,0.,-1.));
#4944 = DIRECTION('',(-0.,-1.,0.));
#4945 = FACE_BOUND('',#4946,.F.);
#4946 = EDGE_LOOP('',(#4947));
#4947 = ORIENTED_EDGE('',*,*,#4948,.T.);
#4948 = EDGE_CURVE('',#4949,#4949,#4951,.T.);
#4949 = VERTEX_POINT('',#4950);
#4950 = CARTESIAN_POINT('',(164.,-109.35,0.));
#4951 = CIRCLE('',#4952,1.75);
#4952 = AXIS2_PLACEMENT_3D('',#4953,#4954,#4955);
#4953 = CARTESIAN_POINT('',(164.,-107.6,0.));
#4954 = DIRECTION('',(-0.,0.,-1.));
#4955 = DIRECTION('',(-0.,-1.,0.));
#4956 = FACE_BOUND('',#4957,.F.);
#4957 = EDGE_LOOP('',(#4958));
#4958 = ORIENTED_EDGE('',*,*,#4959,.T.);
#4959 = EDGE_CURVE('',#4960,#4960,#4962,.T.);
#4960 = VERTEX_POINT('',#4961);
#4961 = CARTESIAN_POINT('',(139.,-99.7569,0.));
#4962 = CIRCLE('',#4963,0.5969);
#4963 = AXIS2_PLACEMENT_3D('',#4964,#4965,#4966);
#4964 = CARTESIAN_POINT('',(139.,-99.16,0.));
#4965 = DIRECTION('',(-0.,0.,-1.));
#4966 = DIRECTION('',(-0.,-1.,0.));
#4967 = FACE_BOUND('',#4968,.F.);
#4968 = EDGE_LOOP('',(#4969));
#4969 = ORIENTED_EDGE('',*,*,#4970,.T.);
#4970 = EDGE_CURVE('',#4971,#4971,#4973,.T.);
#4971 = VERTEX_POINT('',#4972);
#4972 = CARTESIAN_POINT('',(136.5,-98.2569,0.));
#4973 = CIRCLE('',#4974,0.5969);
#4974 = AXIS2_PLACEMENT_3D('',#4975,#4976,#4977);
#4975 = CARTESIAN_POINT('',(136.5,-97.66,0.));
#4976 = DIRECTION('',(-0.,0.,-1.));
#4977 = DIRECTION('',(-0.,-1.,0.));
#4978 = FACE_BOUND('',#4979,.F.);
#4979 = EDGE_LOOP('',(#4980));
#4980 = ORIENTED_EDGE('',*,*,#4981,.T.);
#4981 = EDGE_CURVE('',#4982,#4982,#4984,.T.);
#4982 = VERTEX_POINT('',#4983);
#4983 = CARTESIAN_POINT('',(141.5,-98.2569,0.));
#4984 = CIRCLE('',#4985,0.5969);
#4985 = AXIS2_PLACEMENT_3D('',#4986,#4987,#4988);
#4986 = CARTESIAN_POINT('',(141.5,-97.66,0.));
#4987 = DIRECTION('',(-0.,0.,-1.));
#4988 = DIRECTION('',(-0.,-1.,0.));
#4989 = FACE_BOUND('',#4990,.F.);
#4990 = EDGE_LOOP('',(#4991));
#4991 = ORIENTED_EDGE('',*,*,#4992,.T.);
#4992 = EDGE_CURVE('',#4993,#4993,#4995,.T.);
#4993 = VERTEX_POINT('',#4994);
#4994 = CARTESIAN_POINT('',(139.,-94.6769,0.));
#4995 = CIRCLE('',#4996,0.5969);
#4996 = AXIS2_PLACEMENT_3D('',#4997,#4998,#4999);
#4997 = CARTESIAN_POINT('',(139.,-94.08,0.));
#4998 = DIRECTION('',(-0.,0.,-1.));
#4999 = DIRECTION('',(-0.,-1.,0.));
#5000 = FACE_BOUND('',#5001,.F.);
#5001 = EDGE_LOOP('',(#5002));
#5002 = ORIENTED_EDGE('',*,*,#5003,.T.);
#5003 = EDGE_CURVE('',#5004,#5004,#5006,.T.);
#5004 = VERTEX_POINT('',#5005);
#5005 = CARTESIAN_POINT('',(154.5,-98.7569,0.));
#5006 = CIRCLE('',#5007,0.5969);
#5007 = AXIS2_PLACEMENT_3D('',#5008,#5009,#5010);
#5008 = CARTESIAN_POINT('',(154.5,-98.16,0.));
#5009 = DIRECTION('',(-0.,0.,-1.));
#5010 = DIRECTION('',(-0.,-1.,0.));
#5011 = FACE_BOUND('',#5012,.F.);
#5012 = EDGE_LOOP('',(#5013));
#5013 = ORIENTED_EDGE('',*,*,#5014,.T.);
#5014 = EDGE_CURVE('',#5015,#5015,#5017,.T.);
#5015 = VERTEX_POINT('',#5016);
#5016 = CARTESIAN_POINT('',(152.,-97.2569,0.));
#5017 = CIRCLE('',#5018,0.5969);
#5018 = AXIS2_PLACEMENT_3D('',#5019,#5020,#5021);
#5019 = CARTESIAN_POINT('',(152.,-96.66,0.));
#5020 = DIRECTION('',(-0.,0.,-1.));
#5021 = DIRECTION('',(-0.,-1.,0.));
#5022 = FACE_BOUND('',#5023,.F.);
#5023 = EDGE_LOOP('',(#5024));
#5024 = ORIENTED_EDGE('',*,*,#5025,.T.);
#5025 = EDGE_CURVE('',#5026,#5026,#5028,.T.);
#5026 = VERTEX_POINT('',#5027);
#5027 = CARTESIAN_POINT('',(157.,-97.2569,0.));
#5028 = CIRCLE('',#5029,0.5969);
#5029 = AXIS2_PLACEMENT_3D('',#5030,#5031,#5032);
#5030 = CARTESIAN_POINT('',(157.,-96.66,0.));
#5031 = DIRECTION('',(-0.,0.,-1.));
#5032 = DIRECTION('',(-0.,-1.,0.));
#5033 = FACE_BOUND('',#5034,.F.);
#5034 = EDGE_LOOP('',(#5035));
#5035 = ORIENTED_EDGE('',*,*,#5036,.T.);
#5036 = EDGE_CURVE('',#5037,#5037,#5039,.T.);
#5037 = VERTEX_POINT('',#5038);
#5038 = CARTESIAN_POINT('',(154.5,-93.6769,0.));
#5039 = CIRCLE('',#5040,0.5969);
#5040 = AXIS2_PLACEMENT_3D('',#5041,#5042,#5043);
#5041 = CARTESIAN_POINT('',(154.5,-93.08,0.));
#5042 = DIRECTION('',(-0.,0.,-1.));
#5043 = DIRECTION('',(-0.,-1.,0.));
#5044 = FACE_BOUND('',#5045,.F.);
#5045 = EDGE_LOOP('',(#5046));
#5046 = ORIENTED_EDGE('',*,*,#5047,.T.);
#5047 = EDGE_CURVE('',#5048,#5048,#5050,.T.);
#5048 = VERTEX_POINT('',#5049);
#5049 = CARTESIAN_POINT('',(105.5,-88.2569,0.));
#5050 = CIRCLE('',#5051,0.5969);
#5051 = AXIS2_PLACEMENT_3D('',#5052,#5053,#5054);
#5052 = CARTESIAN_POINT('',(105.5,-87.66,0.));
#5053 = DIRECTION('',(-0.,0.,-1.));
#5054 = DIRECTION('',(-0.,-1.,0.));
#5055 = FACE_BOUND('',#5056,.F.);
#5056 = EDGE_LOOP('',(#5057));
#5057 = ORIENTED_EDGE('',*,*,#5058,.T.);
#5058 = EDGE_CURVE('',#5059,#5059,#5061,.T.);
#5059 = VERTEX_POINT('',#5060);
#5060 = CARTESIAN_POINT('',(121.,-89.6769,0.));
#5061 = CIRCLE('',#5062,0.5969);
#5062 = AXIS2_PLACEMENT_3D('',#5063,#5064,#5065);
#5063 = CARTESIAN_POINT('',(121.,-89.08,0.));
#5064 = DIRECTION('',(-0.,0.,-1.));
#5065 = DIRECTION('',(-0.,-1.,0.));
#5066 = FACE_BOUND('',#5067,.F.);
#5067 = EDGE_LOOP('',(#5068));
#5068 = ORIENTED_EDGE('',*,*,#5069,.T.);
#5069 = EDGE_CURVE('',#5070,#5070,#5072,.T.);
#5070 = VERTEX_POINT('',#5071);
#5071 = CARTESIAN_POINT('',(121.,-84.5969,0.));
#5072 = CIRCLE('',#5073,0.5969);
#5073 = AXIS2_PLACEMENT_3D('',#5074,#5075,#5076);
#5074 = CARTESIAN_POINT('',(121.,-84.,0.));
#5075 = DIRECTION('',(-0.,0.,-1.));
#5076 = DIRECTION('',(-0.,-1.,0.));
#5077 = FACE_BOUND('',#5078,.F.);
#5078 = EDGE_LOOP('',(#5079));
#5079 = ORIENTED_EDGE('',*,*,#5080,.T.);
#5080 = EDGE_CURVE('',#5081,#5081,#5083,.T.);
#5081 = VERTEX_POINT('',#5082);
#5082 = CARTESIAN_POINT('',(139.,-89.5969,0.));
#5083 = CIRCLE('',#5084,0.5969);
#5084 = AXIS2_PLACEMENT_3D('',#5085,#5086,#5087);
#5085 = CARTESIAN_POINT('',(139.,-89.,0.));
#5086 = DIRECTION('',(-0.,0.,-1.));
#5087 = DIRECTION('',(-0.,-1.,0.));
#5088 = FACE_BOUND('',#5089,.F.);
#5089 = EDGE_LOOP('',(#5090));
#5090 = ORIENTED_EDGE('',*,*,#5091,.T.);
#5091 = EDGE_CURVE('',#5092,#5092,#5094,.T.);
#5092 = VERTEX_POINT('',#5093);
#5093 = CARTESIAN_POINT('',(154.5,-88.5969,0.));
#5094 = CIRCLE('',#5095,0.5969);
#5095 = AXIS2_PLACEMENT_3D('',#5096,#5097,#5098);
#5096 = CARTESIAN_POINT('',(154.5,-88.,0.));
#5097 = DIRECTION('',(-0.,0.,-1.));
#5098 = DIRECTION('',(-0.,-1.,0.));
#5099 = FACE_BOUND('',#5100,.F.);
#5100 = EDGE_LOOP('',(#5101));
#5101 = ORIENTED_EDGE('',*,*,#5102,.T.);
#5102 = EDGE_CURVE('',#5103,#5103,#5105,.T.);
#5103 = VERTEX_POINT('',#5104);
#5104 = CARTESIAN_POINT('',(167.,-76.52,0.));
#5105 = CIRCLE('',#5106,0.5);
#5106 = AXIS2_PLACEMENT_3D('',#5107,#5108,#5109);
#5107 = CARTESIAN_POINT('',(167.,-76.02,0.));
#5108 = DIRECTION('',(-0.,0.,-1.));
#5109 = DIRECTION('',(-0.,-1.,0.));
#5110 = FACE_BOUND('',#5111,.F.);
#5111 = EDGE_LOOP('',(#5112));
#5112 = ORIENTED_EDGE('',*,*,#5113,.T.);
#5113 = EDGE_CURVE('',#5114,#5114,#5116,.T.);
#5114 = VERTEX_POINT('',#5115);
#5115 = CARTESIAN_POINT('',(167.,-73.98,0.));
#5116 = CIRCLE('',#5117,0.5);
#5117 = AXIS2_PLACEMENT_3D('',#5118,#5119,#5120);
#5118 = CARTESIAN_POINT('',(167.,-73.48,0.));
#5119 = DIRECTION('',(-0.,0.,-1.));
#5120 = DIRECTION('',(-0.,-1.,0.));
#5121 = FACE_BOUND('',#5122,.F.);
#5122 = EDGE_LOOP('',(#5123));
#5123 = ORIENTED_EDGE('',*,*,#5124,.T.);
#5124 = EDGE_CURVE('',#5125,#5125,#5127,.T.);
#5125 = VERTEX_POINT('',#5126);
#5126 = CARTESIAN_POINT('',(167.,-71.44,0.));
#5127 = CIRCLE('',#5128,0.5);
#5128 = AXIS2_PLACEMENT_3D('',#5129,#5130,#5131);
#5129 = CARTESIAN_POINT('',(167.,-70.94,0.));
#5130 = DIRECTION('',(-0.,0.,-1.));
#5131 = DIRECTION('',(-0.,-1.,0.));
#5132 = FACE_BOUND('',#5133,.F.);
#5133 = EDGE_LOOP('',(#5134));
#5134 = ORIENTED_EDGE('',*,*,#5135,.T.);
#5135 = EDGE_CURVE('',#5136,#5136,#5138,.T.);
#5136 = VERTEX_POINT('',#5137);
#5137 = CARTESIAN_POINT('',(167.,-68.9,0.));
#5138 = CIRCLE('',#5139,0.5);
#5139 = AXIS2_PLACEMENT_3D('',#5140,#5141,#5142);
#5140 = CARTESIAN_POINT('',(167.,-68.4,0.));
#5141 = DIRECTION('',(-0.,0.,-1.));
#5142 = DIRECTION('',(-0.,-1.,0.));
#5143 = FACE_BOUND('',#5144,.F.);
#5144 = EDGE_LOOP('',(#5145));
#5145 = ORIENTED_EDGE('',*,*,#5146,.T.);
#5146 = EDGE_CURVE('',#5147,#5147,#5149,.T.);
#5147 = VERTEX_POINT('',#5148);
#5148 = CARTESIAN_POINT('',(44.4,-68.15,0.));
#5149 = CIRCLE('',#5150,1.75);
#5150 = AXIS2_PLACEMENT_3D('',#5151,#5152,#5153);
#5151 = CARTESIAN_POINT('',(44.4,-66.4,0.));
#5152 = DIRECTION('',(-0.,0.,-1.));
#5153 = DIRECTION('',(-0.,-1.,0.));
#5154 = FACE_BOUND('',#5155,.F.);
#5155 = EDGE_LOOP('',(#5156));
#5156 = ORIENTED_EDGE('',*,*,#5157,.T.);
#5157 = EDGE_CURVE('',#5158,#5158,#5160,.T.);
#5158 = VERTEX_POINT('',#5159);
#5159 = CARTESIAN_POINT('',(54.192893,-67.004007,0.));
#5160 = CIRCLE('',#5161,0.5969);
#5161 = AXIS2_PLACEMENT_3D('',#5162,#5163,#5164);
#5162 = CARTESIAN_POINT('',(54.192893,-66.407107,0.));
#5163 = DIRECTION('',(-0.,0.,-1.));
#5164 = DIRECTION('',(-0.,-1.,0.));
#5165 = FACE_BOUND('',#5166,.F.);
#5166 = EDGE_LOOP('',(#5167));
#5167 = ORIENTED_EDGE('',*,*,#5168,.T.);
#5168 = EDGE_CURVE('',#5169,#5169,#5171,.T.);
#5169 = VERTEX_POINT('',#5170);
#5170 = CARTESIAN_POINT('',(55.692893,-64.504007,0.));
#5171 = CIRCLE('',#5172,0.5969);
#5172 = AXIS2_PLACEMENT_3D('',#5173,#5174,#5175);
#5173 = CARTESIAN_POINT('',(55.692893,-63.907107,0.));
#5174 = DIRECTION('',(-0.,0.,-1.));
#5175 = DIRECTION('',(-0.,-1.,0.));
#5176 = FACE_BOUND('',#5177,.F.);
#5177 = EDGE_LOOP('',(#5178));
#5178 = ORIENTED_EDGE('',*,*,#5179,.T.);
#5179 = EDGE_CURVE('',#5180,#5180,#5182,.T.);
#5180 = VERTEX_POINT('',#5181);
#5181 = CARTESIAN_POINT('',(59.272893,-67.004007,0.));
#5182 = CIRCLE('',#5183,0.5969);
#5183 = AXIS2_PLACEMENT_3D('',#5184,#5185,#5186);
#5184 = CARTESIAN_POINT('',(59.272893,-66.407107,0.));
#5185 = DIRECTION('',(-0.,0.,-1.));
#5186 = DIRECTION('',(1.190388232133E-14,-1.,-0.));
#5187 = FACE_BOUND('',#5188,.F.);
#5188 = EDGE_LOOP('',(#5189));
#5189 = ORIENTED_EDGE('',*,*,#5190,.T.);
#5190 = EDGE_CURVE('',#5191,#5191,#5193,.T.);
#5191 = VERTEX_POINT('',#5192);
#5192 = CARTESIAN_POINT('',(64.352893,-67.004007,0.));
#5193 = CIRCLE('',#5194,0.5969);
#5194 = AXIS2_PLACEMENT_3D('',#5195,#5196,#5197);
#5195 = CARTESIAN_POINT('',(64.352893,-66.407107,0.));
#5196 = DIRECTION('',(-0.,0.,-1.));
#5197 = DIRECTION('',(-0.,-1.,0.));
#5198 = FACE_BOUND('',#5199,.F.);
#5199 = EDGE_LOOP('',(#5200));
#5200 = ORIENTED_EDGE('',*,*,#5201,.T.);
#5201 = EDGE_CURVE('',#5202,#5202,#5204,.T.);
#5202 = VERTEX_POINT('',#5203);
#5203 = CARTESIAN_POINT('',(55.06,-56.45,0.));
#5204 = CIRCLE('',#5205,0.55);
#5205 = AXIS2_PLACEMENT_3D('',#5206,#5207,#5208);
#5206 = CARTESIAN_POINT('',(55.06,-55.9,0.));
#5207 = DIRECTION('',(-0.,0.,-1.));
#5208 = DIRECTION('',(-0.,-1.,0.));
#5209 = FACE_BOUND('',#5210,.F.);
#5210 = EDGE_LOOP('',(#5211));
#5211 = ORIENTED_EDGE('',*,*,#5212,.T.);
#5212 = EDGE_CURVE('',#5213,#5213,#5215,.T.);
#5213 = VERTEX_POINT('',#5214);
#5214 = CARTESIAN_POINT('',(55.06,-53.91,0.));
#5215 = CIRCLE('',#5216,0.55);
#5216 = AXIS2_PLACEMENT_3D('',#5217,#5218,#5219);
#5217 = CARTESIAN_POINT('',(55.06,-53.36,0.));
#5218 = DIRECTION('',(-0.,0.,-1.));
#5219 = DIRECTION('',(-0.,-1.,0.));
#5220 = FACE_BOUND('',#5221,.F.);
#5221 = EDGE_LOOP('',(#5222));
#5222 = ORIENTED_EDGE('',*,*,#5223,.T.);
#5223 = EDGE_CURVE('',#5224,#5224,#5226,.T.);
#5224 = VERTEX_POINT('',#5225);
#5225 = CARTESIAN_POINT('',(55.06,-51.37,0.));
#5226 = CIRCLE('',#5227,0.55);
#5227 = AXIS2_PLACEMENT_3D('',#5228,#5229,#5230);
#5228 = CARTESIAN_POINT('',(55.06,-50.82,0.));
#5229 = DIRECTION('',(-0.,0.,-1.));
#5230 = DIRECTION('',(-0.,-1.,0.));
#5231 = FACE_BOUND('',#5232,.F.);
#5232 = EDGE_LOOP('',(#5233));
#5233 = ORIENTED_EDGE('',*,*,#5234,.T.);
#5234 = EDGE_CURVE('',#5235,#5235,#5237,.T.);
#5235 = VERTEX_POINT('',#5236);
#5236 = CARTESIAN_POINT('',(55.06,-48.83,0.));
#5237 = CIRCLE('',#5238,0.55);
#5238 = AXIS2_PLACEMENT_3D('',#5239,#5240,#5241);
#5239 = CARTESIAN_POINT('',(55.06,-48.28,0.));
#5240 = DIRECTION('',(-0.,0.,-1.));
#5241 = DIRECTION('',(-0.,-1.,0.));
#5242 = FACE_BOUND('',#5243,.F.);
#5243 = EDGE_LOOP('',(#5244));
#5244 = ORIENTED_EDGE('',*,*,#5245,.T.);
#5245 = EDGE_CURVE('',#5246,#5246,#5248,.T.);
#5246 = VERTEX_POINT('',#5247);
#5247 = CARTESIAN_POINT('',(70.3,-56.45,0.));
#5248 = CIRCLE('',#5249,0.55);
#5249 = AXIS2_PLACEMENT_3D('',#5250,#5251,#5252);
#5250 = CARTESIAN_POINT('',(70.3,-55.9,0.));
#5251 = DIRECTION('',(-0.,0.,-1.));
#5252 = DIRECTION('',(-0.,-1.,0.));
#5253 = FACE_BOUND('',#5254,.F.);
#5254 = EDGE_LOOP('',(#5255));
#5255 = ORIENTED_EDGE('',*,*,#5256,.T.);
#5256 = EDGE_CURVE('',#5257,#5257,#5259,.T.);
#5257 = VERTEX_POINT('',#5258);
#5258 = CARTESIAN_POINT('',(70.3,-53.91,0.));
#5259 = CIRCLE('',#5260,0.55);
#5260 = AXIS2_PLACEMENT_3D('',#5261,#5262,#5263);
#5261 = CARTESIAN_POINT('',(70.3,-53.36,0.));
#5262 = DIRECTION('',(-0.,0.,-1.));
#5263 = DIRECTION('',(-0.,-1.,0.));
#5264 = FACE_BOUND('',#5265,.F.);
#5265 = EDGE_LOOP('',(#5266));
#5266 = ORIENTED_EDGE('',*,*,#5267,.T.);
#5267 = EDGE_CURVE('',#5268,#5268,#5270,.T.);
#5268 = VERTEX_POINT('',#5269);
#5269 = CARTESIAN_POINT('',(70.3,-51.37,0.));
#5270 = CIRCLE('',#5271,0.55);
#5271 = AXIS2_PLACEMENT_3D('',#5272,#5273,#5274);
#5272 = CARTESIAN_POINT('',(70.3,-50.82,0.));
#5273 = DIRECTION('',(-0.,0.,-1.));
#5274 = DIRECTION('',(-0.,-1.,0.));
#5275 = FACE_BOUND('',#5276,.F.);
#5276 = EDGE_LOOP('',(#5277));
#5277 = ORIENTED_EDGE('',*,*,#5278,.T.);
#5278 = EDGE_CURVE('',#5279,#5279,#5281,.T.);
#5279 = VERTEX_POINT('',#5280);
#5280 = CARTESIAN_POINT('',(70.3,-48.83,0.));
#5281 = CIRCLE('',#5282,0.55);
#5282 = AXIS2_PLACEMENT_3D('',#5283,#5284,#5285);
#5283 = CARTESIAN_POINT('',(70.3,-48.28,0.));
#5284 = DIRECTION('',(-0.,0.,-1.));
#5285 = DIRECTION('',(-0.,-1.,0.));
#5286 = FACE_BOUND('',#5287,.F.);
#5287 = EDGE_LOOP('',(#5288));
#5288 = ORIENTED_EDGE('',*,*,#5289,.T.);
#5289 = EDGE_CURVE('',#5290,#5290,#5292,.T.);
#5290 = VERTEX_POINT('',#5291);
#5291 = CARTESIAN_POINT('',(87.5,-51.2569,0.));
#5292 = CIRCLE('',#5293,0.5969);
#5293 = AXIS2_PLACEMENT_3D('',#5294,#5295,#5296);
#5294 = CARTESIAN_POINT('',(87.5,-50.66,0.));
#5295 = DIRECTION('',(-0.,0.,-1.));
#5296 = DIRECTION('',(-0.,-1.,0.));
#5297 = FACE_BOUND('',#5298,.F.);
#5298 = EDGE_LOOP('',(#5299));
#5299 = ORIENTED_EDGE('',*,*,#5300,.T.);
#5300 = EDGE_CURVE('',#5301,#5301,#5303,.T.);
#5301 = VERTEX_POINT('',#5302);
#5302 = CARTESIAN_POINT('',(103.,-48.2569,0.));
#5303 = CIRCLE('',#5304,0.5969);
#5304 = AXIS2_PLACEMENT_3D('',#5305,#5306,#5307);
#5305 = CARTESIAN_POINT('',(103.,-47.66,0.));
#5306 = DIRECTION('',(-0.,0.,-1.));
#5307 = DIRECTION('',(-0.,-1.,0.));
#5308 = FACE_BOUND('',#5309,.F.);
#5309 = EDGE_LOOP('',(#5310));
#5310 = ORIENTED_EDGE('',*,*,#5311,.T.);
#5311 = EDGE_CURVE('',#5312,#5312,#5314,.T.);
#5312 = VERTEX_POINT('',#5313);
#5313 = CARTESIAN_POINT('',(42.6,-43.52,0.));
#5314 = CIRCLE('',#5315,0.5);
#5315 = AXIS2_PLACEMENT_3D('',#5316,#5317,#5318);
#5316 = CARTESIAN_POINT('',(42.6,-43.02,0.));
#5317 = DIRECTION('',(-0.,0.,-1.));
#5318 = DIRECTION('',(-0.,-1.,0.));
#5319 = FACE_BOUND('',#5320,.F.);
#5320 = EDGE_LOOP('',(#5321));
#5321 = ORIENTED_EDGE('',*,*,#5322,.T.);
#5322 = EDGE_CURVE('',#5323,#5323,#5325,.T.);
#5323 = VERTEX_POINT('',#5324);
#5324 = CARTESIAN_POINT('',(55.06,-46.29,0.));
#5325 = CIRCLE('',#5326,0.55);
#5326 = AXIS2_PLACEMENT_3D('',#5327,#5328,#5329);
#5327 = CARTESIAN_POINT('',(55.06,-45.74,0.));
#5328 = DIRECTION('',(-0.,0.,-1.));
#5329 = DIRECTION('',(-0.,-1.,0.));
#5330 = FACE_BOUND('',#5331,.F.);
#5331 = EDGE_LOOP('',(#5332));
#5332 = ORIENTED_EDGE('',*,*,#5333,.T.);
#5333 = EDGE_CURVE('',#5334,#5334,#5336,.T.);
#5334 = VERTEX_POINT('',#5335);
#5335 = CARTESIAN_POINT('',(55.06,-43.75,0.));
#5336 = CIRCLE('',#5337,0.55);
#5337 = AXIS2_PLACEMENT_3D('',#5338,#5339,#5340);
#5338 = CARTESIAN_POINT('',(55.06,-43.2,0.));
#5339 = DIRECTION('',(-0.,0.,-1.));
#5340 = DIRECTION('',(-0.,-1.,0.));
#5341 = FACE_BOUND('',#5342,.F.);
#5342 = EDGE_LOOP('',(#5343));
#5343 = ORIENTED_EDGE('',*,*,#5344,.T.);
#5344 = EDGE_CURVE('',#5345,#5345,#5347,.T.);
#5345 = VERTEX_POINT('',#5346);
#5346 = CARTESIAN_POINT('',(42.6,-40.98,0.));
#5347 = CIRCLE('',#5348,0.5);
#5348 = AXIS2_PLACEMENT_3D('',#5349,#5350,#5351);
#5349 = CARTESIAN_POINT('',(42.6,-40.48,0.));
#5350 = DIRECTION('',(-0.,0.,-1.));
#5351 = DIRECTION('',(-0.,-1.,0.));
#5352 = FACE_BOUND('',#5353,.F.);
#5353 = EDGE_LOOP('',(#5354));
#5354 = ORIENTED_EDGE('',*,*,#5355,.T.);
#5355 = EDGE_CURVE('',#5356,#5356,#5358,.T.);
#5356 = VERTEX_POINT('',#5357);
#5357 = CARTESIAN_POINT('',(42.6,-38.44,0.));
#5358 = CIRCLE('',#5359,0.5);
#5359 = AXIS2_PLACEMENT_3D('',#5360,#5361,#5362);
#5360 = CARTESIAN_POINT('',(42.6,-37.94,0.));
#5361 = DIRECTION('',(-0.,0.,-1.));
#5362 = DIRECTION('',(-0.,-1.,0.));
#5363 = FACE_BOUND('',#5364,.F.);
#5364 = EDGE_LOOP('',(#5365,#5376,#5384,#5393));
#5365 = ORIENTED_EDGE('',*,*,#5366,.T.);
#5366 = EDGE_CURVE('',#5367,#5369,#5371,.T.);
#5367 = VERTEX_POINT('',#5368);
#5368 = CARTESIAN_POINT('',(45.86,-36.69,0.));
#5369 = VERTEX_POINT('',#5370);
#5370 = CARTESIAN_POINT('',(45.26,-36.69,0.));
#5371 = CIRCLE('',#5372,0.3);
#5372 = AXIS2_PLACEMENT_3D('',#5373,#5374,#5375);
#5373 = CARTESIAN_POINT('',(45.56,-36.69,0.));
#5374 = DIRECTION('',(-0.,0.,-1.));
#5375 = DIRECTION('',(-1.,2.368475785867E-14,0.));
#5376 = ORIENTED_EDGE('',*,*,#5377,.T.);
#5377 = EDGE_CURVE('',#5369,#5378,#5380,.T.);
#5378 = VERTEX_POINT('',#5379);
#5379 = CARTESIAN_POINT('',(45.26,-36.09,0.));
#5380 = LINE('',#5381,#5382);
#5381 = CARTESIAN_POINT('',(45.26,-18.045,0.));
#5382 = VECTOR('',#5383,1.);
#5383 = DIRECTION('',(-0.,1.,0.));
#5384 = ORIENTED_EDGE('',*,*,#5385,.T.);
#5385 = EDGE_CURVE('',#5378,#5386,#5388,.T.);
#5386 = VERTEX_POINT('',#5387);
#5387 = CARTESIAN_POINT('',(45.86,-36.09,0.));
#5388 = CIRCLE('',#5389,0.3);
#5389 = AXIS2_PLACEMENT_3D('',#5390,#5391,#5392);
#5390 = CARTESIAN_POINT('',(45.56,-36.09,0.));
#5391 = DIRECTION('',(0.,-0.,-1.));
#5392 = DIRECTION('',(1.,-2.368475785867E-14,0.));
#5393 = ORIENTED_EDGE('',*,*,#5394,.T.);
#5394 = EDGE_CURVE('',#5386,#5367,#5395,.T.);
#5395 = LINE('',#5396,#5397);
#5396 = CARTESIAN_POINT('',(45.86,-18.345,0.));
#5397 = VECTOR('',#5398,1.);
#5398 = DIRECTION('',(0.,-1.,0.));
#5399 = FACE_BOUND('',#5400,.F.);
#5400 = EDGE_LOOP('',(#5401,#5412,#5420,#5429));
#5401 = ORIENTED_EDGE('',*,*,#5402,.T.);
#5402 = EDGE_CURVE('',#5403,#5405,#5407,.T.);
#5403 = VERTEX_POINT('',#5404);
#5404 = CARTESIAN_POINT('',(48.03,-37.77,0.));
#5405 = VERTEX_POINT('',#5406);
#5406 = CARTESIAN_POINT('',(47.43,-37.77,0.));
#5407 = CIRCLE('',#5408,0.3);
#5408 = AXIS2_PLACEMENT_3D('',#5409,#5410,#5411);
#5409 = CARTESIAN_POINT('',(47.73,-37.77,0.));
#5410 = DIRECTION('',(-0.,0.,-1.));
#5411 = DIRECTION('',(-1.,0.,0.));
#5412 = ORIENTED_EDGE('',*,*,#5413,.T.);
#5413 = EDGE_CURVE('',#5405,#5414,#5416,.T.);
#5414 = VERTEX_POINT('',#5415);
#5415 = CARTESIAN_POINT('',(47.43,-37.17,0.));
#5416 = LINE('',#5417,#5418);
#5417 = CARTESIAN_POINT('',(47.43,-18.585,0.));
#5418 = VECTOR('',#5419,1.);
#5419 = DIRECTION('',(-0.,1.,0.));
#5420 = ORIENTED_EDGE('',*,*,#5421,.T.);
#5421 = EDGE_CURVE('',#5414,#5422,#5424,.T.);
#5422 = VERTEX_POINT('',#5423);
#5423 = CARTESIAN_POINT('',(48.03,-37.17,0.));
#5424 = CIRCLE('',#5425,0.3);
#5425 = AXIS2_PLACEMENT_3D('',#5426,#5427,#5428);
#5426 = CARTESIAN_POINT('',(47.73,-37.17,0.));
#5427 = DIRECTION('',(0.,-0.,-1.));
#5428 = DIRECTION('',(1.,-2.368475785867E-14,0.));
#5429 = ORIENTED_EDGE('',*,*,#5430,.T.);
#5430 = EDGE_CURVE('',#5422,#5403,#5431,.T.);
#5431 = LINE('',#5432,#5433);
#5432 = CARTESIAN_POINT('',(48.03,-18.885,0.));
#5433 = VECTOR('',#5434,1.);
#5434 = DIRECTION('',(0.,-1.,0.));
#5435 = FACE_BOUND('',#5436,.F.);
#5436 = EDGE_LOOP('',(#5437));
#5437 = ORIENTED_EDGE('',*,*,#5438,.T.);
#5438 = EDGE_CURVE('',#5439,#5439,#5441,.T.);
#5439 = VERTEX_POINT('',#5440);
#5440 = CARTESIAN_POINT('',(55.06,-41.21,0.));
#5441 = CIRCLE('',#5442,0.55);
#5442 = AXIS2_PLACEMENT_3D('',#5443,#5444,#5445);
#5443 = CARTESIAN_POINT('',(55.06,-40.66,0.));
#5444 = DIRECTION('',(-0.,0.,-1.));
#5445 = DIRECTION('',(-0.,-1.,0.));
#5446 = FACE_BOUND('',#5447,.F.);
#5447 = EDGE_LOOP('',(#5448,#5459,#5467,#5476));
#5448 = ORIENTED_EDGE('',*,*,#5449,.T.);
#5449 = EDGE_CURVE('',#5450,#5452,#5454,.T.);
#5450 = VERTEX_POINT('',#5451);
#5451 = CARTESIAN_POINT('',(50.46,-37.79,0.));
#5452 = VERTEX_POINT('',#5453);
#5453 = CARTESIAN_POINT('',(49.86,-37.79,0.));
#5454 = CIRCLE('',#5455,0.3);
#5455 = AXIS2_PLACEMENT_3D('',#5456,#5457,#5458);
#5456 = CARTESIAN_POINT('',(50.16,-37.79,0.));
#5457 = DIRECTION('',(-0.,0.,-1.));
#5458 = DIRECTION('',(-1.,0.,0.));
#5459 = ORIENTED_EDGE('',*,*,#5460,.T.);
#5460 = EDGE_CURVE('',#5452,#5461,#5463,.T.);
#5461 = VERTEX_POINT('',#5462);
#5462 = CARTESIAN_POINT('',(49.86,-37.19,0.));
#5463 = LINE('',#5464,#5465);
#5464 = CARTESIAN_POINT('',(49.86,-18.595,0.));
#5465 = VECTOR('',#5466,1.);
#5466 = DIRECTION('',(-0.,1.,0.));
#5467 = ORIENTED_EDGE('',*,*,#5468,.T.);
#5468 = EDGE_CURVE('',#5461,#5469,#5471,.T.);
#5469 = VERTEX_POINT('',#5470);
#5470 = CARTESIAN_POINT('',(50.46,-37.19,0.));
#5471 = CIRCLE('',#5472,0.3);
#5472 = AXIS2_PLACEMENT_3D('',#5473,#5474,#5475);
#5473 = CARTESIAN_POINT('',(50.16,-37.19,0.));
#5474 = DIRECTION('',(0.,-0.,-1.));
#5475 = DIRECTION('',(1.,2.368475785867E-14,-0.));
#5476 = ORIENTED_EDGE('',*,*,#5477,.T.);
#5477 = EDGE_CURVE('',#5469,#5450,#5478,.T.);
#5478 = LINE('',#5479,#5480);
#5479 = CARTESIAN_POINT('',(50.46,-18.895,0.));
#5480 = VECTOR('',#5481,1.);
#5481 = DIRECTION('',(0.,-1.,0.));
#5482 = FACE_BOUND('',#5483,.F.);
#5483 = EDGE_LOOP('',(#5484,#5495,#5503,#5512));
#5484 = ORIENTED_EDGE('',*,*,#5485,.T.);
#5485 = EDGE_CURVE('',#5486,#5488,#5490,.T.);
#5486 = VERTEX_POINT('',#5487);
#5487 = CARTESIAN_POINT('',(52.63,-36.67,0.));
#5488 = VERTEX_POINT('',#5489);
#5489 = CARTESIAN_POINT('',(52.03,-36.67,0.));
#5490 = CIRCLE('',#5491,0.3);
#5491 = AXIS2_PLACEMENT_3D('',#5492,#5493,#5494);
#5492 = CARTESIAN_POINT('',(52.33,-36.67,0.));
#5493 = DIRECTION('',(-0.,0.,-1.));
#5494 = DIRECTION('',(-1.,-2.368475785867E-14,0.));
#5495 = ORIENTED_EDGE('',*,*,#5496,.T.);
#5496 = EDGE_CURVE('',#5488,#5497,#5499,.T.);
#5497 = VERTEX_POINT('',#5498);
#5498 = CARTESIAN_POINT('',(52.03,-36.07,0.));
#5499 = LINE('',#5500,#5501);
#5500 = CARTESIAN_POINT('',(52.03,-18.035,0.));
#5501 = VECTOR('',#5502,1.);
#5502 = DIRECTION('',(-0.,1.,0.));
#5503 = ORIENTED_EDGE('',*,*,#5504,.T.);
#5504 = EDGE_CURVE('',#5497,#5505,#5507,.T.);
#5505 = VERTEX_POINT('',#5506);
#5506 = CARTESIAN_POINT('',(52.63,-36.07,0.));
#5507 = CIRCLE('',#5508,0.3);
#5508 = AXIS2_PLACEMENT_3D('',#5509,#5510,#5511);
#5509 = CARTESIAN_POINT('',(52.33,-36.07,0.));
#5510 = DIRECTION('',(0.,-0.,-1.));
#5511 = DIRECTION('',(1.,2.368475785867E-14,-0.));
#5512 = ORIENTED_EDGE('',*,*,#5513,.T.);
#5513 = EDGE_CURVE('',#5505,#5486,#5514,.T.);
#5514 = LINE('',#5515,#5516);
#5515 = CARTESIAN_POINT('',(52.63,-18.335,0.));
#5516 = VECTOR('',#5517,1.);
#5517 = DIRECTION('',(0.,-1.,0.));
#5518 = FACE_BOUND('',#5519,.F.);
#5519 = EDGE_LOOP('',(#5520));
#5520 = ORIENTED_EDGE('',*,*,#5521,.T.);
#5521 = EDGE_CURVE('',#5522,#5522,#5524,.T.);
#5522 = VERTEX_POINT('',#5523);
#5523 = CARTESIAN_POINT('',(55.06,-38.67,0.));
#5524 = CIRCLE('',#5525,0.55);
#5525 = AXIS2_PLACEMENT_3D('',#5526,#5527,#5528);
#5526 = CARTESIAN_POINT('',(55.06,-38.12,0.));
#5527 = DIRECTION('',(-0.,0.,-1.));
#5528 = DIRECTION('',(-0.,-1.,0.));
#5529 = FACE_BOUND('',#5530,.F.);
#5530 = EDGE_LOOP('',(#5531));
#5531 = ORIENTED_EDGE('',*,*,#5532,.T.);
#5532 = EDGE_CURVE('',#5533,#5533,#5535,.T.);
#5533 = VERTEX_POINT('',#5534);
#5534 = CARTESIAN_POINT('',(70.3,-46.29,0.));
#5535 = CIRCLE('',#5536,0.55);
#5536 = AXIS2_PLACEMENT_3D('',#5537,#5538,#5539);
#5537 = CARTESIAN_POINT('',(70.3,-45.74,0.));
#5538 = DIRECTION('',(-0.,0.,-1.));
#5539 = DIRECTION('',(-0.,-1.,0.));
#5540 = FACE_BOUND('',#5541,.F.);
#5541 = EDGE_LOOP('',(#5542));
#5542 = ORIENTED_EDGE('',*,*,#5543,.T.);
#5543 = EDGE_CURVE('',#5544,#5544,#5546,.T.);
#5544 = VERTEX_POINT('',#5545);
#5545 = CARTESIAN_POINT('',(70.3,-43.75,0.));
#5546 = CIRCLE('',#5547,0.55);
#5547 = AXIS2_PLACEMENT_3D('',#5548,#5549,#5550);
#5548 = CARTESIAN_POINT('',(70.3,-43.2,0.));
#5549 = DIRECTION('',(-0.,0.,-1.));
#5550 = DIRECTION('',(-0.,-1.,0.));
#5551 = FACE_BOUND('',#5552,.F.);
#5552 = EDGE_LOOP('',(#5553));
#5553 = ORIENTED_EDGE('',*,*,#5554,.T.);
#5554 = EDGE_CURVE('',#5555,#5555,#5557,.T.);
#5555 = VERTEX_POINT('',#5556);
#5556 = CARTESIAN_POINT('',(70.3,-41.21,0.));
#5557 = CIRCLE('',#5558,0.55);
#5558 = AXIS2_PLACEMENT_3D('',#5559,#5560,#5561);
#5559 = CARTESIAN_POINT('',(70.3,-40.66,0.));
#5560 = DIRECTION('',(-0.,0.,-1.));
#5561 = DIRECTION('',(-0.,-1.,0.));
#5562 = FACE_BOUND('',#5563,.F.);
#5563 = EDGE_LOOP('',(#5564));
#5564 = ORIENTED_EDGE('',*,*,#5565,.T.);
#5565 = EDGE_CURVE('',#5566,#5566,#5568,.T.);
#5566 = VERTEX_POINT('',#5567);
#5567 = CARTESIAN_POINT('',(70.3,-38.67,0.));
#5568 = CIRCLE('',#5569,0.55);
#5569 = AXIS2_PLACEMENT_3D('',#5570,#5571,#5572);
#5570 = CARTESIAN_POINT('',(70.3,-38.12,0.));
#5571 = DIRECTION('',(-0.,0.,-1.));
#5572 = DIRECTION('',(-0.,-1.,0.));
#5573 = FACE_BOUND('',#5574,.F.);
#5574 = EDGE_LOOP('',(#5575));
#5575 = ORIENTED_EDGE('',*,*,#5576,.T.);
#5576 = EDGE_CURVE('',#5577,#5577,#5579,.T.);
#5577 = VERTEX_POINT('',#5578);
#5578 = CARTESIAN_POINT('',(42.6,-35.9,0.));
#5579 = CIRCLE('',#5580,0.5);
#5580 = AXIS2_PLACEMENT_3D('',#5581,#5582,#5583);
#5581 = CARTESIAN_POINT('',(42.6,-35.4,0.));
#5582 = DIRECTION('',(-0.,0.,-1.));
#5583 = DIRECTION('',(-0.,-1.,0.));
#5584 = FACE_BOUND('',#5585,.F.);
#5585 = EDGE_LOOP('',(#5586));
#5586 = ORIENTED_EDGE('',*,*,#5587,.T.);
#5587 = EDGE_CURVE('',#5588,#5588,#5590,.T.);
#5588 = VERTEX_POINT('',#5589);
#5589 = CARTESIAN_POINT('',(47.86,-35.54,0.));
#5590 = CIRCLE('',#5591,0.75);
#5591 = AXIS2_PLACEMENT_3D('',#5592,#5593,#5594);
#5592 = CARTESIAN_POINT('',(47.86,-34.79,0.));
#5593 = DIRECTION('',(-0.,0.,-1.));
#5594 = DIRECTION('',(-0.,-1.,0.));
#5595 = FACE_BOUND('',#5596,.F.);
#5596 = EDGE_LOOP('',(#5597,#5608,#5616,#5625));
#5597 = ORIENTED_EDGE('',*,*,#5598,.T.);
#5598 = EDGE_CURVE('',#5599,#5601,#5603,.T.);
#5599 = VERTEX_POINT('',#5600);
#5600 = CARTESIAN_POINT('',(45.86,-32.69,0.));
#5601 = VERTEX_POINT('',#5602);
#5602 = CARTESIAN_POINT('',(45.26,-32.69,0.));
#5603 = CIRCLE('',#5604,0.3);
#5604 = AXIS2_PLACEMENT_3D('',#5605,#5606,#5607);
#5605 = CARTESIAN_POINT('',(45.56,-32.69,0.));
#5606 = DIRECTION('',(-0.,0.,-1.));
#5607 = DIRECTION('',(-1.,2.368475785867E-14,0.));
#5608 = ORIENTED_EDGE('',*,*,#5609,.T.);
#5609 = EDGE_CURVE('',#5601,#5610,#5612,.T.);
#5610 = VERTEX_POINT('',#5611);
#5611 = CARTESIAN_POINT('',(45.26,-32.09,0.));
#5612 = LINE('',#5613,#5614);
#5613 = CARTESIAN_POINT('',(45.26,-16.045,0.));
#5614 = VECTOR('',#5615,1.);
#5615 = DIRECTION('',(-0.,1.,0.));
#5616 = ORIENTED_EDGE('',*,*,#5617,.T.);
#5617 = EDGE_CURVE('',#5610,#5618,#5620,.T.);
#5618 = VERTEX_POINT('',#5619);
#5619 = CARTESIAN_POINT('',(45.86,-32.09,0.));
#5620 = CIRCLE('',#5621,0.3);
#5621 = AXIS2_PLACEMENT_3D('',#5622,#5623,#5624);
#5622 = CARTESIAN_POINT('',(45.56,-32.09,0.));
#5623 = DIRECTION('',(0.,-0.,-1.));
#5624 = DIRECTION('',(1.,0.,-0.));
#5625 = ORIENTED_EDGE('',*,*,#5626,.T.);
#5626 = EDGE_CURVE('',#5618,#5599,#5627,.T.);
#5627 = LINE('',#5628,#5629);
#5628 = CARTESIAN_POINT('',(45.86,-16.345,0.));
#5629 = VECTOR('',#5630,1.);
#5630 = DIRECTION('',(0.,-1.,0.));
#5631 = FACE_BOUND('',#5632,.F.);
#5632 = EDGE_LOOP('',(#5633));
#5633 = ORIENTED_EDGE('',*,*,#5634,.T.);
#5634 = EDGE_CURVE('',#5635,#5635,#5637,.T.);
#5635 = VERTEX_POINT('',#5636);
#5636 = CARTESIAN_POINT('',(50.03,-35.52,0.));
#5637 = CIRCLE('',#5638,0.75);
#5638 = AXIS2_PLACEMENT_3D('',#5639,#5640,#5641);
#5639 = CARTESIAN_POINT('',(50.03,-34.77,0.));
#5640 = DIRECTION('',(-0.,0.,-1.));
#5641 = DIRECTION('',(-0.,-1.,0.));
#5642 = FACE_BOUND('',#5643,.F.);
#5643 = EDGE_LOOP('',(#5644));
#5644 = ORIENTED_EDGE('',*,*,#5645,.T.);
#5645 = EDGE_CURVE('',#5646,#5646,#5648,.T.);
#5646 = VERTEX_POINT('',#5647);
#5647 = CARTESIAN_POINT('',(55.06,-36.13,0.));
#5648 = CIRCLE('',#5649,0.55);
#5649 = AXIS2_PLACEMENT_3D('',#5650,#5651,#5652);
#5650 = CARTESIAN_POINT('',(55.06,-35.58,0.));
#5651 = DIRECTION('',(-0.,0.,-1.));
#5652 = DIRECTION('',(-0.,-1.,0.));
#5653 = FACE_BOUND('',#5654,.F.);
#5654 = EDGE_LOOP('',(#5655,#5666,#5674,#5683));
#5655 = ORIENTED_EDGE('',*,*,#5656,.T.);
#5656 = EDGE_CURVE('',#5657,#5659,#5661,.T.);
#5657 = VERTEX_POINT('',#5658);
#5658 = CARTESIAN_POINT('',(52.63,-32.67,0.));
#5659 = VERTEX_POINT('',#5660);
#5660 = CARTESIAN_POINT('',(52.03,-32.67,0.));
#5661 = CIRCLE('',#5662,0.3);
#5662 = AXIS2_PLACEMENT_3D('',#5663,#5664,#5665);
#5663 = CARTESIAN_POINT('',(52.33,-32.67,0.));
#5664 = DIRECTION('',(-0.,0.,-1.));
#5665 = DIRECTION('',(-1.,-2.368475785867E-14,0.));
#5666 = ORIENTED_EDGE('',*,*,#5667,.T.);
#5667 = EDGE_CURVE('',#5659,#5668,#5670,.T.);
#5668 = VERTEX_POINT('',#5669);
#5669 = CARTESIAN_POINT('',(52.03,-32.07,0.));
#5670 = LINE('',#5671,#5672);
#5671 = CARTESIAN_POINT('',(52.03,-16.035,0.));
#5672 = VECTOR('',#5673,1.);
#5673 = DIRECTION('',(-0.,1.,0.));
#5674 = ORIENTED_EDGE('',*,*,#5675,.T.);
#5675 = EDGE_CURVE('',#5668,#5676,#5678,.T.);
#5676 = VERTEX_POINT('',#5677);
#5677 = CARTESIAN_POINT('',(52.63,-32.07,0.));
#5678 = CIRCLE('',#5679,0.3);
#5679 = AXIS2_PLACEMENT_3D('',#5680,#5681,#5682);
#5680 = CARTESIAN_POINT('',(52.33,-32.07,0.));
#5681 = DIRECTION('',(0.,-0.,-1.));
#5682 = DIRECTION('',(1.,2.368475785867E-14,-0.));
#5683 = ORIENTED_EDGE('',*,*,#5684,.T.);
#5684 = EDGE_CURVE('',#5676,#5657,#5685,.T.);
#5685 = LINE('',#5686,#5687);
#5686 = CARTESIAN_POINT('',(52.63,-16.335,0.));
#5687 = VECTOR('',#5688,1.);
#5688 = DIRECTION('',(0.,-1.,0.));
#5689 = FACE_BOUND('',#5690,.F.);
#5690 = EDGE_LOOP('',(#5691));
#5691 = ORIENTED_EDGE('',*,*,#5692,.T.);
#5692 = EDGE_CURVE('',#5693,#5693,#5695,.T.);
#5693 = VERTEX_POINT('',#5694);
#5694 = CARTESIAN_POINT('',(55.06,-33.59,0.));
#5695 = CIRCLE('',#5696,0.55);
#5696 = AXIS2_PLACEMENT_3D('',#5697,#5698,#5699);
#5697 = CARTESIAN_POINT('',(55.06,-33.04,0.));
#5698 = DIRECTION('',(-0.,0.,-1.));
#5699 = DIRECTION('',(-0.,-1.,0.));
#5700 = FACE_BOUND('',#5701,.F.);
#5701 = EDGE_LOOP('',(#5702,#5713,#5721,#5730));
#5702 = ORIENTED_EDGE('',*,*,#5703,.T.);
#5703 = EDGE_CURVE('',#5704,#5706,#5708,.T.);
#5704 = VERTEX_POINT('',#5705);
#5705 = CARTESIAN_POINT('',(45.86,-29.69,0.));
#5706 = VERTEX_POINT('',#5707);
#5707 = CARTESIAN_POINT('',(45.26,-29.69,0.));
#5708 = CIRCLE('',#5709,0.3);
#5709 = AXIS2_PLACEMENT_3D('',#5710,#5711,#5712);
#5710 = CARTESIAN_POINT('',(45.56,-29.69,0.));
#5711 = DIRECTION('',(-0.,0.,-1.));
#5712 = DIRECTION('',(-1.,-1.184237892934E-14,0.));
#5713 = ORIENTED_EDGE('',*,*,#5714,.T.);
#5714 = EDGE_CURVE('',#5706,#5715,#5717,.T.);
#5715 = VERTEX_POINT('',#5716);
#5716 = CARTESIAN_POINT('',(45.26,-29.09,0.));
#5717 = LINE('',#5718,#5719);
#5718 = CARTESIAN_POINT('',(45.26,-14.545,0.));
#5719 = VECTOR('',#5720,1.);
#5720 = DIRECTION('',(-0.,1.,0.));
#5721 = ORIENTED_EDGE('',*,*,#5722,.T.);
#5722 = EDGE_CURVE('',#5715,#5723,#5725,.T.);
#5723 = VERTEX_POINT('',#5724);
#5724 = CARTESIAN_POINT('',(45.86,-29.09,0.));
#5725 = CIRCLE('',#5726,0.3);
#5726 = AXIS2_PLACEMENT_3D('',#5727,#5728,#5729);
#5727 = CARTESIAN_POINT('',(45.56,-29.09,0.));
#5728 = DIRECTION('',(0.,-0.,-1.));
#5729 = DIRECTION('',(1.,0.,-0.));
#5730 = ORIENTED_EDGE('',*,*,#5731,.T.);
#5731 = EDGE_CURVE('',#5723,#5704,#5732,.T.);
#5732 = LINE('',#5733,#5734);
#5733 = CARTESIAN_POINT('',(45.86,-14.845,0.));
#5734 = VECTOR('',#5735,1.);
#5735 = DIRECTION('',(0.,-1.,0.));
#5736 = FACE_BOUND('',#5737,.F.);
#5737 = EDGE_LOOP('',(#5738));
#5738 = ORIENTED_EDGE('',*,*,#5739,.T.);
#5739 = EDGE_CURVE('',#5740,#5740,#5742,.T.);
#5740 = VERTEX_POINT('',#5741);
#5741 = CARTESIAN_POINT('',(47.86,-28.54,0.));
#5742 = CIRCLE('',#5743,0.75);
#5743 = AXIS2_PLACEMENT_3D('',#5744,#5745,#5746);
#5744 = CARTESIAN_POINT('',(47.86,-27.79,0.));
#5745 = DIRECTION('',(-0.,0.,-1.));
#5746 = DIRECTION('',(-0.,-1.,0.));
#5747 = FACE_BOUND('',#5748,.F.);
#5748 = EDGE_LOOP('',(#5749,#5760,#5768,#5777));
#5749 = ORIENTED_EDGE('',*,*,#5750,.T.);
#5750 = EDGE_CURVE('',#5751,#5753,#5755,.T.);
#5751 = VERTEX_POINT('',#5752);
#5752 = CARTESIAN_POINT('',(52.63,-29.67,0.));
#5753 = VERTEX_POINT('',#5754);
#5754 = CARTESIAN_POINT('',(52.03,-29.67,0.));
#5755 = CIRCLE('',#5756,0.3);
#5756 = AXIS2_PLACEMENT_3D('',#5757,#5758,#5759);
#5757 = CARTESIAN_POINT('',(52.33,-29.67,0.));
#5758 = DIRECTION('',(-0.,0.,-1.));
#5759 = DIRECTION('',(-1.,-2.368475785867E-14,0.));
#5760 = ORIENTED_EDGE('',*,*,#5761,.T.);
#5761 = EDGE_CURVE('',#5753,#5762,#5764,.T.);
#5762 = VERTEX_POINT('',#5763);
#5763 = CARTESIAN_POINT('',(52.03,-29.07,0.));
#5764 = LINE('',#5765,#5766);
#5765 = CARTESIAN_POINT('',(52.03,-14.535,0.));
#5766 = VECTOR('',#5767,1.);
#5767 = DIRECTION('',(-0.,1.,0.));
#5768 = ORIENTED_EDGE('',*,*,#5769,.T.);
#5769 = EDGE_CURVE('',#5762,#5770,#5772,.T.);
#5770 = VERTEX_POINT('',#5771);
#5771 = CARTESIAN_POINT('',(52.63,-29.07,0.));
#5772 = CIRCLE('',#5773,0.3);
#5773 = AXIS2_PLACEMENT_3D('',#5774,#5775,#5776);
#5774 = CARTESIAN_POINT('',(52.33,-29.07,0.));
#5775 = DIRECTION('',(0.,-0.,-1.));
#5776 = DIRECTION('',(1.,1.184237892934E-14,-0.));
#5777 = ORIENTED_EDGE('',*,*,#5778,.T.);
#5778 = EDGE_CURVE('',#5770,#5751,#5779,.T.);
#5779 = LINE('',#5780,#5781);
#5780 = CARTESIAN_POINT('',(52.63,-14.835,0.));
#5781 = VECTOR('',#5782,1.);
#5782 = DIRECTION('',(0.,-1.,0.));
#5783 = FACE_BOUND('',#5784,.F.);
#5784 = EDGE_LOOP('',(#5785));
#5785 = ORIENTED_EDGE('',*,*,#5786,.T.);
#5786 = EDGE_CURVE('',#5787,#5787,#5789,.T.);
#5787 = VERTEX_POINT('',#5788);
#5788 = CARTESIAN_POINT('',(55.06,-31.05,0.));
#5789 = CIRCLE('',#5790,0.55);
#5790 = AXIS2_PLACEMENT_3D('',#5791,#5792,#5793);
#5791 = CARTESIAN_POINT('',(55.06,-30.5,0.));
#5792 = DIRECTION('',(-0.,0.,-1.));
#5793 = DIRECTION('',(-0.,-1.,0.));
#5794 = FACE_BOUND('',#5795,.F.);
#5795 = EDGE_LOOP('',(#5796));
#5796 = ORIENTED_EDGE('',*,*,#5797,.T.);
#5797 = EDGE_CURVE('',#5798,#5798,#5800,.T.);
#5798 = VERTEX_POINT('',#5799);
#5799 = CARTESIAN_POINT('',(50.03,-28.52,0.));
#5800 = CIRCLE('',#5801,0.75);
#5801 = AXIS2_PLACEMENT_3D('',#5802,#5803,#5804);
#5802 = CARTESIAN_POINT('',(50.03,-27.77,0.));
#5803 = DIRECTION('',(-0.,0.,-1.));
#5804 = DIRECTION('',(-0.,-1.,0.));
#5805 = FACE_BOUND('',#5806,.F.);
#5806 = EDGE_LOOP('',(#5807));
#5807 = ORIENTED_EDGE('',*,*,#5808,.T.);
#5808 = EDGE_CURVE('',#5809,#5809,#5811,.T.);
#5809 = VERTEX_POINT('',#5810);
#5810 = CARTESIAN_POINT('',(55.06,-28.51,0.));
#5811 = CIRCLE('',#5812,0.55);
#5812 = AXIS2_PLACEMENT_3D('',#5813,#5814,#5815);
#5813 = CARTESIAN_POINT('',(55.06,-27.96,0.));
#5814 = DIRECTION('',(-0.,0.,-1.));
#5815 = DIRECTION('',(-0.,-1.,0.));
#5816 = FACE_BOUND('',#5817,.F.);
#5817 = EDGE_LOOP('',(#5818));
#5818 = ORIENTED_EDGE('',*,*,#5819,.T.);
#5819 = EDGE_CURVE('',#5820,#5820,#5822,.T.);
#5820 = VERTEX_POINT('',#5821);
#5821 = CARTESIAN_POINT('',(70.3,-36.13,0.));
#5822 = CIRCLE('',#5823,0.55);
#5823 = AXIS2_PLACEMENT_3D('',#5824,#5825,#5826);
#5824 = CARTESIAN_POINT('',(70.3,-35.58,0.));
#5825 = DIRECTION('',(-0.,0.,-1.));
#5826 = DIRECTION('',(-0.,-1.,0.));
#5827 = FACE_BOUND('',#5828,.F.);
#5828 = EDGE_LOOP('',(#5829));
#5829 = ORIENTED_EDGE('',*,*,#5830,.T.);
#5830 = EDGE_CURVE('',#5831,#5831,#5833,.T.);
#5831 = VERTEX_POINT('',#5832);
#5832 = CARTESIAN_POINT('',(70.3,-33.59,0.));
#5833 = CIRCLE('',#5834,0.55);
#5834 = AXIS2_PLACEMENT_3D('',#5835,#5836,#5837);
#5835 = CARTESIAN_POINT('',(70.3,-33.04,0.));
#5836 = DIRECTION('',(-0.,0.,-1.));
#5837 = DIRECTION('',(-0.,-1.,0.));
#5838 = FACE_BOUND('',#5839,.F.);
#5839 = EDGE_LOOP('',(#5840));
#5840 = ORIENTED_EDGE('',*,*,#5841,.T.);
#5841 = EDGE_CURVE('',#5842,#5842,#5844,.T.);
#5842 = VERTEX_POINT('',#5843);
#5843 = CARTESIAN_POINT('',(70.3,-31.05,0.));
#5844 = CIRCLE('',#5845,0.55);
#5845 = AXIS2_PLACEMENT_3D('',#5846,#5847,#5848);
#5846 = CARTESIAN_POINT('',(70.3,-30.5,0.));
#5847 = DIRECTION('',(-0.,0.,-1.));
#5848 = DIRECTION('',(-0.,-1.,0.));
#5849 = FACE_BOUND('',#5850,.F.);
#5850 = EDGE_LOOP('',(#5851));
#5851 = ORIENTED_EDGE('',*,*,#5852,.T.);
#5852 = EDGE_CURVE('',#5853,#5853,#5855,.T.);
#5853 = VERTEX_POINT('',#5854);
#5854 = CARTESIAN_POINT('',(70.3,-28.51,0.));
#5855 = CIRCLE('',#5856,0.55);
#5856 = AXIS2_PLACEMENT_3D('',#5857,#5858,#5859);
#5857 = CARTESIAN_POINT('',(70.3,-27.96,0.));
#5858 = DIRECTION('',(-0.,0.,-1.));
#5859 = DIRECTION('',(-0.,-1.,0.));
#5860 = FACE_BOUND('',#5861,.F.);
#5861 = EDGE_LOOP('',(#5862));
#5862 = ORIENTED_EDGE('',*,*,#5863,.T.);
#5863 = EDGE_CURVE('',#5864,#5864,#5866,.T.);
#5864 = VERTEX_POINT('',#5865);
#5865 = CARTESIAN_POINT('',(87.5,-46.1769,0.));
#5866 = CIRCLE('',#5867,0.5969);
#5867 = AXIS2_PLACEMENT_3D('',#5868,#5869,#5870);
#5868 = CARTESIAN_POINT('',(87.5,-45.58,0.));
#5869 = DIRECTION('',(-0.,0.,-1.));
#5870 = DIRECTION('',(-0.,-1.,0.));
#5871 = FACE_BOUND('',#5872,.F.);
#5872 = EDGE_LOOP('',(#5873));
#5873 = ORIENTED_EDGE('',*,*,#5874,.T.);
#5874 = EDGE_CURVE('',#5875,#5875,#5877,.T.);
#5875 = VERTEX_POINT('',#5876);
#5876 = CARTESIAN_POINT('',(85.,-42.5969,0.));
#5877 = CIRCLE('',#5878,0.5969);
#5878 = AXIS2_PLACEMENT_3D('',#5879,#5880,#5881);
#5879 = CARTESIAN_POINT('',(85.,-42.,0.));
#5880 = DIRECTION('',(-0.,0.,-1.));
#5881 = DIRECTION('',(-0.,-1.,0.));
#5882 = FACE_BOUND('',#5883,.F.);
#5883 = EDGE_LOOP('',(#5884));
#5884 = ORIENTED_EDGE('',*,*,#5885,.T.);
#5885 = EDGE_CURVE('',#5886,#5886,#5888,.T.);
#5886 = VERTEX_POINT('',#5887);
#5887 = CARTESIAN_POINT('',(87.5,-41.0969,0.));
#5888 = CIRCLE('',#5889,0.5969);
#5889 = AXIS2_PLACEMENT_3D('',#5890,#5891,#5892);
#5890 = CARTESIAN_POINT('',(87.5,-40.5,0.));
#5891 = DIRECTION('',(-0.,0.,-1.));
#5892 = DIRECTION('',(-0.,-1.,0.));
#5893 = FACE_BOUND('',#5894,.F.);
#5894 = EDGE_LOOP('',(#5895));
#5895 = ORIENTED_EDGE('',*,*,#5896,.T.);
#5896 = EDGE_CURVE('',#5897,#5897,#5899,.T.);
#5897 = VERTEX_POINT('',#5898);
#5898 = CARTESIAN_POINT('',(90.,-42.5969,0.));
#5899 = CIRCLE('',#5900,0.5969);
#5900 = AXIS2_PLACEMENT_3D('',#5901,#5902,#5903);
#5901 = CARTESIAN_POINT('',(90.,-42.,0.));
#5902 = DIRECTION('',(-0.,0.,-1.));
#5903 = DIRECTION('',(-0.,-1.,0.));
#5904 = FACE_BOUND('',#5905,.F.);
#5905 = EDGE_LOOP('',(#5906));
#5906 = ORIENTED_EDGE('',*,*,#5907,.T.);
#5907 = EDGE_CURVE('',#5908,#5908,#5910,.T.);
#5908 = VERTEX_POINT('',#5909);
#5909 = CARTESIAN_POINT('',(103.,-43.1769,0.));
#5910 = CIRCLE('',#5911,0.5969);
#5911 = AXIS2_PLACEMENT_3D('',#5912,#5913,#5914);
#5912 = CARTESIAN_POINT('',(103.,-42.58,0.));
#5913 = DIRECTION('',(-0.,0.,-1.));
#5914 = DIRECTION('',(-0.,-1.,0.));
#5915 = FACE_BOUND('',#5916,.F.);
#5916 = EDGE_LOOP('',(#5917));
#5917 = ORIENTED_EDGE('',*,*,#5918,.T.);
#5918 = EDGE_CURVE('',#5919,#5919,#5921,.T.);
#5919 = VERTEX_POINT('',#5920);
#5920 = CARTESIAN_POINT('',(100.5,-39.5969,0.));
#5921 = CIRCLE('',#5922,0.5969);
#5922 = AXIS2_PLACEMENT_3D('',#5923,#5924,#5925);
#5923 = CARTESIAN_POINT('',(100.5,-39.,0.));
#5924 = DIRECTION('',(-0.,0.,-1.));
#5925 = DIRECTION('',(-0.,-1.,0.));
#5926 = FACE_BOUND('',#5927,.F.);
#5927 = EDGE_LOOP('',(#5928));
#5928 = ORIENTED_EDGE('',*,*,#5929,.T.);
#5929 = EDGE_CURVE('',#5930,#5930,#5932,.T.);
#5930 = VERTEX_POINT('',#5931);
#5931 = CARTESIAN_POINT('',(103.,-38.0969,0.));
#5932 = CIRCLE('',#5933,0.5969);
#5933 = AXIS2_PLACEMENT_3D('',#5934,#5935,#5936);
#5934 = CARTESIAN_POINT('',(103.,-37.5,0.));
#5935 = DIRECTION('',(-0.,0.,-1.));
#5936 = DIRECTION('',(-0.,-1.,0.));
#5937 = FACE_BOUND('',#5938,.F.);
#5938 = EDGE_LOOP('',(#5939));
#5939 = ORIENTED_EDGE('',*,*,#5940,.T.);
#5940 = EDGE_CURVE('',#5941,#5941,#5943,.T.);
#5941 = VERTEX_POINT('',#5942);
#5942 = CARTESIAN_POINT('',(87.6,-31.45,0.));
#5943 = CIRCLE('',#5944,1.75);
#5944 = AXIS2_PLACEMENT_3D('',#5945,#5946,#5947);
#5945 = CARTESIAN_POINT('',(87.6,-29.7,0.));
#5946 = DIRECTION('',(-0.,0.,-1.));
#5947 = DIRECTION('',(-0.,-1.,0.));
#5948 = FACE_BOUND('',#5949,.F.);
#5949 = EDGE_LOOP('',(#5950));
#5950 = ORIENTED_EDGE('',*,*,#5951,.T.);
#5951 = EDGE_CURVE('',#5952,#5952,#5954,.T.);
#5952 = VERTEX_POINT('',#5953);
#5953 = CARTESIAN_POINT('',(121.,-53.2569,0.));
#5954 = CIRCLE('',#5955,0.5969);
#5955 = AXIS2_PLACEMENT_3D('',#5956,#5957,#5958);
#5956 = CARTESIAN_POINT('',(121.,-52.66,0.));
#5957 = DIRECTION('',(-0.,0.,-1.));
#5958 = DIRECTION('',(-0.,-1.,0.));
#5959 = FACE_BOUND('',#5960,.F.);
#5960 = EDGE_LOOP('',(#5961));
#5961 = ORIENTED_EDGE('',*,*,#5962,.T.);
#5962 = EDGE_CURVE('',#5963,#5963,#5965,.T.);
#5963 = VERTEX_POINT('',#5964);
#5964 = CARTESIAN_POINT('',(121.,-48.1769,0.));
#5965 = CIRCLE('',#5966,0.5969);
#5966 = AXIS2_PLACEMENT_3D('',#5967,#5968,#5969);
#5967 = CARTESIAN_POINT('',(121.,-47.58,0.));
#5968 = DIRECTION('',(-0.,0.,-1.));
#5969 = DIRECTION('',(-0.,-1.,0.));
#5970 = FACE_BOUND('',#5971,.F.);
#5971 = EDGE_LOOP('',(#5972));
#5972 = ORIENTED_EDGE('',*,*,#5973,.T.);
#5973 = EDGE_CURVE('',#5974,#5974,#5976,.T.);
#5974 = VERTEX_POINT('',#5975);
#5975 = CARTESIAN_POINT('',(139.,-58.2569,0.));
#5976 = CIRCLE('',#5977,0.5969);
#5977 = AXIS2_PLACEMENT_3D('',#5978,#5979,#5980);
#5978 = CARTESIAN_POINT('',(139.,-57.66,0.));
#5979 = DIRECTION('',(-0.,0.,-1.));
#5980 = DIRECTION('',(-0.,-1.,0.));
#5981 = FACE_BOUND('',#5982,.F.);
#5982 = EDGE_LOOP('',(#5983));
#5983 = ORIENTED_EDGE('',*,*,#5984,.T.);
#5984 = EDGE_CURVE('',#5985,#5985,#5987,.T.);
#5985 = VERTEX_POINT('',#5986);
#5986 = CARTESIAN_POINT('',(139.,-53.1769,0.));
#5987 = CIRCLE('',#5988,0.5969);
#5988 = AXIS2_PLACEMENT_3D('',#5989,#5990,#5991);
#5989 = CARTESIAN_POINT('',(139.,-52.58,0.));
#5990 = DIRECTION('',(-0.,0.,-1.));
#5991 = DIRECTION('',(-0.,-1.,0.));
#5992 = FACE_BOUND('',#5993,.F.);
#5993 = EDGE_LOOP('',(#5994));
#5994 = ORIENTED_EDGE('',*,*,#5995,.T.);
#5995 = EDGE_CURVE('',#5996,#5996,#5998,.T.);
#5996 = VERTEX_POINT('',#5997);
#5997 = CARTESIAN_POINT('',(136.5,-49.5969,0.));
#5998 = CIRCLE('',#5999,0.5969);
#5999 = AXIS2_PLACEMENT_3D('',#6000,#6001,#6002);
#6000 = CARTESIAN_POINT('',(136.5,-49.,0.));
#6001 = DIRECTION('',(-0.,0.,-1.));
#6002 = DIRECTION('',(-0.,-1.,0.));
#6003 = FACE_BOUND('',#6004,.F.);
#6004 = EDGE_LOOP('',(#6005));
#6005 = ORIENTED_EDGE('',*,*,#6006,.T.);
#6006 = EDGE_CURVE('',#6007,#6007,#6009,.T.);
#6007 = VERTEX_POINT('',#6008);
#6008 = CARTESIAN_POINT('',(139.,-48.0969,0.));
#6009 = CIRCLE('',#6010,0.5969);
#6010 = AXIS2_PLACEMENT_3D('',#6011,#6012,#6013);
#6011 = CARTESIAN_POINT('',(139.,-47.5,0.));
#6012 = DIRECTION('',(-0.,0.,-1.));
#6013 = DIRECTION('',(-0.,-1.,0.));
#6014 = FACE_BOUND('',#6015,.F.);
#6015 = EDGE_LOOP('',(#6016));
#6016 = ORIENTED_EDGE('',*,*,#6017,.T.);
#6017 = EDGE_CURVE('',#6018,#6018,#6020,.T.);
#6018 = VERTEX_POINT('',#6019);
#6019 = CARTESIAN_POINT('',(141.5,-49.5969,0.));
#6020 = CIRCLE('',#6021,0.5969);
#6021 = AXIS2_PLACEMENT_3D('',#6022,#6023,#6024);
#6022 = CARTESIAN_POINT('',(141.5,-49.,0.));
#6023 = DIRECTION('',(-0.,0.,-1.));
#6024 = DIRECTION('',(-0.,-1.,0.));
#6025 = FACE_BOUND('',#6026,.F.);
#6026 = EDGE_LOOP('',(#6027));
#6027 = ORIENTED_EDGE('',*,*,#6028,.T.);
#6028 = EDGE_CURVE('',#6029,#6029,#6031,.T.);
#6029 = VERTEX_POINT('',#6030);
#6030 = CARTESIAN_POINT('',(154.5,-57.2569,0.));
#6031 = CIRCLE('',#6032,0.5969);
#6032 = AXIS2_PLACEMENT_3D('',#6033,#6034,#6035);
#6033 = CARTESIAN_POINT('',(154.5,-56.66,0.));
#6034 = DIRECTION('',(-0.,0.,-1.));
#6035 = DIRECTION('',(-0.,-1.,0.));
#6036 = FACE_BOUND('',#6037,.F.);
#6037 = EDGE_LOOP('',(#6038));
#6038 = ORIENTED_EDGE('',*,*,#6039,.T.);
#6039 = EDGE_CURVE('',#6040,#6040,#6042,.T.);
#6040 = VERTEX_POINT('',#6041);
#6041 = CARTESIAN_POINT('',(154.5,-52.1769,0.));
#6042 = CIRCLE('',#6043,0.5969);
#6043 = AXIS2_PLACEMENT_3D('',#6044,#6045,#6046);
#6044 = CARTESIAN_POINT('',(154.5,-51.58,0.));
#6045 = DIRECTION('',(-0.,0.,-1.));
#6046 = DIRECTION('',(-0.,-1.,0.));
#6047 = FACE_BOUND('',#6048,.F.);
#6048 = EDGE_LOOP('',(#6049));
#6049 = ORIENTED_EDGE('',*,*,#6050,.T.);
#6050 = EDGE_CURVE('',#6051,#6051,#6053,.T.);
#6051 = VERTEX_POINT('',#6052);
#6052 = CARTESIAN_POINT('',(152.,-48.5969,0.));
#6053 = CIRCLE('',#6054,0.5969);
#6054 = AXIS2_PLACEMENT_3D('',#6055,#6056,#6057);
#6055 = CARTESIAN_POINT('',(152.,-48.,0.));
#6056 = DIRECTION('',(-0.,0.,-1.));
#6057 = DIRECTION('',(-0.,-1.,0.));
#6058 = FACE_BOUND('',#6059,.F.);
#6059 = EDGE_LOOP('',(#6060));
#6060 = ORIENTED_EDGE('',*,*,#6061,.T.);
#6061 = EDGE_CURVE('',#6062,#6062,#6064,.T.);
#6062 = VERTEX_POINT('',#6063);
#6063 = CARTESIAN_POINT('',(157.,-48.5969,0.));
#6064 = CIRCLE('',#6065,0.5969);
#6065 = AXIS2_PLACEMENT_3D('',#6066,#6067,#6068);
#6066 = CARTESIAN_POINT('',(157.,-48.,0.));
#6067 = DIRECTION('',(-0.,0.,-1.));
#6068 = DIRECTION('',(-0.,-1.,0.));
#6069 = FACE_BOUND('',#6070,.F.);
#6070 = EDGE_LOOP('',(#6071));
#6071 = ORIENTED_EDGE('',*,*,#6072,.T.);
#6072 = EDGE_CURVE('',#6073,#6073,#6075,.T.);
#6073 = VERTEX_POINT('',#6074);
#6074 = CARTESIAN_POINT('',(118.5,-44.5969,0.));
#6075 = CIRCLE('',#6076,0.5969);
#6076 = AXIS2_PLACEMENT_3D('',#6077,#6078,#6079);
#6077 = CARTESIAN_POINT('',(118.5,-44.,0.));
#6078 = DIRECTION('',(-0.,0.,-1.));
#6079 = DIRECTION('',(-0.,-1.,0.));
#6080 = FACE_BOUND('',#6081,.F.);
#6081 = EDGE_LOOP('',(#6082));
#6082 = ORIENTED_EDGE('',*,*,#6083,.T.);
#6083 = EDGE_CURVE('',#6084,#6084,#6086,.T.);
#6084 = VERTEX_POINT('',#6085);
#6085 = CARTESIAN_POINT('',(105.5,-39.5969,0.));
#6086 = CIRCLE('',#6087,0.5969);
#6087 = AXIS2_PLACEMENT_3D('',#6088,#6089,#6090);
#6088 = CARTESIAN_POINT('',(105.5,-39.,0.));
#6089 = DIRECTION('',(-0.,0.,-1.));
#6090 = DIRECTION('',(-0.,-1.,0.));
#6091 = FACE_BOUND('',#6092,.F.);
#6092 = EDGE_LOOP('',(#6093));
#6093 = ORIENTED_EDGE('',*,*,#6094,.T.);
#6094 = EDGE_CURVE('',#6095,#6095,#6097,.T.);
#6095 = VERTEX_POINT('',#6096);
#6096 = CARTESIAN_POINT('',(123.5,-44.5969,0.));
#6097 = CIRCLE('',#6098,0.5969);
#6098 = AXIS2_PLACEMENT_3D('',#6099,#6100,#6101);
#6099 = CARTESIAN_POINT('',(123.5,-44.,0.));
#6100 = DIRECTION('',(-0.,0.,-1.));
#6101 = DIRECTION('',(-0.,-1.,0.));
#6102 = FACE_BOUND('',#6103,.F.);
#6103 = EDGE_LOOP('',(#6104));
#6104 = ORIENTED_EDGE('',*,*,#6105,.T.);
#6105 = EDGE_CURVE('',#6106,#6106,#6108,.T.);
#6106 = VERTEX_POINT('',#6107);
#6107 = CARTESIAN_POINT('',(121.,-43.0969,0.));
#6108 = CIRCLE('',#6109,0.5969);
#6109 = AXIS2_PLACEMENT_3D('',#6110,#6111,#6112);
#6110 = CARTESIAN_POINT('',(121.,-42.5,0.));
#6111 = DIRECTION('',(-0.,0.,-1.));
#6112 = DIRECTION('',(-0.,-1.,0.));
#6113 = FACE_BOUND('',#6114,.F.);
#6114 = EDGE_LOOP('',(#6115));
#6115 = ORIENTED_EDGE('',*,*,#6116,.T.);
#6116 = EDGE_CURVE('',#6117,#6117,#6119,.T.);
#6117 = VERTEX_POINT('',#6118);
#6118 = CARTESIAN_POINT('',(109.16,-26.5,0.));
#6119 = CIRCLE('',#6120,0.5);
#6120 = AXIS2_PLACEMENT_3D('',#6121,#6122,#6123);
#6121 = CARTESIAN_POINT('',(109.16,-26.,0.));
#6122 = DIRECTION('',(-0.,0.,-1.));
#6123 = DIRECTION('',(-0.,-1.,0.));
#6124 = FACE_BOUND('',#6125,.F.);
#6125 = EDGE_LOOP('',(#6126));
#6126 = ORIENTED_EDGE('',*,*,#6127,.T.);
#6127 = EDGE_CURVE('',#6128,#6128,#6130,.T.);
#6128 = VERTEX_POINT('',#6129);
#6129 = CARTESIAN_POINT('',(111.7,-26.5,0.));
#6130 = CIRCLE('',#6131,0.5);
#6131 = AXIS2_PLACEMENT_3D('',#6132,#6133,#6134);
#6132 = CARTESIAN_POINT('',(111.7,-26.,0.));
#6133 = DIRECTION('',(-0.,0.,-1.));
#6134 = DIRECTION('',(-0.,-1.,0.));
#6135 = FACE_BOUND('',#6136,.F.);
#6136 = EDGE_LOOP('',(#6137));
#6137 = ORIENTED_EDGE('',*,*,#6138,.T.);
#6138 = EDGE_CURVE('',#6139,#6139,#6141,.T.);
#6139 = VERTEX_POINT('',#6140);
#6140 = CARTESIAN_POINT('',(114.24,-26.5,0.));
#6141 = CIRCLE('',#6142,0.5);
#6142 = AXIS2_PLACEMENT_3D('',#6143,#6144,#6145);
#6143 = CARTESIAN_POINT('',(114.24,-26.,0.));
#6144 = DIRECTION('',(-0.,0.,-1.));
#6145 = DIRECTION('',(-0.,-1.,0.));
#6146 = FACE_BOUND('',#6147,.F.);
#6147 = EDGE_LOOP('',(#6148));
#6148 = ORIENTED_EDGE('',*,*,#6149,.T.);
#6149 = EDGE_CURVE('',#6150,#6150,#6152,.T.);
#6150 = VERTEX_POINT('',#6151);
#6151 = CARTESIAN_POINT('',(116.78,-26.5,0.));
#6152 = CIRCLE('',#6153,0.5);
#6153 = AXIS2_PLACEMENT_3D('',#6154,#6155,#6156);
#6154 = CARTESIAN_POINT('',(116.78,-26.,0.));
#6155 = DIRECTION('',(-0.,0.,-1.));
#6156 = DIRECTION('',(-0.,-1.,0.));
#6157 = FACE_BOUND('',#6158,.F.);
#6158 = EDGE_LOOP('',(#6159));
#6159 = ORIENTED_EDGE('',*,*,#6160,.T.);
#6160 = EDGE_CURVE('',#6161,#6161,#6163,.T.);
#6161 = VERTEX_POINT('',#6162);
#6162 = CARTESIAN_POINT('',(137.4,-39.45,0.));
#6163 = CIRCLE('',#6164,1.75);
#6164 = AXIS2_PLACEMENT_3D('',#6165,#6166,#6167);
#6165 = CARTESIAN_POINT('',(137.4,-37.7,0.));
#6166 = DIRECTION('',(-0.,0.,-1.));
#6167 = DIRECTION('',(-0.,-1.,0.));
#6168 = FACE_BOUND('',#6169,.F.);
#6169 = EDGE_LOOP('',(#6170));
#6170 = ORIENTED_EDGE('',*,*,#6171,.T.);
#6171 = EDGE_CURVE('',#6172,#6172,#6174,.T.);
#6172 = VERTEX_POINT('',#6173);
#6173 = CARTESIAN_POINT('',(154.5,-47.0969,0.));
#6174 = CIRCLE('',#6175,0.5969);
#6175 = AXIS2_PLACEMENT_3D('',#6176,#6177,#6178);
#6176 = CARTESIAN_POINT('',(154.5,-46.5,0.));
#6177 = DIRECTION('',(-0.,0.,-1.));
#6178 = DIRECTION('',(-0.,-1.,0.));
#6179 = FACE_BOUND('',#6180,.F.);
#6180 = EDGE_LOOP('',(#6181));
#6181 = ORIENTED_EDGE('',*,*,#6182,.T.);
#6182 = EDGE_CURVE('',#6183,#6183,#6185,.T.);
#6183 = VERTEX_POINT('',#6184);
#6184 = CARTESIAN_POINT('',(155.38,-35.5,0.));
#6185 = CIRCLE('',#6186,0.5);
#6186 = AXIS2_PLACEMENT_3D('',#6187,#6188,#6189);
#6187 = CARTESIAN_POINT('',(155.38,-35.,0.));
#6188 = DIRECTION('',(-0.,0.,-1.));
#6189 = DIRECTION('',(-0.,-1.,0.));
#6190 = FACE_BOUND('',#6191,.F.);
#6191 = EDGE_LOOP('',(#6192));
#6192 = ORIENTED_EDGE('',*,*,#6193,.T.);
#6193 = EDGE_CURVE('',#6194,#6194,#6196,.T.);
#6194 = VERTEX_POINT('',#6195);
#6195 = CARTESIAN_POINT('',(157.92,-35.5,0.));
#6196 = CIRCLE('',#6197,0.5);
#6197 = AXIS2_PLACEMENT_3D('',#6198,#6199,#6200);
#6198 = CARTESIAN_POINT('',(157.92,-35.,0.));
#6199 = DIRECTION('',(-0.,0.,-1.));
#6200 = DIRECTION('',(-0.,-1.,0.));
#6201 = FACE_BOUND('',#6202,.F.);
#6202 = EDGE_LOOP('',(#6203));
#6203 = ORIENTED_EDGE('',*,*,#6204,.T.);
#6204 = EDGE_CURVE('',#6205,#6205,#6207,.T.);
#6205 = VERTEX_POINT('',#6206);
#6206 = CARTESIAN_POINT('',(160.46,-35.5,0.));
#6207 = CIRCLE('',#6208,0.5);
#6208 = AXIS2_PLACEMENT_3D('',#6209,#6210,#6211);
#6209 = CARTESIAN_POINT('',(160.46,-35.,0.));
#6210 = DIRECTION('',(-0.,0.,-1.));
#6211 = DIRECTION('',(-0.,-1.,0.));
#6212 = FACE_BOUND('',#6213,.F.);
#6213 = EDGE_LOOP('',(#6214));
#6214 = ORIENTED_EDGE('',*,*,#6215,.T.);
#6215 = EDGE_CURVE('',#6216,#6216,#6218,.T.);
#6216 = VERTEX_POINT('',#6217);
#6217 = CARTESIAN_POINT('',(163.,-35.5,0.));
#6218 = CIRCLE('',#6219,0.5);
#6219 = AXIS2_PLACEMENT_3D('',#6220,#6221,#6222);
#6220 = CARTESIAN_POINT('',(163.,-35.,0.));
#6221 = DIRECTION('',(-0.,0.,-1.));
#6222 = DIRECTION('',(-0.,-1.,0.));
#6223 = PLANE('',#6224);
#6224 = AXIS2_PLACEMENT_3D('',#6225,#6226,#6227);
#6225 = CARTESIAN_POINT('',(0.,0.,0.));
#6226 = DIRECTION('',(0.,0.,1.));
#6227 = DIRECTION('',(1.,0.,-0.));
#6228 = ADVANCED_FACE('',(#6229,#6351,#6362,#6373,#6384,#6395,#6406,
    #6417,#6428,#6439,#6450,#6461,#6472,#6483,#6494,#6505,#6516,#6527,
    #6538,#6549,#6560,#6571,#6582,#6593,#6604,#6615,#6626,#6637,#6648,
    #6659,#6670,#6681,#6692,#6703,#6714,#6725,#6736,#6747,#6758,#6769,
    #6780,#6791,#6802,#6813,#6824,#6835,#6846,#6857,#6868,#6879,#6890,
    #6901,#6912,#6923,#6934,#6945,#6956,#6967,#6978,#6989,#7000,#7011,
    #7022,#7033,#7044,#7055,#7066,#7077,#7088,#7099,#7110,#7121,#7132,
    #7143,#7154,#7165,#7176,#7212,#7248,#7259,#7295,#7331,#7342,#7353,
    #7364,#7375,#7386,#7397,#7408,#7444,#7455,#7466,#7502,#7513,#7549,
    #7560,#7596,#7607,#7618,#7629,#7640,#7651,#7662,#7673,#7684,#7695,
    #7706,#7717,#7728,#7739,#7750,#7761,#7772,#7783,#7794,#7805,#7816,
    #7827,#7838,#7849,#7860,#7871,#7882,#7893,#7904,#7915,#7926,#7937,
    #7948,#7959,#7970,#7981,#7992,#8003,#8014,#8025),#8036,.T.);
#6229 = FACE_BOUND('',#6230,.T.);
#6230 = EDGE_LOOP('',(#6231,#6232,#6233,#6242,#6250,#6259,#6267,#6276,
    #6284,#6293,#6301,#6310,#6318,#6327,#6335,#6343,#6350));
#6231 = ORIENTED_EDGE('',*,*,#4325,.F.);
#6232 = ORIENTED_EDGE('',*,*,#4367,.F.);
#6233 = ORIENTED_EDGE('',*,*,#6234,.F.);
#6234 = EDGE_CURVE('',#6235,#4360,#6237,.T.);
#6235 = VERTEX_POINT('',#6236);
#6236 = CARTESIAN_POINT('',(40.5,-29.5,1.51));
#6237 = CIRCLE('',#6238,4.999999678834);
#6238 = AXIS2_PLACEMENT_3D('',#6239,#6240,#6241);
#6239 = CARTESIAN_POINT('',(45.499999678834,-29.49999967883,1.51));
#6240 = DIRECTION('',(0.,0.,-1.));
#6241 = DIRECTION('',(-1.,-6.423314275614E-08,-0.));
#6242 = ORIENTED_EDGE('',*,*,#6243,.F.);
#6243 = EDGE_CURVE('',#6244,#6235,#6246,.T.);
#6244 = VERTEX_POINT('',#6245);
#6245 = CARTESIAN_POINT('',(40.5,-94.732638,1.51));
#6246 = LINE('',#6247,#6248);
#6247 = CARTESIAN_POINT('',(40.5,-94.732638,1.51));
#6248 = VECTOR('',#6249,1.);
#6249 = DIRECTION('',(0.,1.,0.));
#6250 = ORIENTED_EDGE('',*,*,#6251,.F.);
#6251 = EDGE_CURVE('',#6252,#6244,#6254,.T.);
#6252 = VERTEX_POINT('',#6253);
#6253 = CARTESIAN_POINT('',(40.803445,-98.203335,1.51));
#6254 = CIRCLE('',#6255,19.999317452336);
#6255 = AXIS2_PLACEMENT_3D('',#6256,#6257,#6258);
#6256 = CARTESIAN_POINT('',(60.499317452239,-94.73270005745,1.51));
#6257 = DIRECTION('',(0.,0.,-1.));
#6258 = DIRECTION('',(-0.984827232188,-0.173537669514,-0.));
#6259 = ORIENTED_EDGE('',*,*,#6260,.F.);
#6260 = EDGE_CURVE('',#6261,#6252,#6263,.T.);
#6261 = VERTEX_POINT('',#6262);
#6262 = CARTESIAN_POINT('',(44.622856,-119.878873,1.51));
#6263 = LINE('',#6264,#6265);
#6264 = CARTESIAN_POINT('',(44.622856,-119.878873,1.51));
#6265 = VECTOR('',#6266,1.);
#6266 = DIRECTION('',(-0.173534878002,0.98482772408,0.));
#6267 = ORIENTED_EDGE('',*,*,#6268,.F.);
#6268 = EDGE_CURVE('',#6269,#6261,#6271,.T.);
#6269 = VERTEX_POINT('',#6270);
#6270 = CARTESIAN_POINT('',(50.411656,-123.935868,1.51));
#6271 = CIRCLE('',#6272,5.000010510596);
#6272 = AXIS2_PLACEMENT_3D('',#6273,#6274,#6275);
#6273 = CARTESIAN_POINT('',(49.547003285813,-119.0111872194,1.51));
#6274 = DIRECTION('',(0.,0.,-1.));
#6275 = DIRECTION('',(0.172930179318,-0.984934085653,0.));
#6276 = ORIENTED_EDGE('',*,*,#6277,.F.);
#6277 = EDGE_CURVE('',#6278,#6269,#6280,.T.);
#6278 = VERTEX_POINT('',#6279);
#6279 = CARTESIAN_POINT('',(119.523804,-111.801326,1.51));
#6280 = LINE('',#6281,#6282);
#6281 = CARTESIAN_POINT('',(119.523804,-111.801326,1.51));
#6282 = VECTOR('',#6283,1.);
#6283 = DIRECTION('',(-0.984933721198,-0.17293225508,0.));
#6284 = ORIENTED_EDGE('',*,*,#6285,.F.);
#6285 = EDGE_CURVE('',#6286,#6278,#6288,.T.);
#6286 = VERTEX_POINT('',#6287);
#6287 = CARTESIAN_POINT('',(122.982449,-111.5,1.51));
#6288 = CIRCLE('',#6289,19.998947194885);
#6289 = AXIS2_PLACEMENT_3D('',#6290,#6291,#6292);
#6290 = CARTESIAN_POINT('',(122.98235979316,-131.4989471946,1.51));
#6291 = DIRECTION('',(0.,0.,1.));
#6292 = DIRECTION('',(4.460576422292E-06,0.99999999999,-0.));
#6293 = ORIENTED_EDGE('',*,*,#6294,.F.);
#6294 = EDGE_CURVE('',#6295,#6286,#6297,.T.);
#6295 = VERTEX_POINT('',#6296);
#6296 = CARTESIAN_POINT('',(163.5,-111.5,1.51));
#6297 = LINE('',#6298,#6299);
#6298 = CARTESIAN_POINT('',(163.5,-111.5,1.51));
#6299 = VECTOR('',#6300,1.);
#6300 = DIRECTION('',(-1.,0.,0.));
#6301 = ORIENTED_EDGE('',*,*,#6302,.F.);
#6302 = EDGE_CURVE('',#6303,#6295,#6305,.T.);
#6303 = VERTEX_POINT('',#6304);
#6304 = CARTESIAN_POINT('',(168.5,-106.5,1.51));
#6305 = CIRCLE('',#6306,4.999999678834);
#6306 = AXIS2_PLACEMENT_3D('',#6307,#6308,#6309);
#6307 = CARTESIAN_POINT('',(163.50000032116,-106.5000003211,1.51));
#6308 = DIRECTION('',(0.,0.,-1.));
#6309 = DIRECTION('',(1.,6.42331470194E-08,0.));
#6310 = ORIENTED_EDGE('',*,*,#6311,.F.);
#6311 = EDGE_CURVE('',#6312,#6303,#6314,.T.);
#6312 = VERTEX_POINT('',#6313);
#6313 = CARTESIAN_POINT('',(168.5,-38.5,1.51));
#6314 = LINE('',#6315,#6316);
#6315 = CARTESIAN_POINT('',(168.5,-38.5,1.51));
#6316 = VECTOR('',#6317,1.);
#6317 = DIRECTION('',(0.,-1.,0.));
#6318 = ORIENTED_EDGE('',*,*,#6319,.F.);
#6319 = EDGE_CURVE('',#6320,#6312,#6322,.T.);
#6320 = VERTEX_POINT('',#6321);
#6321 = CARTESIAN_POINT('',(163.5,-33.5,1.51));
#6322 = CIRCLE('',#6323,4.999999678834);
#6323 = AXIS2_PLACEMENT_3D('',#6324,#6325,#6326);
#6324 = CARTESIAN_POINT('',(163.50000032116,-38.49999967883,1.51));
#6325 = DIRECTION('',(0.,0.,-1.));
#6326 = DIRECTION('',(-6.42331470194E-08,1.,0.));
#6327 = ORIENTED_EDGE('',*,*,#6328,.F.);
#6328 = EDGE_CURVE('',#6329,#6320,#6331,.T.);
#6329 = VERTEX_POINT('',#6330);
#6330 = CARTESIAN_POINT('',(154.5,-33.5,1.51));
#6331 = LINE('',#6332,#6333);
#6332 = CARTESIAN_POINT('',(154.5,-33.5,1.51));
#6333 = VECTOR('',#6334,1.);
#6334 = DIRECTION('',(1.,0.,0.));
#6335 = ORIENTED_EDGE('',*,*,#6336,.F.);
#6336 = EDGE_CURVE('',#6337,#6329,#6339,.T.);
#6337 = VERTEX_POINT('',#6338);
#6338 = CARTESIAN_POINT('',(139.761853,-33.5,1.51));
#6339 = LINE('',#6340,#6341);
#6340 = CARTESIAN_POINT('',(139.761853,-33.5,1.51));
#6341 = VECTOR('',#6342,1.);
#6342 = DIRECTION('',(1.,0.,0.));
#6343 = ORIENTED_EDGE('',*,*,#6344,.F.);
#6344 = EDGE_CURVE('',#4390,#6337,#6345,.T.);
#6345 = CIRCLE('',#6346,10.000005856382);
#6346 = AXIS2_PLACEMENT_3D('',#6347,#6348,#6349);
#6347 = CARTESIAN_POINT('',(139.76185560509,-23.49999414361,1.51));
#6348 = DIRECTION('',(0.,0.,1.));
#6349 = DIRECTION('',(-0.447412398488,-0.894327761886,0.));
#6350 = ORIENTED_EDGE('',*,*,#4389,.F.);
#6351 = FACE_BOUND('',#6352,.T.);
#6352 = EDGE_LOOP('',(#6353));
#6353 = ORIENTED_EDGE('',*,*,#6354,.T.);
#6354 = EDGE_CURVE('',#6355,#6355,#6357,.T.);
#6355 = VERTEX_POINT('',#6356);
#6356 = CARTESIAN_POINT('',(52.669022,-104.948362,1.51));
#6357 = CIRCLE('',#6358,0.5969);
#6358 = AXIS2_PLACEMENT_3D('',#6359,#6360,#6361);
#6359 = CARTESIAN_POINT('',(52.669022,-104.351462,1.51));
#6360 = DIRECTION('',(-0.,0.,-1.));
#6361 = DIRECTION('',(-0.,-1.,0.));
#6362 = FACE_BOUND('',#6363,.T.);
#6363 = EDGE_LOOP('',(#6364));
#6364 = ORIENTED_EDGE('',*,*,#6365,.T.);
#6365 = EDGE_CURVE('',#6366,#6366,#6368,.T.);
#6366 = VERTEX_POINT('',#6367);
#6367 = CARTESIAN_POINT('',(67.933543,-102.256815,1.51));
#6368 = CIRCLE('',#6369,0.5969);
#6369 = AXIS2_PLACEMENT_3D('',#6370,#6371,#6372);
#6370 = CARTESIAN_POINT('',(67.933543,-101.659915,1.51));
#6371 = DIRECTION('',(-0.,0.,-1.));
#6372 = DIRECTION('',(-0.,-1.,0.));
#6373 = FACE_BOUND('',#6374,.T.);
#6374 = EDGE_LOOP('',(#6375));
#6375 = ORIENTED_EDGE('',*,*,#6376,.T.);
#6376 = EDGE_CURVE('',#6377,#6377,#6379,.T.);
#6377 = VERTEX_POINT('',#6378);
#6378 = CARTESIAN_POINT('',(48.70321,-96.854048,1.51));
#6379 = CIRCLE('',#6380,0.5969);
#6380 = AXIS2_PLACEMENT_3D('',#6381,#6382,#6383);
#6381 = CARTESIAN_POINT('',(48.70321,-96.257148,1.51));
#6382 = DIRECTION('',(-0.,0.,-1.));
#6383 = DIRECTION('',(-0.,-1.,0.));
#6384 = FACE_BOUND('',#6385,.T.);
#6385 = EDGE_LOOP('',(#6386));
#6386 = ORIENTED_EDGE('',*,*,#6387,.T.);
#6387 = EDGE_CURVE('',#6388,#6388,#6390,.T.);
#6388 = VERTEX_POINT('',#6389);
#6389 = CARTESIAN_POINT('',(51.78689,-99.94554,1.51));
#6390 = CIRCLE('',#6391,0.5969);
#6391 = AXIS2_PLACEMENT_3D('',#6392,#6393,#6394);
#6392 = CARTESIAN_POINT('',(51.78689,-99.34864,1.51));
#6393 = DIRECTION('',(-0.,0.,-1.));
#6394 = DIRECTION('',(-0.,-1.,0.));
#6395 = FACE_BOUND('',#6396,.T.);
#6396 = EDGE_LOOP('',(#6397));
#6397 = ORIENTED_EDGE('',*,*,#6398,.T.);
#6398 = EDGE_CURVE('',#6399,#6399,#6401,.T.);
#6399 = VERTEX_POINT('',#6400);
#6400 = CARTESIAN_POINT('',(53.627249,-95.985807,1.51));
#6401 = CIRCLE('',#6402,0.5969);
#6402 = AXIS2_PLACEMENT_3D('',#6403,#6404,#6405);
#6403 = CARTESIAN_POINT('',(53.627249,-95.388907,1.51));
#6404 = DIRECTION('',(-0.,0.,-1.));
#6405 = DIRECTION('',(-0.,-1.,0.));
#6406 = FACE_BOUND('',#6407,.T.);
#6407 = EDGE_LOOP('',(#6408));
#6408 = ORIENTED_EDGE('',*,*,#6409,.T.);
#6409 = EDGE_CURVE('',#6410,#6410,#6412,.T.);
#6410 = VERTEX_POINT('',#6411);
#6411 = CARTESIAN_POINT('',(50.904757,-94.942716,1.51));
#6412 = CIRCLE('',#6413,0.5969);
#6413 = AXIS2_PLACEMENT_3D('',#6414,#6415,#6416);
#6414 = CARTESIAN_POINT('',(50.904757,-94.345816,1.51));
#6415 = DIRECTION('',(-0.,0.,-1.));
#6416 = DIRECTION('',(-1.190388232133E-14,-1.,0.));
#6417 = FACE_BOUND('',#6418,.T.);
#6418 = EDGE_LOOP('',(#6419));
#6419 = ORIENTED_EDGE('',*,*,#6420,.T.);
#6420 = EDGE_CURVE('',#6421,#6421,#6423,.T.);
#6421 = VERTEX_POINT('',#6422);
#6422 = CARTESIAN_POINT('',(67.051411,-97.253993,1.51));
#6423 = CIRCLE('',#6424,0.5969);
#6424 = AXIS2_PLACEMENT_3D('',#6425,#6426,#6427);
#6425 = CARTESIAN_POINT('',(67.051411,-96.657093,1.51));
#6426 = DIRECTION('',(-0.,0.,-1.));
#6427 = DIRECTION('',(-0.,-1.,0.));
#6428 = FACE_BOUND('',#6429,.T.);
#6429 = EDGE_LOOP('',(#6430));
#6430 = ORIENTED_EDGE('',*,*,#6431,.T.);
#6431 = EDGE_CURVE('',#6432,#6432,#6434,.T.);
#6432 = VERTEX_POINT('',#6433);
#6433 = CARTESIAN_POINT('',(63.967731,-94.162501,1.51));
#6434 = CIRCLE('',#6435,0.5969);
#6435 = AXIS2_PLACEMENT_3D('',#6436,#6437,#6438);
#6436 = CARTESIAN_POINT('',(63.967731,-93.565601,1.51));
#6437 = DIRECTION('',(-0.,0.,-1.));
#6438 = DIRECTION('',(-0.,-1.,0.));
#6439 = FACE_BOUND('',#6440,.T.);
#6440 = EDGE_LOOP('',(#6441));
#6441 = ORIENTED_EDGE('',*,*,#6442,.T.);
#6442 = EDGE_CURVE('',#6443,#6443,#6445,.T.);
#6443 = VERTEX_POINT('',#6444);
#6444 = CARTESIAN_POINT('',(68.89177,-93.29426,1.51));
#6445 = CIRCLE('',#6446,0.5969);
#6446 = AXIS2_PLACEMENT_3D('',#6447,#6448,#6449);
#6447 = CARTESIAN_POINT('',(68.89177,-92.69736,1.51));
#6448 = DIRECTION('',(-0.,0.,-1.));
#6449 = DIRECTION('',(-2.380776464266E-14,-1.,0.));
#6450 = FACE_BOUND('',#6451,.T.);
#6451 = EDGE_LOOP('',(#6452));
#6452 = ORIENTED_EDGE('',*,*,#6453,.T.);
#6453 = EDGE_CURVE('',#6454,#6454,#6456,.T.);
#6454 = VERTEX_POINT('',#6455);
#6455 = CARTESIAN_POINT('',(66.169278,-92.251169,1.51));
#6456 = CIRCLE('',#6457,0.5969);
#6457 = AXIS2_PLACEMENT_3D('',#6458,#6459,#6460);
#6458 = CARTESIAN_POINT('',(66.169278,-91.654269,1.51));
#6459 = DIRECTION('',(-0.,0.,-1.));
#6460 = DIRECTION('',(2.380776464266E-14,-1.,-0.));
#6461 = FACE_BOUND('',#6462,.T.);
#6462 = EDGE_LOOP('',(#6463));
#6463 = ORIENTED_EDGE('',*,*,#6464,.T.);
#6464 = EDGE_CURVE('',#6465,#6465,#6467,.T.);
#6465 = VERTEX_POINT('',#6466);
#6466 = CARTESIAN_POINT('',(83.68,-101.5,1.51));
#6467 = CIRCLE('',#6468,0.5);
#6468 = AXIS2_PLACEMENT_3D('',#6469,#6470,#6471);
#6469 = CARTESIAN_POINT('',(83.68,-101.,1.51));
#6470 = DIRECTION('',(-0.,0.,-1.));
#6471 = DIRECTION('',(-0.,-1.,0.));
#6472 = FACE_BOUND('',#6473,.T.);
#6473 = EDGE_LOOP('',(#6474));
#6474 = ORIENTED_EDGE('',*,*,#6475,.T.);
#6475 = EDGE_CURVE('',#6476,#6476,#6478,.T.);
#6476 = VERTEX_POINT('',#6477);
#6477 = CARTESIAN_POINT('',(86.219999,-101.5,1.51));
#6478 = CIRCLE('',#6479,0.5);
#6479 = AXIS2_PLACEMENT_3D('',#6480,#6481,#6482);
#6480 = CARTESIAN_POINT('',(86.219999,-101.,1.51));
#6481 = DIRECTION('',(-0.,0.,-1.));
#6482 = DIRECTION('',(-0.,-1.,0.));
#6483 = FACE_BOUND('',#6484,.T.);
#6484 = EDGE_LOOP('',(#6485));
#6485 = ORIENTED_EDGE('',*,*,#6486,.T.);
#6486 = EDGE_CURVE('',#6487,#6487,#6489,.T.);
#6487 = VERTEX_POINT('',#6488);
#6488 = CARTESIAN_POINT('',(88.76,-101.5,1.51));
#6489 = CIRCLE('',#6490,0.5);
#6490 = AXIS2_PLACEMENT_3D('',#6491,#6492,#6493);
#6491 = CARTESIAN_POINT('',(88.76,-101.,1.51));
#6492 = DIRECTION('',(-0.,0.,-1.));
#6493 = DIRECTION('',(-0.,-1.,0.));
#6494 = FACE_BOUND('',#6495,.T.);
#6495 = EDGE_LOOP('',(#6496));
#6496 = ORIENTED_EDGE('',*,*,#6497,.T.);
#6497 = EDGE_CURVE('',#6498,#6498,#6500,.T.);
#6498 = VERTEX_POINT('',#6499);
#6499 = CARTESIAN_POINT('',(91.3,-101.5,1.51));
#6500 = CIRCLE('',#6501,0.5);
#6501 = AXIS2_PLACEMENT_3D('',#6502,#6503,#6504);
#6502 = CARTESIAN_POINT('',(91.3,-101.,1.51));
#6503 = DIRECTION('',(-0.,0.,-1.));
#6504 = DIRECTION('',(-0.,-1.,0.));
#6505 = FACE_BOUND('',#6506,.T.);
#6506 = EDGE_LOOP('',(#6507));
#6507 = ORIENTED_EDGE('',*,*,#6508,.T.);
#6508 = EDGE_CURVE('',#6509,#6509,#6511,.T.);
#6509 = VERTEX_POINT('',#6510);
#6510 = CARTESIAN_POINT('',(103.1,-103.05,1.51));
#6511 = CIRCLE('',#6512,1.75);
#6512 = AXIS2_PLACEMENT_3D('',#6513,#6514,#6515);
#6513 = CARTESIAN_POINT('',(103.1,-101.3,1.51));
#6514 = DIRECTION('',(-0.,0.,-1.));
#6515 = DIRECTION('',(-0.,-1.,0.));
#6516 = FACE_BOUND('',#6517,.T.);
#6517 = EDGE_LOOP('',(#6518));
#6518 = ORIENTED_EDGE('',*,*,#6519,.T.);
#6519 = EDGE_CURVE('',#6520,#6520,#6522,.T.);
#6520 = VERTEX_POINT('',#6521);
#6521 = CARTESIAN_POINT('',(87.5,-92.7569,1.51));
#6522 = CIRCLE('',#6523,0.5969);
#6523 = AXIS2_PLACEMENT_3D('',#6524,#6525,#6526);
#6524 = CARTESIAN_POINT('',(87.5,-92.16,1.51));
#6525 = DIRECTION('',(-0.,0.,-1.));
#6526 = DIRECTION('',(-0.,-1.,0.));
#6527 = FACE_BOUND('',#6528,.T.);
#6528 = EDGE_LOOP('',(#6529));
#6529 = ORIENTED_EDGE('',*,*,#6530,.T.);
#6530 = EDGE_CURVE('',#6531,#6531,#6533,.T.);
#6531 = VERTEX_POINT('',#6532);
#6532 = CARTESIAN_POINT('',(85.,-91.2569,1.51));
#6533 = CIRCLE('',#6534,0.5969);
#6534 = AXIS2_PLACEMENT_3D('',#6535,#6536,#6537);
#6535 = CARTESIAN_POINT('',(85.,-90.66,1.51));
#6536 = DIRECTION('',(-0.,0.,-1.));
#6537 = DIRECTION('',(-0.,-1.,0.));
#6538 = FACE_BOUND('',#6539,.T.);
#6539 = EDGE_LOOP('',(#6540));
#6540 = ORIENTED_EDGE('',*,*,#6541,.T.);
#6541 = EDGE_CURVE('',#6542,#6542,#6544,.T.);
#6542 = VERTEX_POINT('',#6543);
#6543 = CARTESIAN_POINT('',(90.,-91.2569,1.51));
#6544 = CIRCLE('',#6545,0.5969);
#6545 = AXIS2_PLACEMENT_3D('',#6546,#6547,#6548);
#6546 = CARTESIAN_POINT('',(90.,-90.66,1.51));
#6547 = DIRECTION('',(-0.,0.,-1.));
#6548 = DIRECTION('',(-0.,-1.,0.));
#6549 = FACE_BOUND('',#6550,.T.);
#6550 = EDGE_LOOP('',(#6551));
#6551 = ORIENTED_EDGE('',*,*,#6552,.T.);
#6552 = EDGE_CURVE('',#6553,#6553,#6555,.T.);
#6553 = VERTEX_POINT('',#6554);
#6554 = CARTESIAN_POINT('',(55.192373,-85.443932,1.51));
#6555 = CIRCLE('',#6556,0.5);
#6556 = AXIS2_PLACEMENT_3D('',#6557,#6558,#6559);
#6557 = CARTESIAN_POINT('',(55.192373,-84.943932,1.51));
#6558 = DIRECTION('',(-0.,0.,-1.));
#6559 = DIRECTION('',(-0.,-1.,0.));
#6560 = FACE_BOUND('',#6561,.T.);
#6561 = EDGE_LOOP('',(#6562));
#6562 = ORIENTED_EDGE('',*,*,#6563,.T.);
#6563 = EDGE_CURVE('',#6564,#6564,#6566,.T.);
#6564 = VERTEX_POINT('',#6565);
#6565 = CARTESIAN_POINT('',(57.693784,-85.002866,1.51));
#6566 = CIRCLE('',#6567,0.5);
#6567 = AXIS2_PLACEMENT_3D('',#6568,#6569,#6570);
#6568 = CARTESIAN_POINT('',(57.693784,-84.502866,1.51));
#6569 = DIRECTION('',(-0.,0.,-1.));
#6570 = DIRECTION('',(-0.,-1.,0.));
#6571 = FACE_BOUND('',#6572,.T.);
#6572 = EDGE_LOOP('',(#6573));
#6573 = ORIENTED_EDGE('',*,*,#6574,.T.);
#6574 = EDGE_CURVE('',#6575,#6575,#6577,.T.);
#6575 = VERTEX_POINT('',#6576);
#6576 = CARTESIAN_POINT('',(60.195196,-84.561799,1.51));
#6577 = CIRCLE('',#6578,0.5);
#6578 = AXIS2_PLACEMENT_3D('',#6579,#6580,#6581);
#6579 = CARTESIAN_POINT('',(60.195196,-84.061799,1.51));
#6580 = DIRECTION('',(-0.,0.,-1.));
#6581 = DIRECTION('',(-0.,-1.,0.));
#6582 = FACE_BOUND('',#6583,.T.);
#6583 = EDGE_LOOP('',(#6584));
#6584 = ORIENTED_EDGE('',*,*,#6585,.T.);
#6585 = EDGE_CURVE('',#6586,#6586,#6588,.T.);
#6586 = VERTEX_POINT('',#6587);
#6587 = CARTESIAN_POINT('',(62.696608,-84.120733,1.51));
#6588 = CIRCLE('',#6589,0.5);
#6589 = AXIS2_PLACEMENT_3D('',#6590,#6591,#6592);
#6590 = CARTESIAN_POINT('',(62.696608,-83.620733,1.51));
#6591 = DIRECTION('',(-0.,0.,-1.));
#6592 = DIRECTION('',(-0.,-1.,0.));
#6593 = FACE_BOUND('',#6594,.T.);
#6594 = EDGE_LOOP('',(#6595));
#6595 = ORIENTED_EDGE('',*,*,#6596,.T.);
#6596 = EDGE_CURVE('',#6597,#6597,#6599,.T.);
#6597 = VERTEX_POINT('',#6598);
#6598 = CARTESIAN_POINT('',(55.692893,-69.504007,1.51));
#6599 = CIRCLE('',#6600,0.5969);
#6600 = AXIS2_PLACEMENT_3D('',#6601,#6602,#6603);
#6601 = CARTESIAN_POINT('',(55.692893,-68.907107,1.51));
#6602 = DIRECTION('',(-0.,0.,-1.));
#6603 = DIRECTION('',(-0.,-1.,0.));
#6604 = FACE_BOUND('',#6605,.T.);
#6605 = EDGE_LOOP('',(#6606));
#6606 = ORIENTED_EDGE('',*,*,#6607,.T.);
#6607 = EDGE_CURVE('',#6608,#6608,#6610,.T.);
#6608 = VERTEX_POINT('',#6609);
#6609 = CARTESIAN_POINT('',(87.5,-87.6769,1.51));
#6610 = CIRCLE('',#6611,0.5969);
#6611 = AXIS2_PLACEMENT_3D('',#6612,#6613,#6614);
#6612 = CARTESIAN_POINT('',(87.5,-87.08,1.51));
#6613 = DIRECTION('',(-0.,0.,-1.));
#6614 = DIRECTION('',(-0.,-1.,0.));
#6615 = FACE_BOUND('',#6616,.T.);
#6616 = EDGE_LOOP('',(#6617));
#6617 = ORIENTED_EDGE('',*,*,#6618,.T.);
#6618 = EDGE_CURVE('',#6619,#6619,#6621,.T.);
#6619 = VERTEX_POINT('',#6620);
#6620 = CARTESIAN_POINT('',(87.5,-82.5969,1.51));
#6621 = CIRCLE('',#6622,0.5969);
#6622 = AXIS2_PLACEMENT_3D('',#6623,#6624,#6625);
#6623 = CARTESIAN_POINT('',(87.5,-82.,1.51));
#6624 = DIRECTION('',(-0.,0.,-1.));
#6625 = DIRECTION('',(-0.,-1.,0.));
#6626 = FACE_BOUND('',#6627,.T.);
#6627 = EDGE_LOOP('',(#6628));
#6628 = ORIENTED_EDGE('',*,*,#6629,.T.);
#6629 = EDGE_CURVE('',#6630,#6630,#6632,.T.);
#6630 = VERTEX_POINT('',#6631);
#6631 = CARTESIAN_POINT('',(100.5,-88.2569,1.51));
#6632 = CIRCLE('',#6633,0.5969);
#6633 = AXIS2_PLACEMENT_3D('',#6634,#6635,#6636);
#6634 = CARTESIAN_POINT('',(100.5,-87.66,1.51));
#6635 = DIRECTION('',(-0.,0.,-1.));
#6636 = DIRECTION('',(-0.,-1.,0.));
#6637 = FACE_BOUND('',#6638,.T.);
#6638 = EDGE_LOOP('',(#6639));
#6639 = ORIENTED_EDGE('',*,*,#6640,.T.);
#6640 = EDGE_CURVE('',#6641,#6641,#6643,.T.);
#6641 = VERTEX_POINT('',#6642);
#6642 = CARTESIAN_POINT('',(103.,-89.7569,1.51));
#6643 = CIRCLE('',#6644,0.5969);
#6644 = AXIS2_PLACEMENT_3D('',#6645,#6646,#6647);
#6645 = CARTESIAN_POINT('',(103.,-89.16,1.51));
#6646 = DIRECTION('',(-0.,0.,-1.));
#6647 = DIRECTION('',(-0.,-1.,0.));
#6648 = FACE_BOUND('',#6649,.T.);
#6649 = EDGE_LOOP('',(#6650));
#6650 = ORIENTED_EDGE('',*,*,#6651,.T.);
#6651 = EDGE_CURVE('',#6652,#6652,#6654,.T.);
#6652 = VERTEX_POINT('',#6653);
#6653 = CARTESIAN_POINT('',(103.,-84.6769,1.51));
#6654 = CIRCLE('',#6655,0.5969);
#6655 = AXIS2_PLACEMENT_3D('',#6656,#6657,#6658);
#6656 = CARTESIAN_POINT('',(103.,-84.08,1.51));
#6657 = DIRECTION('',(-0.,0.,-1.));
#6658 = DIRECTION('',(-0.,-1.,0.));
#6659 = FACE_BOUND('',#6660,.T.);
#6660 = EDGE_LOOP('',(#6661));
#6661 = ORIENTED_EDGE('',*,*,#6662,.T.);
#6662 = EDGE_CURVE('',#6663,#6663,#6665,.T.);
#6663 = VERTEX_POINT('',#6664);
#6664 = CARTESIAN_POINT('',(103.,-79.5969,1.51));
#6665 = CIRCLE('',#6666,0.5969);
#6666 = AXIS2_PLACEMENT_3D('',#6667,#6668,#6669);
#6667 = CARTESIAN_POINT('',(103.,-79.,1.51));
#6668 = DIRECTION('',(-0.,0.,-1.));
#6669 = DIRECTION('',(-0.,-1.,0.));
#6670 = FACE_BOUND('',#6671,.T.);
#6671 = EDGE_LOOP('',(#6672));
#6672 = ORIENTED_EDGE('',*,*,#6673,.T.);
#6673 = EDGE_CURVE('',#6674,#6674,#6676,.T.);
#6674 = VERTEX_POINT('',#6675);
#6675 = CARTESIAN_POINT('',(93.6,-73.35,1.51));
#6676 = CIRCLE('',#6677,2.25);
#6677 = AXIS2_PLACEMENT_3D('',#6678,#6679,#6680);
#6678 = CARTESIAN_POINT('',(93.6,-71.1,1.51));
#6679 = DIRECTION('',(-0.,0.,-1.));
#6680 = DIRECTION('',(-0.,-1.,0.));
#6681 = FACE_BOUND('',#6682,.T.);
#6682 = EDGE_LOOP('',(#6683));
#6683 = ORIENTED_EDGE('',*,*,#6684,.T.);
#6684 = EDGE_CURVE('',#6685,#6685,#6687,.T.);
#6685 = VERTEX_POINT('',#6686);
#6686 = CARTESIAN_POINT('',(125.22,-110.5,1.51));
#6687 = CIRCLE('',#6688,0.5);
#6688 = AXIS2_PLACEMENT_3D('',#6689,#6690,#6691);
#6689 = CARTESIAN_POINT('',(125.22,-110.,1.51));
#6690 = DIRECTION('',(-0.,0.,-1.));
#6691 = DIRECTION('',(-0.,-1.,0.));
#6692 = FACE_BOUND('',#6693,.T.);
#6693 = EDGE_LOOP('',(#6694));
#6694 = ORIENTED_EDGE('',*,*,#6695,.T.);
#6695 = EDGE_CURVE('',#6696,#6696,#6698,.T.);
#6696 = VERTEX_POINT('',#6697);
#6697 = CARTESIAN_POINT('',(127.76,-110.5,1.51));
#6698 = CIRCLE('',#6699,0.5);
#6699 = AXIS2_PLACEMENT_3D('',#6700,#6701,#6702);
#6700 = CARTESIAN_POINT('',(127.76,-110.,1.51));
#6701 = DIRECTION('',(-0.,0.,-1.));
#6702 = DIRECTION('',(2.84217094304E-14,-1.,-0.));
#6703 = FACE_BOUND('',#6704,.T.);
#6704 = EDGE_LOOP('',(#6705));
#6705 = ORIENTED_EDGE('',*,*,#6706,.T.);
#6706 = EDGE_CURVE('',#6707,#6707,#6709,.T.);
#6707 = VERTEX_POINT('',#6708);
#6708 = CARTESIAN_POINT('',(130.3,-110.5,1.51));
#6709 = CIRCLE('',#6710,0.5);
#6710 = AXIS2_PLACEMENT_3D('',#6711,#6712,#6713);
#6711 = CARTESIAN_POINT('',(130.3,-110.,1.51));
#6712 = DIRECTION('',(-0.,0.,-1.));
#6713 = DIRECTION('',(-0.,-1.,0.));
#6714 = FACE_BOUND('',#6715,.T.);
#6715 = EDGE_LOOP('',(#6716));
#6716 = ORIENTED_EDGE('',*,*,#6717,.T.);
#6717 = EDGE_CURVE('',#6718,#6718,#6720,.T.);
#6718 = VERTEX_POINT('',#6719);
#6719 = CARTESIAN_POINT('',(132.84,-110.5,1.51));
#6720 = CIRCLE('',#6721,0.5);
#6721 = AXIS2_PLACEMENT_3D('',#6722,#6723,#6724);
#6722 = CARTESIAN_POINT('',(132.84,-110.,1.51));
#6723 = DIRECTION('',(-0.,0.,-1.));
#6724 = DIRECTION('',(-0.,-1.,0.));
#6725 = FACE_BOUND('',#6726,.T.);
#6726 = EDGE_LOOP('',(#6727));
#6727 = ORIENTED_EDGE('',*,*,#6728,.T.);
#6728 = EDGE_CURVE('',#6729,#6729,#6731,.T.);
#6729 = VERTEX_POINT('',#6730);
#6730 = CARTESIAN_POINT('',(118.5,-93.2569,1.51));
#6731 = CIRCLE('',#6732,0.5969);
#6732 = AXIS2_PLACEMENT_3D('',#6733,#6734,#6735);
#6733 = CARTESIAN_POINT('',(118.5,-92.66,1.51));
#6734 = DIRECTION('',(-0.,0.,-1.));
#6735 = DIRECTION('',(-0.,-1.,0.));
#6736 = FACE_BOUND('',#6737,.T.);
#6737 = EDGE_LOOP('',(#6738));
#6738 = ORIENTED_EDGE('',*,*,#6739,.T.);
#6739 = EDGE_CURVE('',#6740,#6740,#6742,.T.);
#6740 = VERTEX_POINT('',#6741);
#6741 = CARTESIAN_POINT('',(121.,-94.7569,1.51));
#6742 = CIRCLE('',#6743,0.5969);
#6743 = AXIS2_PLACEMENT_3D('',#6744,#6745,#6746);
#6744 = CARTESIAN_POINT('',(121.,-94.16,1.51));
#6745 = DIRECTION('',(-0.,0.,-1.));
#6746 = DIRECTION('',(-0.,-1.,0.));
#6747 = FACE_BOUND('',#6748,.T.);
#6748 = EDGE_LOOP('',(#6749));
#6749 = ORIENTED_EDGE('',*,*,#6750,.T.);
#6750 = EDGE_CURVE('',#6751,#6751,#6753,.T.);
#6751 = VERTEX_POINT('',#6752);
#6752 = CARTESIAN_POINT('',(123.5,-93.2569,1.51));
#6753 = CIRCLE('',#6754,0.5969);
#6754 = AXIS2_PLACEMENT_3D('',#6755,#6756,#6757);
#6755 = CARTESIAN_POINT('',(123.5,-92.66,1.51));
#6756 = DIRECTION('',(-0.,0.,-1.));
#6757 = DIRECTION('',(-0.,-1.,0.));
#6758 = FACE_BOUND('',#6759,.T.);
#6759 = EDGE_LOOP('',(#6760));
#6760 = ORIENTED_EDGE('',*,*,#6761,.T.);
#6761 = EDGE_CURVE('',#6762,#6762,#6764,.T.);
#6762 = VERTEX_POINT('',#6763);
#6763 = CARTESIAN_POINT('',(164.,-109.35,1.51));
#6764 = CIRCLE('',#6765,1.75);
#6765 = AXIS2_PLACEMENT_3D('',#6766,#6767,#6768);
#6766 = CARTESIAN_POINT('',(164.,-107.6,1.51));
#6767 = DIRECTION('',(-0.,0.,-1.));
#6768 = DIRECTION('',(-0.,-1.,0.));
#6769 = FACE_BOUND('',#6770,.T.);
#6770 = EDGE_LOOP('',(#6771));
#6771 = ORIENTED_EDGE('',*,*,#6772,.T.);
#6772 = EDGE_CURVE('',#6773,#6773,#6775,.T.);
#6773 = VERTEX_POINT('',#6774);
#6774 = CARTESIAN_POINT('',(139.,-99.7569,1.51));
#6775 = CIRCLE('',#6776,0.5969);
#6776 = AXIS2_PLACEMENT_3D('',#6777,#6778,#6779);
#6777 = CARTESIAN_POINT('',(139.,-99.16,1.51));
#6778 = DIRECTION('',(-0.,0.,-1.));
#6779 = DIRECTION('',(-0.,-1.,0.));
#6780 = FACE_BOUND('',#6781,.T.);
#6781 = EDGE_LOOP('',(#6782));
#6782 = ORIENTED_EDGE('',*,*,#6783,.T.);
#6783 = EDGE_CURVE('',#6784,#6784,#6786,.T.);
#6784 = VERTEX_POINT('',#6785);
#6785 = CARTESIAN_POINT('',(136.5,-98.2569,1.51));
#6786 = CIRCLE('',#6787,0.5969);
#6787 = AXIS2_PLACEMENT_3D('',#6788,#6789,#6790);
#6788 = CARTESIAN_POINT('',(136.5,-97.66,1.51));
#6789 = DIRECTION('',(-0.,0.,-1.));
#6790 = DIRECTION('',(-0.,-1.,0.));
#6791 = FACE_BOUND('',#6792,.T.);
#6792 = EDGE_LOOP('',(#6793));
#6793 = ORIENTED_EDGE('',*,*,#6794,.T.);
#6794 = EDGE_CURVE('',#6795,#6795,#6797,.T.);
#6795 = VERTEX_POINT('',#6796);
#6796 = CARTESIAN_POINT('',(141.5,-98.2569,1.51));
#6797 = CIRCLE('',#6798,0.5969);
#6798 = AXIS2_PLACEMENT_3D('',#6799,#6800,#6801);
#6799 = CARTESIAN_POINT('',(141.5,-97.66,1.51));
#6800 = DIRECTION('',(-0.,0.,-1.));
#6801 = DIRECTION('',(-0.,-1.,0.));
#6802 = FACE_BOUND('',#6803,.T.);
#6803 = EDGE_LOOP('',(#6804));
#6804 = ORIENTED_EDGE('',*,*,#6805,.T.);
#6805 = EDGE_CURVE('',#6806,#6806,#6808,.T.);
#6806 = VERTEX_POINT('',#6807);
#6807 = CARTESIAN_POINT('',(139.,-94.6769,1.51));
#6808 = CIRCLE('',#6809,0.5969);
#6809 = AXIS2_PLACEMENT_3D('',#6810,#6811,#6812);
#6810 = CARTESIAN_POINT('',(139.,-94.08,1.51));
#6811 = DIRECTION('',(-0.,0.,-1.));
#6812 = DIRECTION('',(-0.,-1.,0.));
#6813 = FACE_BOUND('',#6814,.T.);
#6814 = EDGE_LOOP('',(#6815));
#6815 = ORIENTED_EDGE('',*,*,#6816,.T.);
#6816 = EDGE_CURVE('',#6817,#6817,#6819,.T.);
#6817 = VERTEX_POINT('',#6818);
#6818 = CARTESIAN_POINT('',(154.5,-98.7569,1.51));
#6819 = CIRCLE('',#6820,0.5969);
#6820 = AXIS2_PLACEMENT_3D('',#6821,#6822,#6823);
#6821 = CARTESIAN_POINT('',(154.5,-98.16,1.51));
#6822 = DIRECTION('',(-0.,0.,-1.));
#6823 = DIRECTION('',(-0.,-1.,0.));
#6824 = FACE_BOUND('',#6825,.T.);
#6825 = EDGE_LOOP('',(#6826));
#6826 = ORIENTED_EDGE('',*,*,#6827,.T.);
#6827 = EDGE_CURVE('',#6828,#6828,#6830,.T.);
#6828 = VERTEX_POINT('',#6829);
#6829 = CARTESIAN_POINT('',(152.,-97.2569,1.51));
#6830 = CIRCLE('',#6831,0.5969);
#6831 = AXIS2_PLACEMENT_3D('',#6832,#6833,#6834);
#6832 = CARTESIAN_POINT('',(152.,-96.66,1.51));
#6833 = DIRECTION('',(-0.,0.,-1.));
#6834 = DIRECTION('',(-0.,-1.,0.));
#6835 = FACE_BOUND('',#6836,.T.);
#6836 = EDGE_LOOP('',(#6837));
#6837 = ORIENTED_EDGE('',*,*,#6838,.T.);
#6838 = EDGE_CURVE('',#6839,#6839,#6841,.T.);
#6839 = VERTEX_POINT('',#6840);
#6840 = CARTESIAN_POINT('',(157.,-97.2569,1.51));
#6841 = CIRCLE('',#6842,0.5969);
#6842 = AXIS2_PLACEMENT_3D('',#6843,#6844,#6845);
#6843 = CARTESIAN_POINT('',(157.,-96.66,1.51));
#6844 = DIRECTION('',(-0.,0.,-1.));
#6845 = DIRECTION('',(-0.,-1.,0.));
#6846 = FACE_BOUND('',#6847,.T.);
#6847 = EDGE_LOOP('',(#6848));
#6848 = ORIENTED_EDGE('',*,*,#6849,.T.);
#6849 = EDGE_CURVE('',#6850,#6850,#6852,.T.);
#6850 = VERTEX_POINT('',#6851);
#6851 = CARTESIAN_POINT('',(154.5,-93.6769,1.51));
#6852 = CIRCLE('',#6853,0.5969);
#6853 = AXIS2_PLACEMENT_3D('',#6854,#6855,#6856);
#6854 = CARTESIAN_POINT('',(154.5,-93.08,1.51));
#6855 = DIRECTION('',(-0.,0.,-1.));
#6856 = DIRECTION('',(-0.,-1.,0.));
#6857 = FACE_BOUND('',#6858,.T.);
#6858 = EDGE_LOOP('',(#6859));
#6859 = ORIENTED_EDGE('',*,*,#6860,.T.);
#6860 = EDGE_CURVE('',#6861,#6861,#6863,.T.);
#6861 = VERTEX_POINT('',#6862);
#6862 = CARTESIAN_POINT('',(105.5,-88.2569,1.51));
#6863 = CIRCLE('',#6864,0.5969);
#6864 = AXIS2_PLACEMENT_3D('',#6865,#6866,#6867);
#6865 = CARTESIAN_POINT('',(105.5,-87.66,1.51));
#6866 = DIRECTION('',(-0.,0.,-1.));
#6867 = DIRECTION('',(-0.,-1.,0.));
#6868 = FACE_BOUND('',#6869,.T.);
#6869 = EDGE_LOOP('',(#6870));
#6870 = ORIENTED_EDGE('',*,*,#6871,.T.);
#6871 = EDGE_CURVE('',#6872,#6872,#6874,.T.);
#6872 = VERTEX_POINT('',#6873);
#6873 = CARTESIAN_POINT('',(121.,-89.6769,1.51));
#6874 = CIRCLE('',#6875,0.5969);
#6875 = AXIS2_PLACEMENT_3D('',#6876,#6877,#6878);
#6876 = CARTESIAN_POINT('',(121.,-89.08,1.51));
#6877 = DIRECTION('',(-0.,0.,-1.));
#6878 = DIRECTION('',(-0.,-1.,0.));
#6879 = FACE_BOUND('',#6880,.T.);
#6880 = EDGE_LOOP('',(#6881));
#6881 = ORIENTED_EDGE('',*,*,#6882,.T.);
#6882 = EDGE_CURVE('',#6883,#6883,#6885,.T.);
#6883 = VERTEX_POINT('',#6884);
#6884 = CARTESIAN_POINT('',(121.,-84.5969,1.51));
#6885 = CIRCLE('',#6886,0.5969);
#6886 = AXIS2_PLACEMENT_3D('',#6887,#6888,#6889);
#6887 = CARTESIAN_POINT('',(121.,-84.,1.51));
#6888 = DIRECTION('',(-0.,0.,-1.));
#6889 = DIRECTION('',(-0.,-1.,0.));
#6890 = FACE_BOUND('',#6891,.T.);
#6891 = EDGE_LOOP('',(#6892));
#6892 = ORIENTED_EDGE('',*,*,#6893,.T.);
#6893 = EDGE_CURVE('',#6894,#6894,#6896,.T.);
#6894 = VERTEX_POINT('',#6895);
#6895 = CARTESIAN_POINT('',(139.,-89.5969,1.51));
#6896 = CIRCLE('',#6897,0.5969);
#6897 = AXIS2_PLACEMENT_3D('',#6898,#6899,#6900);
#6898 = CARTESIAN_POINT('',(139.,-89.,1.51));
#6899 = DIRECTION('',(-0.,0.,-1.));
#6900 = DIRECTION('',(-0.,-1.,0.));
#6901 = FACE_BOUND('',#6902,.T.);
#6902 = EDGE_LOOP('',(#6903));
#6903 = ORIENTED_EDGE('',*,*,#6904,.T.);
#6904 = EDGE_CURVE('',#6905,#6905,#6907,.T.);
#6905 = VERTEX_POINT('',#6906);
#6906 = CARTESIAN_POINT('',(154.5,-88.5969,1.51));
#6907 = CIRCLE('',#6908,0.5969);
#6908 = AXIS2_PLACEMENT_3D('',#6909,#6910,#6911);
#6909 = CARTESIAN_POINT('',(154.5,-88.,1.51));
#6910 = DIRECTION('',(-0.,0.,-1.));
#6911 = DIRECTION('',(-0.,-1.,0.));
#6912 = FACE_BOUND('',#6913,.T.);
#6913 = EDGE_LOOP('',(#6914));
#6914 = ORIENTED_EDGE('',*,*,#6915,.T.);
#6915 = EDGE_CURVE('',#6916,#6916,#6918,.T.);
#6916 = VERTEX_POINT('',#6917);
#6917 = CARTESIAN_POINT('',(167.,-76.52,1.51));
#6918 = CIRCLE('',#6919,0.5);
#6919 = AXIS2_PLACEMENT_3D('',#6920,#6921,#6922);
#6920 = CARTESIAN_POINT('',(167.,-76.02,1.51));
#6921 = DIRECTION('',(-0.,0.,-1.));
#6922 = DIRECTION('',(-0.,-1.,0.));
#6923 = FACE_BOUND('',#6924,.T.);
#6924 = EDGE_LOOP('',(#6925));
#6925 = ORIENTED_EDGE('',*,*,#6926,.T.);
#6926 = EDGE_CURVE('',#6927,#6927,#6929,.T.);
#6927 = VERTEX_POINT('',#6928);
#6928 = CARTESIAN_POINT('',(167.,-73.98,1.51));
#6929 = CIRCLE('',#6930,0.5);
#6930 = AXIS2_PLACEMENT_3D('',#6931,#6932,#6933);
#6931 = CARTESIAN_POINT('',(167.,-73.48,1.51));
#6932 = DIRECTION('',(-0.,0.,-1.));
#6933 = DIRECTION('',(-0.,-1.,0.));
#6934 = FACE_BOUND('',#6935,.T.);
#6935 = EDGE_LOOP('',(#6936));
#6936 = ORIENTED_EDGE('',*,*,#6937,.T.);
#6937 = EDGE_CURVE('',#6938,#6938,#6940,.T.);
#6938 = VERTEX_POINT('',#6939);
#6939 = CARTESIAN_POINT('',(167.,-71.44,1.51));
#6940 = CIRCLE('',#6941,0.5);
#6941 = AXIS2_PLACEMENT_3D('',#6942,#6943,#6944);
#6942 = CARTESIAN_POINT('',(167.,-70.94,1.51));
#6943 = DIRECTION('',(-0.,0.,-1.));
#6944 = DIRECTION('',(-0.,-1.,0.));
#6945 = FACE_BOUND('',#6946,.T.);
#6946 = EDGE_LOOP('',(#6947));
#6947 = ORIENTED_EDGE('',*,*,#6948,.T.);
#6948 = EDGE_CURVE('',#6949,#6949,#6951,.T.);
#6949 = VERTEX_POINT('',#6950);
#6950 = CARTESIAN_POINT('',(167.,-68.9,1.51));
#6951 = CIRCLE('',#6952,0.5);
#6952 = AXIS2_PLACEMENT_3D('',#6953,#6954,#6955);
#6953 = CARTESIAN_POINT('',(167.,-68.4,1.51));
#6954 = DIRECTION('',(-0.,0.,-1.));
#6955 = DIRECTION('',(-0.,-1.,0.));
#6956 = FACE_BOUND('',#6957,.T.);
#6957 = EDGE_LOOP('',(#6958));
#6958 = ORIENTED_EDGE('',*,*,#6959,.T.);
#6959 = EDGE_CURVE('',#6960,#6960,#6962,.T.);
#6960 = VERTEX_POINT('',#6961);
#6961 = CARTESIAN_POINT('',(44.4,-68.15,1.51));
#6962 = CIRCLE('',#6963,1.75);
#6963 = AXIS2_PLACEMENT_3D('',#6964,#6965,#6966);
#6964 = CARTESIAN_POINT('',(44.4,-66.4,1.51));
#6965 = DIRECTION('',(-0.,0.,-1.));
#6966 = DIRECTION('',(-0.,-1.,0.));
#6967 = FACE_BOUND('',#6968,.T.);
#6968 = EDGE_LOOP('',(#6969));
#6969 = ORIENTED_EDGE('',*,*,#6970,.T.);
#6970 = EDGE_CURVE('',#6971,#6971,#6973,.T.);
#6971 = VERTEX_POINT('',#6972);
#6972 = CARTESIAN_POINT('',(54.192893,-67.004007,1.51));
#6973 = CIRCLE('',#6974,0.5969);
#6974 = AXIS2_PLACEMENT_3D('',#6975,#6976,#6977);
#6975 = CARTESIAN_POINT('',(54.192893,-66.407107,1.51));
#6976 = DIRECTION('',(-0.,0.,-1.));
#6977 = DIRECTION('',(-0.,-1.,0.));
#6978 = FACE_BOUND('',#6979,.T.);
#6979 = EDGE_LOOP('',(#6980));
#6980 = ORIENTED_EDGE('',*,*,#6981,.T.);
#6981 = EDGE_CURVE('',#6982,#6982,#6984,.T.);
#6982 = VERTEX_POINT('',#6983);
#6983 = CARTESIAN_POINT('',(55.692893,-64.504007,1.51));
#6984 = CIRCLE('',#6985,0.5969);
#6985 = AXIS2_PLACEMENT_3D('',#6986,#6987,#6988);
#6986 = CARTESIAN_POINT('',(55.692893,-63.907107,1.51));
#6987 = DIRECTION('',(-0.,0.,-1.));
#6988 = DIRECTION('',(-0.,-1.,0.));
#6989 = FACE_BOUND('',#6990,.T.);
#6990 = EDGE_LOOP('',(#6991));
#6991 = ORIENTED_EDGE('',*,*,#6992,.T.);
#6992 = EDGE_CURVE('',#6993,#6993,#6995,.T.);
#6993 = VERTEX_POINT('',#6994);
#6994 = CARTESIAN_POINT('',(59.272893,-67.004007,1.51));
#6995 = CIRCLE('',#6996,0.5969);
#6996 = AXIS2_PLACEMENT_3D('',#6997,#6998,#6999);
#6997 = CARTESIAN_POINT('',(59.272893,-66.407107,1.51));
#6998 = DIRECTION('',(-0.,0.,-1.));
#6999 = DIRECTION('',(1.190388232133E-14,-1.,-0.));
#7000 = FACE_BOUND('',#7001,.T.);
#7001 = EDGE_LOOP('',(#7002));
#7002 = ORIENTED_EDGE('',*,*,#7003,.T.);
#7003 = EDGE_CURVE('',#7004,#7004,#7006,.T.);
#7004 = VERTEX_POINT('',#7005);
#7005 = CARTESIAN_POINT('',(64.352893,-67.004007,1.51));
#7006 = CIRCLE('',#7007,0.5969);
#7007 = AXIS2_PLACEMENT_3D('',#7008,#7009,#7010);
#7008 = CARTESIAN_POINT('',(64.352893,-66.407107,1.51));
#7009 = DIRECTION('',(-0.,0.,-1.));
#7010 = DIRECTION('',(-0.,-1.,0.));
#7011 = FACE_BOUND('',#7012,.T.);
#7012 = EDGE_LOOP('',(#7013));
#7013 = ORIENTED_EDGE('',*,*,#7014,.T.);
#7014 = EDGE_CURVE('',#7015,#7015,#7017,.T.);
#7015 = VERTEX_POINT('',#7016);
#7016 = CARTESIAN_POINT('',(55.06,-56.45,1.51));
#7017 = CIRCLE('',#7018,0.55);
#7018 = AXIS2_PLACEMENT_3D('',#7019,#7020,#7021);
#7019 = CARTESIAN_POINT('',(55.06,-55.9,1.51));
#7020 = DIRECTION('',(-0.,0.,-1.));
#7021 = DIRECTION('',(-0.,-1.,0.));
#7022 = FACE_BOUND('',#7023,.T.);
#7023 = EDGE_LOOP('',(#7024));
#7024 = ORIENTED_EDGE('',*,*,#7025,.T.);
#7025 = EDGE_CURVE('',#7026,#7026,#7028,.T.);
#7026 = VERTEX_POINT('',#7027);
#7027 = CARTESIAN_POINT('',(55.06,-53.91,1.51));
#7028 = CIRCLE('',#7029,0.55);
#7029 = AXIS2_PLACEMENT_3D('',#7030,#7031,#7032);
#7030 = CARTESIAN_POINT('',(55.06,-53.36,1.51));
#7031 = DIRECTION('',(-0.,0.,-1.));
#7032 = DIRECTION('',(-0.,-1.,0.));
#7033 = FACE_BOUND('',#7034,.T.);
#7034 = EDGE_LOOP('',(#7035));
#7035 = ORIENTED_EDGE('',*,*,#7036,.T.);
#7036 = EDGE_CURVE('',#7037,#7037,#7039,.T.);
#7037 = VERTEX_POINT('',#7038);
#7038 = CARTESIAN_POINT('',(55.06,-51.37,1.51));
#7039 = CIRCLE('',#7040,0.55);
#7040 = AXIS2_PLACEMENT_3D('',#7041,#7042,#7043);
#7041 = CARTESIAN_POINT('',(55.06,-50.82,1.51));
#7042 = DIRECTION('',(-0.,0.,-1.));
#7043 = DIRECTION('',(-0.,-1.,0.));
#7044 = FACE_BOUND('',#7045,.T.);
#7045 = EDGE_LOOP('',(#7046));
#7046 = ORIENTED_EDGE('',*,*,#7047,.T.);
#7047 = EDGE_CURVE('',#7048,#7048,#7050,.T.);
#7048 = VERTEX_POINT('',#7049);
#7049 = CARTESIAN_POINT('',(55.06,-48.83,1.51));
#7050 = CIRCLE('',#7051,0.55);
#7051 = AXIS2_PLACEMENT_3D('',#7052,#7053,#7054);
#7052 = CARTESIAN_POINT('',(55.06,-48.28,1.51));
#7053 = DIRECTION('',(-0.,0.,-1.));
#7054 = DIRECTION('',(-0.,-1.,0.));
#7055 = FACE_BOUND('',#7056,.T.);
#7056 = EDGE_LOOP('',(#7057));
#7057 = ORIENTED_EDGE('',*,*,#7058,.T.);
#7058 = EDGE_CURVE('',#7059,#7059,#7061,.T.);
#7059 = VERTEX_POINT('',#7060);
#7060 = CARTESIAN_POINT('',(70.3,-56.45,1.51));
#7061 = CIRCLE('',#7062,0.55);
#7062 = AXIS2_PLACEMENT_3D('',#7063,#7064,#7065);
#7063 = CARTESIAN_POINT('',(70.3,-55.9,1.51));
#7064 = DIRECTION('',(-0.,0.,-1.));
#7065 = DIRECTION('',(-0.,-1.,0.));
#7066 = FACE_BOUND('',#7067,.T.);
#7067 = EDGE_LOOP('',(#7068));
#7068 = ORIENTED_EDGE('',*,*,#7069,.T.);
#7069 = EDGE_CURVE('',#7070,#7070,#7072,.T.);
#7070 = VERTEX_POINT('',#7071);
#7071 = CARTESIAN_POINT('',(70.3,-53.91,1.51));
#7072 = CIRCLE('',#7073,0.55);
#7073 = AXIS2_PLACEMENT_3D('',#7074,#7075,#7076);
#7074 = CARTESIAN_POINT('',(70.3,-53.36,1.51));
#7075 = DIRECTION('',(-0.,0.,-1.));
#7076 = DIRECTION('',(-0.,-1.,0.));
#7077 = FACE_BOUND('',#7078,.T.);
#7078 = EDGE_LOOP('',(#7079));
#7079 = ORIENTED_EDGE('',*,*,#7080,.T.);
#7080 = EDGE_CURVE('',#7081,#7081,#7083,.T.);
#7081 = VERTEX_POINT('',#7082);
#7082 = CARTESIAN_POINT('',(70.3,-51.37,1.51));
#7083 = CIRCLE('',#7084,0.55);
#7084 = AXIS2_PLACEMENT_3D('',#7085,#7086,#7087);
#7085 = CARTESIAN_POINT('',(70.3,-50.82,1.51));
#7086 = DIRECTION('',(-0.,0.,-1.));
#7087 = DIRECTION('',(-0.,-1.,0.));
#7088 = FACE_BOUND('',#7089,.T.);
#7089 = EDGE_LOOP('',(#7090));
#7090 = ORIENTED_EDGE('',*,*,#7091,.T.);
#7091 = EDGE_CURVE('',#7092,#7092,#7094,.T.);
#7092 = VERTEX_POINT('',#7093);
#7093 = CARTESIAN_POINT('',(70.3,-48.83,1.51));
#7094 = CIRCLE('',#7095,0.55);
#7095 = AXIS2_PLACEMENT_3D('',#7096,#7097,#7098);
#7096 = CARTESIAN_POINT('',(70.3,-48.28,1.51));
#7097 = DIRECTION('',(-0.,0.,-1.));
#7098 = DIRECTION('',(-0.,-1.,0.));
#7099 = FACE_BOUND('',#7100,.T.);
#7100 = EDGE_LOOP('',(#7101));
#7101 = ORIENTED_EDGE('',*,*,#7102,.T.);
#7102 = EDGE_CURVE('',#7103,#7103,#7105,.T.);
#7103 = VERTEX_POINT('',#7104);
#7104 = CARTESIAN_POINT('',(87.5,-51.2569,1.51));
#7105 = CIRCLE('',#7106,0.5969);
#7106 = AXIS2_PLACEMENT_3D('',#7107,#7108,#7109);
#7107 = CARTESIAN_POINT('',(87.5,-50.66,1.51));
#7108 = DIRECTION('',(-0.,0.,-1.));
#7109 = DIRECTION('',(-0.,-1.,0.));
#7110 = FACE_BOUND('',#7111,.T.);
#7111 = EDGE_LOOP('',(#7112));
#7112 = ORIENTED_EDGE('',*,*,#7113,.T.);
#7113 = EDGE_CURVE('',#7114,#7114,#7116,.T.);
#7114 = VERTEX_POINT('',#7115);
#7115 = CARTESIAN_POINT('',(103.,-48.2569,1.51));
#7116 = CIRCLE('',#7117,0.5969);
#7117 = AXIS2_PLACEMENT_3D('',#7118,#7119,#7120);
#7118 = CARTESIAN_POINT('',(103.,-47.66,1.51));
#7119 = DIRECTION('',(-0.,0.,-1.));
#7120 = DIRECTION('',(-0.,-1.,0.));
#7121 = FACE_BOUND('',#7122,.T.);
#7122 = EDGE_LOOP('',(#7123));
#7123 = ORIENTED_EDGE('',*,*,#7124,.T.);
#7124 = EDGE_CURVE('',#7125,#7125,#7127,.T.);
#7125 = VERTEX_POINT('',#7126);
#7126 = CARTESIAN_POINT('',(42.6,-43.52,1.51));
#7127 = CIRCLE('',#7128,0.5);
#7128 = AXIS2_PLACEMENT_3D('',#7129,#7130,#7131);
#7129 = CARTESIAN_POINT('',(42.6,-43.02,1.51));
#7130 = DIRECTION('',(-0.,0.,-1.));
#7131 = DIRECTION('',(-0.,-1.,0.));
#7132 = FACE_BOUND('',#7133,.T.);
#7133 = EDGE_LOOP('',(#7134));
#7134 = ORIENTED_EDGE('',*,*,#7135,.T.);
#7135 = EDGE_CURVE('',#7136,#7136,#7138,.T.);
#7136 = VERTEX_POINT('',#7137);
#7137 = CARTESIAN_POINT('',(55.06,-46.29,1.51));
#7138 = CIRCLE('',#7139,0.55);
#7139 = AXIS2_PLACEMENT_3D('',#7140,#7141,#7142);
#7140 = CARTESIAN_POINT('',(55.06,-45.74,1.51));
#7141 = DIRECTION('',(-0.,0.,-1.));
#7142 = DIRECTION('',(-0.,-1.,0.));
#7143 = FACE_BOUND('',#7144,.T.);
#7144 = EDGE_LOOP('',(#7145));
#7145 = ORIENTED_EDGE('',*,*,#7146,.T.);
#7146 = EDGE_CURVE('',#7147,#7147,#7149,.T.);
#7147 = VERTEX_POINT('',#7148);
#7148 = CARTESIAN_POINT('',(55.06,-43.75,1.51));
#7149 = CIRCLE('',#7150,0.55);
#7150 = AXIS2_PLACEMENT_3D('',#7151,#7152,#7153);
#7151 = CARTESIAN_POINT('',(55.06,-43.2,1.51));
#7152 = DIRECTION('',(-0.,0.,-1.));
#7153 = DIRECTION('',(-0.,-1.,0.));
#7154 = FACE_BOUND('',#7155,.T.);
#7155 = EDGE_LOOP('',(#7156));
#7156 = ORIENTED_EDGE('',*,*,#7157,.T.);
#7157 = EDGE_CURVE('',#7158,#7158,#7160,.T.);
#7158 = VERTEX_POINT('',#7159);
#7159 = CARTESIAN_POINT('',(42.6,-40.98,1.51));
#7160 = CIRCLE('',#7161,0.5);
#7161 = AXIS2_PLACEMENT_3D('',#7162,#7163,#7164);
#7162 = CARTESIAN_POINT('',(42.6,-40.48,1.51));
#7163 = DIRECTION('',(-0.,0.,-1.));
#7164 = DIRECTION('',(-0.,-1.,0.));
#7165 = FACE_BOUND('',#7166,.T.);
#7166 = EDGE_LOOP('',(#7167));
#7167 = ORIENTED_EDGE('',*,*,#7168,.T.);
#7168 = EDGE_CURVE('',#7169,#7169,#7171,.T.);
#7169 = VERTEX_POINT('',#7170);
#7170 = CARTESIAN_POINT('',(42.6,-38.44,1.51));
#7171 = CIRCLE('',#7172,0.5);
#7172 = AXIS2_PLACEMENT_3D('',#7173,#7174,#7175);
#7173 = CARTESIAN_POINT('',(42.6,-37.94,1.51));
#7174 = DIRECTION('',(-0.,0.,-1.));
#7175 = DIRECTION('',(-0.,-1.,0.));
#7176 = FACE_BOUND('',#7177,.T.);
#7177 = EDGE_LOOP('',(#7178,#7189,#7197,#7206));
#7178 = ORIENTED_EDGE('',*,*,#7179,.T.);
#7179 = EDGE_CURVE('',#7180,#7182,#7184,.T.);
#7180 = VERTEX_POINT('',#7181);
#7181 = CARTESIAN_POINT('',(45.86,-36.69,1.51));
#7182 = VERTEX_POINT('',#7183);
#7183 = CARTESIAN_POINT('',(45.26,-36.69,1.51));
#7184 = CIRCLE('',#7185,0.3);
#7185 = AXIS2_PLACEMENT_3D('',#7186,#7187,#7188);
#7186 = CARTESIAN_POINT('',(45.56,-36.69,1.51));
#7187 = DIRECTION('',(-0.,0.,-1.));
#7188 = DIRECTION('',(-1.,2.368475785867E-14,0.));
#7189 = ORIENTED_EDGE('',*,*,#7190,.T.);
#7190 = EDGE_CURVE('',#7182,#7191,#7193,.T.);
#7191 = VERTEX_POINT('',#7192);
#7192 = CARTESIAN_POINT('',(45.26,-36.09,1.51));
#7193 = LINE('',#7194,#7195);
#7194 = CARTESIAN_POINT('',(45.26,-18.045,1.51));
#7195 = VECTOR('',#7196,1.);
#7196 = DIRECTION('',(-0.,1.,0.));
#7197 = ORIENTED_EDGE('',*,*,#7198,.T.);
#7198 = EDGE_CURVE('',#7191,#7199,#7201,.T.);
#7199 = VERTEX_POINT('',#7200);
#7200 = CARTESIAN_POINT('',(45.86,-36.09,1.51));
#7201 = CIRCLE('',#7202,0.3);
#7202 = AXIS2_PLACEMENT_3D('',#7203,#7204,#7205);
#7203 = CARTESIAN_POINT('',(45.56,-36.09,1.51));
#7204 = DIRECTION('',(0.,-0.,-1.));
#7205 = DIRECTION('',(1.,-2.368475785867E-14,0.));
#7206 = ORIENTED_EDGE('',*,*,#7207,.T.);
#7207 = EDGE_CURVE('',#7199,#7180,#7208,.T.);
#7208 = LINE('',#7209,#7210);
#7209 = CARTESIAN_POINT('',(45.86,-18.345,1.51));
#7210 = VECTOR('',#7211,1.);
#7211 = DIRECTION('',(0.,-1.,0.));
#7212 = FACE_BOUND('',#7213,.T.);
#7213 = EDGE_LOOP('',(#7214,#7225,#7233,#7242));
#7214 = ORIENTED_EDGE('',*,*,#7215,.T.);
#7215 = EDGE_CURVE('',#7216,#7218,#7220,.T.);
#7216 = VERTEX_POINT('',#7217);
#7217 = CARTESIAN_POINT('',(48.03,-37.77,1.51));
#7218 = VERTEX_POINT('',#7219);
#7219 = CARTESIAN_POINT('',(47.43,-37.77,1.51));
#7220 = CIRCLE('',#7221,0.3);
#7221 = AXIS2_PLACEMENT_3D('',#7222,#7223,#7224);
#7222 = CARTESIAN_POINT('',(47.73,-37.77,1.51));
#7223 = DIRECTION('',(-0.,0.,-1.));
#7224 = DIRECTION('',(-1.,0.,0.));
#7225 = ORIENTED_EDGE('',*,*,#7226,.T.);
#7226 = EDGE_CURVE('',#7218,#7227,#7229,.T.);
#7227 = VERTEX_POINT('',#7228);
#7228 = CARTESIAN_POINT('',(47.43,-37.17,1.51));
#7229 = LINE('',#7230,#7231);
#7230 = CARTESIAN_POINT('',(47.43,-18.585,1.51));
#7231 = VECTOR('',#7232,1.);
#7232 = DIRECTION('',(-0.,1.,0.));
#7233 = ORIENTED_EDGE('',*,*,#7234,.T.);
#7234 = EDGE_CURVE('',#7227,#7235,#7237,.T.);
#7235 = VERTEX_POINT('',#7236);
#7236 = CARTESIAN_POINT('',(48.03,-37.17,1.51));
#7237 = CIRCLE('',#7238,0.3);
#7238 = AXIS2_PLACEMENT_3D('',#7239,#7240,#7241);
#7239 = CARTESIAN_POINT('',(47.73,-37.17,1.51));
#7240 = DIRECTION('',(0.,-0.,-1.));
#7241 = DIRECTION('',(1.,-2.368475785867E-14,0.));
#7242 = ORIENTED_EDGE('',*,*,#7243,.T.);
#7243 = EDGE_CURVE('',#7235,#7216,#7244,.T.);
#7244 = LINE('',#7245,#7246);
#7245 = CARTESIAN_POINT('',(48.03,-18.885,1.51));
#7246 = VECTOR('',#7247,1.);
#7247 = DIRECTION('',(0.,-1.,0.));
#7248 = FACE_BOUND('',#7249,.T.);
#7249 = EDGE_LOOP('',(#7250));
#7250 = ORIENTED_EDGE('',*,*,#7251,.T.);
#7251 = EDGE_CURVE('',#7252,#7252,#7254,.T.);
#7252 = VERTEX_POINT('',#7253);
#7253 = CARTESIAN_POINT('',(55.06,-41.21,1.51));
#7254 = CIRCLE('',#7255,0.55);
#7255 = AXIS2_PLACEMENT_3D('',#7256,#7257,#7258);
#7256 = CARTESIAN_POINT('',(55.06,-40.66,1.51));
#7257 = DIRECTION('',(-0.,0.,-1.));
#7258 = DIRECTION('',(-0.,-1.,0.));
#7259 = FACE_BOUND('',#7260,.T.);
#7260 = EDGE_LOOP('',(#7261,#7272,#7280,#7289));
#7261 = ORIENTED_EDGE('',*,*,#7262,.T.);
#7262 = EDGE_CURVE('',#7263,#7265,#7267,.T.);
#7263 = VERTEX_POINT('',#7264);
#7264 = CARTESIAN_POINT('',(50.46,-37.79,1.51));
#7265 = VERTEX_POINT('',#7266);
#7266 = CARTESIAN_POINT('',(49.86,-37.79,1.51));
#7267 = CIRCLE('',#7268,0.3);
#7268 = AXIS2_PLACEMENT_3D('',#7269,#7270,#7271);
#7269 = CARTESIAN_POINT('',(50.16,-37.79,1.51));
#7270 = DIRECTION('',(-0.,0.,-1.));
#7271 = DIRECTION('',(-1.,0.,0.));
#7272 = ORIENTED_EDGE('',*,*,#7273,.T.);
#7273 = EDGE_CURVE('',#7265,#7274,#7276,.T.);
#7274 = VERTEX_POINT('',#7275);
#7275 = CARTESIAN_POINT('',(49.86,-37.19,1.51));
#7276 = LINE('',#7277,#7278);
#7277 = CARTESIAN_POINT('',(49.86,-18.595,1.51));
#7278 = VECTOR('',#7279,1.);
#7279 = DIRECTION('',(-0.,1.,0.));
#7280 = ORIENTED_EDGE('',*,*,#7281,.T.);
#7281 = EDGE_CURVE('',#7274,#7282,#7284,.T.);
#7282 = VERTEX_POINT('',#7283);
#7283 = CARTESIAN_POINT('',(50.46,-37.19,1.51));
#7284 = CIRCLE('',#7285,0.3);
#7285 = AXIS2_PLACEMENT_3D('',#7286,#7287,#7288);
#7286 = CARTESIAN_POINT('',(50.16,-37.19,1.51));
#7287 = DIRECTION('',(0.,-0.,-1.));
#7288 = DIRECTION('',(1.,2.368475785867E-14,-0.));
#7289 = ORIENTED_EDGE('',*,*,#7290,.T.);
#7290 = EDGE_CURVE('',#7282,#7263,#7291,.T.);
#7291 = LINE('',#7292,#7293);
#7292 = CARTESIAN_POINT('',(50.46,-18.895,1.51));
#7293 = VECTOR('',#7294,1.);
#7294 = DIRECTION('',(0.,-1.,0.));
#7295 = FACE_BOUND('',#7296,.T.);
#7296 = EDGE_LOOP('',(#7297,#7308,#7316,#7325));
#7297 = ORIENTED_EDGE('',*,*,#7298,.T.);
#7298 = EDGE_CURVE('',#7299,#7301,#7303,.T.);
#7299 = VERTEX_POINT('',#7300);
#7300 = CARTESIAN_POINT('',(52.63,-36.67,1.51));
#7301 = VERTEX_POINT('',#7302);
#7302 = CARTESIAN_POINT('',(52.03,-36.67,1.51));
#7303 = CIRCLE('',#7304,0.3);
#7304 = AXIS2_PLACEMENT_3D('',#7305,#7306,#7307);
#7305 = CARTESIAN_POINT('',(52.33,-36.67,1.51));
#7306 = DIRECTION('',(-0.,0.,-1.));
#7307 = DIRECTION('',(-1.,-2.368475785867E-14,0.));
#7308 = ORIENTED_EDGE('',*,*,#7309,.T.);
#7309 = EDGE_CURVE('',#7301,#7310,#7312,.T.);
#7310 = VERTEX_POINT('',#7311);
#7311 = CARTESIAN_POINT('',(52.03,-36.07,1.51));
#7312 = LINE('',#7313,#7314);
#7313 = CARTESIAN_POINT('',(52.03,-18.035,1.51));
#7314 = VECTOR('',#7315,1.);
#7315 = DIRECTION('',(-0.,1.,0.));
#7316 = ORIENTED_EDGE('',*,*,#7317,.T.);
#7317 = EDGE_CURVE('',#7310,#7318,#7320,.T.);
#7318 = VERTEX_POINT('',#7319);
#7319 = CARTESIAN_POINT('',(52.63,-36.07,1.51));
#7320 = CIRCLE('',#7321,0.3);
#7321 = AXIS2_PLACEMENT_3D('',#7322,#7323,#7324);
#7322 = CARTESIAN_POINT('',(52.33,-36.07,1.51));
#7323 = DIRECTION('',(0.,-0.,-1.));
#7324 = DIRECTION('',(1.,2.368475785867E-14,-0.));
#7325 = ORIENTED_EDGE('',*,*,#7326,.T.);
#7326 = EDGE_CURVE('',#7318,#7299,#7327,.T.);
#7327 = LINE('',#7328,#7329);
#7328 = CARTESIAN_POINT('',(52.63,-18.335,1.51));
#7329 = VECTOR('',#7330,1.);
#7330 = DIRECTION('',(0.,-1.,0.));
#7331 = FACE_BOUND('',#7332,.T.);
#7332 = EDGE_LOOP('',(#7333));
#7333 = ORIENTED_EDGE('',*,*,#7334,.T.);
#7334 = EDGE_CURVE('',#7335,#7335,#7337,.T.);
#7335 = VERTEX_POINT('',#7336);
#7336 = CARTESIAN_POINT('',(55.06,-38.67,1.51));
#7337 = CIRCLE('',#7338,0.55);
#7338 = AXIS2_PLACEMENT_3D('',#7339,#7340,#7341);
#7339 = CARTESIAN_POINT('',(55.06,-38.12,1.51));
#7340 = DIRECTION('',(-0.,0.,-1.));
#7341 = DIRECTION('',(-0.,-1.,0.));
#7342 = FACE_BOUND('',#7343,.T.);
#7343 = EDGE_LOOP('',(#7344));
#7344 = ORIENTED_EDGE('',*,*,#7345,.T.);
#7345 = EDGE_CURVE('',#7346,#7346,#7348,.T.);
#7346 = VERTEX_POINT('',#7347);
#7347 = CARTESIAN_POINT('',(70.3,-46.29,1.51));
#7348 = CIRCLE('',#7349,0.55);
#7349 = AXIS2_PLACEMENT_3D('',#7350,#7351,#7352);
#7350 = CARTESIAN_POINT('',(70.3,-45.74,1.51));
#7351 = DIRECTION('',(-0.,0.,-1.));
#7352 = DIRECTION('',(-0.,-1.,0.));
#7353 = FACE_BOUND('',#7354,.T.);
#7354 = EDGE_LOOP('',(#7355));
#7355 = ORIENTED_EDGE('',*,*,#7356,.T.);
#7356 = EDGE_CURVE('',#7357,#7357,#7359,.T.);
#7357 = VERTEX_POINT('',#7358);
#7358 = CARTESIAN_POINT('',(70.3,-43.75,1.51));
#7359 = CIRCLE('',#7360,0.55);
#7360 = AXIS2_PLACEMENT_3D('',#7361,#7362,#7363);
#7361 = CARTESIAN_POINT('',(70.3,-43.2,1.51));
#7362 = DIRECTION('',(-0.,0.,-1.));
#7363 = DIRECTION('',(-0.,-1.,0.));
#7364 = FACE_BOUND('',#7365,.T.);
#7365 = EDGE_LOOP('',(#7366));
#7366 = ORIENTED_EDGE('',*,*,#7367,.T.);
#7367 = EDGE_CURVE('',#7368,#7368,#7370,.T.);
#7368 = VERTEX_POINT('',#7369);
#7369 = CARTESIAN_POINT('',(70.3,-41.21,1.51));
#7370 = CIRCLE('',#7371,0.55);
#7371 = AXIS2_PLACEMENT_3D('',#7372,#7373,#7374);
#7372 = CARTESIAN_POINT('',(70.3,-40.66,1.51));
#7373 = DIRECTION('',(-0.,0.,-1.));
#7374 = DIRECTION('',(-0.,-1.,0.));
#7375 = FACE_BOUND('',#7376,.T.);
#7376 = EDGE_LOOP('',(#7377));
#7377 = ORIENTED_EDGE('',*,*,#7378,.T.);
#7378 = EDGE_CURVE('',#7379,#7379,#7381,.T.);
#7379 = VERTEX_POINT('',#7380);
#7380 = CARTESIAN_POINT('',(70.3,-38.67,1.51));
#7381 = CIRCLE('',#7382,0.55);
#7382 = AXIS2_PLACEMENT_3D('',#7383,#7384,#7385);
#7383 = CARTESIAN_POINT('',(70.3,-38.12,1.51));
#7384 = DIRECTION('',(-0.,0.,-1.));
#7385 = DIRECTION('',(-0.,-1.,0.));
#7386 = FACE_BOUND('',#7387,.T.);
#7387 = EDGE_LOOP('',(#7388));
#7388 = ORIENTED_EDGE('',*,*,#7389,.T.);
#7389 = EDGE_CURVE('',#7390,#7390,#7392,.T.);
#7390 = VERTEX_POINT('',#7391);
#7391 = CARTESIAN_POINT('',(42.6,-35.9,1.51));
#7392 = CIRCLE('',#7393,0.5);
#7393 = AXIS2_PLACEMENT_3D('',#7394,#7395,#7396);
#7394 = CARTESIAN_POINT('',(42.6,-35.4,1.51));
#7395 = DIRECTION('',(-0.,0.,-1.));
#7396 = DIRECTION('',(-0.,-1.,0.));
#7397 = FACE_BOUND('',#7398,.T.);
#7398 = EDGE_LOOP('',(#7399));
#7399 = ORIENTED_EDGE('',*,*,#7400,.T.);
#7400 = EDGE_CURVE('',#7401,#7401,#7403,.T.);
#7401 = VERTEX_POINT('',#7402);
#7402 = CARTESIAN_POINT('',(47.86,-35.54,1.51));
#7403 = CIRCLE('',#7404,0.75);
#7404 = AXIS2_PLACEMENT_3D('',#7405,#7406,#7407);
#7405 = CARTESIAN_POINT('',(47.86,-34.79,1.51));
#7406 = DIRECTION('',(-0.,0.,-1.));
#7407 = DIRECTION('',(-0.,-1.,0.));
#7408 = FACE_BOUND('',#7409,.T.);
#7409 = EDGE_LOOP('',(#7410,#7421,#7429,#7438));
#7410 = ORIENTED_EDGE('',*,*,#7411,.T.);
#7411 = EDGE_CURVE('',#7412,#7414,#7416,.T.);
#7412 = VERTEX_POINT('',#7413);
#7413 = CARTESIAN_POINT('',(45.86,-32.69,1.51));
#7414 = VERTEX_POINT('',#7415);
#7415 = CARTESIAN_POINT('',(45.26,-32.69,1.51));
#7416 = CIRCLE('',#7417,0.3);
#7417 = AXIS2_PLACEMENT_3D('',#7418,#7419,#7420);
#7418 = CARTESIAN_POINT('',(45.56,-32.69,1.51));
#7419 = DIRECTION('',(-0.,0.,-1.));
#7420 = DIRECTION('',(-1.,2.368475785867E-14,0.));
#7421 = ORIENTED_EDGE('',*,*,#7422,.T.);
#7422 = EDGE_CURVE('',#7414,#7423,#7425,.T.);
#7423 = VERTEX_POINT('',#7424);
#7424 = CARTESIAN_POINT('',(45.26,-32.09,1.51));
#7425 = LINE('',#7426,#7427);
#7426 = CARTESIAN_POINT('',(45.26,-16.045,1.51));
#7427 = VECTOR('',#7428,1.);
#7428 = DIRECTION('',(-0.,1.,0.));
#7429 = ORIENTED_EDGE('',*,*,#7430,.T.);
#7430 = EDGE_CURVE('',#7423,#7431,#7433,.T.);
#7431 = VERTEX_POINT('',#7432);
#7432 = CARTESIAN_POINT('',(45.86,-32.09,1.51));
#7433 = CIRCLE('',#7434,0.3);
#7434 = AXIS2_PLACEMENT_3D('',#7435,#7436,#7437);
#7435 = CARTESIAN_POINT('',(45.56,-32.09,1.51));
#7436 = DIRECTION('',(0.,-0.,-1.));
#7437 = DIRECTION('',(1.,0.,-0.));
#7438 = ORIENTED_EDGE('',*,*,#7439,.T.);
#7439 = EDGE_CURVE('',#7431,#7412,#7440,.T.);
#7440 = LINE('',#7441,#7442);
#7441 = CARTESIAN_POINT('',(45.86,-16.345,1.51));
#7442 = VECTOR('',#7443,1.);
#7443 = DIRECTION('',(0.,-1.,0.));
#7444 = FACE_BOUND('',#7445,.T.);
#7445 = EDGE_LOOP('',(#7446));
#7446 = ORIENTED_EDGE('',*,*,#7447,.T.);
#7447 = EDGE_CURVE('',#7448,#7448,#7450,.T.);
#7448 = VERTEX_POINT('',#7449);
#7449 = CARTESIAN_POINT('',(50.03,-35.52,1.51));
#7450 = CIRCLE('',#7451,0.75);
#7451 = AXIS2_PLACEMENT_3D('',#7452,#7453,#7454);
#7452 = CARTESIAN_POINT('',(50.03,-34.77,1.51));
#7453 = DIRECTION('',(-0.,0.,-1.));
#7454 = DIRECTION('',(-0.,-1.,0.));
#7455 = FACE_BOUND('',#7456,.T.);
#7456 = EDGE_LOOP('',(#7457));
#7457 = ORIENTED_EDGE('',*,*,#7458,.T.);
#7458 = EDGE_CURVE('',#7459,#7459,#7461,.T.);
#7459 = VERTEX_POINT('',#7460);
#7460 = CARTESIAN_POINT('',(55.06,-36.13,1.51));
#7461 = CIRCLE('',#7462,0.55);
#7462 = AXIS2_PLACEMENT_3D('',#7463,#7464,#7465);
#7463 = CARTESIAN_POINT('',(55.06,-35.58,1.51));
#7464 = DIRECTION('',(-0.,0.,-1.));
#7465 = DIRECTION('',(-0.,-1.,0.));
#7466 = FACE_BOUND('',#7467,.T.);
#7467 = EDGE_LOOP('',(#7468,#7479,#7487,#7496));
#7468 = ORIENTED_EDGE('',*,*,#7469,.T.);
#7469 = EDGE_CURVE('',#7470,#7472,#7474,.T.);
#7470 = VERTEX_POINT('',#7471);
#7471 = CARTESIAN_POINT('',(52.63,-32.67,1.51));
#7472 = VERTEX_POINT('',#7473);
#7473 = CARTESIAN_POINT('',(52.03,-32.67,1.51));
#7474 = CIRCLE('',#7475,0.3);
#7475 = AXIS2_PLACEMENT_3D('',#7476,#7477,#7478);
#7476 = CARTESIAN_POINT('',(52.33,-32.67,1.51));
#7477 = DIRECTION('',(-0.,0.,-1.));
#7478 = DIRECTION('',(-1.,-2.368475785867E-14,0.));
#7479 = ORIENTED_EDGE('',*,*,#7480,.T.);
#7480 = EDGE_CURVE('',#7472,#7481,#7483,.T.);
#7481 = VERTEX_POINT('',#7482);
#7482 = CARTESIAN_POINT('',(52.03,-32.07,1.51));
#7483 = LINE('',#7484,#7485);
#7484 = CARTESIAN_POINT('',(52.03,-16.035,1.51));
#7485 = VECTOR('',#7486,1.);
#7486 = DIRECTION('',(-0.,1.,0.));
#7487 = ORIENTED_EDGE('',*,*,#7488,.T.);
#7488 = EDGE_CURVE('',#7481,#7489,#7491,.T.);
#7489 = VERTEX_POINT('',#7490);
#7490 = CARTESIAN_POINT('',(52.63,-32.07,1.51));
#7491 = CIRCLE('',#7492,0.3);
#7492 = AXIS2_PLACEMENT_3D('',#7493,#7494,#7495);
#7493 = CARTESIAN_POINT('',(52.33,-32.07,1.51));
#7494 = DIRECTION('',(0.,-0.,-1.));
#7495 = DIRECTION('',(1.,2.368475785867E-14,-0.));
#7496 = ORIENTED_EDGE('',*,*,#7497,.T.);
#7497 = EDGE_CURVE('',#7489,#7470,#7498,.T.);
#7498 = LINE('',#7499,#7500);
#7499 = CARTESIAN_POINT('',(52.63,-16.335,1.51));
#7500 = VECTOR('',#7501,1.);
#7501 = DIRECTION('',(0.,-1.,0.));
#7502 = FACE_BOUND('',#7503,.T.);
#7503 = EDGE_LOOP('',(#7504));
#7504 = ORIENTED_EDGE('',*,*,#7505,.T.);
#7505 = EDGE_CURVE('',#7506,#7506,#7508,.T.);
#7506 = VERTEX_POINT('',#7507);
#7507 = CARTESIAN_POINT('',(55.06,-33.59,1.51));
#7508 = CIRCLE('',#7509,0.55);
#7509 = AXIS2_PLACEMENT_3D('',#7510,#7511,#7512);
#7510 = CARTESIAN_POINT('',(55.06,-33.04,1.51));
#7511 = DIRECTION('',(-0.,0.,-1.));
#7512 = DIRECTION('',(-0.,-1.,0.));
#7513 = FACE_BOUND('',#7514,.T.);
#7514 = EDGE_LOOP('',(#7515,#7526,#7534,#7543));
#7515 = ORIENTED_EDGE('',*,*,#7516,.T.);
#7516 = EDGE_CURVE('',#7517,#7519,#7521,.T.);
#7517 = VERTEX_POINT('',#7518);
#7518 = CARTESIAN_POINT('',(45.86,-29.69,1.51));
#7519 = VERTEX_POINT('',#7520);
#7520 = CARTESIAN_POINT('',(45.26,-29.69,1.51));
#7521 = CIRCLE('',#7522,0.3);
#7522 = AXIS2_PLACEMENT_3D('',#7523,#7524,#7525);
#7523 = CARTESIAN_POINT('',(45.56,-29.69,1.51));
#7524 = DIRECTION('',(-0.,0.,-1.));
#7525 = DIRECTION('',(-1.,-1.184237892934E-14,0.));
#7526 = ORIENTED_EDGE('',*,*,#7527,.T.);
#7527 = EDGE_CURVE('',#7519,#7528,#7530,.T.);
#7528 = VERTEX_POINT('',#7529);
#7529 = CARTESIAN_POINT('',(45.26,-29.09,1.51));
#7530 = LINE('',#7531,#7532);
#7531 = CARTESIAN_POINT('',(45.26,-14.545,1.51));
#7532 = VECTOR('',#7533,1.);
#7533 = DIRECTION('',(-0.,1.,0.));
#7534 = ORIENTED_EDGE('',*,*,#7535,.T.);
#7535 = EDGE_CURVE('',#7528,#7536,#7538,.T.);
#7536 = VERTEX_POINT('',#7537);
#7537 = CARTESIAN_POINT('',(45.86,-29.09,1.51));
#7538 = CIRCLE('',#7539,0.3);
#7539 = AXIS2_PLACEMENT_3D('',#7540,#7541,#7542);
#7540 = CARTESIAN_POINT('',(45.56,-29.09,1.51));
#7541 = DIRECTION('',(0.,-0.,-1.));
#7542 = DIRECTION('',(1.,0.,-0.));
#7543 = ORIENTED_EDGE('',*,*,#7544,.T.);
#7544 = EDGE_CURVE('',#7536,#7517,#7545,.T.);
#7545 = LINE('',#7546,#7547);
#7546 = CARTESIAN_POINT('',(45.86,-14.845,1.51));
#7547 = VECTOR('',#7548,1.);
#7548 = DIRECTION('',(0.,-1.,0.));
#7549 = FACE_BOUND('',#7550,.T.);
#7550 = EDGE_LOOP('',(#7551));
#7551 = ORIENTED_EDGE('',*,*,#7552,.T.);
#7552 = EDGE_CURVE('',#7553,#7553,#7555,.T.);
#7553 = VERTEX_POINT('',#7554);
#7554 = CARTESIAN_POINT('',(47.86,-28.54,1.51));
#7555 = CIRCLE('',#7556,0.75);
#7556 = AXIS2_PLACEMENT_3D('',#7557,#7558,#7559);
#7557 = CARTESIAN_POINT('',(47.86,-27.79,1.51));
#7558 = DIRECTION('',(-0.,0.,-1.));
#7559 = DIRECTION('',(-0.,-1.,0.));
#7560 = FACE_BOUND('',#7561,.T.);
#7561 = EDGE_LOOP('',(#7562,#7573,#7581,#7590));
#7562 = ORIENTED_EDGE('',*,*,#7563,.T.);
#7563 = EDGE_CURVE('',#7564,#7566,#7568,.T.);
#7564 = VERTEX_POINT('',#7565);
#7565 = CARTESIAN_POINT('',(52.63,-29.67,1.51));
#7566 = VERTEX_POINT('',#7567);
#7567 = CARTESIAN_POINT('',(52.03,-29.67,1.51));
#7568 = CIRCLE('',#7569,0.3);
#7569 = AXIS2_PLACEMENT_3D('',#7570,#7571,#7572);
#7570 = CARTESIAN_POINT('',(52.33,-29.67,1.51));
#7571 = DIRECTION('',(-0.,0.,-1.));
#7572 = DIRECTION('',(-1.,-2.368475785867E-14,0.));
#7573 = ORIENTED_EDGE('',*,*,#7574,.T.);
#7574 = EDGE_CURVE('',#7566,#7575,#7577,.T.);
#7575 = VERTEX_POINT('',#7576);
#7576 = CARTESIAN_POINT('',(52.03,-29.07,1.51));
#7577 = LINE('',#7578,#7579);
#7578 = CARTESIAN_POINT('',(52.03,-14.535,1.51));
#7579 = VECTOR('',#7580,1.);
#7580 = DIRECTION('',(-0.,1.,0.));
#7581 = ORIENTED_EDGE('',*,*,#7582,.T.);
#7582 = EDGE_CURVE('',#7575,#7583,#7585,.T.);
#7583 = VERTEX_POINT('',#7584);
#7584 = CARTESIAN_POINT('',(52.63,-29.07,1.51));
#7585 = CIRCLE('',#7586,0.3);
#7586 = AXIS2_PLACEMENT_3D('',#7587,#7588,#7589);
#7587 = CARTESIAN_POINT('',(52.33,-29.07,1.51));
#7588 = DIRECTION('',(0.,-0.,-1.));
#7589 = DIRECTION('',(1.,1.184237892934E-14,-0.));
#7590 = ORIENTED_EDGE('',*,*,#7591,.T.);
#7591 = EDGE_CURVE('',#7583,#7564,#7592,.T.);
#7592 = LINE('',#7593,#7594);
#7593 = CARTESIAN_POINT('',(52.63,-14.835,1.51));
#7594 = VECTOR('',#7595,1.);
#7595 = DIRECTION('',(0.,-1.,0.));
#7596 = FACE_BOUND('',#7597,.T.);
#7597 = EDGE_LOOP('',(#7598));
#7598 = ORIENTED_EDGE('',*,*,#7599,.T.);
#7599 = EDGE_CURVE('',#7600,#7600,#7602,.T.);
#7600 = VERTEX_POINT('',#7601);
#7601 = CARTESIAN_POINT('',(55.06,-31.05,1.51));
#7602 = CIRCLE('',#7603,0.55);
#7603 = AXIS2_PLACEMENT_3D('',#7604,#7605,#7606);
#7604 = CARTESIAN_POINT('',(55.06,-30.5,1.51));
#7605 = DIRECTION('',(-0.,0.,-1.));
#7606 = DIRECTION('',(-0.,-1.,0.));
#7607 = FACE_BOUND('',#7608,.T.);
#7608 = EDGE_LOOP('',(#7609));
#7609 = ORIENTED_EDGE('',*,*,#7610,.T.);
#7610 = EDGE_CURVE('',#7611,#7611,#7613,.T.);
#7611 = VERTEX_POINT('',#7612);
#7612 = CARTESIAN_POINT('',(50.03,-28.52,1.51));
#7613 = CIRCLE('',#7614,0.75);
#7614 = AXIS2_PLACEMENT_3D('',#7615,#7616,#7617);
#7615 = CARTESIAN_POINT('',(50.03,-27.77,1.51));
#7616 = DIRECTION('',(-0.,0.,-1.));
#7617 = DIRECTION('',(-0.,-1.,0.));
#7618 = FACE_BOUND('',#7619,.T.);
#7619 = EDGE_LOOP('',(#7620));
#7620 = ORIENTED_EDGE('',*,*,#7621,.T.);
#7621 = EDGE_CURVE('',#7622,#7622,#7624,.T.);
#7622 = VERTEX_POINT('',#7623);
#7623 = CARTESIAN_POINT('',(55.06,-28.51,1.51));
#7624 = CIRCLE('',#7625,0.55);
#7625 = AXIS2_PLACEMENT_3D('',#7626,#7627,#7628);
#7626 = CARTESIAN_POINT('',(55.06,-27.96,1.51));
#7627 = DIRECTION('',(-0.,0.,-1.));
#7628 = DIRECTION('',(-0.,-1.,0.));
#7629 = FACE_BOUND('',#7630,.T.);
#7630 = EDGE_LOOP('',(#7631));
#7631 = ORIENTED_EDGE('',*,*,#7632,.T.);
#7632 = EDGE_CURVE('',#7633,#7633,#7635,.T.);
#7633 = VERTEX_POINT('',#7634);
#7634 = CARTESIAN_POINT('',(70.3,-36.13,1.51));
#7635 = CIRCLE('',#7636,0.55);
#7636 = AXIS2_PLACEMENT_3D('',#7637,#7638,#7639);
#7637 = CARTESIAN_POINT('',(70.3,-35.58,1.51));
#7638 = DIRECTION('',(-0.,0.,-1.));
#7639 = DIRECTION('',(-0.,-1.,0.));
#7640 = FACE_BOUND('',#7641,.T.);
#7641 = EDGE_LOOP('',(#7642));
#7642 = ORIENTED_EDGE('',*,*,#7643,.T.);
#7643 = EDGE_CURVE('',#7644,#7644,#7646,.T.);
#7644 = VERTEX_POINT('',#7645);
#7645 = CARTESIAN_POINT('',(70.3,-33.59,1.51));
#7646 = CIRCLE('',#7647,0.55);
#7647 = AXIS2_PLACEMENT_3D('',#7648,#7649,#7650);
#7648 = CARTESIAN_POINT('',(70.3,-33.04,1.51));
#7649 = DIRECTION('',(-0.,0.,-1.));
#7650 = DIRECTION('',(-0.,-1.,0.));
#7651 = FACE_BOUND('',#7652,.T.);
#7652 = EDGE_LOOP('',(#7653));
#7653 = ORIENTED_EDGE('',*,*,#7654,.T.);
#7654 = EDGE_CURVE('',#7655,#7655,#7657,.T.);
#7655 = VERTEX_POINT('',#7656);
#7656 = CARTESIAN_POINT('',(70.3,-31.05,1.51));
#7657 = CIRCLE('',#7658,0.55);
#7658 = AXIS2_PLACEMENT_3D('',#7659,#7660,#7661);
#7659 = CARTESIAN_POINT('',(70.3,-30.5,1.51));
#7660 = DIRECTION('',(-0.,0.,-1.));
#7661 = DIRECTION('',(-0.,-1.,0.));
#7662 = FACE_BOUND('',#7663,.T.);
#7663 = EDGE_LOOP('',(#7664));
#7664 = ORIENTED_EDGE('',*,*,#7665,.T.);
#7665 = EDGE_CURVE('',#7666,#7666,#7668,.T.);
#7666 = VERTEX_POINT('',#7667);
#7667 = CARTESIAN_POINT('',(70.3,-28.51,1.51));
#7668 = CIRCLE('',#7669,0.55);
#7669 = AXIS2_PLACEMENT_3D('',#7670,#7671,#7672);
#7670 = CARTESIAN_POINT('',(70.3,-27.96,1.51));
#7671 = DIRECTION('',(-0.,0.,-1.));
#7672 = DIRECTION('',(-0.,-1.,0.));
#7673 = FACE_BOUND('',#7674,.T.);
#7674 = EDGE_LOOP('',(#7675));
#7675 = ORIENTED_EDGE('',*,*,#7676,.T.);
#7676 = EDGE_CURVE('',#7677,#7677,#7679,.T.);
#7677 = VERTEX_POINT('',#7678);
#7678 = CARTESIAN_POINT('',(87.5,-46.1769,1.51));
#7679 = CIRCLE('',#7680,0.5969);
#7680 = AXIS2_PLACEMENT_3D('',#7681,#7682,#7683);
#7681 = CARTESIAN_POINT('',(87.5,-45.58,1.51));
#7682 = DIRECTION('',(-0.,0.,-1.));
#7683 = DIRECTION('',(-0.,-1.,0.));
#7684 = FACE_BOUND('',#7685,.T.);
#7685 = EDGE_LOOP('',(#7686));
#7686 = ORIENTED_EDGE('',*,*,#7687,.T.);
#7687 = EDGE_CURVE('',#7688,#7688,#7690,.T.);
#7688 = VERTEX_POINT('',#7689);
#7689 = CARTESIAN_POINT('',(85.,-42.5969,1.51));
#7690 = CIRCLE('',#7691,0.5969);
#7691 = AXIS2_PLACEMENT_3D('',#7692,#7693,#7694);
#7692 = CARTESIAN_POINT('',(85.,-42.,1.51));
#7693 = DIRECTION('',(-0.,0.,-1.));
#7694 = DIRECTION('',(-0.,-1.,0.));
#7695 = FACE_BOUND('',#7696,.T.);
#7696 = EDGE_LOOP('',(#7697));
#7697 = ORIENTED_EDGE('',*,*,#7698,.T.);
#7698 = EDGE_CURVE('',#7699,#7699,#7701,.T.);
#7699 = VERTEX_POINT('',#7700);
#7700 = CARTESIAN_POINT('',(87.5,-41.0969,1.51));
#7701 = CIRCLE('',#7702,0.5969);
#7702 = AXIS2_PLACEMENT_3D('',#7703,#7704,#7705);
#7703 = CARTESIAN_POINT('',(87.5,-40.5,1.51));
#7704 = DIRECTION('',(-0.,0.,-1.));
#7705 = DIRECTION('',(-0.,-1.,0.));
#7706 = FACE_BOUND('',#7707,.T.);
#7707 = EDGE_LOOP('',(#7708));
#7708 = ORIENTED_EDGE('',*,*,#7709,.T.);
#7709 = EDGE_CURVE('',#7710,#7710,#7712,.T.);
#7710 = VERTEX_POINT('',#7711);
#7711 = CARTESIAN_POINT('',(90.,-42.5969,1.51));
#7712 = CIRCLE('',#7713,0.5969);
#7713 = AXIS2_PLACEMENT_3D('',#7714,#7715,#7716);
#7714 = CARTESIAN_POINT('',(90.,-42.,1.51));
#7715 = DIRECTION('',(-0.,0.,-1.));
#7716 = DIRECTION('',(-0.,-1.,0.));
#7717 = FACE_BOUND('',#7718,.T.);
#7718 = EDGE_LOOP('',(#7719));
#7719 = ORIENTED_EDGE('',*,*,#7720,.T.);
#7720 = EDGE_CURVE('',#7721,#7721,#7723,.T.);
#7721 = VERTEX_POINT('',#7722);
#7722 = CARTESIAN_POINT('',(103.,-43.1769,1.51));
#7723 = CIRCLE('',#7724,0.5969);
#7724 = AXIS2_PLACEMENT_3D('',#7725,#7726,#7727);
#7725 = CARTESIAN_POINT('',(103.,-42.58,1.51));
#7726 = DIRECTION('',(-0.,0.,-1.));
#7727 = DIRECTION('',(-0.,-1.,0.));
#7728 = FACE_BOUND('',#7729,.T.);
#7729 = EDGE_LOOP('',(#7730));
#7730 = ORIENTED_EDGE('',*,*,#7731,.T.);
#7731 = EDGE_CURVE('',#7732,#7732,#7734,.T.);
#7732 = VERTEX_POINT('',#7733);
#7733 = CARTESIAN_POINT('',(100.5,-39.5969,1.51));
#7734 = CIRCLE('',#7735,0.5969);
#7735 = AXIS2_PLACEMENT_3D('',#7736,#7737,#7738);
#7736 = CARTESIAN_POINT('',(100.5,-39.,1.51));
#7737 = DIRECTION('',(-0.,0.,-1.));
#7738 = DIRECTION('',(-0.,-1.,0.));
#7739 = FACE_BOUND('',#7740,.T.);
#7740 = EDGE_LOOP('',(#7741));
#7741 = ORIENTED_EDGE('',*,*,#7742,.T.);
#7742 = EDGE_CURVE('',#7743,#7743,#7745,.T.);
#7743 = VERTEX_POINT('',#7744);
#7744 = CARTESIAN_POINT('',(103.,-38.0969,1.51));
#7745 = CIRCLE('',#7746,0.5969);
#7746 = AXIS2_PLACEMENT_3D('',#7747,#7748,#7749);
#7747 = CARTESIAN_POINT('',(103.,-37.5,1.51));
#7748 = DIRECTION('',(-0.,0.,-1.));
#7749 = DIRECTION('',(-0.,-1.,0.));
#7750 = FACE_BOUND('',#7751,.T.);
#7751 = EDGE_LOOP('',(#7752));
#7752 = ORIENTED_EDGE('',*,*,#7753,.T.);
#7753 = EDGE_CURVE('',#7754,#7754,#7756,.T.);
#7754 = VERTEX_POINT('',#7755);
#7755 = CARTESIAN_POINT('',(87.6,-31.45,1.51));
#7756 = CIRCLE('',#7757,1.75);
#7757 = AXIS2_PLACEMENT_3D('',#7758,#7759,#7760);
#7758 = CARTESIAN_POINT('',(87.6,-29.7,1.51));
#7759 = DIRECTION('',(-0.,0.,-1.));
#7760 = DIRECTION('',(-0.,-1.,0.));
#7761 = FACE_BOUND('',#7762,.T.);
#7762 = EDGE_LOOP('',(#7763));
#7763 = ORIENTED_EDGE('',*,*,#7764,.T.);
#7764 = EDGE_CURVE('',#7765,#7765,#7767,.T.);
#7765 = VERTEX_POINT('',#7766);
#7766 = CARTESIAN_POINT('',(121.,-53.2569,1.51));
#7767 = CIRCLE('',#7768,0.5969);
#7768 = AXIS2_PLACEMENT_3D('',#7769,#7770,#7771);
#7769 = CARTESIAN_POINT('',(121.,-52.66,1.51));
#7770 = DIRECTION('',(-0.,0.,-1.));
#7771 = DIRECTION('',(-0.,-1.,0.));
#7772 = FACE_BOUND('',#7773,.T.);
#7773 = EDGE_LOOP('',(#7774));
#7774 = ORIENTED_EDGE('',*,*,#7775,.T.);
#7775 = EDGE_CURVE('',#7776,#7776,#7778,.T.);
#7776 = VERTEX_POINT('',#7777);
#7777 = CARTESIAN_POINT('',(121.,-48.1769,1.51));
#7778 = CIRCLE('',#7779,0.5969);
#7779 = AXIS2_PLACEMENT_3D('',#7780,#7781,#7782);
#7780 = CARTESIAN_POINT('',(121.,-47.58,1.51));
#7781 = DIRECTION('',(-0.,0.,-1.));
#7782 = DIRECTION('',(-0.,-1.,0.));
#7783 = FACE_BOUND('',#7784,.T.);
#7784 = EDGE_LOOP('',(#7785));
#7785 = ORIENTED_EDGE('',*,*,#7786,.T.);
#7786 = EDGE_CURVE('',#7787,#7787,#7789,.T.);
#7787 = VERTEX_POINT('',#7788);
#7788 = CARTESIAN_POINT('',(139.,-58.2569,1.51));
#7789 = CIRCLE('',#7790,0.5969);
#7790 = AXIS2_PLACEMENT_3D('',#7791,#7792,#7793);
#7791 = CARTESIAN_POINT('',(139.,-57.66,1.51));
#7792 = DIRECTION('',(-0.,0.,-1.));
#7793 = DIRECTION('',(-0.,-1.,0.));
#7794 = FACE_BOUND('',#7795,.T.);
#7795 = EDGE_LOOP('',(#7796));
#7796 = ORIENTED_EDGE('',*,*,#7797,.T.);
#7797 = EDGE_CURVE('',#7798,#7798,#7800,.T.);
#7798 = VERTEX_POINT('',#7799);
#7799 = CARTESIAN_POINT('',(139.,-53.1769,1.51));
#7800 = CIRCLE('',#7801,0.5969);
#7801 = AXIS2_PLACEMENT_3D('',#7802,#7803,#7804);
#7802 = CARTESIAN_POINT('',(139.,-52.58,1.51));
#7803 = DIRECTION('',(-0.,0.,-1.));
#7804 = DIRECTION('',(-0.,-1.,0.));
#7805 = FACE_BOUND('',#7806,.T.);
#7806 = EDGE_LOOP('',(#7807));
#7807 = ORIENTED_EDGE('',*,*,#7808,.T.);
#7808 = EDGE_CURVE('',#7809,#7809,#7811,.T.);
#7809 = VERTEX_POINT('',#7810);
#7810 = CARTESIAN_POINT('',(136.5,-49.5969,1.51));
#7811 = CIRCLE('',#7812,0.5969);
#7812 = AXIS2_PLACEMENT_3D('',#7813,#7814,#7815);
#7813 = CARTESIAN_POINT('',(136.5,-49.,1.51));
#7814 = DIRECTION('',(-0.,0.,-1.));
#7815 = DIRECTION('',(-0.,-1.,0.));
#7816 = FACE_BOUND('',#7817,.T.);
#7817 = EDGE_LOOP('',(#7818));
#7818 = ORIENTED_EDGE('',*,*,#7819,.T.);
#7819 = EDGE_CURVE('',#7820,#7820,#7822,.T.);
#7820 = VERTEX_POINT('',#7821);
#7821 = CARTESIAN_POINT('',(139.,-48.0969,1.51));
#7822 = CIRCLE('',#7823,0.5969);
#7823 = AXIS2_PLACEMENT_3D('',#7824,#7825,#7826);
#7824 = CARTESIAN_POINT('',(139.,-47.5,1.51));
#7825 = DIRECTION('',(-0.,0.,-1.));
#7826 = DIRECTION('',(-0.,-1.,0.));
#7827 = FACE_BOUND('',#7828,.T.);
#7828 = EDGE_LOOP('',(#7829));
#7829 = ORIENTED_EDGE('',*,*,#7830,.T.);
#7830 = EDGE_CURVE('',#7831,#7831,#7833,.T.);
#7831 = VERTEX_POINT('',#7832);
#7832 = CARTESIAN_POINT('',(141.5,-49.5969,1.51));
#7833 = CIRCLE('',#7834,0.5969);
#7834 = AXIS2_PLACEMENT_3D('',#7835,#7836,#7837);
#7835 = CARTESIAN_POINT('',(141.5,-49.,1.51));
#7836 = DIRECTION('',(-0.,0.,-1.));
#7837 = DIRECTION('',(-0.,-1.,0.));
#7838 = FACE_BOUND('',#7839,.T.);
#7839 = EDGE_LOOP('',(#7840));
#7840 = ORIENTED_EDGE('',*,*,#7841,.T.);
#7841 = EDGE_CURVE('',#7842,#7842,#7844,.T.);
#7842 = VERTEX_POINT('',#7843);
#7843 = CARTESIAN_POINT('',(154.5,-57.2569,1.51));
#7844 = CIRCLE('',#7845,0.5969);
#7845 = AXIS2_PLACEMENT_3D('',#7846,#7847,#7848);
#7846 = CARTESIAN_POINT('',(154.5,-56.66,1.51));
#7847 = DIRECTION('',(-0.,0.,-1.));
#7848 = DIRECTION('',(-0.,-1.,0.));
#7849 = FACE_BOUND('',#7850,.T.);
#7850 = EDGE_LOOP('',(#7851));
#7851 = ORIENTED_EDGE('',*,*,#7852,.T.);
#7852 = EDGE_CURVE('',#7853,#7853,#7855,.T.);
#7853 = VERTEX_POINT('',#7854);
#7854 = CARTESIAN_POINT('',(154.5,-52.1769,1.51));
#7855 = CIRCLE('',#7856,0.5969);
#7856 = AXIS2_PLACEMENT_3D('',#7857,#7858,#7859);
#7857 = CARTESIAN_POINT('',(154.5,-51.58,1.51));
#7858 = DIRECTION('',(-0.,0.,-1.));
#7859 = DIRECTION('',(-0.,-1.,0.));
#7860 = FACE_BOUND('',#7861,.T.);
#7861 = EDGE_LOOP('',(#7862));
#7862 = ORIENTED_EDGE('',*,*,#7863,.T.);
#7863 = EDGE_CURVE('',#7864,#7864,#7866,.T.);
#7864 = VERTEX_POINT('',#7865);
#7865 = CARTESIAN_POINT('',(152.,-48.5969,1.51));
#7866 = CIRCLE('',#7867,0.5969);
#7867 = AXIS2_PLACEMENT_3D('',#7868,#7869,#7870);
#7868 = CARTESIAN_POINT('',(152.,-48.,1.51));
#7869 = DIRECTION('',(-0.,0.,-1.));
#7870 = DIRECTION('',(-0.,-1.,0.));
#7871 = FACE_BOUND('',#7872,.T.);
#7872 = EDGE_LOOP('',(#7873));
#7873 = ORIENTED_EDGE('',*,*,#7874,.T.);
#7874 = EDGE_CURVE('',#7875,#7875,#7877,.T.);
#7875 = VERTEX_POINT('',#7876);
#7876 = CARTESIAN_POINT('',(157.,-48.5969,1.51));
#7877 = CIRCLE('',#7878,0.5969);
#7878 = AXIS2_PLACEMENT_3D('',#7879,#7880,#7881);
#7879 = CARTESIAN_POINT('',(157.,-48.,1.51));
#7880 = DIRECTION('',(-0.,0.,-1.));
#7881 = DIRECTION('',(-0.,-1.,0.));
#7882 = FACE_BOUND('',#7883,.T.);
#7883 = EDGE_LOOP('',(#7884));
#7884 = ORIENTED_EDGE('',*,*,#7885,.T.);
#7885 = EDGE_CURVE('',#7886,#7886,#7888,.T.);
#7886 = VERTEX_POINT('',#7887);
#7887 = CARTESIAN_POINT('',(118.5,-44.5969,1.51));
#7888 = CIRCLE('',#7889,0.5969);
#7889 = AXIS2_PLACEMENT_3D('',#7890,#7891,#7892);
#7890 = CARTESIAN_POINT('',(118.5,-44.,1.51));
#7891 = DIRECTION('',(-0.,0.,-1.));
#7892 = DIRECTION('',(-0.,-1.,0.));
#7893 = FACE_BOUND('',#7894,.T.);
#7894 = EDGE_LOOP('',(#7895));
#7895 = ORIENTED_EDGE('',*,*,#7896,.T.);
#7896 = EDGE_CURVE('',#7897,#7897,#7899,.T.);
#7897 = VERTEX_POINT('',#7898);
#7898 = CARTESIAN_POINT('',(105.5,-39.5969,1.51));
#7899 = CIRCLE('',#7900,0.5969);
#7900 = AXIS2_PLACEMENT_3D('',#7901,#7902,#7903);
#7901 = CARTESIAN_POINT('',(105.5,-39.,1.51));
#7902 = DIRECTION('',(-0.,0.,-1.));
#7903 = DIRECTION('',(-0.,-1.,0.));
#7904 = FACE_BOUND('',#7905,.T.);
#7905 = EDGE_LOOP('',(#7906));
#7906 = ORIENTED_EDGE('',*,*,#7907,.T.);
#7907 = EDGE_CURVE('',#7908,#7908,#7910,.T.);
#7908 = VERTEX_POINT('',#7909);
#7909 = CARTESIAN_POINT('',(123.5,-44.5969,1.51));
#7910 = CIRCLE('',#7911,0.5969);
#7911 = AXIS2_PLACEMENT_3D('',#7912,#7913,#7914);
#7912 = CARTESIAN_POINT('',(123.5,-44.,1.51));
#7913 = DIRECTION('',(-0.,0.,-1.));
#7914 = DIRECTION('',(-0.,-1.,0.));
#7915 = FACE_BOUND('',#7916,.T.);
#7916 = EDGE_LOOP('',(#7917));
#7917 = ORIENTED_EDGE('',*,*,#7918,.T.);
#7918 = EDGE_CURVE('',#7919,#7919,#7921,.T.);
#7919 = VERTEX_POINT('',#7920);
#7920 = CARTESIAN_POINT('',(121.,-43.0969,1.51));
#7921 = CIRCLE('',#7922,0.5969);
#7922 = AXIS2_PLACEMENT_3D('',#7923,#7924,#7925);
#7923 = CARTESIAN_POINT('',(121.,-42.5,1.51));
#7924 = DIRECTION('',(-0.,0.,-1.));
#7925 = DIRECTION('',(-0.,-1.,0.));
#7926 = FACE_BOUND('',#7927,.T.);
#7927 = EDGE_LOOP('',(#7928));
#7928 = ORIENTED_EDGE('',*,*,#7929,.T.);
#7929 = EDGE_CURVE('',#7930,#7930,#7932,.T.);
#7930 = VERTEX_POINT('',#7931);
#7931 = CARTESIAN_POINT('',(109.16,-26.5,1.51));
#7932 = CIRCLE('',#7933,0.5);
#7933 = AXIS2_PLACEMENT_3D('',#7934,#7935,#7936);
#7934 = CARTESIAN_POINT('',(109.16,-26.,1.51));
#7935 = DIRECTION('',(-0.,0.,-1.));
#7936 = DIRECTION('',(-0.,-1.,0.));
#7937 = FACE_BOUND('',#7938,.T.);
#7938 = EDGE_LOOP('',(#7939));
#7939 = ORIENTED_EDGE('',*,*,#7940,.T.);
#7940 = EDGE_CURVE('',#7941,#7941,#7943,.T.);
#7941 = VERTEX_POINT('',#7942);
#7942 = CARTESIAN_POINT('',(111.7,-26.5,1.51));
#7943 = CIRCLE('',#7944,0.5);
#7944 = AXIS2_PLACEMENT_3D('',#7945,#7946,#7947);
#7945 = CARTESIAN_POINT('',(111.7,-26.,1.51));
#7946 = DIRECTION('',(-0.,0.,-1.));
#7947 = DIRECTION('',(-0.,-1.,0.));
#7948 = FACE_BOUND('',#7949,.T.);
#7949 = EDGE_LOOP('',(#7950));
#7950 = ORIENTED_EDGE('',*,*,#7951,.T.);
#7951 = EDGE_CURVE('',#7952,#7952,#7954,.T.);
#7952 = VERTEX_POINT('',#7953);
#7953 = CARTESIAN_POINT('',(114.24,-26.5,1.51));
#7954 = CIRCLE('',#7955,0.5);
#7955 = AXIS2_PLACEMENT_3D('',#7956,#7957,#7958);
#7956 = CARTESIAN_POINT('',(114.24,-26.,1.51));
#7957 = DIRECTION('',(-0.,0.,-1.));
#7958 = DIRECTION('',(-0.,-1.,0.));
#7959 = FACE_BOUND('',#7960,.T.);
#7960 = EDGE_LOOP('',(#7961));
#7961 = ORIENTED_EDGE('',*,*,#7962,.T.);
#7962 = EDGE_CURVE('',#7963,#7963,#7965,.T.);
#7963 = VERTEX_POINT('',#7964);
#7964 = CARTESIAN_POINT('',(116.78,-26.5,1.51));
#7965 = CIRCLE('',#7966,0.5);
#7966 = AXIS2_PLACEMENT_3D('',#7967,#7968,#7969);
#7967 = CARTESIAN_POINT('',(116.78,-26.,1.51));
#7968 = DIRECTION('',(-0.,0.,-1.));
#7969 = DIRECTION('',(-0.,-1.,0.));
#7970 = FACE_BOUND('',#7971,.T.);
#7971 = EDGE_LOOP('',(#7972));
#7972 = ORIENTED_EDGE('',*,*,#7973,.T.);
#7973 = EDGE_CURVE('',#7974,#7974,#7976,.T.);
#7974 = VERTEX_POINT('',#7975);
#7975 = CARTESIAN_POINT('',(137.4,-39.45,1.51));
#7976 = CIRCLE('',#7977,1.75);
#7977 = AXIS2_PLACEMENT_3D('',#7978,#7979,#7980);
#7978 = CARTESIAN_POINT('',(137.4,-37.7,1.51));
#7979 = DIRECTION('',(-0.,0.,-1.));
#7980 = DIRECTION('',(-0.,-1.,0.));
#7981 = FACE_BOUND('',#7982,.T.);
#7982 = EDGE_LOOP('',(#7983));
#7983 = ORIENTED_EDGE('',*,*,#7984,.T.);
#7984 = EDGE_CURVE('',#7985,#7985,#7987,.T.);
#7985 = VERTEX_POINT('',#7986);
#7986 = CARTESIAN_POINT('',(154.5,-47.0969,1.51));
#7987 = CIRCLE('',#7988,0.5969);
#7988 = AXIS2_PLACEMENT_3D('',#7989,#7990,#7991);
#7989 = CARTESIAN_POINT('',(154.5,-46.5,1.51));
#7990 = DIRECTION('',(-0.,0.,-1.));
#7991 = DIRECTION('',(-0.,-1.,0.));
#7992 = FACE_BOUND('',#7993,.T.);
#7993 = EDGE_LOOP('',(#7994));
#7994 = ORIENTED_EDGE('',*,*,#7995,.T.);
#7995 = EDGE_CURVE('',#7996,#7996,#7998,.T.);
#7996 = VERTEX_POINT('',#7997);
#7997 = CARTESIAN_POINT('',(155.38,-35.5,1.51));
#7998 = CIRCLE('',#7999,0.5);
#7999 = AXIS2_PLACEMENT_3D('',#8000,#8001,#8002);
#8000 = CARTESIAN_POINT('',(155.38,-35.,1.51));
#8001 = DIRECTION('',(-0.,0.,-1.));
#8002 = DIRECTION('',(-0.,-1.,0.));
#8003 = FACE_BOUND('',#8004,.T.);
#8004 = EDGE_LOOP('',(#8005));
#8005 = ORIENTED_EDGE('',*,*,#8006,.T.);
#8006 = EDGE_CURVE('',#8007,#8007,#8009,.T.);
#8007 = VERTEX_POINT('',#8008);
#8008 = CARTESIAN_POINT('',(157.92,-35.5,1.51));
#8009 = CIRCLE('',#8010,0.5);
#8010 = AXIS2_PLACEMENT_3D('',#8011,#8012,#8013);
#8011 = CARTESIAN_POINT('',(157.92,-35.,1.51));
#8012 = DIRECTION('',(-0.,0.,-1.));
#8013 = DIRECTION('',(-0.,-1.,0.));
#8014 = FACE_BOUND('',#8015,.T.);
#8015 = EDGE_LOOP('',(#8016));
#8016 = ORIENTED_EDGE('',*,*,#8017,.T.);
#8017 = EDGE_CURVE('',#8018,#8018,#8020,.T.);
#8018 = VERTEX_POINT('',#8019);
#8019 = CARTESIAN_POINT('',(160.46,-35.5,1.51));
#8020 = CIRCLE('',#8021,0.5);
#8021 = AXIS2_PLACEMENT_3D('',#8022,#8023,#8024);
#8022 = CARTESIAN_POINT('',(160.46,-35.,1.51));
#8023 = DIRECTION('',(-0.,0.,-1.));
#8024 = DIRECTION('',(-0.,-1.,0.));
#8025 = FACE_BOUND('',#8026,.T.);
#8026 = EDGE_LOOP('',(#8027));
#8027 = ORIENTED_EDGE('',*,*,#8028,.T.);
#8028 = EDGE_CURVE('',#8029,#8029,#8031,.T.);
#8029 = VERTEX_POINT('',#8030);
#8030 = CARTESIAN_POINT('',(163.,-35.5,1.51));
#8031 = CIRCLE('',#8032,0.5);
#8032 = AXIS2_PLACEMENT_3D('',#8033,#8034,#8035);
#8033 = CARTESIAN_POINT('',(163.,-35.,1.51));
#8034 = DIRECTION('',(-0.,0.,-1.));
#8035 = DIRECTION('',(-0.,-1.,0.));
#8036 = PLANE('',#8037);
#8037 = AXIS2_PLACEMENT_3D('',#8038,#8039,#8040);
#8038 = CARTESIAN_POINT('',(0.,0.,1.51));
#8039 = DIRECTION('',(0.,0.,1.));
#8040 = DIRECTION('',(1.,0.,-0.));
#8041 = ADVANCED_FACE('',(#8042),#8053,.T.);
#8042 = FACE_BOUND('',#8043,.T.);
#8043 = EDGE_LOOP('',(#8044,#8050,#8051,#8052));
#8044 = ORIENTED_EDGE('',*,*,#8045,.T.);
#8045 = EDGE_CURVE('',#4422,#6235,#8046,.T.);
#8046 = LINE('',#8047,#8048);
#8047 = CARTESIAN_POINT('',(40.5,-29.5,0.));
#8048 = VECTOR('',#8049,1.);
#8049 = DIRECTION('',(0.,0.,1.));
#8050 = ORIENTED_EDGE('',*,*,#6234,.T.);
#8051 = ORIENTED_EDGE('',*,*,#4357,.F.);
#8052 = ORIENTED_EDGE('',*,*,#4421,.F.);
#8053 = CYLINDRICAL_SURFACE('',#8054,4.999999678834);
#8054 = AXIS2_PLACEMENT_3D('',#8055,#8056,#8057);
#8055 = CARTESIAN_POINT('',(45.499999678834,-29.49999967883,0.));
#8056 = DIRECTION('',(0.,0.,-1.));
#8057 = DIRECTION('',(-1.,-6.423314275614E-08,-0.));
#8058 = ADVANCED_FACE('',(#8059),#8070,.F.);
#8059 = FACE_BOUND('',#8060,.T.);
#8060 = EDGE_LOOP('',(#8061,#8062,#8063,#8069));
#8061 = ORIENTED_EDGE('',*,*,#4397,.T.);
#8062 = ORIENTED_EDGE('',*,*,#6344,.T.);
#8063 = ORIENTED_EDGE('',*,*,#8064,.F.);
#8064 = EDGE_CURVE('',#4524,#6337,#8065,.T.);
#8065 = LINE('',#8066,#8067);
#8066 = CARTESIAN_POINT('',(139.761853,-33.5,0.));
#8067 = VECTOR('',#8068,1.);
#8068 = DIRECTION('',(0.,0.,1.));
#8069 = ORIENTED_EDGE('',*,*,#4531,.F.);
#8070 = CYLINDRICAL_SURFACE('',#8071,10.000005856382);
#8071 = AXIS2_PLACEMENT_3D('',#8072,#8073,#8074);
#8072 = CARTESIAN_POINT('',(139.76185560509,-23.49999414361,0.));
#8073 = DIRECTION('',(-0.,-0.,-1.));
#8074 = DIRECTION('',(-0.447412398488,-0.894327761886,0.));
#8075 = ADVANCED_FACE('',(#8076),#8087,.T.);
#8076 = FACE_BOUND('',#8077,.T.);
#8077 = EDGE_LOOP('',(#8078,#8084,#8085,#8086));
#8078 = ORIENTED_EDGE('',*,*,#8079,.T.);
#8079 = EDGE_CURVE('',#4431,#6244,#8080,.T.);
#8080 = LINE('',#8081,#8082);
#8081 = CARTESIAN_POINT('',(40.5,-94.732638,0.));
#8082 = VECTOR('',#8083,1.);
#8083 = DIRECTION('',(0.,0.,1.));
#8084 = ORIENTED_EDGE('',*,*,#6243,.T.);
#8085 = ORIENTED_EDGE('',*,*,#8045,.F.);
#8086 = ORIENTED_EDGE('',*,*,#4430,.F.);
#8087 = PLANE('',#8088);
#8088 = AXIS2_PLACEMENT_3D('',#8089,#8090,#8091);
#8089 = CARTESIAN_POINT('',(40.5,-94.732638,0.));
#8090 = DIRECTION('',(-1.,0.,0.));
#8091 = DIRECTION('',(0.,1.,0.));
#8092 = ADVANCED_FACE('',(#8093),#8104,.T.);
#8093 = FACE_BOUND('',#8094,.T.);
#8094 = EDGE_LOOP('',(#8095,#8096,#8097,#8103));
#8095 = ORIENTED_EDGE('',*,*,#8064,.T.);
#8096 = ORIENTED_EDGE('',*,*,#6336,.T.);
#8097 = ORIENTED_EDGE('',*,*,#8098,.F.);
#8098 = EDGE_CURVE('',#4516,#6329,#8099,.T.);
#8099 = LINE('',#8100,#8101);
#8100 = CARTESIAN_POINT('',(154.5,-33.5,0.));
#8101 = VECTOR('',#8102,1.);
#8102 = DIRECTION('',(0.,0.,1.));
#8103 = ORIENTED_EDGE('',*,*,#4523,.F.);
#8104 = PLANE('',#8105);
#8105 = AXIS2_PLACEMENT_3D('',#8106,#8107,#8108);
#8106 = CARTESIAN_POINT('',(139.761853,-33.5,0.));
#8107 = DIRECTION('',(0.,1.,0.));
#8108 = DIRECTION('',(1.,0.,0.));
#8109 = ADVANCED_FACE('',(#8110),#8121,.T.);
#8110 = FACE_BOUND('',#8111,.T.);
#8111 = EDGE_LOOP('',(#8112,#8118,#8119,#8120));
#8112 = ORIENTED_EDGE('',*,*,#8113,.T.);
#8113 = EDGE_CURVE('',#4439,#6252,#8114,.T.);
#8114 = LINE('',#8115,#8116);
#8115 = CARTESIAN_POINT('',(40.803445,-98.203335,0.));
#8116 = VECTOR('',#8117,1.);
#8117 = DIRECTION('',(0.,0.,1.));
#8118 = ORIENTED_EDGE('',*,*,#6251,.T.);
#8119 = ORIENTED_EDGE('',*,*,#8079,.F.);
#8120 = ORIENTED_EDGE('',*,*,#4438,.F.);
#8121 = CYLINDRICAL_SURFACE('',#8122,19.999317452336);
#8122 = AXIS2_PLACEMENT_3D('',#8123,#8124,#8125);
#8123 = CARTESIAN_POINT('',(60.499317452239,-94.73270005745,0.));
#8124 = DIRECTION('',(0.,0.,-1.));
#8125 = DIRECTION('',(-0.984827232188,-0.173537669514,-0.));
#8126 = ADVANCED_FACE('',(#8127),#8138,.T.);
#8127 = FACE_BOUND('',#8128,.T.);
#8128 = EDGE_LOOP('',(#8129,#8130,#8131,#8137));
#8129 = ORIENTED_EDGE('',*,*,#8098,.T.);
#8130 = ORIENTED_EDGE('',*,*,#6328,.T.);
#8131 = ORIENTED_EDGE('',*,*,#8132,.F.);
#8132 = EDGE_CURVE('',#4507,#6320,#8133,.T.);
#8133 = LINE('',#8134,#8135);
#8134 = CARTESIAN_POINT('',(163.5,-33.5,0.));
#8135 = VECTOR('',#8136,1.);
#8136 = DIRECTION('',(0.,0.,1.));
#8137 = ORIENTED_EDGE('',*,*,#4515,.F.);
#8138 = PLANE('',#8139);
#8139 = AXIS2_PLACEMENT_3D('',#8140,#8141,#8142);
#8140 = CARTESIAN_POINT('',(154.5,-33.5,0.));
#8141 = DIRECTION('',(0.,1.,0.));
#8142 = DIRECTION('',(1.,0.,0.));
#8143 = ADVANCED_FACE('',(#8144),#8155,.T.);
#8144 = FACE_BOUND('',#8145,.T.);
#8145 = EDGE_LOOP('',(#8146,#8152,#8153,#8154));
#8146 = ORIENTED_EDGE('',*,*,#8147,.T.);
#8147 = EDGE_CURVE('',#4448,#6261,#8148,.T.);
#8148 = LINE('',#8149,#8150);
#8149 = CARTESIAN_POINT('',(44.622856,-119.878873,0.));
#8150 = VECTOR('',#8151,1.);
#8151 = DIRECTION('',(0.,0.,1.));
#8152 = ORIENTED_EDGE('',*,*,#6260,.T.);
#8153 = ORIENTED_EDGE('',*,*,#8113,.F.);
#8154 = ORIENTED_EDGE('',*,*,#4447,.F.);
#8155 = PLANE('',#8156);
#8156 = AXIS2_PLACEMENT_3D('',#8157,#8158,#8159);
#8157 = CARTESIAN_POINT('',(44.622856,-119.878873,0.));
#8158 = DIRECTION('',(-0.98482772408,-0.173534878002,0.));
#8159 = DIRECTION('',(-0.173534878002,0.98482772408,0.));
#8160 = ADVANCED_FACE('',(#8161),#8172,.T.);
#8161 = FACE_BOUND('',#8162,.T.);
#8162 = EDGE_LOOP('',(#8163,#8164,#8165,#8171));
#8163 = ORIENTED_EDGE('',*,*,#8132,.T.);
#8164 = ORIENTED_EDGE('',*,*,#6319,.T.);
#8165 = ORIENTED_EDGE('',*,*,#8166,.F.);
#8166 = EDGE_CURVE('',#4499,#6312,#8167,.T.);
#8167 = LINE('',#8168,#8169);
#8168 = CARTESIAN_POINT('',(168.5,-38.5,0.));
#8169 = VECTOR('',#8170,1.);
#8170 = DIRECTION('',(0.,0.,1.));
#8171 = ORIENTED_EDGE('',*,*,#4506,.F.);
#8172 = CYLINDRICAL_SURFACE('',#8173,4.999999678834);
#8173 = AXIS2_PLACEMENT_3D('',#8174,#8175,#8176);
#8174 = CARTESIAN_POINT('',(163.50000032116,-38.49999967883,0.));
#8175 = DIRECTION('',(0.,0.,-1.));
#8176 = DIRECTION('',(-6.42331470194E-08,1.,0.));
#8177 = ADVANCED_FACE('',(#8178),#8189,.T.);
#8178 = FACE_BOUND('',#8179,.T.);
#8179 = EDGE_LOOP('',(#8180,#8186,#8187,#8188));
#8180 = ORIENTED_EDGE('',*,*,#8181,.T.);
#8181 = EDGE_CURVE('',#4456,#6269,#8182,.T.);
#8182 = LINE('',#8183,#8184);
#8183 = CARTESIAN_POINT('',(50.411656,-123.935868,0.));
#8184 = VECTOR('',#8185,1.);
#8185 = DIRECTION('',(0.,0.,1.));
#8186 = ORIENTED_EDGE('',*,*,#6268,.T.);
#8187 = ORIENTED_EDGE('',*,*,#8147,.F.);
#8188 = ORIENTED_EDGE('',*,*,#4455,.F.);
#8189 = CYLINDRICAL_SURFACE('',#8190,5.000010510596);
#8190 = AXIS2_PLACEMENT_3D('',#8191,#8192,#8193);
#8191 = CARTESIAN_POINT('',(49.547003285813,-119.0111872194,0.));
#8192 = DIRECTION('',(0.,0.,-1.));
#8193 = DIRECTION('',(0.172930179318,-0.984934085653,0.));
#8194 = ADVANCED_FACE('',(#8195),#8206,.T.);
#8195 = FACE_BOUND('',#8196,.T.);
#8196 = EDGE_LOOP('',(#8197,#8198,#8199,#8205));
#8197 = ORIENTED_EDGE('',*,*,#8166,.T.);
#8198 = ORIENTED_EDGE('',*,*,#6311,.T.);
#8199 = ORIENTED_EDGE('',*,*,#8200,.F.);
#8200 = EDGE_CURVE('',#4490,#6303,#8201,.T.);
#8201 = LINE('',#8202,#8203);
#8202 = CARTESIAN_POINT('',(168.5,-106.5,0.));
#8203 = VECTOR('',#8204,1.);
#8204 = DIRECTION('',(0.,0.,1.));
#8205 = ORIENTED_EDGE('',*,*,#4498,.F.);
#8206 = PLANE('',#8207);
#8207 = AXIS2_PLACEMENT_3D('',#8208,#8209,#8210);
#8208 = CARTESIAN_POINT('',(168.5,-38.5,0.));
#8209 = DIRECTION('',(1.,0.,-0.));
#8210 = DIRECTION('',(0.,-1.,0.));
#8211 = ADVANCED_FACE('',(#8212),#8223,.T.);
#8212 = FACE_BOUND('',#8213,.T.);
#8213 = EDGE_LOOP('',(#8214,#8220,#8221,#8222));
#8214 = ORIENTED_EDGE('',*,*,#8215,.T.);
#8215 = EDGE_CURVE('',#4465,#6278,#8216,.T.);
#8216 = LINE('',#8217,#8218);
#8217 = CARTESIAN_POINT('',(119.523804,-111.801326,0.));
#8218 = VECTOR('',#8219,1.);
#8219 = DIRECTION('',(0.,0.,1.));
#8220 = ORIENTED_EDGE('',*,*,#6277,.T.);
#8221 = ORIENTED_EDGE('',*,*,#8181,.F.);
#8222 = ORIENTED_EDGE('',*,*,#4464,.F.);
#8223 = PLANE('',#8224);
#8224 = AXIS2_PLACEMENT_3D('',#8225,#8226,#8227);
#8225 = CARTESIAN_POINT('',(119.523804,-111.801326,0.));
#8226 = DIRECTION('',(0.17293225508,-0.984933721198,0.));
#8227 = DIRECTION('',(-0.984933721198,-0.17293225508,0.));
#8228 = ADVANCED_FACE('',(#8229),#8240,.T.);
#8229 = FACE_BOUND('',#8230,.T.);
#8230 = EDGE_LOOP('',(#8231,#8232,#8233,#8239));
#8231 = ORIENTED_EDGE('',*,*,#8200,.T.);
#8232 = ORIENTED_EDGE('',*,*,#6302,.T.);
#8233 = ORIENTED_EDGE('',*,*,#8234,.F.);
#8234 = EDGE_CURVE('',#4482,#6295,#8235,.T.);
#8235 = LINE('',#8236,#8237);
#8236 = CARTESIAN_POINT('',(163.5,-111.5,0.));
#8237 = VECTOR('',#8238,1.);
#8238 = DIRECTION('',(0.,0.,1.));
#8239 = ORIENTED_EDGE('',*,*,#4489,.F.);
#8240 = CYLINDRICAL_SURFACE('',#8241,4.999999678834);
#8241 = AXIS2_PLACEMENT_3D('',#8242,#8243,#8244);
#8242 = CARTESIAN_POINT('',(163.50000032116,-106.5000003211,0.));
#8243 = DIRECTION('',(0.,0.,-1.));
#8244 = DIRECTION('',(1.,6.42331470194E-08,0.));
#8245 = ADVANCED_FACE('',(#8246),#8257,.F.);
#8246 = FACE_BOUND('',#8247,.T.);
#8247 = EDGE_LOOP('',(#8248,#8254,#8255,#8256));
#8248 = ORIENTED_EDGE('',*,*,#8249,.T.);
#8249 = EDGE_CURVE('',#4473,#6286,#8250,.T.);
#8250 = LINE('',#8251,#8252);
#8251 = CARTESIAN_POINT('',(122.982449,-111.5,0.));
#8252 = VECTOR('',#8253,1.);
#8253 = DIRECTION('',(0.,0.,1.));
#8254 = ORIENTED_EDGE('',*,*,#6285,.T.);
#8255 = ORIENTED_EDGE('',*,*,#8215,.F.);
#8256 = ORIENTED_EDGE('',*,*,#4472,.F.);
#8257 = CYLINDRICAL_SURFACE('',#8258,19.998947194885);
#8258 = AXIS2_PLACEMENT_3D('',#8259,#8260,#8261);
#8259 = CARTESIAN_POINT('',(122.98235979316,-131.4989471946,0.));
#8260 = DIRECTION('',(-0.,-0.,-1.));
#8261 = DIRECTION('',(4.460576422292E-06,0.99999999999,-0.));
#8262 = ADVANCED_FACE('',(#8263),#8269,.T.);
#8263 = FACE_BOUND('',#8264,.T.);
#8264 = EDGE_LOOP('',(#8265,#8266,#8267,#8268));
#8265 = ORIENTED_EDGE('',*,*,#8234,.T.);
#8266 = ORIENTED_EDGE('',*,*,#6294,.T.);
#8267 = ORIENTED_EDGE('',*,*,#8249,.F.);
#8268 = ORIENTED_EDGE('',*,*,#4481,.F.);
#8269 = PLANE('',#8270);
#8270 = AXIS2_PLACEMENT_3D('',#8271,#8272,#8273);
#8271 = CARTESIAN_POINT('',(163.5,-111.5,0.));
#8272 = DIRECTION('',(0.,-1.,0.));
#8273 = DIRECTION('',(-1.,0.,0.));
#8274 = ADVANCED_FACE('',(#8275),#8286,.F.);
#8275 = FACE_BOUND('',#8276,.T.);
#8276 = EDGE_LOOP('',(#8277,#8278,#8284,#8285));
#8277 = ORIENTED_EDGE('',*,*,#4541,.T.);
#8278 = ORIENTED_EDGE('',*,*,#8279,.T.);
#8279 = EDGE_CURVE('',#4542,#6355,#8280,.T.);
#8280 = LINE('',#8281,#8282);
#8281 = CARTESIAN_POINT('',(52.669022,-104.948362,-4.6E-02));
#8282 = VECTOR('',#8283,1.);
#8283 = DIRECTION('',(0.,0.,1.));
#8284 = ORIENTED_EDGE('',*,*,#6354,.F.);
#8285 = ORIENTED_EDGE('',*,*,#8279,.F.);
#8286 = CYLINDRICAL_SURFACE('',#8287,0.5969);
#8287 = AXIS2_PLACEMENT_3D('',#8288,#8289,#8290);
#8288 = CARTESIAN_POINT('',(52.669022,-104.351462,-4.6E-02));
#8289 = DIRECTION('',(-0.,-0.,-1.));
#8290 = DIRECTION('',(-0.,-1.,0.));
#8291 = ADVANCED_FACE('',(#8292),#8303,.F.);
#8292 = FACE_BOUND('',#8293,.T.);
#8293 = EDGE_LOOP('',(#8294,#8295,#8301,#8302));
#8294 = ORIENTED_EDGE('',*,*,#4552,.T.);
#8295 = ORIENTED_EDGE('',*,*,#8296,.T.);
#8296 = EDGE_CURVE('',#4553,#6366,#8297,.T.);
#8297 = LINE('',#8298,#8299);
#8298 = CARTESIAN_POINT('',(67.933543,-102.256815,-4.6E-02));
#8299 = VECTOR('',#8300,1.);
#8300 = DIRECTION('',(0.,0.,1.));
#8301 = ORIENTED_EDGE('',*,*,#6365,.F.);
#8302 = ORIENTED_EDGE('',*,*,#8296,.F.);
#8303 = CYLINDRICAL_SURFACE('',#8304,0.5969);
#8304 = AXIS2_PLACEMENT_3D('',#8305,#8306,#8307);
#8305 = CARTESIAN_POINT('',(67.933543,-101.659915,-4.6E-02));
#8306 = DIRECTION('',(-0.,-0.,-1.));
#8307 = DIRECTION('',(-0.,-1.,0.));
#8308 = ADVANCED_FACE('',(#8309),#8320,.F.);
#8309 = FACE_BOUND('',#8310,.T.);
#8310 = EDGE_LOOP('',(#8311,#8312,#8318,#8319));
#8311 = ORIENTED_EDGE('',*,*,#4563,.T.);
#8312 = ORIENTED_EDGE('',*,*,#8313,.T.);
#8313 = EDGE_CURVE('',#4564,#6377,#8314,.T.);
#8314 = LINE('',#8315,#8316);
#8315 = CARTESIAN_POINT('',(48.70321,-96.854048,-4.6E-02));
#8316 = VECTOR('',#8317,1.);
#8317 = DIRECTION('',(0.,0.,1.));
#8318 = ORIENTED_EDGE('',*,*,#6376,.F.);
#8319 = ORIENTED_EDGE('',*,*,#8313,.F.);
#8320 = CYLINDRICAL_SURFACE('',#8321,0.5969);
#8321 = AXIS2_PLACEMENT_3D('',#8322,#8323,#8324);
#8322 = CARTESIAN_POINT('',(48.70321,-96.257148,-4.6E-02));
#8323 = DIRECTION('',(-0.,-0.,-1.));
#8324 = DIRECTION('',(-0.,-1.,0.));
#8325 = ADVANCED_FACE('',(#8326),#8337,.F.);
#8326 = FACE_BOUND('',#8327,.T.);
#8327 = EDGE_LOOP('',(#8328,#8329,#8335,#8336));
#8328 = ORIENTED_EDGE('',*,*,#4574,.T.);
#8329 = ORIENTED_EDGE('',*,*,#8330,.T.);
#8330 = EDGE_CURVE('',#4575,#6388,#8331,.T.);
#8331 = LINE('',#8332,#8333);
#8332 = CARTESIAN_POINT('',(51.78689,-99.94554,-4.6E-02));
#8333 = VECTOR('',#8334,1.);
#8334 = DIRECTION('',(0.,0.,1.));
#8335 = ORIENTED_EDGE('',*,*,#6387,.F.);
#8336 = ORIENTED_EDGE('',*,*,#8330,.F.);
#8337 = CYLINDRICAL_SURFACE('',#8338,0.5969);
#8338 = AXIS2_PLACEMENT_3D('',#8339,#8340,#8341);
#8339 = CARTESIAN_POINT('',(51.78689,-99.34864,-4.6E-02));
#8340 = DIRECTION('',(-0.,-0.,-1.));
#8341 = DIRECTION('',(-0.,-1.,0.));
#8342 = ADVANCED_FACE('',(#8343),#8354,.F.);
#8343 = FACE_BOUND('',#8344,.T.);
#8344 = EDGE_LOOP('',(#8345,#8346,#8352,#8353));
#8345 = ORIENTED_EDGE('',*,*,#4585,.T.);
#8346 = ORIENTED_EDGE('',*,*,#8347,.T.);
#8347 = EDGE_CURVE('',#4586,#6399,#8348,.T.);
#8348 = LINE('',#8349,#8350);
#8349 = CARTESIAN_POINT('',(53.627249,-95.985807,-4.6E-02));
#8350 = VECTOR('',#8351,1.);
#8351 = DIRECTION('',(0.,0.,1.));
#8352 = ORIENTED_EDGE('',*,*,#6398,.F.);
#8353 = ORIENTED_EDGE('',*,*,#8347,.F.);
#8354 = CYLINDRICAL_SURFACE('',#8355,0.5969);
#8355 = AXIS2_PLACEMENT_3D('',#8356,#8357,#8358);
#8356 = CARTESIAN_POINT('',(53.627249,-95.388907,-4.6E-02));
#8357 = DIRECTION('',(-0.,-0.,-1.));
#8358 = DIRECTION('',(-0.,-1.,0.));
#8359 = ADVANCED_FACE('',(#8360),#8371,.F.);
#8360 = FACE_BOUND('',#8361,.T.);
#8361 = EDGE_LOOP('',(#8362,#8363,#8369,#8370));
#8362 = ORIENTED_EDGE('',*,*,#4596,.T.);
#8363 = ORIENTED_EDGE('',*,*,#8364,.T.);
#8364 = EDGE_CURVE('',#4597,#6410,#8365,.T.);
#8365 = LINE('',#8366,#8367);
#8366 = CARTESIAN_POINT('',(50.904757,-94.942716,-4.6E-02));
#8367 = VECTOR('',#8368,1.);
#8368 = DIRECTION('',(0.,0.,1.));
#8369 = ORIENTED_EDGE('',*,*,#6409,.F.);
#8370 = ORIENTED_EDGE('',*,*,#8364,.F.);
#8371 = CYLINDRICAL_SURFACE('',#8372,0.5969);
#8372 = AXIS2_PLACEMENT_3D('',#8373,#8374,#8375);
#8373 = CARTESIAN_POINT('',(50.904757,-94.345816,-4.6E-02));
#8374 = DIRECTION('',(-0.,-0.,-1.));
#8375 = DIRECTION('',(-1.190388232133E-14,-1.,0.));
#8376 = ADVANCED_FACE('',(#8377),#8388,.F.);
#8377 = FACE_BOUND('',#8378,.T.);
#8378 = EDGE_LOOP('',(#8379,#8380,#8386,#8387));
#8379 = ORIENTED_EDGE('',*,*,#4607,.T.);
#8380 = ORIENTED_EDGE('',*,*,#8381,.T.);
#8381 = EDGE_CURVE('',#4608,#6421,#8382,.T.);
#8382 = LINE('',#8383,#8384);
#8383 = CARTESIAN_POINT('',(67.051411,-97.253993,-4.6E-02));
#8384 = VECTOR('',#8385,1.);
#8385 = DIRECTION('',(0.,0.,1.));
#8386 = ORIENTED_EDGE('',*,*,#6420,.F.);
#8387 = ORIENTED_EDGE('',*,*,#8381,.F.);
#8388 = CYLINDRICAL_SURFACE('',#8389,0.5969);
#8389 = AXIS2_PLACEMENT_3D('',#8390,#8391,#8392);
#8390 = CARTESIAN_POINT('',(67.051411,-96.657093,-4.6E-02));
#8391 = DIRECTION('',(-0.,-0.,-1.));
#8392 = DIRECTION('',(-0.,-1.,0.));
#8393 = ADVANCED_FACE('',(#8394),#8405,.F.);
#8394 = FACE_BOUND('',#8395,.T.);
#8395 = EDGE_LOOP('',(#8396,#8397,#8403,#8404));
#8396 = ORIENTED_EDGE('',*,*,#4618,.T.);
#8397 = ORIENTED_EDGE('',*,*,#8398,.T.);
#8398 = EDGE_CURVE('',#4619,#6432,#8399,.T.);
#8399 = LINE('',#8400,#8401);
#8400 = CARTESIAN_POINT('',(63.967731,-94.162501,-4.6E-02));
#8401 = VECTOR('',#8402,1.);
#8402 = DIRECTION('',(0.,0.,1.));
#8403 = ORIENTED_EDGE('',*,*,#6431,.F.);
#8404 = ORIENTED_EDGE('',*,*,#8398,.F.);
#8405 = CYLINDRICAL_SURFACE('',#8406,0.5969);
#8406 = AXIS2_PLACEMENT_3D('',#8407,#8408,#8409);
#8407 = CARTESIAN_POINT('',(63.967731,-93.565601,-4.6E-02));
#8408 = DIRECTION('',(-0.,-0.,-1.));
#8409 = DIRECTION('',(-0.,-1.,0.));
#8410 = ADVANCED_FACE('',(#8411),#8422,.F.);
#8411 = FACE_BOUND('',#8412,.T.);
#8412 = EDGE_LOOP('',(#8413,#8414,#8420,#8421));
#8413 = ORIENTED_EDGE('',*,*,#4629,.T.);
#8414 = ORIENTED_EDGE('',*,*,#8415,.T.);
#8415 = EDGE_CURVE('',#4630,#6443,#8416,.T.);
#8416 = LINE('',#8417,#8418);
#8417 = CARTESIAN_POINT('',(68.89177,-93.29426,-4.6E-02));
#8418 = VECTOR('',#8419,1.);
#8419 = DIRECTION('',(0.,0.,1.));
#8420 = ORIENTED_EDGE('',*,*,#6442,.F.);
#8421 = ORIENTED_EDGE('',*,*,#8415,.F.);
#8422 = CYLINDRICAL_SURFACE('',#8423,0.5969);
#8423 = AXIS2_PLACEMENT_3D('',#8424,#8425,#8426);
#8424 = CARTESIAN_POINT('',(68.89177,-92.69736,-4.6E-02));
#8425 = DIRECTION('',(-0.,-0.,-1.));
#8426 = DIRECTION('',(-2.380776464266E-14,-1.,0.));
#8427 = ADVANCED_FACE('',(#8428),#8439,.F.);
#8428 = FACE_BOUND('',#8429,.T.);
#8429 = EDGE_LOOP('',(#8430,#8431,#8437,#8438));
#8430 = ORIENTED_EDGE('',*,*,#4640,.T.);
#8431 = ORIENTED_EDGE('',*,*,#8432,.T.);
#8432 = EDGE_CURVE('',#4641,#6454,#8433,.T.);
#8433 = LINE('',#8434,#8435);
#8434 = CARTESIAN_POINT('',(66.169278,-92.251169,-4.6E-02));
#8435 = VECTOR('',#8436,1.);
#8436 = DIRECTION('',(0.,0.,1.));
#8437 = ORIENTED_EDGE('',*,*,#6453,.F.);
#8438 = ORIENTED_EDGE('',*,*,#8432,.F.);
#8439 = CYLINDRICAL_SURFACE('',#8440,0.5969);
#8440 = AXIS2_PLACEMENT_3D('',#8441,#8442,#8443);
#8441 = CARTESIAN_POINT('',(66.169278,-91.654269,-4.6E-02));
#8442 = DIRECTION('',(-0.,0.,-1.));
#8443 = DIRECTION('',(2.380776464266E-14,-1.,-0.));
#8444 = ADVANCED_FACE('',(#8445),#8456,.F.);
#8445 = FACE_BOUND('',#8446,.T.);
#8446 = EDGE_LOOP('',(#8447,#8448,#8454,#8455));
#8447 = ORIENTED_EDGE('',*,*,#4651,.T.);
#8448 = ORIENTED_EDGE('',*,*,#8449,.T.);
#8449 = EDGE_CURVE('',#4652,#6465,#8450,.T.);
#8450 = LINE('',#8451,#8452);
#8451 = CARTESIAN_POINT('',(83.68,-101.5,-4.6E-02));
#8452 = VECTOR('',#8453,1.);
#8453 = DIRECTION('',(0.,0.,1.));
#8454 = ORIENTED_EDGE('',*,*,#6464,.F.);
#8455 = ORIENTED_EDGE('',*,*,#8449,.F.);
#8456 = CYLINDRICAL_SURFACE('',#8457,0.5);
#8457 = AXIS2_PLACEMENT_3D('',#8458,#8459,#8460);
#8458 = CARTESIAN_POINT('',(83.68,-101.,-4.6E-02));
#8459 = DIRECTION('',(-0.,-0.,-1.));
#8460 = DIRECTION('',(-0.,-1.,0.));
#8461 = ADVANCED_FACE('',(#8462),#8473,.F.);
#8462 = FACE_BOUND('',#8463,.T.);
#8463 = EDGE_LOOP('',(#8464,#8465,#8471,#8472));
#8464 = ORIENTED_EDGE('',*,*,#4662,.T.);
#8465 = ORIENTED_EDGE('',*,*,#8466,.T.);
#8466 = EDGE_CURVE('',#4663,#6476,#8467,.T.);
#8467 = LINE('',#8468,#8469);
#8468 = CARTESIAN_POINT('',(86.219999,-101.5,-4.6E-02));
#8469 = VECTOR('',#8470,1.);
#8470 = DIRECTION('',(0.,0.,1.));
#8471 = ORIENTED_EDGE('',*,*,#6475,.F.);
#8472 = ORIENTED_EDGE('',*,*,#8466,.F.);
#8473 = CYLINDRICAL_SURFACE('',#8474,0.5);
#8474 = AXIS2_PLACEMENT_3D('',#8475,#8476,#8477);
#8475 = CARTESIAN_POINT('',(86.219999,-101.,-4.6E-02));
#8476 = DIRECTION('',(-0.,-0.,-1.));
#8477 = DIRECTION('',(-0.,-1.,0.));
#8478 = ADVANCED_FACE('',(#8479),#8490,.F.);
#8479 = FACE_BOUND('',#8480,.T.);
#8480 = EDGE_LOOP('',(#8481,#8482,#8488,#8489));
#8481 = ORIENTED_EDGE('',*,*,#4673,.T.);
#8482 = ORIENTED_EDGE('',*,*,#8483,.T.);
#8483 = EDGE_CURVE('',#4674,#6487,#8484,.T.);
#8484 = LINE('',#8485,#8486);
#8485 = CARTESIAN_POINT('',(88.76,-101.5,-4.6E-02));
#8486 = VECTOR('',#8487,1.);
#8487 = DIRECTION('',(0.,0.,1.));
#8488 = ORIENTED_EDGE('',*,*,#6486,.F.);
#8489 = ORIENTED_EDGE('',*,*,#8483,.F.);
#8490 = CYLINDRICAL_SURFACE('',#8491,0.5);
#8491 = AXIS2_PLACEMENT_3D('',#8492,#8493,#8494);
#8492 = CARTESIAN_POINT('',(88.76,-101.,-4.6E-02));
#8493 = DIRECTION('',(-0.,-0.,-1.));
#8494 = DIRECTION('',(-0.,-1.,0.));
#8495 = ADVANCED_FACE('',(#8496),#8507,.F.);
#8496 = FACE_BOUND('',#8497,.T.);
#8497 = EDGE_LOOP('',(#8498,#8499,#8505,#8506));
#8498 = ORIENTED_EDGE('',*,*,#4684,.T.);
#8499 = ORIENTED_EDGE('',*,*,#8500,.T.);
#8500 = EDGE_CURVE('',#4685,#6498,#8501,.T.);
#8501 = LINE('',#8502,#8503);
#8502 = CARTESIAN_POINT('',(91.3,-101.5,-4.6E-02));
#8503 = VECTOR('',#8504,1.);
#8504 = DIRECTION('',(0.,0.,1.));
#8505 = ORIENTED_EDGE('',*,*,#6497,.F.);
#8506 = ORIENTED_EDGE('',*,*,#8500,.F.);
#8507 = CYLINDRICAL_SURFACE('',#8508,0.5);
#8508 = AXIS2_PLACEMENT_3D('',#8509,#8510,#8511);
#8509 = CARTESIAN_POINT('',(91.3,-101.,-4.6E-02));
#8510 = DIRECTION('',(-0.,-0.,-1.));
#8511 = DIRECTION('',(-0.,-1.,0.));
#8512 = ADVANCED_FACE('',(#8513),#8524,.F.);
#8513 = FACE_BOUND('',#8514,.T.);
#8514 = EDGE_LOOP('',(#8515,#8516,#8522,#8523));
#8515 = ORIENTED_EDGE('',*,*,#4695,.T.);
#8516 = ORIENTED_EDGE('',*,*,#8517,.T.);
#8517 = EDGE_CURVE('',#4696,#6509,#8518,.T.);
#8518 = LINE('',#8519,#8520);
#8519 = CARTESIAN_POINT('',(103.1,-103.05,-4.6E-02));
#8520 = VECTOR('',#8521,1.);
#8521 = DIRECTION('',(0.,0.,1.));
#8522 = ORIENTED_EDGE('',*,*,#6508,.F.);
#8523 = ORIENTED_EDGE('',*,*,#8517,.F.);
#8524 = CYLINDRICAL_SURFACE('',#8525,1.75);
#8525 = AXIS2_PLACEMENT_3D('',#8526,#8527,#8528);
#8526 = CARTESIAN_POINT('',(103.1,-101.3,-4.6E-02));
#8527 = DIRECTION('',(-0.,-0.,-1.));
#8528 = DIRECTION('',(-0.,-1.,0.));
#8529 = ADVANCED_FACE('',(#8530),#8541,.F.);
#8530 = FACE_BOUND('',#8531,.T.);
#8531 = EDGE_LOOP('',(#8532,#8533,#8539,#8540));
#8532 = ORIENTED_EDGE('',*,*,#4706,.T.);
#8533 = ORIENTED_EDGE('',*,*,#8534,.T.);
#8534 = EDGE_CURVE('',#4707,#6520,#8535,.T.);
#8535 = LINE('',#8536,#8537);
#8536 = CARTESIAN_POINT('',(87.5,-92.7569,-4.6E-02));
#8537 = VECTOR('',#8538,1.);
#8538 = DIRECTION('',(0.,0.,1.));
#8539 = ORIENTED_EDGE('',*,*,#6519,.F.);
#8540 = ORIENTED_EDGE('',*,*,#8534,.F.);
#8541 = CYLINDRICAL_SURFACE('',#8542,0.5969);
#8542 = AXIS2_PLACEMENT_3D('',#8543,#8544,#8545);
#8543 = CARTESIAN_POINT('',(87.5,-92.16,-4.6E-02));
#8544 = DIRECTION('',(-0.,-0.,-1.));
#8545 = DIRECTION('',(-0.,-1.,0.));
#8546 = ADVANCED_FACE('',(#8547),#8558,.F.);
#8547 = FACE_BOUND('',#8548,.T.);
#8548 = EDGE_LOOP('',(#8549,#8550,#8556,#8557));
#8549 = ORIENTED_EDGE('',*,*,#4717,.T.);
#8550 = ORIENTED_EDGE('',*,*,#8551,.T.);
#8551 = EDGE_CURVE('',#4718,#6531,#8552,.T.);
#8552 = LINE('',#8553,#8554);
#8553 = CARTESIAN_POINT('',(85.,-91.2569,-4.6E-02));
#8554 = VECTOR('',#8555,1.);
#8555 = DIRECTION('',(0.,0.,1.));
#8556 = ORIENTED_EDGE('',*,*,#6530,.F.);
#8557 = ORIENTED_EDGE('',*,*,#8551,.F.);
#8558 = CYLINDRICAL_SURFACE('',#8559,0.5969);
#8559 = AXIS2_PLACEMENT_3D('',#8560,#8561,#8562);
#8560 = CARTESIAN_POINT('',(85.,-90.66,-4.6E-02));
#8561 = DIRECTION('',(-0.,-0.,-1.));
#8562 = DIRECTION('',(-0.,-1.,0.));
#8563 = ADVANCED_FACE('',(#8564),#8575,.F.);
#8564 = FACE_BOUND('',#8565,.T.);
#8565 = EDGE_LOOP('',(#8566,#8567,#8573,#8574));
#8566 = ORIENTED_EDGE('',*,*,#4728,.T.);
#8567 = ORIENTED_EDGE('',*,*,#8568,.T.);
#8568 = EDGE_CURVE('',#4729,#6542,#8569,.T.);
#8569 = LINE('',#8570,#8571);
#8570 = CARTESIAN_POINT('',(90.,-91.2569,-4.6E-02));
#8571 = VECTOR('',#8572,1.);
#8572 = DIRECTION('',(0.,0.,1.));
#8573 = ORIENTED_EDGE('',*,*,#6541,.F.);
#8574 = ORIENTED_EDGE('',*,*,#8568,.F.);
#8575 = CYLINDRICAL_SURFACE('',#8576,0.5969);
#8576 = AXIS2_PLACEMENT_3D('',#8577,#8578,#8579);
#8577 = CARTESIAN_POINT('',(90.,-90.66,-4.6E-02));
#8578 = DIRECTION('',(-0.,-0.,-1.));
#8579 = DIRECTION('',(-0.,-1.,0.));
#8580 = ADVANCED_FACE('',(#8581),#8592,.F.);
#8581 = FACE_BOUND('',#8582,.T.);
#8582 = EDGE_LOOP('',(#8583,#8584,#8590,#8591));
#8583 = ORIENTED_EDGE('',*,*,#4739,.T.);
#8584 = ORIENTED_EDGE('',*,*,#8585,.T.);
#8585 = EDGE_CURVE('',#4740,#6553,#8586,.T.);
#8586 = LINE('',#8587,#8588);
#8587 = CARTESIAN_POINT('',(55.192373,-85.443932,-4.6E-02));
#8588 = VECTOR('',#8589,1.);
#8589 = DIRECTION('',(0.,0.,1.));
#8590 = ORIENTED_EDGE('',*,*,#6552,.F.);
#8591 = ORIENTED_EDGE('',*,*,#8585,.F.);
#8592 = CYLINDRICAL_SURFACE('',#8593,0.5);
#8593 = AXIS2_PLACEMENT_3D('',#8594,#8595,#8596);
#8594 = CARTESIAN_POINT('',(55.192373,-84.943932,-4.6E-02));
#8595 = DIRECTION('',(-0.,-0.,-1.));
#8596 = DIRECTION('',(-0.,-1.,0.));
#8597 = ADVANCED_FACE('',(#8598),#8609,.F.);
#8598 = FACE_BOUND('',#8599,.T.);
#8599 = EDGE_LOOP('',(#8600,#8601,#8607,#8608));
#8600 = ORIENTED_EDGE('',*,*,#4750,.T.);
#8601 = ORIENTED_EDGE('',*,*,#8602,.T.);
#8602 = EDGE_CURVE('',#4751,#6564,#8603,.T.);
#8603 = LINE('',#8604,#8605);
#8604 = CARTESIAN_POINT('',(57.693784,-85.002866,-4.6E-02));
#8605 = VECTOR('',#8606,1.);
#8606 = DIRECTION('',(0.,0.,1.));
#8607 = ORIENTED_EDGE('',*,*,#6563,.F.);
#8608 = ORIENTED_EDGE('',*,*,#8602,.F.);
#8609 = CYLINDRICAL_SURFACE('',#8610,0.5);
#8610 = AXIS2_PLACEMENT_3D('',#8611,#8612,#8613);
#8611 = CARTESIAN_POINT('',(57.693784,-84.502866,-4.6E-02));
#8612 = DIRECTION('',(-0.,-0.,-1.));
#8613 = DIRECTION('',(-0.,-1.,0.));
#8614 = ADVANCED_FACE('',(#8615),#8626,.F.);
#8615 = FACE_BOUND('',#8616,.T.);
#8616 = EDGE_LOOP('',(#8617,#8618,#8624,#8625));
#8617 = ORIENTED_EDGE('',*,*,#4761,.T.);
#8618 = ORIENTED_EDGE('',*,*,#8619,.T.);
#8619 = EDGE_CURVE('',#4762,#6575,#8620,.T.);
#8620 = LINE('',#8621,#8622);
#8621 = CARTESIAN_POINT('',(60.195196,-84.561799,-4.6E-02));
#8622 = VECTOR('',#8623,1.);
#8623 = DIRECTION('',(0.,0.,1.));
#8624 = ORIENTED_EDGE('',*,*,#6574,.F.);
#8625 = ORIENTED_EDGE('',*,*,#8619,.F.);
#8626 = CYLINDRICAL_SURFACE('',#8627,0.5);
#8627 = AXIS2_PLACEMENT_3D('',#8628,#8629,#8630);
#8628 = CARTESIAN_POINT('',(60.195196,-84.061799,-4.6E-02));
#8629 = DIRECTION('',(-0.,-0.,-1.));
#8630 = DIRECTION('',(-0.,-1.,0.));
#8631 = ADVANCED_FACE('',(#8632),#8643,.F.);
#8632 = FACE_BOUND('',#8633,.T.);
#8633 = EDGE_LOOP('',(#8634,#8635,#8641,#8642));
#8634 = ORIENTED_EDGE('',*,*,#4772,.T.);
#8635 = ORIENTED_EDGE('',*,*,#8636,.T.);
#8636 = EDGE_CURVE('',#4773,#6586,#8637,.T.);
#8637 = LINE('',#8638,#8639);
#8638 = CARTESIAN_POINT('',(62.696608,-84.120733,-4.6E-02));
#8639 = VECTOR('',#8640,1.);
#8640 = DIRECTION('',(0.,0.,1.));
#8641 = ORIENTED_EDGE('',*,*,#6585,.F.);
#8642 = ORIENTED_EDGE('',*,*,#8636,.F.);
#8643 = CYLINDRICAL_SURFACE('',#8644,0.5);
#8644 = AXIS2_PLACEMENT_3D('',#8645,#8646,#8647);
#8645 = CARTESIAN_POINT('',(62.696608,-83.620733,-4.6E-02));
#8646 = DIRECTION('',(-0.,-0.,-1.));
#8647 = DIRECTION('',(-0.,-1.,0.));
#8648 = ADVANCED_FACE('',(#8649),#8660,.F.);
#8649 = FACE_BOUND('',#8650,.T.);
#8650 = EDGE_LOOP('',(#8651,#8652,#8658,#8659));
#8651 = ORIENTED_EDGE('',*,*,#4783,.T.);
#8652 = ORIENTED_EDGE('',*,*,#8653,.T.);
#8653 = EDGE_CURVE('',#4784,#6597,#8654,.T.);
#8654 = LINE('',#8655,#8656);
#8655 = CARTESIAN_POINT('',(55.692893,-69.504007,-4.6E-02));
#8656 = VECTOR('',#8657,1.);
#8657 = DIRECTION('',(0.,0.,1.));
#8658 = ORIENTED_EDGE('',*,*,#6596,.F.);
#8659 = ORIENTED_EDGE('',*,*,#8653,.F.);
#8660 = CYLINDRICAL_SURFACE('',#8661,0.5969);
#8661 = AXIS2_PLACEMENT_3D('',#8662,#8663,#8664);
#8662 = CARTESIAN_POINT('',(55.692893,-68.907107,-4.6E-02));
#8663 = DIRECTION('',(-0.,-0.,-1.));
#8664 = DIRECTION('',(-0.,-1.,0.));
#8665 = ADVANCED_FACE('',(#8666),#8677,.F.);
#8666 = FACE_BOUND('',#8667,.T.);
#8667 = EDGE_LOOP('',(#8668,#8669,#8675,#8676));
#8668 = ORIENTED_EDGE('',*,*,#4794,.T.);
#8669 = ORIENTED_EDGE('',*,*,#8670,.T.);
#8670 = EDGE_CURVE('',#4795,#6608,#8671,.T.);
#8671 = LINE('',#8672,#8673);
#8672 = CARTESIAN_POINT('',(87.5,-87.6769,-4.6E-02));
#8673 = VECTOR('',#8674,1.);
#8674 = DIRECTION('',(0.,0.,1.));
#8675 = ORIENTED_EDGE('',*,*,#6607,.F.);
#8676 = ORIENTED_EDGE('',*,*,#8670,.F.);
#8677 = CYLINDRICAL_SURFACE('',#8678,0.5969);
#8678 = AXIS2_PLACEMENT_3D('',#8679,#8680,#8681);
#8679 = CARTESIAN_POINT('',(87.5,-87.08,-4.6E-02));
#8680 = DIRECTION('',(-0.,-0.,-1.));
#8681 = DIRECTION('',(-0.,-1.,0.));
#8682 = ADVANCED_FACE('',(#8683),#8694,.F.);
#8683 = FACE_BOUND('',#8684,.T.);
#8684 = EDGE_LOOP('',(#8685,#8686,#8692,#8693));
#8685 = ORIENTED_EDGE('',*,*,#4805,.T.);
#8686 = ORIENTED_EDGE('',*,*,#8687,.T.);
#8687 = EDGE_CURVE('',#4806,#6619,#8688,.T.);
#8688 = LINE('',#8689,#8690);
#8689 = CARTESIAN_POINT('',(87.5,-82.5969,-4.6E-02));
#8690 = VECTOR('',#8691,1.);
#8691 = DIRECTION('',(0.,0.,1.));
#8692 = ORIENTED_EDGE('',*,*,#6618,.F.);
#8693 = ORIENTED_EDGE('',*,*,#8687,.F.);
#8694 = CYLINDRICAL_SURFACE('',#8695,0.5969);
#8695 = AXIS2_PLACEMENT_3D('',#8696,#8697,#8698);
#8696 = CARTESIAN_POINT('',(87.5,-82.,-4.6E-02));
#8697 = DIRECTION('',(-0.,-0.,-1.));
#8698 = DIRECTION('',(-0.,-1.,0.));
#8699 = ADVANCED_FACE('',(#8700),#8711,.F.);
#8700 = FACE_BOUND('',#8701,.T.);
#8701 = EDGE_LOOP('',(#8702,#8703,#8709,#8710));
#8702 = ORIENTED_EDGE('',*,*,#4816,.T.);
#8703 = ORIENTED_EDGE('',*,*,#8704,.T.);
#8704 = EDGE_CURVE('',#4817,#6630,#8705,.T.);
#8705 = LINE('',#8706,#8707);
#8706 = CARTESIAN_POINT('',(100.5,-88.2569,-4.6E-02));
#8707 = VECTOR('',#8708,1.);
#8708 = DIRECTION('',(0.,0.,1.));
#8709 = ORIENTED_EDGE('',*,*,#6629,.F.);
#8710 = ORIENTED_EDGE('',*,*,#8704,.F.);
#8711 = CYLINDRICAL_SURFACE('',#8712,0.5969);
#8712 = AXIS2_PLACEMENT_3D('',#8713,#8714,#8715);
#8713 = CARTESIAN_POINT('',(100.5,-87.66,-4.6E-02));
#8714 = DIRECTION('',(-0.,-0.,-1.));
#8715 = DIRECTION('',(-0.,-1.,0.));
#8716 = ADVANCED_FACE('',(#8717),#8728,.F.);
#8717 = FACE_BOUND('',#8718,.T.);
#8718 = EDGE_LOOP('',(#8719,#8720,#8726,#8727));
#8719 = ORIENTED_EDGE('',*,*,#4827,.T.);
#8720 = ORIENTED_EDGE('',*,*,#8721,.T.);
#8721 = EDGE_CURVE('',#4828,#6641,#8722,.T.);
#8722 = LINE('',#8723,#8724);
#8723 = CARTESIAN_POINT('',(103.,-89.7569,-4.6E-02));
#8724 = VECTOR('',#8725,1.);
#8725 = DIRECTION('',(0.,0.,1.));
#8726 = ORIENTED_EDGE('',*,*,#6640,.F.);
#8727 = ORIENTED_EDGE('',*,*,#8721,.F.);
#8728 = CYLINDRICAL_SURFACE('',#8729,0.5969);
#8729 = AXIS2_PLACEMENT_3D('',#8730,#8731,#8732);
#8730 = CARTESIAN_POINT('',(103.,-89.16,-4.6E-02));
#8731 = DIRECTION('',(-0.,-0.,-1.));
#8732 = DIRECTION('',(-0.,-1.,0.));
#8733 = ADVANCED_FACE('',(#8734),#8745,.F.);
#8734 = FACE_BOUND('',#8735,.T.);
#8735 = EDGE_LOOP('',(#8736,#8737,#8743,#8744));
#8736 = ORIENTED_EDGE('',*,*,#4838,.T.);
#8737 = ORIENTED_EDGE('',*,*,#8738,.T.);
#8738 = EDGE_CURVE('',#4839,#6652,#8739,.T.);
#8739 = LINE('',#8740,#8741);
#8740 = CARTESIAN_POINT('',(103.,-84.6769,-4.6E-02));
#8741 = VECTOR('',#8742,1.);
#8742 = DIRECTION('',(0.,0.,1.));
#8743 = ORIENTED_EDGE('',*,*,#6651,.F.);
#8744 = ORIENTED_EDGE('',*,*,#8738,.F.);
#8745 = CYLINDRICAL_SURFACE('',#8746,0.5969);
#8746 = AXIS2_PLACEMENT_3D('',#8747,#8748,#8749);
#8747 = CARTESIAN_POINT('',(103.,-84.08,-4.6E-02));
#8748 = DIRECTION('',(-0.,-0.,-1.));
#8749 = DIRECTION('',(-0.,-1.,0.));
#8750 = ADVANCED_FACE('',(#8751),#8762,.F.);
#8751 = FACE_BOUND('',#8752,.T.);
#8752 = EDGE_LOOP('',(#8753,#8754,#8760,#8761));
#8753 = ORIENTED_EDGE('',*,*,#4849,.T.);
#8754 = ORIENTED_EDGE('',*,*,#8755,.T.);
#8755 = EDGE_CURVE('',#4850,#6663,#8756,.T.);
#8756 = LINE('',#8757,#8758);
#8757 = CARTESIAN_POINT('',(103.,-79.5969,-4.6E-02));
#8758 = VECTOR('',#8759,1.);
#8759 = DIRECTION('',(0.,0.,1.));
#8760 = ORIENTED_EDGE('',*,*,#6662,.F.);
#8761 = ORIENTED_EDGE('',*,*,#8755,.F.);
#8762 = CYLINDRICAL_SURFACE('',#8763,0.5969);
#8763 = AXIS2_PLACEMENT_3D('',#8764,#8765,#8766);
#8764 = CARTESIAN_POINT('',(103.,-79.,-4.6E-02));
#8765 = DIRECTION('',(-0.,-0.,-1.));
#8766 = DIRECTION('',(-0.,-1.,0.));
#8767 = ADVANCED_FACE('',(#8768),#8779,.F.);
#8768 = FACE_BOUND('',#8769,.T.);
#8769 = EDGE_LOOP('',(#8770,#8771,#8777,#8778));
#8770 = ORIENTED_EDGE('',*,*,#4860,.T.);
#8771 = ORIENTED_EDGE('',*,*,#8772,.T.);
#8772 = EDGE_CURVE('',#4861,#6674,#8773,.T.);
#8773 = LINE('',#8774,#8775);
#8774 = CARTESIAN_POINT('',(93.6,-73.35,-4.6E-02));
#8775 = VECTOR('',#8776,1.);
#8776 = DIRECTION('',(0.,0.,1.));
#8777 = ORIENTED_EDGE('',*,*,#6673,.F.);
#8778 = ORIENTED_EDGE('',*,*,#8772,.F.);
#8779 = CYLINDRICAL_SURFACE('',#8780,2.25);
#8780 = AXIS2_PLACEMENT_3D('',#8781,#8782,#8783);
#8781 = CARTESIAN_POINT('',(93.6,-71.1,-4.6E-02));
#8782 = DIRECTION('',(-0.,-0.,-1.));
#8783 = DIRECTION('',(-0.,-1.,0.));
#8784 = ADVANCED_FACE('',(#8785),#8796,.F.);
#8785 = FACE_BOUND('',#8786,.T.);
#8786 = EDGE_LOOP('',(#8787,#8788,#8794,#8795));
#8787 = ORIENTED_EDGE('',*,*,#4871,.T.);
#8788 = ORIENTED_EDGE('',*,*,#8789,.T.);
#8789 = EDGE_CURVE('',#4872,#6685,#8790,.T.);
#8790 = LINE('',#8791,#8792);
#8791 = CARTESIAN_POINT('',(125.22,-110.5,-4.6E-02));
#8792 = VECTOR('',#8793,1.);
#8793 = DIRECTION('',(0.,0.,1.));
#8794 = ORIENTED_EDGE('',*,*,#6684,.F.);
#8795 = ORIENTED_EDGE('',*,*,#8789,.F.);
#8796 = CYLINDRICAL_SURFACE('',#8797,0.5);
#8797 = AXIS2_PLACEMENT_3D('',#8798,#8799,#8800);
#8798 = CARTESIAN_POINT('',(125.22,-110.,-4.6E-02));
#8799 = DIRECTION('',(-0.,-0.,-1.));
#8800 = DIRECTION('',(-0.,-1.,0.));
#8801 = ADVANCED_FACE('',(#8802),#8813,.F.);
#8802 = FACE_BOUND('',#8803,.T.);
#8803 = EDGE_LOOP('',(#8804,#8805,#8811,#8812));
#8804 = ORIENTED_EDGE('',*,*,#4882,.T.);
#8805 = ORIENTED_EDGE('',*,*,#8806,.T.);
#8806 = EDGE_CURVE('',#4883,#6696,#8807,.T.);
#8807 = LINE('',#8808,#8809);
#8808 = CARTESIAN_POINT('',(127.76,-110.5,-4.6E-02));
#8809 = VECTOR('',#8810,1.);
#8810 = DIRECTION('',(0.,0.,1.));
#8811 = ORIENTED_EDGE('',*,*,#6695,.F.);
#8812 = ORIENTED_EDGE('',*,*,#8806,.F.);
#8813 = CYLINDRICAL_SURFACE('',#8814,0.5);
#8814 = AXIS2_PLACEMENT_3D('',#8815,#8816,#8817);
#8815 = CARTESIAN_POINT('',(127.76,-110.,-4.6E-02));
#8816 = DIRECTION('',(-0.,0.,-1.));
#8817 = DIRECTION('',(2.84217094304E-14,-1.,-0.));
#8818 = ADVANCED_FACE('',(#8819),#8830,.F.);
#8819 = FACE_BOUND('',#8820,.T.);
#8820 = EDGE_LOOP('',(#8821,#8822,#8828,#8829));
#8821 = ORIENTED_EDGE('',*,*,#4893,.T.);
#8822 = ORIENTED_EDGE('',*,*,#8823,.T.);
#8823 = EDGE_CURVE('',#4894,#6707,#8824,.T.);
#8824 = LINE('',#8825,#8826);
#8825 = CARTESIAN_POINT('',(130.3,-110.5,-4.6E-02));
#8826 = VECTOR('',#8827,1.);
#8827 = DIRECTION('',(0.,0.,1.));
#8828 = ORIENTED_EDGE('',*,*,#6706,.F.);
#8829 = ORIENTED_EDGE('',*,*,#8823,.F.);
#8830 = CYLINDRICAL_SURFACE('',#8831,0.5);
#8831 = AXIS2_PLACEMENT_3D('',#8832,#8833,#8834);
#8832 = CARTESIAN_POINT('',(130.3,-110.,-4.6E-02));
#8833 = DIRECTION('',(-0.,-0.,-1.));
#8834 = DIRECTION('',(-0.,-1.,0.));
#8835 = ADVANCED_FACE('',(#8836),#8847,.F.);
#8836 = FACE_BOUND('',#8837,.T.);
#8837 = EDGE_LOOP('',(#8838,#8839,#8845,#8846));
#8838 = ORIENTED_EDGE('',*,*,#4904,.T.);
#8839 = ORIENTED_EDGE('',*,*,#8840,.T.);
#8840 = EDGE_CURVE('',#4905,#6718,#8841,.T.);
#8841 = LINE('',#8842,#8843);
#8842 = CARTESIAN_POINT('',(132.84,-110.5,-4.6E-02));
#8843 = VECTOR('',#8844,1.);
#8844 = DIRECTION('',(0.,0.,1.));
#8845 = ORIENTED_EDGE('',*,*,#6717,.F.);
#8846 = ORIENTED_EDGE('',*,*,#8840,.F.);
#8847 = CYLINDRICAL_SURFACE('',#8848,0.5);
#8848 = AXIS2_PLACEMENT_3D('',#8849,#8850,#8851);
#8849 = CARTESIAN_POINT('',(132.84,-110.,-4.6E-02));
#8850 = DIRECTION('',(-0.,-0.,-1.));
#8851 = DIRECTION('',(-0.,-1.,0.));
#8852 = ADVANCED_FACE('',(#8853),#8864,.F.);
#8853 = FACE_BOUND('',#8854,.T.);
#8854 = EDGE_LOOP('',(#8855,#8856,#8862,#8863));
#8855 = ORIENTED_EDGE('',*,*,#4915,.T.);
#8856 = ORIENTED_EDGE('',*,*,#8857,.T.);
#8857 = EDGE_CURVE('',#4916,#6729,#8858,.T.);
#8858 = LINE('',#8859,#8860);
#8859 = CARTESIAN_POINT('',(118.5,-93.2569,-4.6E-02));
#8860 = VECTOR('',#8861,1.);
#8861 = DIRECTION('',(0.,0.,1.));
#8862 = ORIENTED_EDGE('',*,*,#6728,.F.);
#8863 = ORIENTED_EDGE('',*,*,#8857,.F.);
#8864 = CYLINDRICAL_SURFACE('',#8865,0.5969);
#8865 = AXIS2_PLACEMENT_3D('',#8866,#8867,#8868);
#8866 = CARTESIAN_POINT('',(118.5,-92.66,-4.6E-02));
#8867 = DIRECTION('',(-0.,-0.,-1.));
#8868 = DIRECTION('',(-0.,-1.,0.));
#8869 = ADVANCED_FACE('',(#8870),#8881,.F.);
#8870 = FACE_BOUND('',#8871,.T.);
#8871 = EDGE_LOOP('',(#8872,#8873,#8879,#8880));
#8872 = ORIENTED_EDGE('',*,*,#4926,.T.);
#8873 = ORIENTED_EDGE('',*,*,#8874,.T.);
#8874 = EDGE_CURVE('',#4927,#6740,#8875,.T.);
#8875 = LINE('',#8876,#8877);
#8876 = CARTESIAN_POINT('',(121.,-94.7569,-4.6E-02));
#8877 = VECTOR('',#8878,1.);
#8878 = DIRECTION('',(0.,0.,1.));
#8879 = ORIENTED_EDGE('',*,*,#6739,.F.);
#8880 = ORIENTED_EDGE('',*,*,#8874,.F.);
#8881 = CYLINDRICAL_SURFACE('',#8882,0.5969);
#8882 = AXIS2_PLACEMENT_3D('',#8883,#8884,#8885);
#8883 = CARTESIAN_POINT('',(121.,-94.16,-4.6E-02));
#8884 = DIRECTION('',(-0.,-0.,-1.));
#8885 = DIRECTION('',(-0.,-1.,0.));
#8886 = ADVANCED_FACE('',(#8887),#8898,.F.);
#8887 = FACE_BOUND('',#8888,.T.);
#8888 = EDGE_LOOP('',(#8889,#8890,#8896,#8897));
#8889 = ORIENTED_EDGE('',*,*,#4937,.T.);
#8890 = ORIENTED_EDGE('',*,*,#8891,.T.);
#8891 = EDGE_CURVE('',#4938,#6751,#8892,.T.);
#8892 = LINE('',#8893,#8894);
#8893 = CARTESIAN_POINT('',(123.5,-93.2569,-4.6E-02));
#8894 = VECTOR('',#8895,1.);
#8895 = DIRECTION('',(0.,0.,1.));
#8896 = ORIENTED_EDGE('',*,*,#6750,.F.);
#8897 = ORIENTED_EDGE('',*,*,#8891,.F.);
#8898 = CYLINDRICAL_SURFACE('',#8899,0.5969);
#8899 = AXIS2_PLACEMENT_3D('',#8900,#8901,#8902);
#8900 = CARTESIAN_POINT('',(123.5,-92.66,-4.6E-02));
#8901 = DIRECTION('',(-0.,-0.,-1.));
#8902 = DIRECTION('',(-0.,-1.,0.));
#8903 = ADVANCED_FACE('',(#8904),#8915,.F.);
#8904 = FACE_BOUND('',#8905,.T.);
#8905 = EDGE_LOOP('',(#8906,#8907,#8913,#8914));
#8906 = ORIENTED_EDGE('',*,*,#4948,.T.);
#8907 = ORIENTED_EDGE('',*,*,#8908,.T.);
#8908 = EDGE_CURVE('',#4949,#6762,#8909,.T.);
#8909 = LINE('',#8910,#8911);
#8910 = CARTESIAN_POINT('',(164.,-109.35,-4.6E-02));
#8911 = VECTOR('',#8912,1.);
#8912 = DIRECTION('',(0.,0.,1.));
#8913 = ORIENTED_EDGE('',*,*,#6761,.F.);
#8914 = ORIENTED_EDGE('',*,*,#8908,.F.);
#8915 = CYLINDRICAL_SURFACE('',#8916,1.75);
#8916 = AXIS2_PLACEMENT_3D('',#8917,#8918,#8919);
#8917 = CARTESIAN_POINT('',(164.,-107.6,-4.6E-02));
#8918 = DIRECTION('',(-0.,-0.,-1.));
#8919 = DIRECTION('',(-0.,-1.,0.));
#8920 = ADVANCED_FACE('',(#8921),#8932,.F.);
#8921 = FACE_BOUND('',#8922,.T.);
#8922 = EDGE_LOOP('',(#8923,#8924,#8930,#8931));
#8923 = ORIENTED_EDGE('',*,*,#4959,.T.);
#8924 = ORIENTED_EDGE('',*,*,#8925,.T.);
#8925 = EDGE_CURVE('',#4960,#6773,#8926,.T.);
#8926 = LINE('',#8927,#8928);
#8927 = CARTESIAN_POINT('',(139.,-99.7569,-4.6E-02));
#8928 = VECTOR('',#8929,1.);
#8929 = DIRECTION('',(0.,0.,1.));
#8930 = ORIENTED_EDGE('',*,*,#6772,.F.);
#8931 = ORIENTED_EDGE('',*,*,#8925,.F.);
#8932 = CYLINDRICAL_SURFACE('',#8933,0.5969);
#8933 = AXIS2_PLACEMENT_3D('',#8934,#8935,#8936);
#8934 = CARTESIAN_POINT('',(139.,-99.16,-4.6E-02));
#8935 = DIRECTION('',(-0.,-0.,-1.));
#8936 = DIRECTION('',(-0.,-1.,0.));
#8937 = ADVANCED_FACE('',(#8938),#8949,.F.);
#8938 = FACE_BOUND('',#8939,.T.);
#8939 = EDGE_LOOP('',(#8940,#8941,#8947,#8948));
#8940 = ORIENTED_EDGE('',*,*,#4970,.T.);
#8941 = ORIENTED_EDGE('',*,*,#8942,.T.);
#8942 = EDGE_CURVE('',#4971,#6784,#8943,.T.);
#8943 = LINE('',#8944,#8945);
#8944 = CARTESIAN_POINT('',(136.5,-98.2569,-4.6E-02));
#8945 = VECTOR('',#8946,1.);
#8946 = DIRECTION('',(0.,0.,1.));
#8947 = ORIENTED_EDGE('',*,*,#6783,.F.);
#8948 = ORIENTED_EDGE('',*,*,#8942,.F.);
#8949 = CYLINDRICAL_SURFACE('',#8950,0.5969);
#8950 = AXIS2_PLACEMENT_3D('',#8951,#8952,#8953);
#8951 = CARTESIAN_POINT('',(136.5,-97.66,-4.6E-02));
#8952 = DIRECTION('',(-0.,-0.,-1.));
#8953 = DIRECTION('',(-0.,-1.,0.));
#8954 = ADVANCED_FACE('',(#8955),#8966,.F.);
#8955 = FACE_BOUND('',#8956,.T.);
#8956 = EDGE_LOOP('',(#8957,#8958,#8964,#8965));
#8957 = ORIENTED_EDGE('',*,*,#4981,.T.);
#8958 = ORIENTED_EDGE('',*,*,#8959,.T.);
#8959 = EDGE_CURVE('',#4982,#6795,#8960,.T.);
#8960 = LINE('',#8961,#8962);
#8961 = CARTESIAN_POINT('',(141.5,-98.2569,-4.6E-02));
#8962 = VECTOR('',#8963,1.);
#8963 = DIRECTION('',(0.,0.,1.));
#8964 = ORIENTED_EDGE('',*,*,#6794,.F.);
#8965 = ORIENTED_EDGE('',*,*,#8959,.F.);
#8966 = CYLINDRICAL_SURFACE('',#8967,0.5969);
#8967 = AXIS2_PLACEMENT_3D('',#8968,#8969,#8970);
#8968 = CARTESIAN_POINT('',(141.5,-97.66,-4.6E-02));
#8969 = DIRECTION('',(-0.,-0.,-1.));
#8970 = DIRECTION('',(-0.,-1.,0.));
#8971 = ADVANCED_FACE('',(#8972),#8983,.F.);
#8972 = FACE_BOUND('',#8973,.T.);
#8973 = EDGE_LOOP('',(#8974,#8975,#8981,#8982));
#8974 = ORIENTED_EDGE('',*,*,#4992,.T.);
#8975 = ORIENTED_EDGE('',*,*,#8976,.T.);
#8976 = EDGE_CURVE('',#4993,#6806,#8977,.T.);
#8977 = LINE('',#8978,#8979);
#8978 = CARTESIAN_POINT('',(139.,-94.6769,-4.6E-02));
#8979 = VECTOR('',#8980,1.);
#8980 = DIRECTION('',(0.,0.,1.));
#8981 = ORIENTED_EDGE('',*,*,#6805,.F.);
#8982 = ORIENTED_EDGE('',*,*,#8976,.F.);
#8983 = CYLINDRICAL_SURFACE('',#8984,0.5969);
#8984 = AXIS2_PLACEMENT_3D('',#8985,#8986,#8987);
#8985 = CARTESIAN_POINT('',(139.,-94.08,-4.6E-02));
#8986 = DIRECTION('',(-0.,-0.,-1.));
#8987 = DIRECTION('',(-0.,-1.,0.));
#8988 = ADVANCED_FACE('',(#8989),#9000,.F.);
#8989 = FACE_BOUND('',#8990,.T.);
#8990 = EDGE_LOOP('',(#8991,#8992,#8998,#8999));
#8991 = ORIENTED_EDGE('',*,*,#5003,.T.);
#8992 = ORIENTED_EDGE('',*,*,#8993,.T.);
#8993 = EDGE_CURVE('',#5004,#6817,#8994,.T.);
#8994 = LINE('',#8995,#8996);
#8995 = CARTESIAN_POINT('',(154.5,-98.7569,-4.6E-02));
#8996 = VECTOR('',#8997,1.);
#8997 = DIRECTION('',(0.,0.,1.));
#8998 = ORIENTED_EDGE('',*,*,#6816,.F.);
#8999 = ORIENTED_EDGE('',*,*,#8993,.F.);
#9000 = CYLINDRICAL_SURFACE('',#9001,0.5969);
#9001 = AXIS2_PLACEMENT_3D('',#9002,#9003,#9004);
#9002 = CARTESIAN_POINT('',(154.5,-98.16,-4.6E-02));
#9003 = DIRECTION('',(-0.,-0.,-1.));
#9004 = DIRECTION('',(-0.,-1.,0.));
#9005 = ADVANCED_FACE('',(#9006),#9017,.F.);
#9006 = FACE_BOUND('',#9007,.T.);
#9007 = EDGE_LOOP('',(#9008,#9009,#9015,#9016));
#9008 = ORIENTED_EDGE('',*,*,#5014,.T.);
#9009 = ORIENTED_EDGE('',*,*,#9010,.T.);
#9010 = EDGE_CURVE('',#5015,#6828,#9011,.T.);
#9011 = LINE('',#9012,#9013);
#9012 = CARTESIAN_POINT('',(152.,-97.2569,-4.6E-02));
#9013 = VECTOR('',#9014,1.);
#9014 = DIRECTION('',(0.,0.,1.));
#9015 = ORIENTED_EDGE('',*,*,#6827,.F.);
#9016 = ORIENTED_EDGE('',*,*,#9010,.F.);
#9017 = CYLINDRICAL_SURFACE('',#9018,0.5969);
#9018 = AXIS2_PLACEMENT_3D('',#9019,#9020,#9021);
#9019 = CARTESIAN_POINT('',(152.,-96.66,-4.6E-02));
#9020 = DIRECTION('',(-0.,-0.,-1.));
#9021 = DIRECTION('',(-0.,-1.,0.));
#9022 = ADVANCED_FACE('',(#9023),#9034,.F.);
#9023 = FACE_BOUND('',#9024,.T.);
#9024 = EDGE_LOOP('',(#9025,#9026,#9032,#9033));
#9025 = ORIENTED_EDGE('',*,*,#5025,.T.);
#9026 = ORIENTED_EDGE('',*,*,#9027,.T.);
#9027 = EDGE_CURVE('',#5026,#6839,#9028,.T.);
#9028 = LINE('',#9029,#9030);
#9029 = CARTESIAN_POINT('',(157.,-97.2569,-4.6E-02));
#9030 = VECTOR('',#9031,1.);
#9031 = DIRECTION('',(0.,0.,1.));
#9032 = ORIENTED_EDGE('',*,*,#6838,.F.);
#9033 = ORIENTED_EDGE('',*,*,#9027,.F.);
#9034 = CYLINDRICAL_SURFACE('',#9035,0.5969);
#9035 = AXIS2_PLACEMENT_3D('',#9036,#9037,#9038);
#9036 = CARTESIAN_POINT('',(157.,-96.66,-4.6E-02));
#9037 = DIRECTION('',(-0.,-0.,-1.));
#9038 = DIRECTION('',(-0.,-1.,0.));
#9039 = ADVANCED_FACE('',(#9040),#9051,.F.);
#9040 = FACE_BOUND('',#9041,.T.);
#9041 = EDGE_LOOP('',(#9042,#9043,#9049,#9050));
#9042 = ORIENTED_EDGE('',*,*,#5036,.T.);
#9043 = ORIENTED_EDGE('',*,*,#9044,.T.);
#9044 = EDGE_CURVE('',#5037,#6850,#9045,.T.);
#9045 = LINE('',#9046,#9047);
#9046 = CARTESIAN_POINT('',(154.5,-93.6769,-4.6E-02));
#9047 = VECTOR('',#9048,1.);
#9048 = DIRECTION('',(0.,0.,1.));
#9049 = ORIENTED_EDGE('',*,*,#6849,.F.);
#9050 = ORIENTED_EDGE('',*,*,#9044,.F.);
#9051 = CYLINDRICAL_SURFACE('',#9052,0.5969);
#9052 = AXIS2_PLACEMENT_3D('',#9053,#9054,#9055);
#9053 = CARTESIAN_POINT('',(154.5,-93.08,-4.6E-02));
#9054 = DIRECTION('',(-0.,-0.,-1.));
#9055 = DIRECTION('',(-0.,-1.,0.));
#9056 = ADVANCED_FACE('',(#9057),#9068,.F.);
#9057 = FACE_BOUND('',#9058,.T.);
#9058 = EDGE_LOOP('',(#9059,#9060,#9066,#9067));
#9059 = ORIENTED_EDGE('',*,*,#5047,.T.);
#9060 = ORIENTED_EDGE('',*,*,#9061,.T.);
#9061 = EDGE_CURVE('',#5048,#6861,#9062,.T.);
#9062 = LINE('',#9063,#9064);
#9063 = CARTESIAN_POINT('',(105.5,-88.2569,-4.6E-02));
#9064 = VECTOR('',#9065,1.);
#9065 = DIRECTION('',(0.,0.,1.));
#9066 = ORIENTED_EDGE('',*,*,#6860,.F.);
#9067 = ORIENTED_EDGE('',*,*,#9061,.F.);
#9068 = CYLINDRICAL_SURFACE('',#9069,0.5969);
#9069 = AXIS2_PLACEMENT_3D('',#9070,#9071,#9072);
#9070 = CARTESIAN_POINT('',(105.5,-87.66,-4.6E-02));
#9071 = DIRECTION('',(-0.,-0.,-1.));
#9072 = DIRECTION('',(-0.,-1.,0.));
#9073 = ADVANCED_FACE('',(#9074),#9085,.F.);
#9074 = FACE_BOUND('',#9075,.T.);
#9075 = EDGE_LOOP('',(#9076,#9077,#9083,#9084));
#9076 = ORIENTED_EDGE('',*,*,#5058,.T.);
#9077 = ORIENTED_EDGE('',*,*,#9078,.T.);
#9078 = EDGE_CURVE('',#5059,#6872,#9079,.T.);
#9079 = LINE('',#9080,#9081);
#9080 = CARTESIAN_POINT('',(121.,-89.6769,-4.6E-02));
#9081 = VECTOR('',#9082,1.);
#9082 = DIRECTION('',(0.,0.,1.));
#9083 = ORIENTED_EDGE('',*,*,#6871,.F.);
#9084 = ORIENTED_EDGE('',*,*,#9078,.F.);
#9085 = CYLINDRICAL_SURFACE('',#9086,0.5969);
#9086 = AXIS2_PLACEMENT_3D('',#9087,#9088,#9089);
#9087 = CARTESIAN_POINT('',(121.,-89.08,-4.6E-02));
#9088 = DIRECTION('',(-0.,-0.,-1.));
#9089 = DIRECTION('',(-0.,-1.,0.));
#9090 = ADVANCED_FACE('',(#9091),#9102,.F.);
#9091 = FACE_BOUND('',#9092,.T.);
#9092 = EDGE_LOOP('',(#9093,#9094,#9100,#9101));
#9093 = ORIENTED_EDGE('',*,*,#5069,.T.);
#9094 = ORIENTED_EDGE('',*,*,#9095,.T.);
#9095 = EDGE_CURVE('',#5070,#6883,#9096,.T.);
#9096 = LINE('',#9097,#9098);
#9097 = CARTESIAN_POINT('',(121.,-84.5969,-4.6E-02));
#9098 = VECTOR('',#9099,1.);
#9099 = DIRECTION('',(0.,0.,1.));
#9100 = ORIENTED_EDGE('',*,*,#6882,.F.);
#9101 = ORIENTED_EDGE('',*,*,#9095,.F.);
#9102 = CYLINDRICAL_SURFACE('',#9103,0.5969);
#9103 = AXIS2_PLACEMENT_3D('',#9104,#9105,#9106);
#9104 = CARTESIAN_POINT('',(121.,-84.,-4.6E-02));
#9105 = DIRECTION('',(-0.,-0.,-1.));
#9106 = DIRECTION('',(-0.,-1.,0.));
#9107 = ADVANCED_FACE('',(#9108),#9119,.F.);
#9108 = FACE_BOUND('',#9109,.T.);
#9109 = EDGE_LOOP('',(#9110,#9111,#9117,#9118));
#9110 = ORIENTED_EDGE('',*,*,#5080,.T.);
#9111 = ORIENTED_EDGE('',*,*,#9112,.T.);
#9112 = EDGE_CURVE('',#5081,#6894,#9113,.T.);
#9113 = LINE('',#9114,#9115);
#9114 = CARTESIAN_POINT('',(139.,-89.5969,-4.6E-02));
#9115 = VECTOR('',#9116,1.);
#9116 = DIRECTION('',(0.,0.,1.));
#9117 = ORIENTED_EDGE('',*,*,#6893,.F.);
#9118 = ORIENTED_EDGE('',*,*,#9112,.F.);
#9119 = CYLINDRICAL_SURFACE('',#9120,0.5969);
#9120 = AXIS2_PLACEMENT_3D('',#9121,#9122,#9123);
#9121 = CARTESIAN_POINT('',(139.,-89.,-4.6E-02));
#9122 = DIRECTION('',(-0.,-0.,-1.));
#9123 = DIRECTION('',(-0.,-1.,0.));
#9124 = ADVANCED_FACE('',(#9125),#9136,.F.);
#9125 = FACE_BOUND('',#9126,.T.);
#9126 = EDGE_LOOP('',(#9127,#9128,#9134,#9135));
#9127 = ORIENTED_EDGE('',*,*,#5091,.T.);
#9128 = ORIENTED_EDGE('',*,*,#9129,.T.);
#9129 = EDGE_CURVE('',#5092,#6905,#9130,.T.);
#9130 = LINE('',#9131,#9132);
#9131 = CARTESIAN_POINT('',(154.5,-88.5969,-4.6E-02));
#9132 = VECTOR('',#9133,1.);
#9133 = DIRECTION('',(0.,0.,1.));
#9134 = ORIENTED_EDGE('',*,*,#6904,.F.);
#9135 = ORIENTED_EDGE('',*,*,#9129,.F.);
#9136 = CYLINDRICAL_SURFACE('',#9137,0.5969);
#9137 = AXIS2_PLACEMENT_3D('',#9138,#9139,#9140);
#9138 = CARTESIAN_POINT('',(154.5,-88.,-4.6E-02));
#9139 = DIRECTION('',(-0.,-0.,-1.));
#9140 = DIRECTION('',(-0.,-1.,0.));
#9141 = ADVANCED_FACE('',(#9142),#9153,.F.);
#9142 = FACE_BOUND('',#9143,.T.);
#9143 = EDGE_LOOP('',(#9144,#9145,#9151,#9152));
#9144 = ORIENTED_EDGE('',*,*,#5102,.T.);
#9145 = ORIENTED_EDGE('',*,*,#9146,.T.);
#9146 = EDGE_CURVE('',#5103,#6916,#9147,.T.);
#9147 = LINE('',#9148,#9149);
#9148 = CARTESIAN_POINT('',(167.,-76.52,-4.6E-02));
#9149 = VECTOR('',#9150,1.);
#9150 = DIRECTION('',(0.,0.,1.));
#9151 = ORIENTED_EDGE('',*,*,#6915,.F.);
#9152 = ORIENTED_EDGE('',*,*,#9146,.F.);
#9153 = CYLINDRICAL_SURFACE('',#9154,0.5);
#9154 = AXIS2_PLACEMENT_3D('',#9155,#9156,#9157);
#9155 = CARTESIAN_POINT('',(167.,-76.02,-4.6E-02));
#9156 = DIRECTION('',(-0.,-0.,-1.));
#9157 = DIRECTION('',(-0.,-1.,0.));
#9158 = ADVANCED_FACE('',(#9159),#9170,.F.);
#9159 = FACE_BOUND('',#9160,.T.);
#9160 = EDGE_LOOP('',(#9161,#9162,#9168,#9169));
#9161 = ORIENTED_EDGE('',*,*,#5113,.T.);
#9162 = ORIENTED_EDGE('',*,*,#9163,.T.);
#9163 = EDGE_CURVE('',#5114,#6927,#9164,.T.);
#9164 = LINE('',#9165,#9166);
#9165 = CARTESIAN_POINT('',(167.,-73.98,-4.6E-02));
#9166 = VECTOR('',#9167,1.);
#9167 = DIRECTION('',(0.,0.,1.));
#9168 = ORIENTED_EDGE('',*,*,#6926,.F.);
#9169 = ORIENTED_EDGE('',*,*,#9163,.F.);
#9170 = CYLINDRICAL_SURFACE('',#9171,0.5);
#9171 = AXIS2_PLACEMENT_3D('',#9172,#9173,#9174);
#9172 = CARTESIAN_POINT('',(167.,-73.48,-4.6E-02));
#9173 = DIRECTION('',(-0.,-0.,-1.));
#9174 = DIRECTION('',(-0.,-1.,0.));
#9175 = ADVANCED_FACE('',(#9176),#9187,.F.);
#9176 = FACE_BOUND('',#9177,.T.);
#9177 = EDGE_LOOP('',(#9178,#9179,#9185,#9186));
#9178 = ORIENTED_EDGE('',*,*,#5124,.T.);
#9179 = ORIENTED_EDGE('',*,*,#9180,.T.);
#9180 = EDGE_CURVE('',#5125,#6938,#9181,.T.);
#9181 = LINE('',#9182,#9183);
#9182 = CARTESIAN_POINT('',(167.,-71.44,-4.6E-02));
#9183 = VECTOR('',#9184,1.);
#9184 = DIRECTION('',(0.,0.,1.));
#9185 = ORIENTED_EDGE('',*,*,#6937,.F.);
#9186 = ORIENTED_EDGE('',*,*,#9180,.F.);
#9187 = CYLINDRICAL_SURFACE('',#9188,0.5);
#9188 = AXIS2_PLACEMENT_3D('',#9189,#9190,#9191);
#9189 = CARTESIAN_POINT('',(167.,-70.94,-4.6E-02));
#9190 = DIRECTION('',(-0.,-0.,-1.));
#9191 = DIRECTION('',(-0.,-1.,0.));
#9192 = ADVANCED_FACE('',(#9193),#9204,.F.);
#9193 = FACE_BOUND('',#9194,.T.);
#9194 = EDGE_LOOP('',(#9195,#9196,#9202,#9203));
#9195 = ORIENTED_EDGE('',*,*,#5135,.T.);
#9196 = ORIENTED_EDGE('',*,*,#9197,.T.);
#9197 = EDGE_CURVE('',#5136,#6949,#9198,.T.);
#9198 = LINE('',#9199,#9200);
#9199 = CARTESIAN_POINT('',(167.,-68.9,-4.6E-02));
#9200 = VECTOR('',#9201,1.);
#9201 = DIRECTION('',(0.,0.,1.));
#9202 = ORIENTED_EDGE('',*,*,#6948,.F.);
#9203 = ORIENTED_EDGE('',*,*,#9197,.F.);
#9204 = CYLINDRICAL_SURFACE('',#9205,0.5);
#9205 = AXIS2_PLACEMENT_3D('',#9206,#9207,#9208);
#9206 = CARTESIAN_POINT('',(167.,-68.4,-4.6E-02));
#9207 = DIRECTION('',(-0.,-0.,-1.));
#9208 = DIRECTION('',(-0.,-1.,0.));
#9209 = ADVANCED_FACE('',(#9210),#9221,.F.);
#9210 = FACE_BOUND('',#9211,.T.);
#9211 = EDGE_LOOP('',(#9212,#9213,#9219,#9220));
#9212 = ORIENTED_EDGE('',*,*,#5146,.T.);
#9213 = ORIENTED_EDGE('',*,*,#9214,.T.);
#9214 = EDGE_CURVE('',#5147,#6960,#9215,.T.);
#9215 = LINE('',#9216,#9217);
#9216 = CARTESIAN_POINT('',(44.4,-68.15,-4.6E-02));
#9217 = VECTOR('',#9218,1.);
#9218 = DIRECTION('',(0.,0.,1.));
#9219 = ORIENTED_EDGE('',*,*,#6959,.F.);
#9220 = ORIENTED_EDGE('',*,*,#9214,.F.);
#9221 = CYLINDRICAL_SURFACE('',#9222,1.75);
#9222 = AXIS2_PLACEMENT_3D('',#9223,#9224,#9225);
#9223 = CARTESIAN_POINT('',(44.4,-66.4,-4.6E-02));
#9224 = DIRECTION('',(-0.,-0.,-1.));
#9225 = DIRECTION('',(-0.,-1.,0.));
#9226 = ADVANCED_FACE('',(#9227),#9238,.F.);
#9227 = FACE_BOUND('',#9228,.T.);
#9228 = EDGE_LOOP('',(#9229,#9230,#9236,#9237));
#9229 = ORIENTED_EDGE('',*,*,#5157,.T.);
#9230 = ORIENTED_EDGE('',*,*,#9231,.T.);
#9231 = EDGE_CURVE('',#5158,#6971,#9232,.T.);
#9232 = LINE('',#9233,#9234);
#9233 = CARTESIAN_POINT('',(54.192893,-67.004007,-4.6E-02));
#9234 = VECTOR('',#9235,1.);
#9235 = DIRECTION('',(0.,0.,1.));
#9236 = ORIENTED_EDGE('',*,*,#6970,.F.);
#9237 = ORIENTED_EDGE('',*,*,#9231,.F.);
#9238 = CYLINDRICAL_SURFACE('',#9239,0.5969);
#9239 = AXIS2_PLACEMENT_3D('',#9240,#9241,#9242);
#9240 = CARTESIAN_POINT('',(54.192893,-66.407107,-4.6E-02));
#9241 = DIRECTION('',(-0.,-0.,-1.));
#9242 = DIRECTION('',(-0.,-1.,0.));
#9243 = ADVANCED_FACE('',(#9244),#9255,.F.);
#9244 = FACE_BOUND('',#9245,.T.);
#9245 = EDGE_LOOP('',(#9246,#9247,#9253,#9254));
#9246 = ORIENTED_EDGE('',*,*,#5168,.T.);
#9247 = ORIENTED_EDGE('',*,*,#9248,.T.);
#9248 = EDGE_CURVE('',#5169,#6982,#9249,.T.);
#9249 = LINE('',#9250,#9251);
#9250 = CARTESIAN_POINT('',(55.692893,-64.504007,-4.6E-02));
#9251 = VECTOR('',#9252,1.);
#9252 = DIRECTION('',(0.,0.,1.));
#9253 = ORIENTED_EDGE('',*,*,#6981,.F.);
#9254 = ORIENTED_EDGE('',*,*,#9248,.F.);
#9255 = CYLINDRICAL_SURFACE('',#9256,0.5969);
#9256 = AXIS2_PLACEMENT_3D('',#9257,#9258,#9259);
#9257 = CARTESIAN_POINT('',(55.692893,-63.907107,-4.6E-02));
#9258 = DIRECTION('',(-0.,-0.,-1.));
#9259 = DIRECTION('',(-0.,-1.,0.));
#9260 = ADVANCED_FACE('',(#9261),#9272,.F.);
#9261 = FACE_BOUND('',#9262,.T.);
#9262 = EDGE_LOOP('',(#9263,#9264,#9270,#9271));
#9263 = ORIENTED_EDGE('',*,*,#5179,.T.);
#9264 = ORIENTED_EDGE('',*,*,#9265,.T.);
#9265 = EDGE_CURVE('',#5180,#6993,#9266,.T.);
#9266 = LINE('',#9267,#9268);
#9267 = CARTESIAN_POINT('',(59.272893,-67.004007,-4.6E-02));
#9268 = VECTOR('',#9269,1.);
#9269 = DIRECTION('',(0.,0.,1.));
#9270 = ORIENTED_EDGE('',*,*,#6992,.F.);
#9271 = ORIENTED_EDGE('',*,*,#9265,.F.);
#9272 = CYLINDRICAL_SURFACE('',#9273,0.5969);
#9273 = AXIS2_PLACEMENT_3D('',#9274,#9275,#9276);
#9274 = CARTESIAN_POINT('',(59.272893,-66.407107,-4.6E-02));
#9275 = DIRECTION('',(-0.,0.,-1.));
#9276 = DIRECTION('',(1.190388232133E-14,-1.,-0.));
#9277 = ADVANCED_FACE('',(#9278),#9289,.F.);
#9278 = FACE_BOUND('',#9279,.T.);
#9279 = EDGE_LOOP('',(#9280,#9281,#9287,#9288));
#9280 = ORIENTED_EDGE('',*,*,#5190,.T.);
#9281 = ORIENTED_EDGE('',*,*,#9282,.T.);
#9282 = EDGE_CURVE('',#5191,#7004,#9283,.T.);
#9283 = LINE('',#9284,#9285);
#9284 = CARTESIAN_POINT('',(64.352893,-67.004007,-4.6E-02));
#9285 = VECTOR('',#9286,1.);
#9286 = DIRECTION('',(0.,0.,1.));
#9287 = ORIENTED_EDGE('',*,*,#7003,.F.);
#9288 = ORIENTED_EDGE('',*,*,#9282,.F.);
#9289 = CYLINDRICAL_SURFACE('',#9290,0.5969);
#9290 = AXIS2_PLACEMENT_3D('',#9291,#9292,#9293);
#9291 = CARTESIAN_POINT('',(64.352893,-66.407107,-4.6E-02));
#9292 = DIRECTION('',(-0.,-0.,-1.));
#9293 = DIRECTION('',(-0.,-1.,0.));
#9294 = ADVANCED_FACE('',(#9295),#9306,.F.);
#9295 = FACE_BOUND('',#9296,.T.);
#9296 = EDGE_LOOP('',(#9297,#9298,#9304,#9305));
#9297 = ORIENTED_EDGE('',*,*,#5201,.T.);
#9298 = ORIENTED_EDGE('',*,*,#9299,.T.);
#9299 = EDGE_CURVE('',#5202,#7015,#9300,.T.);
#9300 = LINE('',#9301,#9302);
#9301 = CARTESIAN_POINT('',(55.06,-56.45,-4.6E-02));
#9302 = VECTOR('',#9303,1.);
#9303 = DIRECTION('',(0.,0.,1.));
#9304 = ORIENTED_EDGE('',*,*,#7014,.F.);
#9305 = ORIENTED_EDGE('',*,*,#9299,.F.);
#9306 = CYLINDRICAL_SURFACE('',#9307,0.55);
#9307 = AXIS2_PLACEMENT_3D('',#9308,#9309,#9310);
#9308 = CARTESIAN_POINT('',(55.06,-55.9,-4.6E-02));
#9309 = DIRECTION('',(-0.,-0.,-1.));
#9310 = DIRECTION('',(-0.,-1.,0.));
#9311 = ADVANCED_FACE('',(#9312),#9323,.F.);
#9312 = FACE_BOUND('',#9313,.T.);
#9313 = EDGE_LOOP('',(#9314,#9315,#9321,#9322));
#9314 = ORIENTED_EDGE('',*,*,#5212,.T.);
#9315 = ORIENTED_EDGE('',*,*,#9316,.T.);
#9316 = EDGE_CURVE('',#5213,#7026,#9317,.T.);
#9317 = LINE('',#9318,#9319);
#9318 = CARTESIAN_POINT('',(55.06,-53.91,-4.6E-02));
#9319 = VECTOR('',#9320,1.);
#9320 = DIRECTION('',(0.,0.,1.));
#9321 = ORIENTED_EDGE('',*,*,#7025,.F.);
#9322 = ORIENTED_EDGE('',*,*,#9316,.F.);
#9323 = CYLINDRICAL_SURFACE('',#9324,0.55);
#9324 = AXIS2_PLACEMENT_3D('',#9325,#9326,#9327);
#9325 = CARTESIAN_POINT('',(55.06,-53.36,-4.6E-02));
#9326 = DIRECTION('',(-0.,-0.,-1.));
#9327 = DIRECTION('',(-0.,-1.,0.));
#9328 = ADVANCED_FACE('',(#9329),#9340,.F.);
#9329 = FACE_BOUND('',#9330,.T.);
#9330 = EDGE_LOOP('',(#9331,#9332,#9338,#9339));
#9331 = ORIENTED_EDGE('',*,*,#5223,.T.);
#9332 = ORIENTED_EDGE('',*,*,#9333,.T.);
#9333 = EDGE_CURVE('',#5224,#7037,#9334,.T.);
#9334 = LINE('',#9335,#9336);
#9335 = CARTESIAN_POINT('',(55.06,-51.37,-4.6E-02));
#9336 = VECTOR('',#9337,1.);
#9337 = DIRECTION('',(0.,0.,1.));
#9338 = ORIENTED_EDGE('',*,*,#7036,.F.);
#9339 = ORIENTED_EDGE('',*,*,#9333,.F.);
#9340 = CYLINDRICAL_SURFACE('',#9341,0.55);
#9341 = AXIS2_PLACEMENT_3D('',#9342,#9343,#9344);
#9342 = CARTESIAN_POINT('',(55.06,-50.82,-4.6E-02));
#9343 = DIRECTION('',(-0.,-0.,-1.));
#9344 = DIRECTION('',(-0.,-1.,0.));
#9345 = ADVANCED_FACE('',(#9346),#9357,.F.);
#9346 = FACE_BOUND('',#9347,.T.);
#9347 = EDGE_LOOP('',(#9348,#9349,#9355,#9356));
#9348 = ORIENTED_EDGE('',*,*,#5234,.T.);
#9349 = ORIENTED_EDGE('',*,*,#9350,.T.);
#9350 = EDGE_CURVE('',#5235,#7048,#9351,.T.);
#9351 = LINE('',#9352,#9353);
#9352 = CARTESIAN_POINT('',(55.06,-48.83,-4.6E-02));
#9353 = VECTOR('',#9354,1.);
#9354 = DIRECTION('',(0.,0.,1.));
#9355 = ORIENTED_EDGE('',*,*,#7047,.F.);
#9356 = ORIENTED_EDGE('',*,*,#9350,.F.);
#9357 = CYLINDRICAL_SURFACE('',#9358,0.55);
#9358 = AXIS2_PLACEMENT_3D('',#9359,#9360,#9361);
#9359 = CARTESIAN_POINT('',(55.06,-48.28,-4.6E-02));
#9360 = DIRECTION('',(-0.,-0.,-1.));
#9361 = DIRECTION('',(-0.,-1.,0.));
#9362 = ADVANCED_FACE('',(#9363),#9374,.F.);
#9363 = FACE_BOUND('',#9364,.T.);
#9364 = EDGE_LOOP('',(#9365,#9366,#9372,#9373));
#9365 = ORIENTED_EDGE('',*,*,#5245,.T.);
#9366 = ORIENTED_EDGE('',*,*,#9367,.T.);
#9367 = EDGE_CURVE('',#5246,#7059,#9368,.T.);
#9368 = LINE('',#9369,#9370);
#9369 = CARTESIAN_POINT('',(70.3,-56.45,-4.6E-02));
#9370 = VECTOR('',#9371,1.);
#9371 = DIRECTION('',(0.,0.,1.));
#9372 = ORIENTED_EDGE('',*,*,#7058,.F.);
#9373 = ORIENTED_EDGE('',*,*,#9367,.F.);
#9374 = CYLINDRICAL_SURFACE('',#9375,0.55);
#9375 = AXIS2_PLACEMENT_3D('',#9376,#9377,#9378);
#9376 = CARTESIAN_POINT('',(70.3,-55.9,-4.6E-02));
#9377 = DIRECTION('',(-0.,-0.,-1.));
#9378 = DIRECTION('',(-0.,-1.,0.));
#9379 = ADVANCED_FACE('',(#9380),#9391,.F.);
#9380 = FACE_BOUND('',#9381,.T.);
#9381 = EDGE_LOOP('',(#9382,#9383,#9389,#9390));
#9382 = ORIENTED_EDGE('',*,*,#5256,.T.);
#9383 = ORIENTED_EDGE('',*,*,#9384,.T.);
#9384 = EDGE_CURVE('',#5257,#7070,#9385,.T.);
#9385 = LINE('',#9386,#9387);
#9386 = CARTESIAN_POINT('',(70.3,-53.91,-4.6E-02));
#9387 = VECTOR('',#9388,1.);
#9388 = DIRECTION('',(0.,0.,1.));
#9389 = ORIENTED_EDGE('',*,*,#7069,.F.);
#9390 = ORIENTED_EDGE('',*,*,#9384,.F.);
#9391 = CYLINDRICAL_SURFACE('',#9392,0.55);
#9392 = AXIS2_PLACEMENT_3D('',#9393,#9394,#9395);
#9393 = CARTESIAN_POINT('',(70.3,-53.36,-4.6E-02));
#9394 = DIRECTION('',(-0.,-0.,-1.));
#9395 = DIRECTION('',(-0.,-1.,0.));
#9396 = ADVANCED_FACE('',(#9397),#9408,.F.);
#9397 = FACE_BOUND('',#9398,.T.);
#9398 = EDGE_LOOP('',(#9399,#9400,#9406,#9407));
#9399 = ORIENTED_EDGE('',*,*,#5267,.T.);
#9400 = ORIENTED_EDGE('',*,*,#9401,.T.);
#9401 = EDGE_CURVE('',#5268,#7081,#9402,.T.);
#9402 = LINE('',#9403,#9404);
#9403 = CARTESIAN_POINT('',(70.3,-51.37,-4.6E-02));
#9404 = VECTOR('',#9405,1.);
#9405 = DIRECTION('',(0.,0.,1.));
#9406 = ORIENTED_EDGE('',*,*,#7080,.F.);
#9407 = ORIENTED_EDGE('',*,*,#9401,.F.);
#9408 = CYLINDRICAL_SURFACE('',#9409,0.55);
#9409 = AXIS2_PLACEMENT_3D('',#9410,#9411,#9412);
#9410 = CARTESIAN_POINT('',(70.3,-50.82,-4.6E-02));
#9411 = DIRECTION('',(-0.,-0.,-1.));
#9412 = DIRECTION('',(-0.,-1.,0.));
#9413 = ADVANCED_FACE('',(#9414),#9425,.F.);
#9414 = FACE_BOUND('',#9415,.T.);
#9415 = EDGE_LOOP('',(#9416,#9417,#9423,#9424));
#9416 = ORIENTED_EDGE('',*,*,#5278,.T.);
#9417 = ORIENTED_EDGE('',*,*,#9418,.T.);
#9418 = EDGE_CURVE('',#5279,#7092,#9419,.T.);
#9419 = LINE('',#9420,#9421);
#9420 = CARTESIAN_POINT('',(70.3,-48.83,-4.6E-02));
#9421 = VECTOR('',#9422,1.);
#9422 = DIRECTION('',(0.,0.,1.));
#9423 = ORIENTED_EDGE('',*,*,#7091,.F.);
#9424 = ORIENTED_EDGE('',*,*,#9418,.F.);
#9425 = CYLINDRICAL_SURFACE('',#9426,0.55);
#9426 = AXIS2_PLACEMENT_3D('',#9427,#9428,#9429);
#9427 = CARTESIAN_POINT('',(70.3,-48.28,-4.6E-02));
#9428 = DIRECTION('',(-0.,-0.,-1.));
#9429 = DIRECTION('',(-0.,-1.,0.));
#9430 = ADVANCED_FACE('',(#9431),#9442,.F.);
#9431 = FACE_BOUND('',#9432,.T.);
#9432 = EDGE_LOOP('',(#9433,#9434,#9440,#9441));
#9433 = ORIENTED_EDGE('',*,*,#5289,.T.);
#9434 = ORIENTED_EDGE('',*,*,#9435,.T.);
#9435 = EDGE_CURVE('',#5290,#7103,#9436,.T.);
#9436 = LINE('',#9437,#9438);
#9437 = CARTESIAN_POINT('',(87.5,-51.2569,-4.6E-02));
#9438 = VECTOR('',#9439,1.);
#9439 = DIRECTION('',(0.,0.,1.));
#9440 = ORIENTED_EDGE('',*,*,#7102,.F.);
#9441 = ORIENTED_EDGE('',*,*,#9435,.F.);
#9442 = CYLINDRICAL_SURFACE('',#9443,0.5969);
#9443 = AXIS2_PLACEMENT_3D('',#9444,#9445,#9446);
#9444 = CARTESIAN_POINT('',(87.5,-50.66,-4.6E-02));
#9445 = DIRECTION('',(-0.,-0.,-1.));
#9446 = DIRECTION('',(-0.,-1.,0.));
#9447 = ADVANCED_FACE('',(#9448),#9459,.F.);
#9448 = FACE_BOUND('',#9449,.T.);
#9449 = EDGE_LOOP('',(#9450,#9451,#9457,#9458));
#9450 = ORIENTED_EDGE('',*,*,#5300,.T.);
#9451 = ORIENTED_EDGE('',*,*,#9452,.T.);
#9452 = EDGE_CURVE('',#5301,#7114,#9453,.T.);
#9453 = LINE('',#9454,#9455);
#9454 = CARTESIAN_POINT('',(103.,-48.2569,-4.6E-02));
#9455 = VECTOR('',#9456,1.);
#9456 = DIRECTION('',(0.,0.,1.));
#9457 = ORIENTED_EDGE('',*,*,#7113,.F.);
#9458 = ORIENTED_EDGE('',*,*,#9452,.F.);
#9459 = CYLINDRICAL_SURFACE('',#9460,0.5969);
#9460 = AXIS2_PLACEMENT_3D('',#9461,#9462,#9463);
#9461 = CARTESIAN_POINT('',(103.,-47.66,-4.6E-02));
#9462 = DIRECTION('',(-0.,-0.,-1.));
#9463 = DIRECTION('',(-0.,-1.,0.));
#9464 = ADVANCED_FACE('',(#9465),#9476,.F.);
#9465 = FACE_BOUND('',#9466,.T.);
#9466 = EDGE_LOOP('',(#9467,#9468,#9474,#9475));
#9467 = ORIENTED_EDGE('',*,*,#5311,.T.);
#9468 = ORIENTED_EDGE('',*,*,#9469,.T.);
#9469 = EDGE_CURVE('',#5312,#7125,#9470,.T.);
#9470 = LINE('',#9471,#9472);
#9471 = CARTESIAN_POINT('',(42.6,-43.52,-4.6E-02));
#9472 = VECTOR('',#9473,1.);
#9473 = DIRECTION('',(0.,0.,1.));
#9474 = ORIENTED_EDGE('',*,*,#7124,.F.);
#9475 = ORIENTED_EDGE('',*,*,#9469,.F.);
#9476 = CYLINDRICAL_SURFACE('',#9477,0.5);
#9477 = AXIS2_PLACEMENT_3D('',#9478,#9479,#9480);
#9478 = CARTESIAN_POINT('',(42.6,-43.02,-4.6E-02));
#9479 = DIRECTION('',(-0.,-0.,-1.));
#9480 = DIRECTION('',(-0.,-1.,0.));
#9481 = ADVANCED_FACE('',(#9482),#9493,.F.);
#9482 = FACE_BOUND('',#9483,.T.);
#9483 = EDGE_LOOP('',(#9484,#9485,#9491,#9492));
#9484 = ORIENTED_EDGE('',*,*,#5322,.T.);
#9485 = ORIENTED_EDGE('',*,*,#9486,.T.);
#9486 = EDGE_CURVE('',#5323,#7136,#9487,.T.);
#9487 = LINE('',#9488,#9489);
#9488 = CARTESIAN_POINT('',(55.06,-46.29,-4.6E-02));
#9489 = VECTOR('',#9490,1.);
#9490 = DIRECTION('',(0.,0.,1.));
#9491 = ORIENTED_EDGE('',*,*,#7135,.F.);
#9492 = ORIENTED_EDGE('',*,*,#9486,.F.);
#9493 = CYLINDRICAL_SURFACE('',#9494,0.55);
#9494 = AXIS2_PLACEMENT_3D('',#9495,#9496,#9497);
#9495 = CARTESIAN_POINT('',(55.06,-45.74,-4.6E-02));
#9496 = DIRECTION('',(-0.,-0.,-1.));
#9497 = DIRECTION('',(-0.,-1.,0.));
#9498 = ADVANCED_FACE('',(#9499),#9510,.F.);
#9499 = FACE_BOUND('',#9500,.T.);
#9500 = EDGE_LOOP('',(#9501,#9502,#9508,#9509));
#9501 = ORIENTED_EDGE('',*,*,#5333,.T.);
#9502 = ORIENTED_EDGE('',*,*,#9503,.T.);
#9503 = EDGE_CURVE('',#5334,#7147,#9504,.T.);
#9504 = LINE('',#9505,#9506);
#9505 = CARTESIAN_POINT('',(55.06,-43.75,-4.6E-02));
#9506 = VECTOR('',#9507,1.);
#9507 = DIRECTION('',(0.,0.,1.));
#9508 = ORIENTED_EDGE('',*,*,#7146,.F.);
#9509 = ORIENTED_EDGE('',*,*,#9503,.F.);
#9510 = CYLINDRICAL_SURFACE('',#9511,0.55);
#9511 = AXIS2_PLACEMENT_3D('',#9512,#9513,#9514);
#9512 = CARTESIAN_POINT('',(55.06,-43.2,-4.6E-02));
#9513 = DIRECTION('',(-0.,-0.,-1.));
#9514 = DIRECTION('',(-0.,-1.,0.));
#9515 = ADVANCED_FACE('',(#9516),#9527,.F.);
#9516 = FACE_BOUND('',#9517,.T.);
#9517 = EDGE_LOOP('',(#9518,#9519,#9525,#9526));
#9518 = ORIENTED_EDGE('',*,*,#5344,.T.);
#9519 = ORIENTED_EDGE('',*,*,#9520,.T.);
#9520 = EDGE_CURVE('',#5345,#7158,#9521,.T.);
#9521 = LINE('',#9522,#9523);
#9522 = CARTESIAN_POINT('',(42.6,-40.98,-4.6E-02));
#9523 = VECTOR('',#9524,1.);
#9524 = DIRECTION('',(0.,0.,1.));
#9525 = ORIENTED_EDGE('',*,*,#7157,.F.);
#9526 = ORIENTED_EDGE('',*,*,#9520,.F.);
#9527 = CYLINDRICAL_SURFACE('',#9528,0.5);
#9528 = AXIS2_PLACEMENT_3D('',#9529,#9530,#9531);
#9529 = CARTESIAN_POINT('',(42.6,-40.48,-4.6E-02));
#9530 = DIRECTION('',(-0.,-0.,-1.));
#9531 = DIRECTION('',(-0.,-1.,0.));
#9532 = ADVANCED_FACE('',(#9533),#9544,.F.);
#9533 = FACE_BOUND('',#9534,.T.);
#9534 = EDGE_LOOP('',(#9535,#9536,#9542,#9543));
#9535 = ORIENTED_EDGE('',*,*,#5355,.T.);
#9536 = ORIENTED_EDGE('',*,*,#9537,.T.);
#9537 = EDGE_CURVE('',#5356,#7169,#9538,.T.);
#9538 = LINE('',#9539,#9540);
#9539 = CARTESIAN_POINT('',(42.6,-38.44,-4.6E-02));
#9540 = VECTOR('',#9541,1.);
#9541 = DIRECTION('',(0.,0.,1.));
#9542 = ORIENTED_EDGE('',*,*,#7168,.F.);
#9543 = ORIENTED_EDGE('',*,*,#9537,.F.);
#9544 = CYLINDRICAL_SURFACE('',#9545,0.5);
#9545 = AXIS2_PLACEMENT_3D('',#9546,#9547,#9548);
#9546 = CARTESIAN_POINT('',(42.6,-37.94,-4.6E-02));
#9547 = DIRECTION('',(-0.,-0.,-1.));
#9548 = DIRECTION('',(-0.,-1.,0.));
#9549 = ADVANCED_FACE('',(#9550),#9566,.F.);
#9550 = FACE_BOUND('',#9551,.T.);
#9551 = EDGE_LOOP('',(#9552,#9553,#9559,#9560));
#9552 = ORIENTED_EDGE('',*,*,#5366,.T.);
#9553 = ORIENTED_EDGE('',*,*,#9554,.T.);
#9554 = EDGE_CURVE('',#5369,#7182,#9555,.T.);
#9555 = LINE('',#9556,#9557);
#9556 = CARTESIAN_POINT('',(45.26,-36.69,-4.6E-02));
#9557 = VECTOR('',#9558,1.);
#9558 = DIRECTION('',(0.,0.,1.));
#9559 = ORIENTED_EDGE('',*,*,#7179,.F.);
#9560 = ORIENTED_EDGE('',*,*,#9561,.F.);
#9561 = EDGE_CURVE('',#5367,#7180,#9562,.T.);
#9562 = LINE('',#9563,#9564);
#9563 = CARTESIAN_POINT('',(45.86,-36.69,-4.6E-02));
#9564 = VECTOR('',#9565,1.);
#9565 = DIRECTION('',(0.,0.,1.));
#9566 = CYLINDRICAL_SURFACE('',#9567,0.3);
#9567 = AXIS2_PLACEMENT_3D('',#9568,#9569,#9570);
#9568 = CARTESIAN_POINT('',(45.56,-36.69,-4.6E-02));
#9569 = DIRECTION('',(-0.,-0.,-1.));
#9570 = DIRECTION('',(-1.,2.368475785867E-14,-0.));
#9571 = ADVANCED_FACE('',(#9572),#9583,.T.);
#9572 = FACE_BOUND('',#9573,.T.);
#9573 = EDGE_LOOP('',(#9574,#9575,#9576,#9577));
#9574 = ORIENTED_EDGE('',*,*,#5394,.T.);
#9575 = ORIENTED_EDGE('',*,*,#9561,.T.);
#9576 = ORIENTED_EDGE('',*,*,#7207,.F.);
#9577 = ORIENTED_EDGE('',*,*,#9578,.F.);
#9578 = EDGE_CURVE('',#5386,#7199,#9579,.T.);
#9579 = LINE('',#9580,#9581);
#9580 = CARTESIAN_POINT('',(45.86,-36.09,-4.6E-02));
#9581 = VECTOR('',#9582,1.);
#9582 = DIRECTION('',(0.,0.,1.));
#9583 = PLANE('',#9584);
#9584 = AXIS2_PLACEMENT_3D('',#9585,#9586,#9587);
#9585 = CARTESIAN_POINT('',(45.86,-36.69,-4.6E-02));
#9586 = DIRECTION('',(-1.,0.,0.));
#9587 = DIRECTION('',(0.,1.,0.));
#9588 = ADVANCED_FACE('',(#9589),#9600,.F.);
#9589 = FACE_BOUND('',#9590,.T.);
#9590 = EDGE_LOOP('',(#9591,#9592,#9593,#9594));
#9591 = ORIENTED_EDGE('',*,*,#5385,.T.);
#9592 = ORIENTED_EDGE('',*,*,#9578,.T.);
#9593 = ORIENTED_EDGE('',*,*,#7198,.F.);
#9594 = ORIENTED_EDGE('',*,*,#9595,.F.);
#9595 = EDGE_CURVE('',#5378,#7191,#9596,.T.);
#9596 = LINE('',#9597,#9598);
#9597 = CARTESIAN_POINT('',(45.26,-36.09,-4.6E-02));
#9598 = VECTOR('',#9599,1.);
#9599 = DIRECTION('',(0.,0.,1.));
#9600 = CYLINDRICAL_SURFACE('',#9601,0.3);
#9601 = AXIS2_PLACEMENT_3D('',#9602,#9603,#9604);
#9602 = CARTESIAN_POINT('',(45.56,-36.09,-4.6E-02));
#9603 = DIRECTION('',(-0.,-0.,-1.));
#9604 = DIRECTION('',(1.,-2.368475785867E-14,0.));
#9605 = ADVANCED_FACE('',(#9606),#9612,.T.);
#9606 = FACE_BOUND('',#9607,.T.);
#9607 = EDGE_LOOP('',(#9608,#9609,#9610,#9611));
#9608 = ORIENTED_EDGE('',*,*,#5377,.T.);
#9609 = ORIENTED_EDGE('',*,*,#9595,.T.);
#9610 = ORIENTED_EDGE('',*,*,#7190,.F.);
#9611 = ORIENTED_EDGE('',*,*,#9554,.F.);
#9612 = PLANE('',#9613);
#9613 = AXIS2_PLACEMENT_3D('',#9614,#9615,#9616);
#9614 = CARTESIAN_POINT('',(45.26,-36.09,-4.6E-02));
#9615 = DIRECTION('',(1.,0.,-0.));
#9616 = DIRECTION('',(0.,-1.,0.));
#9617 = ADVANCED_FACE('',(#9618),#9634,.F.);
#9618 = FACE_BOUND('',#9619,.T.);
#9619 = EDGE_LOOP('',(#9620,#9621,#9627,#9628));
#9620 = ORIENTED_EDGE('',*,*,#5402,.T.);
#9621 = ORIENTED_EDGE('',*,*,#9622,.T.);
#9622 = EDGE_CURVE('',#5405,#7218,#9623,.T.);
#9623 = LINE('',#9624,#9625);
#9624 = CARTESIAN_POINT('',(47.43,-37.77,-4.6E-02));
#9625 = VECTOR('',#9626,1.);
#9626 = DIRECTION('',(0.,0.,1.));
#9627 = ORIENTED_EDGE('',*,*,#7215,.F.);
#9628 = ORIENTED_EDGE('',*,*,#9629,.F.);
#9629 = EDGE_CURVE('',#5403,#7216,#9630,.T.);
#9630 = LINE('',#9631,#9632);
#9631 = CARTESIAN_POINT('',(48.03,-37.77,-4.6E-02));
#9632 = VECTOR('',#9633,1.);
#9633 = DIRECTION('',(0.,0.,1.));
#9634 = CYLINDRICAL_SURFACE('',#9635,0.3);
#9635 = AXIS2_PLACEMENT_3D('',#9636,#9637,#9638);
#9636 = CARTESIAN_POINT('',(47.73,-37.77,-4.6E-02));
#9637 = DIRECTION('',(-0.,-0.,-1.));
#9638 = DIRECTION('',(-1.,0.,-0.));
#9639 = ADVANCED_FACE('',(#9640),#9651,.T.);
#9640 = FACE_BOUND('',#9641,.T.);
#9641 = EDGE_LOOP('',(#9642,#9643,#9644,#9645));
#9642 = ORIENTED_EDGE('',*,*,#5430,.T.);
#9643 = ORIENTED_EDGE('',*,*,#9629,.T.);
#9644 = ORIENTED_EDGE('',*,*,#7243,.F.);
#9645 = ORIENTED_EDGE('',*,*,#9646,.F.);
#9646 = EDGE_CURVE('',#5422,#7235,#9647,.T.);
#9647 = LINE('',#9648,#9649);
#9648 = CARTESIAN_POINT('',(48.03,-37.17,-4.6E-02));
#9649 = VECTOR('',#9650,1.);
#9650 = DIRECTION('',(0.,0.,1.));
#9651 = PLANE('',#9652);
#9652 = AXIS2_PLACEMENT_3D('',#9653,#9654,#9655);
#9653 = CARTESIAN_POINT('',(48.03,-37.77,-4.6E-02));
#9654 = DIRECTION('',(-1.,0.,0.));
#9655 = DIRECTION('',(0.,1.,0.));
#9656 = ADVANCED_FACE('',(#9657),#9668,.F.);
#9657 = FACE_BOUND('',#9658,.T.);
#9658 = EDGE_LOOP('',(#9659,#9660,#9661,#9662));
#9659 = ORIENTED_EDGE('',*,*,#5421,.T.);
#9660 = ORIENTED_EDGE('',*,*,#9646,.T.);
#9661 = ORIENTED_EDGE('',*,*,#7234,.F.);
#9662 = ORIENTED_EDGE('',*,*,#9663,.F.);
#9663 = EDGE_CURVE('',#5414,#7227,#9664,.T.);
#9664 = LINE('',#9665,#9666);
#9665 = CARTESIAN_POINT('',(47.43,-37.17,-4.6E-02));
#9666 = VECTOR('',#9667,1.);
#9667 = DIRECTION('',(0.,0.,1.));
#9668 = CYLINDRICAL_SURFACE('',#9669,0.3);
#9669 = AXIS2_PLACEMENT_3D('',#9670,#9671,#9672);
#9670 = CARTESIAN_POINT('',(47.73,-37.17,-4.6E-02));
#9671 = DIRECTION('',(-0.,-0.,-1.));
#9672 = DIRECTION('',(1.,-2.368475785867E-14,0.));
#9673 = ADVANCED_FACE('',(#9674),#9680,.T.);
#9674 = FACE_BOUND('',#9675,.T.);
#9675 = EDGE_LOOP('',(#9676,#9677,#9678,#9679));
#9676 = ORIENTED_EDGE('',*,*,#5413,.T.);
#9677 = ORIENTED_EDGE('',*,*,#9663,.T.);
#9678 = ORIENTED_EDGE('',*,*,#7226,.F.);
#9679 = ORIENTED_EDGE('',*,*,#9622,.F.);
#9680 = PLANE('',#9681);
#9681 = AXIS2_PLACEMENT_3D('',#9682,#9683,#9684);
#9682 = CARTESIAN_POINT('',(47.43,-37.17,-4.6E-02));
#9683 = DIRECTION('',(1.,0.,-0.));
#9684 = DIRECTION('',(0.,-1.,0.));
#9685 = ADVANCED_FACE('',(#9686),#9697,.F.);
#9686 = FACE_BOUND('',#9687,.T.);
#9687 = EDGE_LOOP('',(#9688,#9689,#9695,#9696));
#9688 = ORIENTED_EDGE('',*,*,#5438,.T.);
#9689 = ORIENTED_EDGE('',*,*,#9690,.T.);
#9690 = EDGE_CURVE('',#5439,#7252,#9691,.T.);
#9691 = LINE('',#9692,#9693);
#9692 = CARTESIAN_POINT('',(55.06,-41.21,-4.6E-02));
#9693 = VECTOR('',#9694,1.);
#9694 = DIRECTION('',(0.,0.,1.));
#9695 = ORIENTED_EDGE('',*,*,#7251,.F.);
#9696 = ORIENTED_EDGE('',*,*,#9690,.F.);
#9697 = CYLINDRICAL_SURFACE('',#9698,0.55);
#9698 = AXIS2_PLACEMENT_3D('',#9699,#9700,#9701);
#9699 = CARTESIAN_POINT('',(55.06,-40.66,-4.6E-02));
#9700 = DIRECTION('',(-0.,-0.,-1.));
#9701 = DIRECTION('',(-0.,-1.,0.));
#9702 = ADVANCED_FACE('',(#9703),#9719,.F.);
#9703 = FACE_BOUND('',#9704,.T.);
#9704 = EDGE_LOOP('',(#9705,#9706,#9712,#9713));
#9705 = ORIENTED_EDGE('',*,*,#5449,.T.);
#9706 = ORIENTED_EDGE('',*,*,#9707,.T.);
#9707 = EDGE_CURVE('',#5452,#7265,#9708,.T.);
#9708 = LINE('',#9709,#9710);
#9709 = CARTESIAN_POINT('',(49.86,-37.79,-4.6E-02));
#9710 = VECTOR('',#9711,1.);
#9711 = DIRECTION('',(0.,0.,1.));
#9712 = ORIENTED_EDGE('',*,*,#7262,.F.);
#9713 = ORIENTED_EDGE('',*,*,#9714,.F.);
#9714 = EDGE_CURVE('',#5450,#7263,#9715,.T.);
#9715 = LINE('',#9716,#9717);
#9716 = CARTESIAN_POINT('',(50.46,-37.79,-4.6E-02));
#9717 = VECTOR('',#9718,1.);
#9718 = DIRECTION('',(0.,0.,1.));
#9719 = CYLINDRICAL_SURFACE('',#9720,0.3);
#9720 = AXIS2_PLACEMENT_3D('',#9721,#9722,#9723);
#9721 = CARTESIAN_POINT('',(50.16,-37.79,-4.6E-02));
#9722 = DIRECTION('',(-0.,-0.,-1.));
#9723 = DIRECTION('',(-1.,0.,-0.));
#9724 = ADVANCED_FACE('',(#9725),#9736,.T.);
#9725 = FACE_BOUND('',#9726,.T.);
#9726 = EDGE_LOOP('',(#9727,#9728,#9729,#9730));
#9727 = ORIENTED_EDGE('',*,*,#5477,.T.);
#9728 = ORIENTED_EDGE('',*,*,#9714,.T.);
#9729 = ORIENTED_EDGE('',*,*,#7290,.F.);
#9730 = ORIENTED_EDGE('',*,*,#9731,.F.);
#9731 = EDGE_CURVE('',#5469,#7282,#9732,.T.);
#9732 = LINE('',#9733,#9734);
#9733 = CARTESIAN_POINT('',(50.46,-37.19,-4.6E-02));
#9734 = VECTOR('',#9735,1.);
#9735 = DIRECTION('',(0.,0.,1.));
#9736 = PLANE('',#9737);
#9737 = AXIS2_PLACEMENT_3D('',#9738,#9739,#9740);
#9738 = CARTESIAN_POINT('',(50.46,-37.79,-4.6E-02));
#9739 = DIRECTION('',(-1.,0.,0.));
#9740 = DIRECTION('',(0.,1.,0.));
#9741 = ADVANCED_FACE('',(#9742),#9753,.F.);
#9742 = FACE_BOUND('',#9743,.T.);
#9743 = EDGE_LOOP('',(#9744,#9745,#9746,#9747));
#9744 = ORIENTED_EDGE('',*,*,#5468,.T.);
#9745 = ORIENTED_EDGE('',*,*,#9731,.T.);
#9746 = ORIENTED_EDGE('',*,*,#7281,.F.);
#9747 = ORIENTED_EDGE('',*,*,#9748,.F.);
#9748 = EDGE_CURVE('',#5461,#7274,#9749,.T.);
#9749 = LINE('',#9750,#9751);
#9750 = CARTESIAN_POINT('',(49.86,-37.19,-4.6E-02));
#9751 = VECTOR('',#9752,1.);
#9752 = DIRECTION('',(0.,0.,1.));
#9753 = CYLINDRICAL_SURFACE('',#9754,0.3);
#9754 = AXIS2_PLACEMENT_3D('',#9755,#9756,#9757);
#9755 = CARTESIAN_POINT('',(50.16,-37.19,-4.6E-02));
#9756 = DIRECTION('',(-0.,-0.,-1.));
#9757 = DIRECTION('',(1.,2.368475785867E-14,-0.));
#9758 = ADVANCED_FACE('',(#9759),#9765,.T.);
#9759 = FACE_BOUND('',#9760,.T.);
#9760 = EDGE_LOOP('',(#9761,#9762,#9763,#9764));
#9761 = ORIENTED_EDGE('',*,*,#5460,.T.);
#9762 = ORIENTED_EDGE('',*,*,#9748,.T.);
#9763 = ORIENTED_EDGE('',*,*,#7273,.F.);
#9764 = ORIENTED_EDGE('',*,*,#9707,.F.);
#9765 = PLANE('',#9766);
#9766 = AXIS2_PLACEMENT_3D('',#9767,#9768,#9769);
#9767 = CARTESIAN_POINT('',(49.86,-37.19,-4.6E-02));
#9768 = DIRECTION('',(1.,0.,-0.));
#9769 = DIRECTION('',(0.,-1.,0.));
#9770 = ADVANCED_FACE('',(#9771),#9787,.F.);
#9771 = FACE_BOUND('',#9772,.T.);
#9772 = EDGE_LOOP('',(#9773,#9774,#9780,#9781));
#9773 = ORIENTED_EDGE('',*,*,#5485,.T.);
#9774 = ORIENTED_EDGE('',*,*,#9775,.T.);
#9775 = EDGE_CURVE('',#5488,#7301,#9776,.T.);
#9776 = LINE('',#9777,#9778);
#9777 = CARTESIAN_POINT('',(52.03,-36.67,-4.6E-02));
#9778 = VECTOR('',#9779,1.);
#9779 = DIRECTION('',(0.,0.,1.));
#9780 = ORIENTED_EDGE('',*,*,#7298,.F.);
#9781 = ORIENTED_EDGE('',*,*,#9782,.F.);
#9782 = EDGE_CURVE('',#5486,#7299,#9783,.T.);
#9783 = LINE('',#9784,#9785);
#9784 = CARTESIAN_POINT('',(52.63,-36.67,-4.6E-02));
#9785 = VECTOR('',#9786,1.);
#9786 = DIRECTION('',(0.,0.,1.));
#9787 = CYLINDRICAL_SURFACE('',#9788,0.3);
#9788 = AXIS2_PLACEMENT_3D('',#9789,#9790,#9791);
#9789 = CARTESIAN_POINT('',(52.33,-36.67,-4.6E-02));
#9790 = DIRECTION('',(-0.,-0.,-1.));
#9791 = DIRECTION('',(-1.,-2.368475785867E-14,0.));
#9792 = ADVANCED_FACE('',(#9793),#9804,.T.);
#9793 = FACE_BOUND('',#9794,.T.);
#9794 = EDGE_LOOP('',(#9795,#9796,#9797,#9798));
#9795 = ORIENTED_EDGE('',*,*,#5513,.T.);
#9796 = ORIENTED_EDGE('',*,*,#9782,.T.);
#9797 = ORIENTED_EDGE('',*,*,#7326,.F.);
#9798 = ORIENTED_EDGE('',*,*,#9799,.F.);
#9799 = EDGE_CURVE('',#5505,#7318,#9800,.T.);
#9800 = LINE('',#9801,#9802);
#9801 = CARTESIAN_POINT('',(52.63,-36.07,-4.6E-02));
#9802 = VECTOR('',#9803,1.);
#9803 = DIRECTION('',(0.,0.,1.));
#9804 = PLANE('',#9805);
#9805 = AXIS2_PLACEMENT_3D('',#9806,#9807,#9808);
#9806 = CARTESIAN_POINT('',(52.63,-36.67,-4.6E-02));
#9807 = DIRECTION('',(-1.,0.,0.));
#9808 = DIRECTION('',(0.,1.,0.));
#9809 = ADVANCED_FACE('',(#9810),#9821,.F.);
#9810 = FACE_BOUND('',#9811,.T.);
#9811 = EDGE_LOOP('',(#9812,#9813,#9814,#9815));
#9812 = ORIENTED_EDGE('',*,*,#5504,.T.);
#9813 = ORIENTED_EDGE('',*,*,#9799,.T.);
#9814 = ORIENTED_EDGE('',*,*,#7317,.F.);
#9815 = ORIENTED_EDGE('',*,*,#9816,.F.);
#9816 = EDGE_CURVE('',#5497,#7310,#9817,.T.);
#9817 = LINE('',#9818,#9819);
#9818 = CARTESIAN_POINT('',(52.03,-36.07,-4.6E-02));
#9819 = VECTOR('',#9820,1.);
#9820 = DIRECTION('',(0.,0.,1.));
#9821 = CYLINDRICAL_SURFACE('',#9822,0.3);
#9822 = AXIS2_PLACEMENT_3D('',#9823,#9824,#9825);
#9823 = CARTESIAN_POINT('',(52.33,-36.07,-4.6E-02));
#9824 = DIRECTION('',(-0.,-0.,-1.));
#9825 = DIRECTION('',(1.,2.368475785867E-14,-0.));
#9826 = ADVANCED_FACE('',(#9827),#9833,.T.);
#9827 = FACE_BOUND('',#9828,.T.);
#9828 = EDGE_LOOP('',(#9829,#9830,#9831,#9832));
#9829 = ORIENTED_EDGE('',*,*,#5496,.T.);
#9830 = ORIENTED_EDGE('',*,*,#9816,.T.);
#9831 = ORIENTED_EDGE('',*,*,#7309,.F.);
#9832 = ORIENTED_EDGE('',*,*,#9775,.F.);
#9833 = PLANE('',#9834);
#9834 = AXIS2_PLACEMENT_3D('',#9835,#9836,#9837);
#9835 = CARTESIAN_POINT('',(52.03,-36.07,-4.6E-02));
#9836 = DIRECTION('',(1.,0.,-0.));
#9837 = DIRECTION('',(0.,-1.,0.));
#9838 = ADVANCED_FACE('',(#9839),#9850,.F.);
#9839 = FACE_BOUND('',#9840,.T.);
#9840 = EDGE_LOOP('',(#9841,#9842,#9848,#9849));
#9841 = ORIENTED_EDGE('',*,*,#5521,.T.);
#9842 = ORIENTED_EDGE('',*,*,#9843,.T.);
#9843 = EDGE_CURVE('',#5522,#7335,#9844,.T.);
#9844 = LINE('',#9845,#9846);
#9845 = CARTESIAN_POINT('',(55.06,-38.67,-4.6E-02));
#9846 = VECTOR('',#9847,1.);
#9847 = DIRECTION('',(0.,0.,1.));
#9848 = ORIENTED_EDGE('',*,*,#7334,.F.);
#9849 = ORIENTED_EDGE('',*,*,#9843,.F.);
#9850 = CYLINDRICAL_SURFACE('',#9851,0.55);
#9851 = AXIS2_PLACEMENT_3D('',#9852,#9853,#9854);
#9852 = CARTESIAN_POINT('',(55.06,-38.12,-4.6E-02));
#9853 = DIRECTION('',(-0.,-0.,-1.));
#9854 = DIRECTION('',(-0.,-1.,0.));
#9855 = ADVANCED_FACE('',(#9856),#9867,.F.);
#9856 = FACE_BOUND('',#9857,.T.);
#9857 = EDGE_LOOP('',(#9858,#9859,#9865,#9866));
#9858 = ORIENTED_EDGE('',*,*,#5532,.T.);
#9859 = ORIENTED_EDGE('',*,*,#9860,.T.);
#9860 = EDGE_CURVE('',#5533,#7346,#9861,.T.);
#9861 = LINE('',#9862,#9863);
#9862 = CARTESIAN_POINT('',(70.3,-46.29,-4.6E-02));
#9863 = VECTOR('',#9864,1.);
#9864 = DIRECTION('',(0.,0.,1.));
#9865 = ORIENTED_EDGE('',*,*,#7345,.F.);
#9866 = ORIENTED_EDGE('',*,*,#9860,.F.);
#9867 = CYLINDRICAL_SURFACE('',#9868,0.55);
#9868 = AXIS2_PLACEMENT_3D('',#9869,#9870,#9871);
#9869 = CARTESIAN_POINT('',(70.3,-45.74,-4.6E-02));
#9870 = DIRECTION('',(-0.,-0.,-1.));
#9871 = DIRECTION('',(-0.,-1.,0.));
#9872 = ADVANCED_FACE('',(#9873),#9884,.F.);
#9873 = FACE_BOUND('',#9874,.T.);
#9874 = EDGE_LOOP('',(#9875,#9876,#9882,#9883));
#9875 = ORIENTED_EDGE('',*,*,#5543,.T.);
#9876 = ORIENTED_EDGE('',*,*,#9877,.T.);
#9877 = EDGE_CURVE('',#5544,#7357,#9878,.T.);
#9878 = LINE('',#9879,#9880);
#9879 = CARTESIAN_POINT('',(70.3,-43.75,-4.6E-02));
#9880 = VECTOR('',#9881,1.);
#9881 = DIRECTION('',(0.,0.,1.));
#9882 = ORIENTED_EDGE('',*,*,#7356,.F.);
#9883 = ORIENTED_EDGE('',*,*,#9877,.F.);
#9884 = CYLINDRICAL_SURFACE('',#9885,0.55);
#9885 = AXIS2_PLACEMENT_3D('',#9886,#9887,#9888);
#9886 = CARTESIAN_POINT('',(70.3,-43.2,-4.6E-02));
#9887 = DIRECTION('',(-0.,-0.,-1.));
#9888 = DIRECTION('',(-0.,-1.,0.));
#9889 = ADVANCED_FACE('',(#9890),#9901,.F.);
#9890 = FACE_BOUND('',#9891,.T.);
#9891 = EDGE_LOOP('',(#9892,#9893,#9899,#9900));
#9892 = ORIENTED_EDGE('',*,*,#5554,.T.);
#9893 = ORIENTED_EDGE('',*,*,#9894,.T.);
#9894 = EDGE_CURVE('',#5555,#7368,#9895,.T.);
#9895 = LINE('',#9896,#9897);
#9896 = CARTESIAN_POINT('',(70.3,-41.21,-4.6E-02));
#9897 = VECTOR('',#9898,1.);
#9898 = DIRECTION('',(0.,0.,1.));
#9899 = ORIENTED_EDGE('',*,*,#7367,.F.);
#9900 = ORIENTED_EDGE('',*,*,#9894,.F.);
#9901 = CYLINDRICAL_SURFACE('',#9902,0.55);
#9902 = AXIS2_PLACEMENT_3D('',#9903,#9904,#9905);
#9903 = CARTESIAN_POINT('',(70.3,-40.66,-4.6E-02));
#9904 = DIRECTION('',(-0.,-0.,-1.));
#9905 = DIRECTION('',(-0.,-1.,0.));
#9906 = ADVANCED_FACE('',(#9907),#9918,.F.);
#9907 = FACE_BOUND('',#9908,.T.);
#9908 = EDGE_LOOP('',(#9909,#9910,#9916,#9917));
#9909 = ORIENTED_EDGE('',*,*,#5565,.T.);
#9910 = ORIENTED_EDGE('',*,*,#9911,.T.);
#9911 = EDGE_CURVE('',#5566,#7379,#9912,.T.);
#9912 = LINE('',#9913,#9914);
#9913 = CARTESIAN_POINT('',(70.3,-38.67,-4.6E-02));
#9914 = VECTOR('',#9915,1.);
#9915 = DIRECTION('',(0.,0.,1.));
#9916 = ORIENTED_EDGE('',*,*,#7378,.F.);
#9917 = ORIENTED_EDGE('',*,*,#9911,.F.);
#9918 = CYLINDRICAL_SURFACE('',#9919,0.55);
#9919 = AXIS2_PLACEMENT_3D('',#9920,#9921,#9922);
#9920 = CARTESIAN_POINT('',(70.3,-38.12,-4.6E-02));
#9921 = DIRECTION('',(-0.,-0.,-1.));
#9922 = DIRECTION('',(-0.,-1.,0.));
#9923 = ADVANCED_FACE('',(#9924),#9935,.F.);
#9924 = FACE_BOUND('',#9925,.T.);
#9925 = EDGE_LOOP('',(#9926,#9927,#9933,#9934));
#9926 = ORIENTED_EDGE('',*,*,#5576,.T.);
#9927 = ORIENTED_EDGE('',*,*,#9928,.T.);
#9928 = EDGE_CURVE('',#5577,#7390,#9929,.T.);
#9929 = LINE('',#9930,#9931);
#9930 = CARTESIAN_POINT('',(42.6,-35.9,-4.6E-02));
#9931 = VECTOR('',#9932,1.);
#9932 = DIRECTION('',(0.,0.,1.));
#9933 = ORIENTED_EDGE('',*,*,#7389,.F.);
#9934 = ORIENTED_EDGE('',*,*,#9928,.F.);
#9935 = CYLINDRICAL_SURFACE('',#9936,0.5);
#9936 = AXIS2_PLACEMENT_3D('',#9937,#9938,#9939);
#9937 = CARTESIAN_POINT('',(42.6,-35.4,-4.6E-02));
#9938 = DIRECTION('',(-0.,-0.,-1.));
#9939 = DIRECTION('',(-0.,-1.,0.));
#9940 = ADVANCED_FACE('',(#9941),#9952,.F.);
#9941 = FACE_BOUND('',#9942,.T.);
#9942 = EDGE_LOOP('',(#9943,#9944,#9950,#9951));
#9943 = ORIENTED_EDGE('',*,*,#5587,.T.);
#9944 = ORIENTED_EDGE('',*,*,#9945,.T.);
#9945 = EDGE_CURVE('',#5588,#7401,#9946,.T.);
#9946 = LINE('',#9947,#9948);
#9947 = CARTESIAN_POINT('',(47.86,-35.54,-4.6E-02));
#9948 = VECTOR('',#9949,1.);
#9949 = DIRECTION('',(0.,0.,1.));
#9950 = ORIENTED_EDGE('',*,*,#7400,.F.);
#9951 = ORIENTED_EDGE('',*,*,#9945,.F.);
#9952 = CYLINDRICAL_SURFACE('',#9953,0.75);
#9953 = AXIS2_PLACEMENT_3D('',#9954,#9955,#9956);
#9954 = CARTESIAN_POINT('',(47.86,-34.79,-4.6E-02));
#9955 = DIRECTION('',(-0.,-0.,-1.));
#9956 = DIRECTION('',(-0.,-1.,0.));
#9957 = ADVANCED_FACE('',(#9958),#9974,.F.);
#9958 = FACE_BOUND('',#9959,.T.);
#9959 = EDGE_LOOP('',(#9960,#9961,#9967,#9968));
#9960 = ORIENTED_EDGE('',*,*,#5598,.T.);
#9961 = ORIENTED_EDGE('',*,*,#9962,.T.);
#9962 = EDGE_CURVE('',#5601,#7414,#9963,.T.);
#9963 = LINE('',#9964,#9965);
#9964 = CARTESIAN_POINT('',(45.26,-32.69,-4.6E-02));
#9965 = VECTOR('',#9966,1.);
#9966 = DIRECTION('',(0.,0.,1.));
#9967 = ORIENTED_EDGE('',*,*,#7411,.F.);
#9968 = ORIENTED_EDGE('',*,*,#9969,.F.);
#9969 = EDGE_CURVE('',#5599,#7412,#9970,.T.);
#9970 = LINE('',#9971,#9972);
#9971 = CARTESIAN_POINT('',(45.86,-32.69,-4.6E-02));
#9972 = VECTOR('',#9973,1.);
#9973 = DIRECTION('',(0.,0.,1.));
#9974 = CYLINDRICAL_SURFACE('',#9975,0.3);
#9975 = AXIS2_PLACEMENT_3D('',#9976,#9977,#9978);
#9976 = CARTESIAN_POINT('',(45.56,-32.69,-4.6E-02));
#9977 = DIRECTION('',(-0.,-0.,-1.));
#9978 = DIRECTION('',(-1.,2.368475785867E-14,-0.));
#9979 = ADVANCED_FACE('',(#9980),#9991,.T.);
#9980 = FACE_BOUND('',#9981,.T.);
#9981 = EDGE_LOOP('',(#9982,#9983,#9984,#9985));
#9982 = ORIENTED_EDGE('',*,*,#5626,.T.);
#9983 = ORIENTED_EDGE('',*,*,#9969,.T.);
#9984 = ORIENTED_EDGE('',*,*,#7439,.F.);
#9985 = ORIENTED_EDGE('',*,*,#9986,.F.);
#9986 = EDGE_CURVE('',#5618,#7431,#9987,.T.);
#9987 = LINE('',#9988,#9989);
#9988 = CARTESIAN_POINT('',(45.86,-32.09,-4.6E-02));
#9989 = VECTOR('',#9990,1.);
#9990 = DIRECTION('',(0.,0.,1.));
#9991 = PLANE('',#9992);
#9992 = AXIS2_PLACEMENT_3D('',#9993,#9994,#9995);
#9993 = CARTESIAN_POINT('',(45.86,-32.69,-4.6E-02));
#9994 = DIRECTION('',(-1.,0.,0.));
#9995 = DIRECTION('',(0.,1.,0.));
#9996 = ADVANCED_FACE('',(#9997),#10008,.F.);
#9997 = FACE_BOUND('',#9998,.T.);
#9998 = EDGE_LOOP('',(#9999,#10000,#10001,#10002));
#9999 = ORIENTED_EDGE('',*,*,#5617,.T.);
#10000 = ORIENTED_EDGE('',*,*,#9986,.T.);
#10001 = ORIENTED_EDGE('',*,*,#7430,.F.);
#10002 = ORIENTED_EDGE('',*,*,#10003,.F.);
#10003 = EDGE_CURVE('',#5610,#7423,#10004,.T.);
#10004 = LINE('',#10005,#10006);
#10005 = CARTESIAN_POINT('',(45.26,-32.09,-4.6E-02));
#10006 = VECTOR('',#10007,1.);
#10007 = DIRECTION('',(0.,0.,1.));
#10008 = CYLINDRICAL_SURFACE('',#10009,0.3);
#10009 = AXIS2_PLACEMENT_3D('',#10010,#10011,#10012);
#10010 = CARTESIAN_POINT('',(45.56,-32.09,-4.6E-02));
#10011 = DIRECTION('',(-0.,-0.,-1.));
#10012 = DIRECTION('',(1.,0.,-0.));
#10013 = ADVANCED_FACE('',(#10014),#10020,.T.);
#10014 = FACE_BOUND('',#10015,.T.);
#10015 = EDGE_LOOP('',(#10016,#10017,#10018,#10019));
#10016 = ORIENTED_EDGE('',*,*,#5609,.T.);
#10017 = ORIENTED_EDGE('',*,*,#10003,.T.);
#10018 = ORIENTED_EDGE('',*,*,#7422,.F.);
#10019 = ORIENTED_EDGE('',*,*,#9962,.F.);
#10020 = PLANE('',#10021);
#10021 = AXIS2_PLACEMENT_3D('',#10022,#10023,#10024);
#10022 = CARTESIAN_POINT('',(45.26,-32.09,-4.6E-02));
#10023 = DIRECTION('',(1.,0.,-0.));
#10024 = DIRECTION('',(0.,-1.,0.));
#10025 = ADVANCED_FACE('',(#10026),#10037,.F.);
#10026 = FACE_BOUND('',#10027,.T.);
#10027 = EDGE_LOOP('',(#10028,#10029,#10035,#10036));
#10028 = ORIENTED_EDGE('',*,*,#5634,.T.);
#10029 = ORIENTED_EDGE('',*,*,#10030,.T.);
#10030 = EDGE_CURVE('',#5635,#7448,#10031,.T.);
#10031 = LINE('',#10032,#10033);
#10032 = CARTESIAN_POINT('',(50.03,-35.52,-4.6E-02));
#10033 = VECTOR('',#10034,1.);
#10034 = DIRECTION('',(0.,0.,1.));
#10035 = ORIENTED_EDGE('',*,*,#7447,.F.);
#10036 = ORIENTED_EDGE('',*,*,#10030,.F.);
#10037 = CYLINDRICAL_SURFACE('',#10038,0.75);
#10038 = AXIS2_PLACEMENT_3D('',#10039,#10040,#10041);
#10039 = CARTESIAN_POINT('',(50.03,-34.77,-4.6E-02));
#10040 = DIRECTION('',(-0.,-0.,-1.));
#10041 = DIRECTION('',(-0.,-1.,0.));
#10042 = ADVANCED_FACE('',(#10043),#10054,.F.);
#10043 = FACE_BOUND('',#10044,.T.);
#10044 = EDGE_LOOP('',(#10045,#10046,#10052,#10053));
#10045 = ORIENTED_EDGE('',*,*,#5645,.T.);
#10046 = ORIENTED_EDGE('',*,*,#10047,.T.);
#10047 = EDGE_CURVE('',#5646,#7459,#10048,.T.);
#10048 = LINE('',#10049,#10050);
#10049 = CARTESIAN_POINT('',(55.06,-36.13,-4.6E-02));
#10050 = VECTOR('',#10051,1.);
#10051 = DIRECTION('',(0.,0.,1.));
#10052 = ORIENTED_EDGE('',*,*,#7458,.F.);
#10053 = ORIENTED_EDGE('',*,*,#10047,.F.);
#10054 = CYLINDRICAL_SURFACE('',#10055,0.55);
#10055 = AXIS2_PLACEMENT_3D('',#10056,#10057,#10058);
#10056 = CARTESIAN_POINT('',(55.06,-35.58,-4.6E-02));
#10057 = DIRECTION('',(-0.,-0.,-1.));
#10058 = DIRECTION('',(-0.,-1.,0.));
#10059 = ADVANCED_FACE('',(#10060),#10076,.F.);
#10060 = FACE_BOUND('',#10061,.T.);
#10061 = EDGE_LOOP('',(#10062,#10063,#10069,#10070));
#10062 = ORIENTED_EDGE('',*,*,#5656,.T.);
#10063 = ORIENTED_EDGE('',*,*,#10064,.T.);
#10064 = EDGE_CURVE('',#5659,#7472,#10065,.T.);
#10065 = LINE('',#10066,#10067);
#10066 = CARTESIAN_POINT('',(52.03,-32.67,-4.6E-02));
#10067 = VECTOR('',#10068,1.);
#10068 = DIRECTION('',(0.,0.,1.));
#10069 = ORIENTED_EDGE('',*,*,#7469,.F.);
#10070 = ORIENTED_EDGE('',*,*,#10071,.F.);
#10071 = EDGE_CURVE('',#5657,#7470,#10072,.T.);
#10072 = LINE('',#10073,#10074);
#10073 = CARTESIAN_POINT('',(52.63,-32.67,-4.6E-02));
#10074 = VECTOR('',#10075,1.);
#10075 = DIRECTION('',(0.,0.,1.));
#10076 = CYLINDRICAL_SURFACE('',#10077,0.3);
#10077 = AXIS2_PLACEMENT_3D('',#10078,#10079,#10080);
#10078 = CARTESIAN_POINT('',(52.33,-32.67,-4.6E-02));
#10079 = DIRECTION('',(-0.,-0.,-1.));
#10080 = DIRECTION('',(-1.,-2.368475785867E-14,0.));
#10081 = ADVANCED_FACE('',(#10082),#10093,.T.);
#10082 = FACE_BOUND('',#10083,.T.);
#10083 = EDGE_LOOP('',(#10084,#10085,#10086,#10087));
#10084 = ORIENTED_EDGE('',*,*,#5684,.T.);
#10085 = ORIENTED_EDGE('',*,*,#10071,.T.);
#10086 = ORIENTED_EDGE('',*,*,#7497,.F.);
#10087 = ORIENTED_EDGE('',*,*,#10088,.F.);
#10088 = EDGE_CURVE('',#5676,#7489,#10089,.T.);
#10089 = LINE('',#10090,#10091);
#10090 = CARTESIAN_POINT('',(52.63,-32.07,-4.6E-02));
#10091 = VECTOR('',#10092,1.);
#10092 = DIRECTION('',(0.,0.,1.));
#10093 = PLANE('',#10094);
#10094 = AXIS2_PLACEMENT_3D('',#10095,#10096,#10097);
#10095 = CARTESIAN_POINT('',(52.63,-32.67,-4.6E-02));
#10096 = DIRECTION('',(-1.,0.,0.));
#10097 = DIRECTION('',(0.,1.,0.));
#10098 = ADVANCED_FACE('',(#10099),#10110,.F.);
#10099 = FACE_BOUND('',#10100,.T.);
#10100 = EDGE_LOOP('',(#10101,#10102,#10103,#10104));
#10101 = ORIENTED_EDGE('',*,*,#5675,.T.);
#10102 = ORIENTED_EDGE('',*,*,#10088,.T.);
#10103 = ORIENTED_EDGE('',*,*,#7488,.F.);
#10104 = ORIENTED_EDGE('',*,*,#10105,.F.);
#10105 = EDGE_CURVE('',#5668,#7481,#10106,.T.);
#10106 = LINE('',#10107,#10108);
#10107 = CARTESIAN_POINT('',(52.03,-32.07,-4.6E-02));
#10108 = VECTOR('',#10109,1.);
#10109 = DIRECTION('',(0.,0.,1.));
#10110 = CYLINDRICAL_SURFACE('',#10111,0.3);
#10111 = AXIS2_PLACEMENT_3D('',#10112,#10113,#10114);
#10112 = CARTESIAN_POINT('',(52.33,-32.07,-4.6E-02));
#10113 = DIRECTION('',(-0.,-0.,-1.));
#10114 = DIRECTION('',(1.,2.368475785867E-14,-0.));
#10115 = ADVANCED_FACE('',(#10116),#10122,.T.);
#10116 = FACE_BOUND('',#10117,.T.);
#10117 = EDGE_LOOP('',(#10118,#10119,#10120,#10121));
#10118 = ORIENTED_EDGE('',*,*,#5667,.T.);
#10119 = ORIENTED_EDGE('',*,*,#10105,.T.);
#10120 = ORIENTED_EDGE('',*,*,#7480,.F.);
#10121 = ORIENTED_EDGE('',*,*,#10064,.F.);
#10122 = PLANE('',#10123);
#10123 = AXIS2_PLACEMENT_3D('',#10124,#10125,#10126);
#10124 = CARTESIAN_POINT('',(52.03,-32.07,-4.6E-02));
#10125 = DIRECTION('',(1.,0.,-0.));
#10126 = DIRECTION('',(0.,-1.,0.));
#10127 = ADVANCED_FACE('',(#10128),#10139,.F.);
#10128 = FACE_BOUND('',#10129,.T.);
#10129 = EDGE_LOOP('',(#10130,#10131,#10137,#10138));
#10130 = ORIENTED_EDGE('',*,*,#5692,.T.);
#10131 = ORIENTED_EDGE('',*,*,#10132,.T.);
#10132 = EDGE_CURVE('',#5693,#7506,#10133,.T.);
#10133 = LINE('',#10134,#10135);
#10134 = CARTESIAN_POINT('',(55.06,-33.59,-4.6E-02));
#10135 = VECTOR('',#10136,1.);
#10136 = DIRECTION('',(0.,0.,1.));
#10137 = ORIENTED_EDGE('',*,*,#7505,.F.);
#10138 = ORIENTED_EDGE('',*,*,#10132,.F.);
#10139 = CYLINDRICAL_SURFACE('',#10140,0.55);
#10140 = AXIS2_PLACEMENT_3D('',#10141,#10142,#10143);
#10141 = CARTESIAN_POINT('',(55.06,-33.04,-4.6E-02));
#10142 = DIRECTION('',(-0.,-0.,-1.));
#10143 = DIRECTION('',(-0.,-1.,0.));
#10144 = ADVANCED_FACE('',(#10145),#10161,.F.);
#10145 = FACE_BOUND('',#10146,.T.);
#10146 = EDGE_LOOP('',(#10147,#10148,#10154,#10155));
#10147 = ORIENTED_EDGE('',*,*,#5703,.T.);
#10148 = ORIENTED_EDGE('',*,*,#10149,.T.);
#10149 = EDGE_CURVE('',#5706,#7519,#10150,.T.);
#10150 = LINE('',#10151,#10152);
#10151 = CARTESIAN_POINT('',(45.26,-29.69,-4.6E-02));
#10152 = VECTOR('',#10153,1.);
#10153 = DIRECTION('',(0.,0.,1.));
#10154 = ORIENTED_EDGE('',*,*,#7516,.F.);
#10155 = ORIENTED_EDGE('',*,*,#10156,.F.);
#10156 = EDGE_CURVE('',#5704,#7517,#10157,.T.);
#10157 = LINE('',#10158,#10159);
#10158 = CARTESIAN_POINT('',(45.86,-29.69,-4.6E-02));
#10159 = VECTOR('',#10160,1.);
#10160 = DIRECTION('',(0.,0.,1.));
#10161 = CYLINDRICAL_SURFACE('',#10162,0.3);
#10162 = AXIS2_PLACEMENT_3D('',#10163,#10164,#10165);
#10163 = CARTESIAN_POINT('',(45.56,-29.69,-4.6E-02));
#10164 = DIRECTION('',(-0.,-0.,-1.));
#10165 = DIRECTION('',(-1.,-1.184237892934E-14,0.));
#10166 = ADVANCED_FACE('',(#10167),#10178,.T.);
#10167 = FACE_BOUND('',#10168,.T.);
#10168 = EDGE_LOOP('',(#10169,#10170,#10171,#10172));
#10169 = ORIENTED_EDGE('',*,*,#5731,.T.);
#10170 = ORIENTED_EDGE('',*,*,#10156,.T.);
#10171 = ORIENTED_EDGE('',*,*,#7544,.F.);
#10172 = ORIENTED_EDGE('',*,*,#10173,.F.);
#10173 = EDGE_CURVE('',#5723,#7536,#10174,.T.);
#10174 = LINE('',#10175,#10176);
#10175 = CARTESIAN_POINT('',(45.86,-29.09,-4.6E-02));
#10176 = VECTOR('',#10177,1.);
#10177 = DIRECTION('',(0.,0.,1.));
#10178 = PLANE('',#10179);
#10179 = AXIS2_PLACEMENT_3D('',#10180,#10181,#10182);
#10180 = CARTESIAN_POINT('',(45.86,-29.69,-4.6E-02));
#10181 = DIRECTION('',(-1.,0.,0.));
#10182 = DIRECTION('',(0.,1.,0.));
#10183 = ADVANCED_FACE('',(#10184),#10195,.F.);
#10184 = FACE_BOUND('',#10185,.T.);
#10185 = EDGE_LOOP('',(#10186,#10187,#10188,#10189));
#10186 = ORIENTED_EDGE('',*,*,#5722,.T.);
#10187 = ORIENTED_EDGE('',*,*,#10173,.T.);
#10188 = ORIENTED_EDGE('',*,*,#7535,.F.);
#10189 = ORIENTED_EDGE('',*,*,#10190,.F.);
#10190 = EDGE_CURVE('',#5715,#7528,#10191,.T.);
#10191 = LINE('',#10192,#10193);
#10192 = CARTESIAN_POINT('',(45.26,-29.09,-4.6E-02));
#10193 = VECTOR('',#10194,1.);
#10194 = DIRECTION('',(0.,0.,1.));
#10195 = CYLINDRICAL_SURFACE('',#10196,0.3);
#10196 = AXIS2_PLACEMENT_3D('',#10197,#10198,#10199);
#10197 = CARTESIAN_POINT('',(45.56,-29.09,-4.6E-02));
#10198 = DIRECTION('',(-0.,-0.,-1.));
#10199 = DIRECTION('',(1.,0.,-0.));
#10200 = ADVANCED_FACE('',(#10201),#10207,.T.);
#10201 = FACE_BOUND('',#10202,.T.);
#10202 = EDGE_LOOP('',(#10203,#10204,#10205,#10206));
#10203 = ORIENTED_EDGE('',*,*,#5714,.T.);
#10204 = ORIENTED_EDGE('',*,*,#10190,.T.);
#10205 = ORIENTED_EDGE('',*,*,#7527,.F.);
#10206 = ORIENTED_EDGE('',*,*,#10149,.F.);
#10207 = PLANE('',#10208);
#10208 = AXIS2_PLACEMENT_3D('',#10209,#10210,#10211);
#10209 = CARTESIAN_POINT('',(45.26,-29.09,-4.6E-02));
#10210 = DIRECTION('',(1.,0.,-0.));
#10211 = DIRECTION('',(0.,-1.,0.));
#10212 = ADVANCED_FACE('',(#10213),#10224,.F.);
#10213 = FACE_BOUND('',#10214,.T.);
#10214 = EDGE_LOOP('',(#10215,#10216,#10222,#10223));
#10215 = ORIENTED_EDGE('',*,*,#5739,.T.);
#10216 = ORIENTED_EDGE('',*,*,#10217,.T.);
#10217 = EDGE_CURVE('',#5740,#7553,#10218,.T.);
#10218 = LINE('',#10219,#10220);
#10219 = CARTESIAN_POINT('',(47.86,-28.54,-4.6E-02));
#10220 = VECTOR('',#10221,1.);
#10221 = DIRECTION('',(0.,0.,1.));
#10222 = ORIENTED_EDGE('',*,*,#7552,.F.);
#10223 = ORIENTED_EDGE('',*,*,#10217,.F.);
#10224 = CYLINDRICAL_SURFACE('',#10225,0.75);
#10225 = AXIS2_PLACEMENT_3D('',#10226,#10227,#10228);
#10226 = CARTESIAN_POINT('',(47.86,-27.79,-4.6E-02));
#10227 = DIRECTION('',(-0.,-0.,-1.));
#10228 = DIRECTION('',(-0.,-1.,0.));
#10229 = ADVANCED_FACE('',(#10230),#10246,.F.);
#10230 = FACE_BOUND('',#10231,.T.);
#10231 = EDGE_LOOP('',(#10232,#10233,#10239,#10240));
#10232 = ORIENTED_EDGE('',*,*,#5750,.T.);
#10233 = ORIENTED_EDGE('',*,*,#10234,.T.);
#10234 = EDGE_CURVE('',#5753,#7566,#10235,.T.);
#10235 = LINE('',#10236,#10237);
#10236 = CARTESIAN_POINT('',(52.03,-29.67,-4.6E-02));
#10237 = VECTOR('',#10238,1.);
#10238 = DIRECTION('',(0.,0.,1.));
#10239 = ORIENTED_EDGE('',*,*,#7563,.F.);
#10240 = ORIENTED_EDGE('',*,*,#10241,.F.);
#10241 = EDGE_CURVE('',#5751,#7564,#10242,.T.);
#10242 = LINE('',#10243,#10244);
#10243 = CARTESIAN_POINT('',(52.63,-29.67,-4.6E-02));
#10244 = VECTOR('',#10245,1.);
#10245 = DIRECTION('',(0.,0.,1.));
#10246 = CYLINDRICAL_SURFACE('',#10247,0.3);
#10247 = AXIS2_PLACEMENT_3D('',#10248,#10249,#10250);
#10248 = CARTESIAN_POINT('',(52.33,-29.67,-4.6E-02));
#10249 = DIRECTION('',(-0.,-0.,-1.));
#10250 = DIRECTION('',(-1.,-2.368475785867E-14,0.));
#10251 = ADVANCED_FACE('',(#10252),#10263,.T.);
#10252 = FACE_BOUND('',#10253,.T.);
#10253 = EDGE_LOOP('',(#10254,#10255,#10256,#10257));
#10254 = ORIENTED_EDGE('',*,*,#5778,.T.);
#10255 = ORIENTED_EDGE('',*,*,#10241,.T.);
#10256 = ORIENTED_EDGE('',*,*,#7591,.F.);
#10257 = ORIENTED_EDGE('',*,*,#10258,.F.);
#10258 = EDGE_CURVE('',#5770,#7583,#10259,.T.);
#10259 = LINE('',#10260,#10261);
#10260 = CARTESIAN_POINT('',(52.63,-29.07,-4.6E-02));
#10261 = VECTOR('',#10262,1.);
#10262 = DIRECTION('',(0.,0.,1.));
#10263 = PLANE('',#10264);
#10264 = AXIS2_PLACEMENT_3D('',#10265,#10266,#10267);
#10265 = CARTESIAN_POINT('',(52.63,-29.67,-4.6E-02));
#10266 = DIRECTION('',(-1.,0.,0.));
#10267 = DIRECTION('',(0.,1.,0.));
#10268 = ADVANCED_FACE('',(#10269),#10280,.F.);
#10269 = FACE_BOUND('',#10270,.T.);
#10270 = EDGE_LOOP('',(#10271,#10272,#10273,#10274));
#10271 = ORIENTED_EDGE('',*,*,#5769,.T.);
#10272 = ORIENTED_EDGE('',*,*,#10258,.T.);
#10273 = ORIENTED_EDGE('',*,*,#7582,.F.);
#10274 = ORIENTED_EDGE('',*,*,#10275,.F.);
#10275 = EDGE_CURVE('',#5762,#7575,#10276,.T.);
#10276 = LINE('',#10277,#10278);
#10277 = CARTESIAN_POINT('',(52.03,-29.07,-4.6E-02));
#10278 = VECTOR('',#10279,1.);
#10279 = DIRECTION('',(0.,0.,1.));
#10280 = CYLINDRICAL_SURFACE('',#10281,0.3);
#10281 = AXIS2_PLACEMENT_3D('',#10282,#10283,#10284);
#10282 = CARTESIAN_POINT('',(52.33,-29.07,-4.6E-02));
#10283 = DIRECTION('',(-0.,-0.,-1.));
#10284 = DIRECTION('',(1.,1.184237892934E-14,-0.));
#10285 = ADVANCED_FACE('',(#10286),#10292,.T.);
#10286 = FACE_BOUND('',#10287,.T.);
#10287 = EDGE_LOOP('',(#10288,#10289,#10290,#10291));
#10288 = ORIENTED_EDGE('',*,*,#5761,.T.);
#10289 = ORIENTED_EDGE('',*,*,#10275,.T.);
#10290 = ORIENTED_EDGE('',*,*,#7574,.F.);
#10291 = ORIENTED_EDGE('',*,*,#10234,.F.);
#10292 = PLANE('',#10293);
#10293 = AXIS2_PLACEMENT_3D('',#10294,#10295,#10296);
#10294 = CARTESIAN_POINT('',(52.03,-29.07,-4.6E-02));
#10295 = DIRECTION('',(1.,0.,-0.));
#10296 = DIRECTION('',(0.,-1.,0.));
#10297 = ADVANCED_FACE('',(#10298),#10309,.F.);
#10298 = FACE_BOUND('',#10299,.T.);
#10299 = EDGE_LOOP('',(#10300,#10301,#10307,#10308));
#10300 = ORIENTED_EDGE('',*,*,#5786,.T.);
#10301 = ORIENTED_EDGE('',*,*,#10302,.T.);
#10302 = EDGE_CURVE('',#5787,#7600,#10303,.T.);
#10303 = LINE('',#10304,#10305);
#10304 = CARTESIAN_POINT('',(55.06,-31.05,-4.6E-02));
#10305 = VECTOR('',#10306,1.);
#10306 = DIRECTION('',(0.,0.,1.));
#10307 = ORIENTED_EDGE('',*,*,#7599,.F.);
#10308 = ORIENTED_EDGE('',*,*,#10302,.F.);
#10309 = CYLINDRICAL_SURFACE('',#10310,0.55);
#10310 = AXIS2_PLACEMENT_3D('',#10311,#10312,#10313);
#10311 = CARTESIAN_POINT('',(55.06,-30.5,-4.6E-02));
#10312 = DIRECTION('',(-0.,-0.,-1.));
#10313 = DIRECTION('',(-0.,-1.,0.));
#10314 = ADVANCED_FACE('',(#10315),#10326,.F.);
#10315 = FACE_BOUND('',#10316,.T.);
#10316 = EDGE_LOOP('',(#10317,#10318,#10324,#10325));
#10317 = ORIENTED_EDGE('',*,*,#5797,.T.);
#10318 = ORIENTED_EDGE('',*,*,#10319,.T.);
#10319 = EDGE_CURVE('',#5798,#7611,#10320,.T.);
#10320 = LINE('',#10321,#10322);
#10321 = CARTESIAN_POINT('',(50.03,-28.52,-4.6E-02));
#10322 = VECTOR('',#10323,1.);
#10323 = DIRECTION('',(0.,0.,1.));
#10324 = ORIENTED_EDGE('',*,*,#7610,.F.);
#10325 = ORIENTED_EDGE('',*,*,#10319,.F.);
#10326 = CYLINDRICAL_SURFACE('',#10327,0.75);
#10327 = AXIS2_PLACEMENT_3D('',#10328,#10329,#10330);
#10328 = CARTESIAN_POINT('',(50.03,-27.77,-4.6E-02));
#10329 = DIRECTION('',(-0.,-0.,-1.));
#10330 = DIRECTION('',(-0.,-1.,0.));
#10331 = ADVANCED_FACE('',(#10332),#10343,.F.);
#10332 = FACE_BOUND('',#10333,.T.);
#10333 = EDGE_LOOP('',(#10334,#10335,#10341,#10342));
#10334 = ORIENTED_EDGE('',*,*,#5808,.T.);
#10335 = ORIENTED_EDGE('',*,*,#10336,.T.);
#10336 = EDGE_CURVE('',#5809,#7622,#10337,.T.);
#10337 = LINE('',#10338,#10339);
#10338 = CARTESIAN_POINT('',(55.06,-28.51,-4.6E-02));
#10339 = VECTOR('',#10340,1.);
#10340 = DIRECTION('',(0.,0.,1.));
#10341 = ORIENTED_EDGE('',*,*,#7621,.F.);
#10342 = ORIENTED_EDGE('',*,*,#10336,.F.);
#10343 = CYLINDRICAL_SURFACE('',#10344,0.55);
#10344 = AXIS2_PLACEMENT_3D('',#10345,#10346,#10347);
#10345 = CARTESIAN_POINT('',(55.06,-27.96,-4.6E-02));
#10346 = DIRECTION('',(-0.,-0.,-1.));
#10347 = DIRECTION('',(-0.,-1.,0.));
#10348 = ADVANCED_FACE('',(#10349),#10360,.F.);
#10349 = FACE_BOUND('',#10350,.T.);
#10350 = EDGE_LOOP('',(#10351,#10352,#10358,#10359));
#10351 = ORIENTED_EDGE('',*,*,#5819,.T.);
#10352 = ORIENTED_EDGE('',*,*,#10353,.T.);
#10353 = EDGE_CURVE('',#5820,#7633,#10354,.T.);
#10354 = LINE('',#10355,#10356);
#10355 = CARTESIAN_POINT('',(70.3,-36.13,-4.6E-02));
#10356 = VECTOR('',#10357,1.);
#10357 = DIRECTION('',(0.,0.,1.));
#10358 = ORIENTED_EDGE('',*,*,#7632,.F.);
#10359 = ORIENTED_EDGE('',*,*,#10353,.F.);
#10360 = CYLINDRICAL_SURFACE('',#10361,0.55);
#10361 = AXIS2_PLACEMENT_3D('',#10362,#10363,#10364);
#10362 = CARTESIAN_POINT('',(70.3,-35.58,-4.6E-02));
#10363 = DIRECTION('',(-0.,-0.,-1.));
#10364 = DIRECTION('',(-0.,-1.,0.));
#10365 = ADVANCED_FACE('',(#10366),#10377,.F.);
#10366 = FACE_BOUND('',#10367,.T.);
#10367 = EDGE_LOOP('',(#10368,#10369,#10375,#10376));
#10368 = ORIENTED_EDGE('',*,*,#5830,.T.);
#10369 = ORIENTED_EDGE('',*,*,#10370,.T.);
#10370 = EDGE_CURVE('',#5831,#7644,#10371,.T.);
#10371 = LINE('',#10372,#10373);
#10372 = CARTESIAN_POINT('',(70.3,-33.59,-4.6E-02));
#10373 = VECTOR('',#10374,1.);
#10374 = DIRECTION('',(0.,0.,1.));
#10375 = ORIENTED_EDGE('',*,*,#7643,.F.);
#10376 = ORIENTED_EDGE('',*,*,#10370,.F.);
#10377 = CYLINDRICAL_SURFACE('',#10378,0.55);
#10378 = AXIS2_PLACEMENT_3D('',#10379,#10380,#10381);
#10379 = CARTESIAN_POINT('',(70.3,-33.04,-4.6E-02));
#10380 = DIRECTION('',(-0.,-0.,-1.));
#10381 = DIRECTION('',(-0.,-1.,0.));
#10382 = ADVANCED_FACE('',(#10383),#10394,.F.);
#10383 = FACE_BOUND('',#10384,.T.);
#10384 = EDGE_LOOP('',(#10385,#10386,#10392,#10393));
#10385 = ORIENTED_EDGE('',*,*,#5841,.T.);
#10386 = ORIENTED_EDGE('',*,*,#10387,.T.);
#10387 = EDGE_CURVE('',#5842,#7655,#10388,.T.);
#10388 = LINE('',#10389,#10390);
#10389 = CARTESIAN_POINT('',(70.3,-31.05,-4.6E-02));
#10390 = VECTOR('',#10391,1.);
#10391 = DIRECTION('',(0.,0.,1.));
#10392 = ORIENTED_EDGE('',*,*,#7654,.F.);
#10393 = ORIENTED_EDGE('',*,*,#10387,.F.);
#10394 = CYLINDRICAL_SURFACE('',#10395,0.55);
#10395 = AXIS2_PLACEMENT_3D('',#10396,#10397,#10398);
#10396 = CARTESIAN_POINT('',(70.3,-30.5,-4.6E-02));
#10397 = DIRECTION('',(-0.,-0.,-1.));
#10398 = DIRECTION('',(-0.,-1.,0.));
#10399 = ADVANCED_FACE('',(#10400),#10411,.F.);
#10400 = FACE_BOUND('',#10401,.T.);
#10401 = EDGE_LOOP('',(#10402,#10403,#10409,#10410));
#10402 = ORIENTED_EDGE('',*,*,#5852,.T.);
#10403 = ORIENTED_EDGE('',*,*,#10404,.T.);
#10404 = EDGE_CURVE('',#5853,#7666,#10405,.T.);
#10405 = LINE('',#10406,#10407);
#10406 = CARTESIAN_POINT('',(70.3,-28.51,-4.6E-02));
#10407 = VECTOR('',#10408,1.);
#10408 = DIRECTION('',(0.,0.,1.));
#10409 = ORIENTED_EDGE('',*,*,#7665,.F.);
#10410 = ORIENTED_EDGE('',*,*,#10404,.F.);
#10411 = CYLINDRICAL_SURFACE('',#10412,0.55);
#10412 = AXIS2_PLACEMENT_3D('',#10413,#10414,#10415);
#10413 = CARTESIAN_POINT('',(70.3,-27.96,-4.6E-02));
#10414 = DIRECTION('',(-0.,-0.,-1.));
#10415 = DIRECTION('',(-0.,-1.,0.));
#10416 = ADVANCED_FACE('',(#10417),#10428,.F.);
#10417 = FACE_BOUND('',#10418,.T.);
#10418 = EDGE_LOOP('',(#10419,#10420,#10426,#10427));
#10419 = ORIENTED_EDGE('',*,*,#5863,.T.);
#10420 = ORIENTED_EDGE('',*,*,#10421,.T.);
#10421 = EDGE_CURVE('',#5864,#7677,#10422,.T.);
#10422 = LINE('',#10423,#10424);
#10423 = CARTESIAN_POINT('',(87.5,-46.1769,-4.6E-02));
#10424 = VECTOR('',#10425,1.);
#10425 = DIRECTION('',(0.,0.,1.));
#10426 = ORIENTED_EDGE('',*,*,#7676,.F.);
#10427 = ORIENTED_EDGE('',*,*,#10421,.F.);
#10428 = CYLINDRICAL_SURFACE('',#10429,0.5969);
#10429 = AXIS2_PLACEMENT_3D('',#10430,#10431,#10432);
#10430 = CARTESIAN_POINT('',(87.5,-45.58,-4.6E-02));
#10431 = DIRECTION('',(-0.,-0.,-1.));
#10432 = DIRECTION('',(-0.,-1.,0.));
#10433 = ADVANCED_FACE('',(#10434),#10445,.F.);
#10434 = FACE_BOUND('',#10435,.T.);
#10435 = EDGE_LOOP('',(#10436,#10437,#10443,#10444));
#10436 = ORIENTED_EDGE('',*,*,#5874,.T.);
#10437 = ORIENTED_EDGE('',*,*,#10438,.T.);
#10438 = EDGE_CURVE('',#5875,#7688,#10439,.T.);
#10439 = LINE('',#10440,#10441);
#10440 = CARTESIAN_POINT('',(85.,-42.5969,-4.6E-02));
#10441 = VECTOR('',#10442,1.);
#10442 = DIRECTION('',(0.,0.,1.));
#10443 = ORIENTED_EDGE('',*,*,#7687,.F.);
#10444 = ORIENTED_EDGE('',*,*,#10438,.F.);
#10445 = CYLINDRICAL_SURFACE('',#10446,0.5969);
#10446 = AXIS2_PLACEMENT_3D('',#10447,#10448,#10449);
#10447 = CARTESIAN_POINT('',(85.,-42.,-4.6E-02));
#10448 = DIRECTION('',(-0.,-0.,-1.));
#10449 = DIRECTION('',(-0.,-1.,0.));
#10450 = ADVANCED_FACE('',(#10451),#10462,.F.);
#10451 = FACE_BOUND('',#10452,.T.);
#10452 = EDGE_LOOP('',(#10453,#10454,#10460,#10461));
#10453 = ORIENTED_EDGE('',*,*,#5885,.T.);
#10454 = ORIENTED_EDGE('',*,*,#10455,.T.);
#10455 = EDGE_CURVE('',#5886,#7699,#10456,.T.);
#10456 = LINE('',#10457,#10458);
#10457 = CARTESIAN_POINT('',(87.5,-41.0969,-4.6E-02));
#10458 = VECTOR('',#10459,1.);
#10459 = DIRECTION('',(0.,0.,1.));
#10460 = ORIENTED_EDGE('',*,*,#7698,.F.);
#10461 = ORIENTED_EDGE('',*,*,#10455,.F.);
#10462 = CYLINDRICAL_SURFACE('',#10463,0.5969);
#10463 = AXIS2_PLACEMENT_3D('',#10464,#10465,#10466);
#10464 = CARTESIAN_POINT('',(87.5,-40.5,-4.6E-02));
#10465 = DIRECTION('',(-0.,-0.,-1.));
#10466 = DIRECTION('',(-0.,-1.,0.));
#10467 = ADVANCED_FACE('',(#10468),#10479,.F.);
#10468 = FACE_BOUND('',#10469,.T.);
#10469 = EDGE_LOOP('',(#10470,#10471,#10477,#10478));
#10470 = ORIENTED_EDGE('',*,*,#5896,.T.);
#10471 = ORIENTED_EDGE('',*,*,#10472,.T.);
#10472 = EDGE_CURVE('',#5897,#7710,#10473,.T.);
#10473 = LINE('',#10474,#10475);
#10474 = CARTESIAN_POINT('',(90.,-42.5969,-4.6E-02));
#10475 = VECTOR('',#10476,1.);
#10476 = DIRECTION('',(0.,0.,1.));
#10477 = ORIENTED_EDGE('',*,*,#7709,.F.);
#10478 = ORIENTED_EDGE('',*,*,#10472,.F.);
#10479 = CYLINDRICAL_SURFACE('',#10480,0.5969);
#10480 = AXIS2_PLACEMENT_3D('',#10481,#10482,#10483);
#10481 = CARTESIAN_POINT('',(90.,-42.,-4.6E-02));
#10482 = DIRECTION('',(-0.,-0.,-1.));
#10483 = DIRECTION('',(-0.,-1.,0.));
#10484 = ADVANCED_FACE('',(#10485),#10496,.F.);
#10485 = FACE_BOUND('',#10486,.T.);
#10486 = EDGE_LOOP('',(#10487,#10488,#10494,#10495));
#10487 = ORIENTED_EDGE('',*,*,#5907,.T.);
#10488 = ORIENTED_EDGE('',*,*,#10489,.T.);
#10489 = EDGE_CURVE('',#5908,#7721,#10490,.T.);
#10490 = LINE('',#10491,#10492);
#10491 = CARTESIAN_POINT('',(103.,-43.1769,-4.6E-02));
#10492 = VECTOR('',#10493,1.);
#10493 = DIRECTION('',(0.,0.,1.));
#10494 = ORIENTED_EDGE('',*,*,#7720,.F.);
#10495 = ORIENTED_EDGE('',*,*,#10489,.F.);
#10496 = CYLINDRICAL_SURFACE('',#10497,0.5969);
#10497 = AXIS2_PLACEMENT_3D('',#10498,#10499,#10500);
#10498 = CARTESIAN_POINT('',(103.,-42.58,-4.6E-02));
#10499 = DIRECTION('',(-0.,-0.,-1.));
#10500 = DIRECTION('',(-0.,-1.,0.));
#10501 = ADVANCED_FACE('',(#10502),#10513,.F.);
#10502 = FACE_BOUND('',#10503,.T.);
#10503 = EDGE_LOOP('',(#10504,#10505,#10511,#10512));
#10504 = ORIENTED_EDGE('',*,*,#5918,.T.);
#10505 = ORIENTED_EDGE('',*,*,#10506,.T.);
#10506 = EDGE_CURVE('',#5919,#7732,#10507,.T.);
#10507 = LINE('',#10508,#10509);
#10508 = CARTESIAN_POINT('',(100.5,-39.5969,-4.6E-02));
#10509 = VECTOR('',#10510,1.);
#10510 = DIRECTION('',(0.,0.,1.));
#10511 = ORIENTED_EDGE('',*,*,#7731,.F.);
#10512 = ORIENTED_EDGE('',*,*,#10506,.F.);
#10513 = CYLINDRICAL_SURFACE('',#10514,0.5969);
#10514 = AXIS2_PLACEMENT_3D('',#10515,#10516,#10517);
#10515 = CARTESIAN_POINT('',(100.5,-39.,-4.6E-02));
#10516 = DIRECTION('',(-0.,-0.,-1.));
#10517 = DIRECTION('',(-0.,-1.,0.));
#10518 = ADVANCED_FACE('',(#10519),#10530,.F.);
#10519 = FACE_BOUND('',#10520,.T.);
#10520 = EDGE_LOOP('',(#10521,#10522,#10528,#10529));
#10521 = ORIENTED_EDGE('',*,*,#5929,.T.);
#10522 = ORIENTED_EDGE('',*,*,#10523,.T.);
#10523 = EDGE_CURVE('',#5930,#7743,#10524,.T.);
#10524 = LINE('',#10525,#10526);
#10525 = CARTESIAN_POINT('',(103.,-38.0969,-4.6E-02));
#10526 = VECTOR('',#10527,1.);
#10527 = DIRECTION('',(0.,0.,1.));
#10528 = ORIENTED_EDGE('',*,*,#7742,.F.);
#10529 = ORIENTED_EDGE('',*,*,#10523,.F.);
#10530 = CYLINDRICAL_SURFACE('',#10531,0.5969);
#10531 = AXIS2_PLACEMENT_3D('',#10532,#10533,#10534);
#10532 = CARTESIAN_POINT('',(103.,-37.5,-4.6E-02));
#10533 = DIRECTION('',(-0.,-0.,-1.));
#10534 = DIRECTION('',(-0.,-1.,0.));
#10535 = ADVANCED_FACE('',(#10536),#10547,.F.);
#10536 = FACE_BOUND('',#10537,.T.);
#10537 = EDGE_LOOP('',(#10538,#10539,#10545,#10546));
#10538 = ORIENTED_EDGE('',*,*,#5940,.T.);
#10539 = ORIENTED_EDGE('',*,*,#10540,.T.);
#10540 = EDGE_CURVE('',#5941,#7754,#10541,.T.);
#10541 = LINE('',#10542,#10543);
#10542 = CARTESIAN_POINT('',(87.6,-31.45,-4.6E-02));
#10543 = VECTOR('',#10544,1.);
#10544 = DIRECTION('',(0.,0.,1.));
#10545 = ORIENTED_EDGE('',*,*,#7753,.F.);
#10546 = ORIENTED_EDGE('',*,*,#10540,.F.);
#10547 = CYLINDRICAL_SURFACE('',#10548,1.75);
#10548 = AXIS2_PLACEMENT_3D('',#10549,#10550,#10551);
#10549 = CARTESIAN_POINT('',(87.6,-29.7,-4.6E-02));
#10550 = DIRECTION('',(-0.,-0.,-1.));
#10551 = DIRECTION('',(-0.,-1.,0.));
#10552 = ADVANCED_FACE('',(#10553),#10564,.F.);
#10553 = FACE_BOUND('',#10554,.T.);
#10554 = EDGE_LOOP('',(#10555,#10556,#10562,#10563));
#10555 = ORIENTED_EDGE('',*,*,#5951,.T.);
#10556 = ORIENTED_EDGE('',*,*,#10557,.T.);
#10557 = EDGE_CURVE('',#5952,#7765,#10558,.T.);
#10558 = LINE('',#10559,#10560);
#10559 = CARTESIAN_POINT('',(121.,-53.2569,-4.6E-02));
#10560 = VECTOR('',#10561,1.);
#10561 = DIRECTION('',(0.,0.,1.));
#10562 = ORIENTED_EDGE('',*,*,#7764,.F.);
#10563 = ORIENTED_EDGE('',*,*,#10557,.F.);
#10564 = CYLINDRICAL_SURFACE('',#10565,0.5969);
#10565 = AXIS2_PLACEMENT_3D('',#10566,#10567,#10568);
#10566 = CARTESIAN_POINT('',(121.,-52.66,-4.6E-02));
#10567 = DIRECTION('',(-0.,-0.,-1.));
#10568 = DIRECTION('',(-0.,-1.,0.));
#10569 = ADVANCED_FACE('',(#10570),#10581,.F.);
#10570 = FACE_BOUND('',#10571,.T.);
#10571 = EDGE_LOOP('',(#10572,#10573,#10579,#10580));
#10572 = ORIENTED_EDGE('',*,*,#5962,.T.);
#10573 = ORIENTED_EDGE('',*,*,#10574,.T.);
#10574 = EDGE_CURVE('',#5963,#7776,#10575,.T.);
#10575 = LINE('',#10576,#10577);
#10576 = CARTESIAN_POINT('',(121.,-48.1769,-4.6E-02));
#10577 = VECTOR('',#10578,1.);
#10578 = DIRECTION('',(0.,0.,1.));
#10579 = ORIENTED_EDGE('',*,*,#7775,.F.);
#10580 = ORIENTED_EDGE('',*,*,#10574,.F.);
#10581 = CYLINDRICAL_SURFACE('',#10582,0.5969);
#10582 = AXIS2_PLACEMENT_3D('',#10583,#10584,#10585);
#10583 = CARTESIAN_POINT('',(121.,-47.58,-4.6E-02));
#10584 = DIRECTION('',(-0.,-0.,-1.));
#10585 = DIRECTION('',(-0.,-1.,0.));
#10586 = ADVANCED_FACE('',(#10587),#10598,.F.);
#10587 = FACE_BOUND('',#10588,.T.);
#10588 = EDGE_LOOP('',(#10589,#10590,#10596,#10597));
#10589 = ORIENTED_EDGE('',*,*,#5973,.T.);
#10590 = ORIENTED_EDGE('',*,*,#10591,.T.);
#10591 = EDGE_CURVE('',#5974,#7787,#10592,.T.);
#10592 = LINE('',#10593,#10594);
#10593 = CARTESIAN_POINT('',(139.,-58.2569,-4.6E-02));
#10594 = VECTOR('',#10595,1.);
#10595 = DIRECTION('',(0.,0.,1.));
#10596 = ORIENTED_EDGE('',*,*,#7786,.F.);
#10597 = ORIENTED_EDGE('',*,*,#10591,.F.);
#10598 = CYLINDRICAL_SURFACE('',#10599,0.5969);
#10599 = AXIS2_PLACEMENT_3D('',#10600,#10601,#10602);
#10600 = CARTESIAN_POINT('',(139.,-57.66,-4.6E-02));
#10601 = DIRECTION('',(-0.,-0.,-1.));
#10602 = DIRECTION('',(-0.,-1.,0.));
#10603 = ADVANCED_FACE('',(#10604),#10615,.F.);
#10604 = FACE_BOUND('',#10605,.T.);
#10605 = EDGE_LOOP('',(#10606,#10607,#10613,#10614));
#10606 = ORIENTED_EDGE('',*,*,#5984,.T.);
#10607 = ORIENTED_EDGE('',*,*,#10608,.T.);
#10608 = EDGE_CURVE('',#5985,#7798,#10609,.T.);
#10609 = LINE('',#10610,#10611);
#10610 = CARTESIAN_POINT('',(139.,-53.1769,-4.6E-02));
#10611 = VECTOR('',#10612,1.);
#10612 = DIRECTION('',(0.,0.,1.));
#10613 = ORIENTED_EDGE('',*,*,#7797,.F.);
#10614 = ORIENTED_EDGE('',*,*,#10608,.F.);
#10615 = CYLINDRICAL_SURFACE('',#10616,0.5969);
#10616 = AXIS2_PLACEMENT_3D('',#10617,#10618,#10619);
#10617 = CARTESIAN_POINT('',(139.,-52.58,-4.6E-02));
#10618 = DIRECTION('',(-0.,-0.,-1.));
#10619 = DIRECTION('',(-0.,-1.,0.));
#10620 = ADVANCED_FACE('',(#10621),#10632,.F.);
#10621 = FACE_BOUND('',#10622,.T.);
#10622 = EDGE_LOOP('',(#10623,#10624,#10630,#10631));
#10623 = ORIENTED_EDGE('',*,*,#5995,.T.);
#10624 = ORIENTED_EDGE('',*,*,#10625,.T.);
#10625 = EDGE_CURVE('',#5996,#7809,#10626,.T.);
#10626 = LINE('',#10627,#10628);
#10627 = CARTESIAN_POINT('',(136.5,-49.5969,-4.6E-02));
#10628 = VECTOR('',#10629,1.);
#10629 = DIRECTION('',(0.,0.,1.));
#10630 = ORIENTED_EDGE('',*,*,#7808,.F.);
#10631 = ORIENTED_EDGE('',*,*,#10625,.F.);
#10632 = CYLINDRICAL_SURFACE('',#10633,0.5969);
#10633 = AXIS2_PLACEMENT_3D('',#10634,#10635,#10636);
#10634 = CARTESIAN_POINT('',(136.5,-49.,-4.6E-02));
#10635 = DIRECTION('',(-0.,-0.,-1.));
#10636 = DIRECTION('',(-0.,-1.,0.));
#10637 = ADVANCED_FACE('',(#10638),#10649,.F.);
#10638 = FACE_BOUND('',#10639,.T.);
#10639 = EDGE_LOOP('',(#10640,#10641,#10647,#10648));
#10640 = ORIENTED_EDGE('',*,*,#6006,.T.);
#10641 = ORIENTED_EDGE('',*,*,#10642,.T.);
#10642 = EDGE_CURVE('',#6007,#7820,#10643,.T.);
#10643 = LINE('',#10644,#10645);
#10644 = CARTESIAN_POINT('',(139.,-48.0969,-4.6E-02));
#10645 = VECTOR('',#10646,1.);
#10646 = DIRECTION('',(0.,0.,1.));
#10647 = ORIENTED_EDGE('',*,*,#7819,.F.);
#10648 = ORIENTED_EDGE('',*,*,#10642,.F.);
#10649 = CYLINDRICAL_SURFACE('',#10650,0.5969);
#10650 = AXIS2_PLACEMENT_3D('',#10651,#10652,#10653);
#10651 = CARTESIAN_POINT('',(139.,-47.5,-4.6E-02));
#10652 = DIRECTION('',(-0.,-0.,-1.));
#10653 = DIRECTION('',(-0.,-1.,0.));
#10654 = ADVANCED_FACE('',(#10655),#10666,.F.);
#10655 = FACE_BOUND('',#10656,.T.);
#10656 = EDGE_LOOP('',(#10657,#10658,#10664,#10665));
#10657 = ORIENTED_EDGE('',*,*,#6017,.T.);
#10658 = ORIENTED_EDGE('',*,*,#10659,.T.);
#10659 = EDGE_CURVE('',#6018,#7831,#10660,.T.);
#10660 = LINE('',#10661,#10662);
#10661 = CARTESIAN_POINT('',(141.5,-49.5969,-4.6E-02));
#10662 = VECTOR('',#10663,1.);
#10663 = DIRECTION('',(0.,0.,1.));
#10664 = ORIENTED_EDGE('',*,*,#7830,.F.);
#10665 = ORIENTED_EDGE('',*,*,#10659,.F.);
#10666 = CYLINDRICAL_SURFACE('',#10667,0.5969);
#10667 = AXIS2_PLACEMENT_3D('',#10668,#10669,#10670);
#10668 = CARTESIAN_POINT('',(141.5,-49.,-4.6E-02));
#10669 = DIRECTION('',(-0.,-0.,-1.));
#10670 = DIRECTION('',(-0.,-1.,0.));
#10671 = ADVANCED_FACE('',(#10672),#10683,.F.);
#10672 = FACE_BOUND('',#10673,.T.);
#10673 = EDGE_LOOP('',(#10674,#10675,#10681,#10682));
#10674 = ORIENTED_EDGE('',*,*,#6028,.T.);
#10675 = ORIENTED_EDGE('',*,*,#10676,.T.);
#10676 = EDGE_CURVE('',#6029,#7842,#10677,.T.);
#10677 = LINE('',#10678,#10679);
#10678 = CARTESIAN_POINT('',(154.5,-57.2569,-4.6E-02));
#10679 = VECTOR('',#10680,1.);
#10680 = DIRECTION('',(0.,0.,1.));
#10681 = ORIENTED_EDGE('',*,*,#7841,.F.);
#10682 = ORIENTED_EDGE('',*,*,#10676,.F.);
#10683 = CYLINDRICAL_SURFACE('',#10684,0.5969);
#10684 = AXIS2_PLACEMENT_3D('',#10685,#10686,#10687);
#10685 = CARTESIAN_POINT('',(154.5,-56.66,-4.6E-02));
#10686 = DIRECTION('',(-0.,-0.,-1.));
#10687 = DIRECTION('',(-0.,-1.,0.));
#10688 = ADVANCED_FACE('',(#10689),#10700,.F.);
#10689 = FACE_BOUND('',#10690,.T.);
#10690 = EDGE_LOOP('',(#10691,#10692,#10698,#10699));
#10691 = ORIENTED_EDGE('',*,*,#6039,.T.);
#10692 = ORIENTED_EDGE('',*,*,#10693,.T.);
#10693 = EDGE_CURVE('',#6040,#7853,#10694,.T.);
#10694 = LINE('',#10695,#10696);
#10695 = CARTESIAN_POINT('',(154.5,-52.1769,-4.6E-02));
#10696 = VECTOR('',#10697,1.);
#10697 = DIRECTION('',(0.,0.,1.));
#10698 = ORIENTED_EDGE('',*,*,#7852,.F.);
#10699 = ORIENTED_EDGE('',*,*,#10693,.F.);
#10700 = CYLINDRICAL_SURFACE('',#10701,0.5969);
#10701 = AXIS2_PLACEMENT_3D('',#10702,#10703,#10704);
#10702 = CARTESIAN_POINT('',(154.5,-51.58,-4.6E-02));
#10703 = DIRECTION('',(-0.,-0.,-1.));
#10704 = DIRECTION('',(-0.,-1.,0.));
#10705 = ADVANCED_FACE('',(#10706),#10717,.F.);
#10706 = FACE_BOUND('',#10707,.T.);
#10707 = EDGE_LOOP('',(#10708,#10709,#10715,#10716));
#10708 = ORIENTED_EDGE('',*,*,#6050,.T.);
#10709 = ORIENTED_EDGE('',*,*,#10710,.T.);
#10710 = EDGE_CURVE('',#6051,#7864,#10711,.T.);
#10711 = LINE('',#10712,#10713);
#10712 = CARTESIAN_POINT('',(152.,-48.5969,-4.6E-02));
#10713 = VECTOR('',#10714,1.);
#10714 = DIRECTION('',(0.,0.,1.));
#10715 = ORIENTED_EDGE('',*,*,#7863,.F.);
#10716 = ORIENTED_EDGE('',*,*,#10710,.F.);
#10717 = CYLINDRICAL_SURFACE('',#10718,0.5969);
#10718 = AXIS2_PLACEMENT_3D('',#10719,#10720,#10721);
#10719 = CARTESIAN_POINT('',(152.,-48.,-4.6E-02));
#10720 = DIRECTION('',(-0.,-0.,-1.));
#10721 = DIRECTION('',(-0.,-1.,0.));
#10722 = ADVANCED_FACE('',(#10723),#10734,.F.);
#10723 = FACE_BOUND('',#10724,.T.);
#10724 = EDGE_LOOP('',(#10725,#10726,#10732,#10733));
#10725 = ORIENTED_EDGE('',*,*,#6061,.T.);
#10726 = ORIENTED_EDGE('',*,*,#10727,.T.);
#10727 = EDGE_CURVE('',#6062,#7875,#10728,.T.);
#10728 = LINE('',#10729,#10730);
#10729 = CARTESIAN_POINT('',(157.,-48.5969,-4.6E-02));
#10730 = VECTOR('',#10731,1.);
#10731 = DIRECTION('',(0.,0.,1.));
#10732 = ORIENTED_EDGE('',*,*,#7874,.F.);
#10733 = ORIENTED_EDGE('',*,*,#10727,.F.);
#10734 = CYLINDRICAL_SURFACE('',#10735,0.5969);
#10735 = AXIS2_PLACEMENT_3D('',#10736,#10737,#10738);
#10736 = CARTESIAN_POINT('',(157.,-48.,-4.6E-02));
#10737 = DIRECTION('',(-0.,-0.,-1.));
#10738 = DIRECTION('',(-0.,-1.,0.));
#10739 = ADVANCED_FACE('',(#10740),#10751,.F.);
#10740 = FACE_BOUND('',#10741,.T.);
#10741 = EDGE_LOOP('',(#10742,#10743,#10749,#10750));
#10742 = ORIENTED_EDGE('',*,*,#6072,.T.);
#10743 = ORIENTED_EDGE('',*,*,#10744,.T.);
#10744 = EDGE_CURVE('',#6073,#7886,#10745,.T.);
#10745 = LINE('',#10746,#10747);
#10746 = CARTESIAN_POINT('',(118.5,-44.5969,-4.6E-02));
#10747 = VECTOR('',#10748,1.);
#10748 = DIRECTION('',(0.,0.,1.));
#10749 = ORIENTED_EDGE('',*,*,#7885,.F.);
#10750 = ORIENTED_EDGE('',*,*,#10744,.F.);
#10751 = CYLINDRICAL_SURFACE('',#10752,0.5969);
#10752 = AXIS2_PLACEMENT_3D('',#10753,#10754,#10755);
#10753 = CARTESIAN_POINT('',(118.5,-44.,-4.6E-02));
#10754 = DIRECTION('',(-0.,-0.,-1.));
#10755 = DIRECTION('',(-0.,-1.,0.));
#10756 = ADVANCED_FACE('',(#10757),#10768,.F.);
#10757 = FACE_BOUND('',#10758,.T.);
#10758 = EDGE_LOOP('',(#10759,#10760,#10766,#10767));
#10759 = ORIENTED_EDGE('',*,*,#6083,.T.);
#10760 = ORIENTED_EDGE('',*,*,#10761,.T.);
#10761 = EDGE_CURVE('',#6084,#7897,#10762,.T.);
#10762 = LINE('',#10763,#10764);
#10763 = CARTESIAN_POINT('',(105.5,-39.5969,-4.6E-02));
#10764 = VECTOR('',#10765,1.);
#10765 = DIRECTION('',(0.,0.,1.));
#10766 = ORIENTED_EDGE('',*,*,#7896,.F.);
#10767 = ORIENTED_EDGE('',*,*,#10761,.F.);
#10768 = CYLINDRICAL_SURFACE('',#10769,0.5969);
#10769 = AXIS2_PLACEMENT_3D('',#10770,#10771,#10772);
#10770 = CARTESIAN_POINT('',(105.5,-39.,-4.6E-02));
#10771 = DIRECTION('',(-0.,-0.,-1.));
#10772 = DIRECTION('',(-0.,-1.,0.));
#10773 = ADVANCED_FACE('',(#10774),#10785,.F.);
#10774 = FACE_BOUND('',#10775,.T.);
#10775 = EDGE_LOOP('',(#10776,#10777,#10783,#10784));
#10776 = ORIENTED_EDGE('',*,*,#6094,.T.);
#10777 = ORIENTED_EDGE('',*,*,#10778,.T.);
#10778 = EDGE_CURVE('',#6095,#7908,#10779,.T.);
#10779 = LINE('',#10780,#10781);
#10780 = CARTESIAN_POINT('',(123.5,-44.5969,-4.6E-02));
#10781 = VECTOR('',#10782,1.);
#10782 = DIRECTION('',(0.,0.,1.));
#10783 = ORIENTED_EDGE('',*,*,#7907,.F.);
#10784 = ORIENTED_EDGE('',*,*,#10778,.F.);
#10785 = CYLINDRICAL_SURFACE('',#10786,0.5969);
#10786 = AXIS2_PLACEMENT_3D('',#10787,#10788,#10789);
#10787 = CARTESIAN_POINT('',(123.5,-44.,-4.6E-02));
#10788 = DIRECTION('',(-0.,-0.,-1.));
#10789 = DIRECTION('',(-0.,-1.,0.));
#10790 = ADVANCED_FACE('',(#10791),#10802,.F.);
#10791 = FACE_BOUND('',#10792,.T.);
#10792 = EDGE_LOOP('',(#10793,#10794,#10800,#10801));
#10793 = ORIENTED_EDGE('',*,*,#6105,.T.);
#10794 = ORIENTED_EDGE('',*,*,#10795,.T.);
#10795 = EDGE_CURVE('',#6106,#7919,#10796,.T.);
#10796 = LINE('',#10797,#10798);
#10797 = CARTESIAN_POINT('',(121.,-43.0969,-4.6E-02));
#10798 = VECTOR('',#10799,1.);
#10799 = DIRECTION('',(0.,0.,1.));
#10800 = ORIENTED_EDGE('',*,*,#7918,.F.);
#10801 = ORIENTED_EDGE('',*,*,#10795,.F.);
#10802 = CYLINDRICAL_SURFACE('',#10803,0.5969);
#10803 = AXIS2_PLACEMENT_3D('',#10804,#10805,#10806);
#10804 = CARTESIAN_POINT('',(121.,-42.5,-4.6E-02));
#10805 = DIRECTION('',(-0.,-0.,-1.));
#10806 = DIRECTION('',(-0.,-1.,0.));
#10807 = ADVANCED_FACE('',(#10808),#10819,.F.);
#10808 = FACE_BOUND('',#10809,.T.);
#10809 = EDGE_LOOP('',(#10810,#10811,#10817,#10818));
#10810 = ORIENTED_EDGE('',*,*,#6116,.T.);
#10811 = ORIENTED_EDGE('',*,*,#10812,.T.);
#10812 = EDGE_CURVE('',#6117,#7930,#10813,.T.);
#10813 = LINE('',#10814,#10815);
#10814 = CARTESIAN_POINT('',(109.16,-26.5,-4.6E-02));
#10815 = VECTOR('',#10816,1.);
#10816 = DIRECTION('',(0.,0.,1.));
#10817 = ORIENTED_EDGE('',*,*,#7929,.F.);
#10818 = ORIENTED_EDGE('',*,*,#10812,.F.);
#10819 = CYLINDRICAL_SURFACE('',#10820,0.5);
#10820 = AXIS2_PLACEMENT_3D('',#10821,#10822,#10823);
#10821 = CARTESIAN_POINT('',(109.16,-26.,-4.6E-02));
#10822 = DIRECTION('',(-0.,-0.,-1.));
#10823 = DIRECTION('',(-0.,-1.,0.));
#10824 = ADVANCED_FACE('',(#10825),#10836,.F.);
#10825 = FACE_BOUND('',#10826,.T.);
#10826 = EDGE_LOOP('',(#10827,#10828,#10834,#10835));
#10827 = ORIENTED_EDGE('',*,*,#6127,.T.);
#10828 = ORIENTED_EDGE('',*,*,#10829,.T.);
#10829 = EDGE_CURVE('',#6128,#7941,#10830,.T.);
#10830 = LINE('',#10831,#10832);
#10831 = CARTESIAN_POINT('',(111.7,-26.5,-4.6E-02));
#10832 = VECTOR('',#10833,1.);
#10833 = DIRECTION('',(0.,0.,1.));
#10834 = ORIENTED_EDGE('',*,*,#7940,.F.);
#10835 = ORIENTED_EDGE('',*,*,#10829,.F.);
#10836 = CYLINDRICAL_SURFACE('',#10837,0.5);
#10837 = AXIS2_PLACEMENT_3D('',#10838,#10839,#10840);
#10838 = CARTESIAN_POINT('',(111.7,-26.,-4.6E-02));
#10839 = DIRECTION('',(-0.,-0.,-1.));
#10840 = DIRECTION('',(-0.,-1.,0.));
#10841 = ADVANCED_FACE('',(#10842),#10853,.F.);
#10842 = FACE_BOUND('',#10843,.T.);
#10843 = EDGE_LOOP('',(#10844,#10845,#10851,#10852));
#10844 = ORIENTED_EDGE('',*,*,#6138,.T.);
#10845 = ORIENTED_EDGE('',*,*,#10846,.T.);
#10846 = EDGE_CURVE('',#6139,#7952,#10847,.T.);
#10847 = LINE('',#10848,#10849);
#10848 = CARTESIAN_POINT('',(114.24,-26.5,-4.6E-02));
#10849 = VECTOR('',#10850,1.);
#10850 = DIRECTION('',(0.,0.,1.));
#10851 = ORIENTED_EDGE('',*,*,#7951,.F.);
#10852 = ORIENTED_EDGE('',*,*,#10846,.F.);
#10853 = CYLINDRICAL_SURFACE('',#10854,0.5);
#10854 = AXIS2_PLACEMENT_3D('',#10855,#10856,#10857);
#10855 = CARTESIAN_POINT('',(114.24,-26.,-4.6E-02));
#10856 = DIRECTION('',(-0.,-0.,-1.));
#10857 = DIRECTION('',(-0.,-1.,0.));
#10858 = ADVANCED_FACE('',(#10859),#10870,.F.);
#10859 = FACE_BOUND('',#10860,.T.);
#10860 = EDGE_LOOP('',(#10861,#10862,#10868,#10869));
#10861 = ORIENTED_EDGE('',*,*,#6149,.T.);
#10862 = ORIENTED_EDGE('',*,*,#10863,.T.);
#10863 = EDGE_CURVE('',#6150,#7963,#10864,.T.);
#10864 = LINE('',#10865,#10866);
#10865 = CARTESIAN_POINT('',(116.78,-26.5,-4.6E-02));
#10866 = VECTOR('',#10867,1.);
#10867 = DIRECTION('',(0.,0.,1.));
#10868 = ORIENTED_EDGE('',*,*,#7962,.F.);
#10869 = ORIENTED_EDGE('',*,*,#10863,.F.);
#10870 = CYLINDRICAL_SURFACE('',#10871,0.5);
#10871 = AXIS2_PLACEMENT_3D('',#10872,#10873,#10874);
#10872 = CARTESIAN_POINT('',(116.78,-26.,-4.6E-02));
#10873 = DIRECTION('',(-0.,-0.,-1.));
#10874 = DIRECTION('',(-0.,-1.,0.));
#10875 = ADVANCED_FACE('',(#10876),#10887,.F.);
#10876 = FACE_BOUND('',#10877,.T.);
#10877 = EDGE_LOOP('',(#10878,#10879,#10885,#10886));
#10878 = ORIENTED_EDGE('',*,*,#6160,.T.);
#10879 = ORIENTED_EDGE('',*,*,#10880,.T.);
#10880 = EDGE_CURVE('',#6161,#7974,#10881,.T.);
#10881 = LINE('',#10882,#10883);
#10882 = CARTESIAN_POINT('',(137.4,-39.45,-4.6E-02));
#10883 = VECTOR('',#10884,1.);
#10884 = DIRECTION('',(0.,0.,1.));
#10885 = ORIENTED_EDGE('',*,*,#7973,.F.);
#10886 = ORIENTED_EDGE('',*,*,#10880,.F.);
#10887 = CYLINDRICAL_SURFACE('',#10888,1.75);
#10888 = AXIS2_PLACEMENT_3D('',#10889,#10890,#10891);
#10889 = CARTESIAN_POINT('',(137.4,-37.7,-4.6E-02));
#10890 = DIRECTION('',(-0.,-0.,-1.));
#10891 = DIRECTION('',(-0.,-1.,0.));
#10892 = ADVANCED_FACE('',(#10893),#10904,.F.);
#10893 = FACE_BOUND('',#10894,.T.);
#10894 = EDGE_LOOP('',(#10895,#10896,#10902,#10903));
#10895 = ORIENTED_EDGE('',*,*,#6171,.T.);
#10896 = ORIENTED_EDGE('',*,*,#10897,.T.);
#10897 = EDGE_CURVE('',#6172,#7985,#10898,.T.);
#10898 = LINE('',#10899,#10900);
#10899 = CARTESIAN_POINT('',(154.5,-47.0969,-4.6E-02));
#10900 = VECTOR('',#10901,1.);
#10901 = DIRECTION('',(0.,0.,1.));
#10902 = ORIENTED_EDGE('',*,*,#7984,.F.);
#10903 = ORIENTED_EDGE('',*,*,#10897,.F.);
#10904 = CYLINDRICAL_SURFACE('',#10905,0.5969);
#10905 = AXIS2_PLACEMENT_3D('',#10906,#10907,#10908);
#10906 = CARTESIAN_POINT('',(154.5,-46.5,-4.6E-02));
#10907 = DIRECTION('',(-0.,-0.,-1.));
#10908 = DIRECTION('',(-0.,-1.,0.));
#10909 = ADVANCED_FACE('',(#10910),#10921,.F.);
#10910 = FACE_BOUND('',#10911,.T.);
#10911 = EDGE_LOOP('',(#10912,#10913,#10919,#10920));
#10912 = ORIENTED_EDGE('',*,*,#6182,.T.);
#10913 = ORIENTED_EDGE('',*,*,#10914,.T.);
#10914 = EDGE_CURVE('',#6183,#7996,#10915,.T.);
#10915 = LINE('',#10916,#10917);
#10916 = CARTESIAN_POINT('',(155.38,-35.5,-4.6E-02));
#10917 = VECTOR('',#10918,1.);
#10918 = DIRECTION('',(0.,0.,1.));
#10919 = ORIENTED_EDGE('',*,*,#7995,.F.);
#10920 = ORIENTED_EDGE('',*,*,#10914,.F.);
#10921 = CYLINDRICAL_SURFACE('',#10922,0.5);
#10922 = AXIS2_PLACEMENT_3D('',#10923,#10924,#10925);
#10923 = CARTESIAN_POINT('',(155.38,-35.,-4.6E-02));
#10924 = DIRECTION('',(-0.,-0.,-1.));
#10925 = DIRECTION('',(-0.,-1.,0.));
#10926 = ADVANCED_FACE('',(#10927),#10938,.F.);
#10927 = FACE_BOUND('',#10928,.T.);
#10928 = EDGE_LOOP('',(#10929,#10930,#10936,#10937));
#10929 = ORIENTED_EDGE('',*,*,#6193,.T.);
#10930 = ORIENTED_EDGE('',*,*,#10931,.T.);
#10931 = EDGE_CURVE('',#6194,#8007,#10932,.T.);
#10932 = LINE('',#10933,#10934);
#10933 = CARTESIAN_POINT('',(157.92,-35.5,-4.6E-02));
#10934 = VECTOR('',#10935,1.);
#10935 = DIRECTION('',(0.,0.,1.));
#10936 = ORIENTED_EDGE('',*,*,#8006,.F.);
#10937 = ORIENTED_EDGE('',*,*,#10931,.F.);
#10938 = CYLINDRICAL_SURFACE('',#10939,0.5);
#10939 = AXIS2_PLACEMENT_3D('',#10940,#10941,#10942);
#10940 = CARTESIAN_POINT('',(157.92,-35.,-4.6E-02));
#10941 = DIRECTION('',(-0.,-0.,-1.));
#10942 = DIRECTION('',(-0.,-1.,0.));
#10943 = ADVANCED_FACE('',(#10944),#10955,.F.);
#10944 = FACE_BOUND('',#10945,.T.);
#10945 = EDGE_LOOP('',(#10946,#10947,#10953,#10954));
#10946 = ORIENTED_EDGE('',*,*,#6204,.T.);
#10947 = ORIENTED_EDGE('',*,*,#10948,.T.);
#10948 = EDGE_CURVE('',#6205,#8018,#10949,.T.);
#10949 = LINE('',#10950,#10951);
#10950 = CARTESIAN_POINT('',(160.46,-35.5,-4.6E-02));
#10951 = VECTOR('',#10952,1.);
#10952 = DIRECTION('',(0.,0.,1.));
#10953 = ORIENTED_EDGE('',*,*,#8017,.F.);
#10954 = ORIENTED_EDGE('',*,*,#10948,.F.);
#10955 = CYLINDRICAL_SURFACE('',#10956,0.5);
#10956 = AXIS2_PLACEMENT_3D('',#10957,#10958,#10959);
#10957 = CARTESIAN_POINT('',(160.46,-35.,-4.6E-02));
#10958 = DIRECTION('',(-0.,-0.,-1.));
#10959 = DIRECTION('',(-0.,-1.,0.));
#10960 = ADVANCED_FACE('',(#10961),#10972,.F.);
#10961 = FACE_BOUND('',#10962,.T.);
#10962 = EDGE_LOOP('',(#10963,#10964,#10970,#10971));
#10963 = ORIENTED_EDGE('',*,*,#6215,.T.);
#10964 = ORIENTED_EDGE('',*,*,#10965,.T.);
#10965 = EDGE_CURVE('',#6216,#8029,#10966,.T.);
#10966 = LINE('',#10967,#10968);
#10967 = CARTESIAN_POINT('',(163.,-35.5,-4.6E-02));
#10968 = VECTOR('',#10969,1.);
#10969 = DIRECTION('',(0.,0.,1.));
#10970 = ORIENTED_EDGE('',*,*,#8028,.F.);
#10971 = ORIENTED_EDGE('',*,*,#10965,.F.);
#10972 = CYLINDRICAL_SURFACE('',#10973,0.5);
#10973 = AXIS2_PLACEMENT_3D('',#10974,#10975,#10976);
#10974 = CARTESIAN_POINT('',(163.,-35.,-4.6E-02));
#10975 = DIRECTION('',(-0.,-0.,-1.));
#10976 = DIRECTION('',(-0.,-1.,0.));
#10977 = ( GEOMETRIC_REPRESENTATION_CONTEXT(3) 
GLOBAL_UNCERTAINTY_ASSIGNED_CONTEXT((#10981)) 
GLOBAL_UNIT_ASSIGNED_CONTEXT((#10978,#10979,#10980)) 
REPRESENTATION_CONTEXT('Context #1',
  '3D Context with UNIT and UNCERTAINTY') );
#10978 = ( LENGTH_UNIT() NAMED_UNIT(*) SI_UNIT(.MILLI.,.METRE.) );
#10979 = ( NAMED_UNIT(*) PLANE_ANGLE_UNIT() SI_UNIT($,.RADIAN.) );
#10980 = ( NAMED_UNIT(*) SI_UNIT($,.STERADIAN.) SOLID_ANGLE_UNIT() );
#10981 = UNCERTAINTY_MEASURE_WITH_UNIT(LENGTH_MEASURE(1.E-07),#10978,
  'distance_accuracy_value','confusion accuracy');
#10982 = CONTEXT_DEPENDENT_SHAPE_REPRESENTATION(#10983,#10985);
#10983 = ( REPRESENTATION_RELATIONSHIP('','',#4308,#10) 
REPRESENTATION_RELATIONSHIP_WITH_TRANSFORMATION(#10984) 
SHAPE_REPRESENTATION_RELATIONSHIP() );
#10984 = ITEM_DEFINED_TRANSFORMATION('','',#11,#47);
#10985 = PRODUCT_DEFINITION_SHAPE('Placement','Placement of an item',
  #10986);
#10986 = NEXT_ASSEMBLY_USAGE_OCCURRENCE('9','=>[0:1:1:4]','',#5,#4303,$
  );
#10987 = PRODUCT_RELATED_PRODUCT_CATEGORY('part',$,(#4305));
#10988 = MECHANICAL_DESIGN_GEOMETRIC_PRESENTATION_REPRESENTATION('',(
    #10989,#10997,#11004,#11011,#11018,#11025,#11032,#11039,#11047,
    #11054,#11061,#11068,#11075,#11082,#11090,#11097,#11104,#11111,
    #11118,#11125,#11132,#11139,#11146,#11153,#11160,#11167),#4290);
#10989 = STYLED_ITEM('color',(#10990),#3502);
#10990 = PRESENTATION_STYLE_ASSIGNMENT((#10991));
#10991 = SURFACE_STYLE_USAGE(.BOTH.,#10992);
#10992 = SURFACE_SIDE_STYLE('',(#10993));
#10993 = SURFACE_STYLE_FILL_AREA(#10994);
#10994 = FILL_AREA_STYLE('',(#10995));
#10995 = FILL_AREA_STYLE_COLOUR('',#10996);
#10996 = COLOUR_RGB('',0.823999987314,0.819999987296,0.781000009244);
#10997 = STYLED_ITEM('color',(#10998),#3542);
#10998 = PRESENTATION_STYLE_ASSIGNMENT((#10999));
#10999 = SURFACE_STYLE_USAGE(.BOTH.,#11000);
#11000 = SURFACE_SIDE_STYLE('',(#11001));
#11001 = SURFACE_STYLE_FILL_AREA(#11002);
#11002 = FILL_AREA_STYLE('',(#11003));
#11003 = FILL_AREA_STYLE_COLOUR('',#10996);
#11004 = STYLED_ITEM('color',(#11005),#3625);
#11005 = PRESENTATION_STYLE_ASSIGNMENT((#11006));
#11006 = SURFACE_STYLE_USAGE(.BOTH.,#11007);
#11007 = SURFACE_SIDE_STYLE('',(#11008));
#11008 = SURFACE_STYLE_FILL_AREA(#11009);
#11009 = FILL_AREA_STYLE('',(#11010));
#11010 = FILL_AREA_STYLE_COLOUR('',#10996);
#11011 = STYLED_ITEM('color',(#11012),#3650);
#11012 = PRESENTATION_STYLE_ASSIGNMENT((#11013));
#11013 = SURFACE_STYLE_USAGE(.BOTH.,#11014);
#11014 = SURFACE_SIDE_STYLE('',(#11015));
#11015 = SURFACE_STYLE_FILL_AREA(#11016);
#11016 = FILL_AREA_STYLE('',(#11017));
#11017 = FILL_AREA_STYLE_COLOUR('',#10996);
#11018 = STYLED_ITEM('color',(#11019),#3675);
#11019 = PRESENTATION_STYLE_ASSIGNMENT((#11020));
#11020 = SURFACE_STYLE_USAGE(.BOTH.,#11021);
#11021 = SURFACE_SIDE_STYLE('',(#11022));
#11022 = SURFACE_STYLE_FILL_AREA(#11023);
#11023 = FILL_AREA_STYLE('',(#11024));
#11024 = FILL_AREA_STYLE_COLOUR('',#10996);
#11025 = STYLED_ITEM('color',(#11026),#3742);
#11026 = PRESENTATION_STYLE_ASSIGNMENT((#11027));
#11027 = SURFACE_STYLE_USAGE(.BOTH.,#11028);
#11028 = SURFACE_SIDE_STYLE('',(#11029));
#11029 = SURFACE_STYLE_FILL_AREA(#11030);
#11030 = FILL_AREA_STYLE('',(#11031));
#11031 = FILL_AREA_STYLE_COLOUR('',#10996);
#11032 = STYLED_ITEM('color',(#11033),#3759);
#11033 = PRESENTATION_STYLE_ASSIGNMENT((#11034));
#11034 = SURFACE_STYLE_USAGE(.BOTH.,#11035);
#11035 = SURFACE_SIDE_STYLE('',(#11036));
#11036 = SURFACE_STYLE_FILL_AREA(#11037);
#11037 = FILL_AREA_STYLE('',(#11038));
#11038 = FILL_AREA_STYLE_COLOUR('',#10996);
#11039 = STYLED_ITEM('color',(#11040),#3776);
#11040 = PRESENTATION_STYLE_ASSIGNMENT((#11041));
#11041 = SURFACE_STYLE_USAGE(.BOTH.,#11042);
#11042 = SURFACE_SIDE_STYLE('',(#11043));
#11043 = SURFACE_STYLE_FILL_AREA(#11044);
#11044 = FILL_AREA_STYLE('',(#11045));
#11045 = FILL_AREA_STYLE_COLOUR('',#11046);
#11046 = COLOUR_RGB('',0.894999966383,0.890999961016,0.813000030345);
#11047 = STYLED_ITEM('color',(#11048),#3825);
#11048 = PRESENTATION_STYLE_ASSIGNMENT((#11049));
#11049 = SURFACE_STYLE_USAGE(.BOTH.,#11050);
#11050 = SURFACE_SIDE_STYLE('',(#11051));
#11051 = SURFACE_STYLE_FILL_AREA(#11052);
#11052 = FILL_AREA_STYLE('',(#11053));
#11053 = FILL_AREA_STYLE_COLOUR('',#10996);
#11054 = STYLED_ITEM('color',(#11055),#3842);
#11055 = PRESENTATION_STYLE_ASSIGNMENT((#11056));
#11056 = SURFACE_STYLE_USAGE(.BOTH.,#11057);
#11057 = SURFACE_SIDE_STYLE('',(#11058));
#11058 = SURFACE_STYLE_FILL_AREA(#11059);
#11059 = FILL_AREA_STYLE('',(#11060));
#11060 = FILL_AREA_STYLE_COLOUR('',#10996);
#11061 = STYLED_ITEM('color',(#11062),#3859);
#11062 = PRESENTATION_STYLE_ASSIGNMENT((#11063));
#11063 = SURFACE_STYLE_USAGE(.BOTH.,#11064);
#11064 = SURFACE_SIDE_STYLE('',(#11065));
#11065 = SURFACE_STYLE_FILL_AREA(#11066);
#11066 = FILL_AREA_STYLE('',(#11067));
#11067 = FILL_AREA_STYLE_COLOUR('',#11046);
#11068 = STYLED_ITEM('color',(#11069),#3908);
#11069 = PRESENTATION_STYLE_ASSIGNMENT((#11070));
#11070 = SURFACE_STYLE_USAGE(.BOTH.,#11071);
#11071 = SURFACE_SIDE_STYLE('',(#11072));
#11072 = SURFACE_STYLE_FILL_AREA(#11073);
#11073 = FILL_AREA_STYLE('',(#11074));
#11074 = FILL_AREA_STYLE_COLOUR('',#11046);
#11075 = STYLED_ITEM('color',(#11076),#3925);
#11076 = PRESENTATION_STYLE_ASSIGNMENT((#11077));
#11077 = SURFACE_STYLE_USAGE(.BOTH.,#11078);
#11078 = SURFACE_SIDE_STYLE('',(#11079));
#11079 = SURFACE_STYLE_FILL_AREA(#11080);
#11080 = FILL_AREA_STYLE('',(#11081));
#11081 = FILL_AREA_STYLE_COLOUR('',#10996);
#11082 = STYLED_ITEM('color',(#11083),#3994);
#11083 = PRESENTATION_STYLE_ASSIGNMENT((#11084));
#11084 = SURFACE_STYLE_USAGE(.BOTH.,#11085);
#11085 = SURFACE_SIDE_STYLE('',(#11086));
#11086 = SURFACE_STYLE_FILL_AREA(#11087);
#11087 = FILL_AREA_STYLE('',(#11088));
#11088 = FILL_AREA_STYLE_COLOUR('',#11089);
#11089 = COLOUR_RGB('',8.200000279077E-02,8.600000121357E-02,
  9.399999706163E-02);
#11090 = STYLED_ITEM('color',(#11091),#4025);
#11091 = PRESENTATION_STYLE_ASSIGNMENT((#11092));
#11092 = SURFACE_STYLE_USAGE(.BOTH.,#11093);
#11093 = SURFACE_SIDE_STYLE('',(#11094));
#11094 = SURFACE_STYLE_FILL_AREA(#11095);
#11095 = FILL_AREA_STYLE('',(#11096));
#11096 = FILL_AREA_STYLE_COLOUR('',#11089);
#11097 = STYLED_ITEM('color',(#11098),#4049);
#11098 = PRESENTATION_STYLE_ASSIGNMENT((#11099));
#11099 = SURFACE_STYLE_USAGE(.BOTH.,#11100);
#11100 = SURFACE_SIDE_STYLE('',(#11101));
#11101 = SURFACE_STYLE_FILL_AREA(#11102);
#11102 = FILL_AREA_STYLE('',(#11103));
#11103 = FILL_AREA_STYLE_COLOUR('',#10996);
#11104 = STYLED_ITEM('color',(#11105),#4118);
#11105 = PRESENTATION_STYLE_ASSIGNMENT((#11106));
#11106 = SURFACE_STYLE_USAGE(.BOTH.,#11107);
#11107 = SURFACE_SIDE_STYLE('',(#11108));
#11108 = SURFACE_STYLE_FILL_AREA(#11109);
#11109 = FILL_AREA_STYLE('',(#11110));
#11110 = FILL_AREA_STYLE_COLOUR('',#11089);
#11111 = STYLED_ITEM('color',(#11112),#4142);
#11112 = PRESENTATION_STYLE_ASSIGNMENT((#11113));
#11113 = SURFACE_STYLE_USAGE(.BOTH.,#11114);
#11114 = SURFACE_SIDE_STYLE('',(#11115));
#11115 = SURFACE_STYLE_FILL_AREA(#11116);
#11116 = FILL_AREA_STYLE('',(#11117));
#11117 = FILL_AREA_STYLE_COLOUR('',#10996);
#11118 = STYLED_ITEM('color',(#11119),#4159);
#11119 = PRESENTATION_STYLE_ASSIGNMENT((#11120));
#11120 = SURFACE_STYLE_USAGE(.BOTH.,#11121);
#11121 = SURFACE_SIDE_STYLE('',(#11122));
#11122 = SURFACE_STYLE_FILL_AREA(#11123);
#11123 = FILL_AREA_STYLE('',(#11124));
#11124 = FILL_AREA_STYLE_COLOUR('',#10996);
#11125 = STYLED_ITEM('color',(#11126),#4176);
#11126 = PRESENTATION_STYLE_ASSIGNMENT((#11127));
#11127 = SURFACE_STYLE_USAGE(.BOTH.,#11128);
#11128 = SURFACE_SIDE_STYLE('',(#11129));
#11129 = SURFACE_STYLE_FILL_AREA(#11130);
#11130 = FILL_AREA_STYLE('',(#11131));
#11131 = FILL_AREA_STYLE_COLOUR('',#10996);
#11132 = STYLED_ITEM('color',(#11133),#4193);
#11133 = PRESENTATION_STYLE_ASSIGNMENT((#11134));
#11134 = SURFACE_STYLE_USAGE(.BOTH.,#11135);
#11135 = SURFACE_SIDE_STYLE('',(#11136));
#11136 = SURFACE_STYLE_FILL_AREA(#11137);
#11137 = FILL_AREA_STYLE('',(#11138));
#11138 = FILL_AREA_STYLE_COLOUR('',#10996);
#11139 = STYLED_ITEM('color',(#11140),#4210);
#11140 = PRESENTATION_STYLE_ASSIGNMENT((#11141));
#11141 = SURFACE_STYLE_USAGE(.BOTH.,#11142);
#11142 = SURFACE_SIDE_STYLE('',(#11143));
#11143 = SURFACE_STYLE_FILL_AREA(#11144);
#11144 = FILL_AREA_STYLE('',(#11145));
#11145 = FILL_AREA_STYLE_COLOUR('',#10996);
#11146 = STYLED_ITEM('color',(#11147),#4227);
#11147 = PRESENTATION_STYLE_ASSIGNMENT((#11148));
#11148 = SURFACE_STYLE_USAGE(.BOTH.,#11149);
#11149 = SURFACE_SIDE_STYLE('',(#11150));
#11150 = SURFACE_STYLE_FILL_AREA(#11151);
#11151 = FILL_AREA_STYLE('',(#11152));
#11152 = FILL_AREA_STYLE_COLOUR('',#10996);
#11153 = STYLED_ITEM('color',(#11154),#4244);
#11154 = PRESENTATION_STYLE_ASSIGNMENT((#11155));
#11155 = SURFACE_STYLE_USAGE(.BOTH.,#11156);
#11156 = SURFACE_SIDE_STYLE('',(#11157));
#11157 = SURFACE_STYLE_FILL_AREA(#11158);
#11158 = FILL_AREA_STYLE('',(#11159));
#11159 = FILL_AREA_STYLE_COLOUR('',#10996);
#11160 = STYLED_ITEM('color',(#11161),#4261);
#11161 = PRESENTATION_STYLE_ASSIGNMENT((#11162));
#11162 = SURFACE_STYLE_USAGE(.BOTH.,#11163);
#11163 = SURFACE_SIDE_STYLE('',(#11164));
#11164 = SURFACE_STYLE_FILL_AREA(#11165);
#11165 = FILL_AREA_STYLE('',(#11166));
#11166 = FILL_AREA_STYLE_COLOUR('',#11089);
#11167 = STYLED_ITEM('color',(#11168),#4278);
#11168 = PRESENTATION_STYLE_ASSIGNMENT((#11169));
#11169 = SURFACE_STYLE_USAGE(.BOTH.,#11170);
#11170 = SURFACE_SIDE_STYLE('',(#11171));
#11171 = SURFACE_STYLE_FILL_AREA(#11172);
#11172 = FILL_AREA_STYLE('',(#11173));
#11173 = FILL_AREA_STYLE_COLOUR('',#11089);
#11174 = MECHANICAL_DESIGN_GEOMETRIC_PRESENTATION_REPRESENTATION('',(
    #11175,#11185,#11194,#11203,#11212,#11221,#11230,#11239,#11248,
    #11258,#11267,#11276,#11285,#11294,#11303,#11312,#11321,#11330,
    #11339,#11348,#11357,#11366,#11375,#11384,#11393,#11402,#11411,
    #11420,#11429,#11438,#11447,#11456,#11465,#11474,#11483,#11492,
    #11501,#11510,#11519,#11528,#11537,#11546,#11555,#11564,#11573,
    #11582,#11591,#11600,#11609,#11618,#11627,#11636,#11645,#11654,
    #11663,#11672,#11681,#11690,#11699,#11708,#11717,#11726,#11735,
    #11744,#11753,#11762,#11771,#11780,#11789,#11798,#11807,#11816,
    #11825,#11834,#11843,#11852,#11861,#11870,#11879,#11888,#11897,
    #11906,#11915,#11924,#11933,#11942,#11951,#11960,#11969,#11978,
    #11987,#11996,#12005,#12014,#12023,#12032,#12041,#12050,#12059,
    #12068,#12077,#12086,#12095,#12104,#12113,#12122,#12131,#12140,
    #12149,#12158,#12167,#12176,#12185,#12194,#12203,#12212,#12221,
    #12230,#12239,#12248,#12257,#12266,#12275,#12284,#12293,#12302,
    #12311,#12320,#12329,#12338,#12347,#12356,#12365,#12374,#12383,
    #12392,#12401,#12410,#12419,#12428,#12437,#12446,#12455,#12464,
    #12473,#12482),#3451);
#11175 = STYLED_ITEM('color',(#11176),#67);
#11176 = PRESENTATION_STYLE_ASSIGNMENT((#11177,#11183));
#11177 = SURFACE_STYLE_USAGE(.BOTH.,#11178);
#11178 = SURFACE_SIDE_STYLE('',(#11179));
#11179 = SURFACE_STYLE_FILL_AREA(#11180);
#11180 = FILL_AREA_STYLE('',(#11181));
#11181 = FILL_AREA_STYLE_COLOUR('',#11182);
#11182 = COLOUR_RGB('',0.147999998088,0.145000001626,0.145000001626);
#11183 = CURVE_STYLE('',#11184,POSITIVE_LENGTH_MEASURE(0.1),#11182);
#11184 = DRAUGHTING_PRE_DEFINED_CURVE_FONT('continuous');
#11185 = STYLED_ITEM('color',(#11186),#107);
#11186 = PRESENTATION_STYLE_ASSIGNMENT((#11187,#11192));
#11187 = SURFACE_STYLE_USAGE(.BOTH.,#11188);
#11188 = SURFACE_SIDE_STYLE('',(#11189));
#11189 = SURFACE_STYLE_FILL_AREA(#11190);
#11190 = FILL_AREA_STYLE('',(#11191));
#11191 = FILL_AREA_STYLE_COLOUR('',#11182);
#11192 = CURVE_STYLE('',#11193,POSITIVE_LENGTH_MEASURE(0.1),#11182);
#11193 = DRAUGHTING_PRE_DEFINED_CURVE_FONT('continuous');
#11194 = STYLED_ITEM('color',(#11195),#170);
#11195 = PRESENTATION_STYLE_ASSIGNMENT((#11196,#11201));
#11196 = SURFACE_STYLE_USAGE(.BOTH.,#11197);
#11197 = SURFACE_SIDE_STYLE('',(#11198));
#11198 = SURFACE_STYLE_FILL_AREA(#11199);
#11199 = FILL_AREA_STYLE('',(#11200));
#11200 = FILL_AREA_STYLE_COLOUR('',#11182);
#11201 = CURVE_STYLE('',#11202,POSITIVE_LENGTH_MEASURE(0.1),#11182);
#11202 = DRAUGHTING_PRE_DEFINED_CURVE_FONT('continuous');
#11203 = STYLED_ITEM('color',(#11204),#233);
#11204 = PRESENTATION_STYLE_ASSIGNMENT((#11205,#11210));
#11205 = SURFACE_STYLE_USAGE(.BOTH.,#11206);
#11206 = SURFACE_SIDE_STYLE('',(#11207));
#11207 = SURFACE_STYLE_FILL_AREA(#11208);
#11208 = FILL_AREA_STYLE('',(#11209));
#11209 = FILL_AREA_STYLE_COLOUR('',#11182);
#11210 = CURVE_STYLE('',#11211,POSITIVE_LENGTH_MEASURE(0.1),#11182);
#11211 = DRAUGHTING_PRE_DEFINED_CURVE_FONT('continuous');
#11212 = STYLED_ITEM('color',(#11213),#250);
#11213 = PRESENTATION_STYLE_ASSIGNMENT((#11214,#11219));
#11214 = SURFACE_STYLE_USAGE(.BOTH.,#11215);
#11215 = SURFACE_SIDE_STYLE('',(#11216));
#11216 = SURFACE_STYLE_FILL_AREA(#11217);
#11217 = FILL_AREA_STYLE('',(#11218));
#11218 = FILL_AREA_STYLE_COLOUR('',#11182);
#11219 = CURVE_STYLE('',#11220,POSITIVE_LENGTH_MEASURE(0.1),#11182);
#11220 = DRAUGHTING_PRE_DEFINED_CURVE_FONT('continuous');
#11221 = STYLED_ITEM('color',(#11222),#403);
#11222 = PRESENTATION_STYLE_ASSIGNMENT((#11223,#11228));
#11223 = SURFACE_STYLE_USAGE(.BOTH.,#11224);
#11224 = SURFACE_SIDE_STYLE('',(#11225));
#11225 = SURFACE_STYLE_FILL_AREA(#11226);
#11226 = FILL_AREA_STYLE('',(#11227));
#11227 = FILL_AREA_STYLE_COLOUR('',#11182);
#11228 = CURVE_STYLE('',#11229,POSITIVE_LENGTH_MEASURE(0.1),#11182);
#11229 = DRAUGHTING_PRE_DEFINED_CURVE_FONT('continuous');
#11230 = STYLED_ITEM('color',(#11231),#425);
#11231 = PRESENTATION_STYLE_ASSIGNMENT((#11232,#11237));
#11232 = SURFACE_STYLE_USAGE(.BOTH.,#11233);
#11233 = SURFACE_SIDE_STYLE('',(#11234));
#11234 = SURFACE_STYLE_FILL_AREA(#11235);
#11235 = FILL_AREA_STYLE('',(#11236));
#11236 = FILL_AREA_STYLE_COLOUR('',#11182);
#11237 = CURVE_STYLE('',#11238,POSITIVE_LENGTH_MEASURE(0.1),#11182);
#11238 = DRAUGHTING_PRE_DEFINED_CURVE_FONT('continuous');
#11239 = STYLED_ITEM('color',(#11240),#442);
#11240 = PRESENTATION_STYLE_ASSIGNMENT((#11241,#11246));
#11241 = SURFACE_STYLE_USAGE(.BOTH.,#11242);
#11242 = SURFACE_SIDE_STYLE('',(#11243));
#11243 = SURFACE_STYLE_FILL_AREA(#11244);
#11244 = FILL_AREA_STYLE('',(#11245));
#11245 = FILL_AREA_STYLE_COLOUR('',#11182);
#11246 = CURVE_STYLE('',#11247,POSITIVE_LENGTH_MEASURE(0.1),#11182);
#11247 = DRAUGHTING_PRE_DEFINED_CURVE_FONT('continuous');
#11248 = OVER_RIDING_STYLED_ITEM('overriding color',(#11249),#475,#11239
  );
#11249 = PRESENTATION_STYLE_ASSIGNMENT((#11250,#11256));
#11250 = SURFACE_STYLE_USAGE(.BOTH.,#11251);
#11251 = SURFACE_SIDE_STYLE('',(#11252));
#11252 = SURFACE_STYLE_FILL_AREA(#11253);
#11253 = FILL_AREA_STYLE('',(#11254));
#11254 = FILL_AREA_STYLE_COLOUR('',#11255);
#11255 = COLOUR_RGB('',0.858999988747,0.738000004258,0.496000005009);
#11256 = CURVE_STYLE('',#11257,POSITIVE_LENGTH_MEASURE(0.1),#11255);
#11257 = DRAUGHTING_PRE_DEFINED_CURVE_FONT('continuous');
#11258 = OVER_RIDING_STYLED_ITEM('overriding color',(#11259),#507,#11239
  );
#11259 = PRESENTATION_STYLE_ASSIGNMENT((#11260,#11265));
#11260 = SURFACE_STYLE_USAGE(.BOTH.,#11261);
#11261 = SURFACE_SIDE_STYLE('',(#11262));
#11262 = SURFACE_STYLE_FILL_AREA(#11263);
#11263 = FILL_AREA_STYLE('',(#11264));
#11264 = FILL_AREA_STYLE_COLOUR('',#11255);
#11265 = CURVE_STYLE('',#11266,POSITIVE_LENGTH_MEASURE(0.1),#11255);
#11266 = DRAUGHTING_PRE_DEFINED_CURVE_FONT('continuous');
#11267 = OVER_RIDING_STYLED_ITEM('overriding color',(#11268),#541,#11239
  );
#11268 = PRESENTATION_STYLE_ASSIGNMENT((#11269,#11274));
#11269 = SURFACE_STYLE_USAGE(.BOTH.,#11270);
#11270 = SURFACE_SIDE_STYLE('',(#11271));
#11271 = SURFACE_STYLE_FILL_AREA(#11272);
#11272 = FILL_AREA_STYLE('',(#11273));
#11273 = FILL_AREA_STYLE_COLOUR('',#11255);
#11274 = CURVE_STYLE('',#11275,POSITIVE_LENGTH_MEASURE(0.1),#11255);
#11275 = DRAUGHTING_PRE_DEFINED_CURVE_FONT('continuous');
#11276 = OVER_RIDING_STYLED_ITEM('overriding color',(#11277),#573,#11239
  );
#11277 = PRESENTATION_STYLE_ASSIGNMENT((#11278,#11283));
#11278 = SURFACE_STYLE_USAGE(.BOTH.,#11279);
#11279 = SURFACE_SIDE_STYLE('',(#11280));
#11280 = SURFACE_STYLE_FILL_AREA(#11281);
#11281 = FILL_AREA_STYLE('',(#11282));
#11282 = FILL_AREA_STYLE_COLOUR('',#11255);
#11283 = CURVE_STYLE('',#11284,POSITIVE_LENGTH_MEASURE(0.1),#11255);
#11284 = DRAUGHTING_PRE_DEFINED_CURVE_FONT('continuous');
#11285 = OVER_RIDING_STYLED_ITEM('overriding color',(#11286),#607,#11239
  );
#11286 = PRESENTATION_STYLE_ASSIGNMENT((#11287,#11292));
#11287 = SURFACE_STYLE_USAGE(.BOTH.,#11288);
#11288 = SURFACE_SIDE_STYLE('',(#11289));
#11289 = SURFACE_STYLE_FILL_AREA(#11290);
#11290 = FILL_AREA_STYLE('',(#11291));
#11291 = FILL_AREA_STYLE_COLOUR('',#11255);
#11292 = CURVE_STYLE('',#11293,POSITIVE_LENGTH_MEASURE(0.1),#11255);
#11293 = DRAUGHTING_PRE_DEFINED_CURVE_FONT('continuous');
#11294 = OVER_RIDING_STYLED_ITEM('overriding color',(#11295),#639,#11239
  );
#11295 = PRESENTATION_STYLE_ASSIGNMENT((#11296,#11301));
#11296 = SURFACE_STYLE_USAGE(.BOTH.,#11297);
#11297 = SURFACE_SIDE_STYLE('',(#11298));
#11298 = SURFACE_STYLE_FILL_AREA(#11299);
#11299 = FILL_AREA_STYLE('',(#11300));
#11300 = FILL_AREA_STYLE_COLOUR('',#11255);
#11301 = CURVE_STYLE('',#11302,POSITIVE_LENGTH_MEASURE(0.1),#11255);
#11302 = DRAUGHTING_PRE_DEFINED_CURVE_FONT('continuous');
#11303 = OVER_RIDING_STYLED_ITEM('overriding color',(#11304),#673,#11239
  );
#11304 = PRESENTATION_STYLE_ASSIGNMENT((#11305,#11310));
#11305 = SURFACE_STYLE_USAGE(.BOTH.,#11306);
#11306 = SURFACE_SIDE_STYLE('',(#11307));
#11307 = SURFACE_STYLE_FILL_AREA(#11308);
#11308 = FILL_AREA_STYLE('',(#11309));
#11309 = FILL_AREA_STYLE_COLOUR('',#11255);
#11310 = CURVE_STYLE('',#11311,POSITIVE_LENGTH_MEASURE(0.1),#11255);
#11311 = DRAUGHTING_PRE_DEFINED_CURVE_FONT('continuous');
#11312 = OVER_RIDING_STYLED_ITEM('overriding color',(#11313),#705,#11239
  );
#11313 = PRESENTATION_STYLE_ASSIGNMENT((#11314,#11319));
#11314 = SURFACE_STYLE_USAGE(.BOTH.,#11315);
#11315 = SURFACE_SIDE_STYLE('',(#11316));
#11316 = SURFACE_STYLE_FILL_AREA(#11317);
#11317 = FILL_AREA_STYLE('',(#11318));
#11318 = FILL_AREA_STYLE_COLOUR('',#11255);
#11319 = CURVE_STYLE('',#11320,POSITIVE_LENGTH_MEASURE(0.1),#11255);
#11320 = DRAUGHTING_PRE_DEFINED_CURVE_FONT('continuous');
#11321 = STYLED_ITEM('color',(#11322),#723);
#11322 = PRESENTATION_STYLE_ASSIGNMENT((#11323,#11328));
#11323 = SURFACE_STYLE_USAGE(.BOTH.,#11324);
#11324 = SURFACE_SIDE_STYLE('',(#11325));
#11325 = SURFACE_STYLE_FILL_AREA(#11326);
#11326 = FILL_AREA_STYLE('',(#11327));
#11327 = FILL_AREA_STYLE_COLOUR('',#11182);
#11328 = CURVE_STYLE('',#11329,POSITIVE_LENGTH_MEASURE(0.1),#11182);
#11329 = DRAUGHTING_PRE_DEFINED_CURVE_FONT('continuous');
#11330 = STYLED_ITEM('color',(#11331),#735);
#11331 = PRESENTATION_STYLE_ASSIGNMENT((#11332,#11337));
#11332 = SURFACE_STYLE_USAGE(.BOTH.,#11333);
#11333 = SURFACE_SIDE_STYLE('',(#11334));
#11334 = SURFACE_STYLE_FILL_AREA(#11335);
#11335 = FILL_AREA_STYLE('',(#11336));
#11336 = FILL_AREA_STYLE_COLOUR('',#11182);
#11337 = CURVE_STYLE('',#11338,POSITIVE_LENGTH_MEASURE(0.1),#11182);
#11338 = DRAUGHTING_PRE_DEFINED_CURVE_FONT('continuous');
#11339 = STYLED_ITEM('color',(#11340),#747);
#11340 = PRESENTATION_STYLE_ASSIGNMENT((#11341,#11346));
#11341 = SURFACE_STYLE_USAGE(.BOTH.,#11342);
#11342 = SURFACE_SIDE_STYLE('',(#11343));
#11343 = SURFACE_STYLE_FILL_AREA(#11344);
#11344 = FILL_AREA_STYLE('',(#11345));
#11345 = FILL_AREA_STYLE_COLOUR('',#11182);
#11346 = CURVE_STYLE('',#11347,POSITIVE_LENGTH_MEASURE(0.1),#11182);
#11347 = DRAUGHTING_PRE_DEFINED_CURVE_FONT('continuous');
#11348 = STYLED_ITEM('color',(#11349),#778);
#11349 = PRESENTATION_STYLE_ASSIGNMENT((#11350,#11355));
#11350 = SURFACE_STYLE_USAGE(.BOTH.,#11351);
#11351 = SURFACE_SIDE_STYLE('',(#11352));
#11352 = SURFACE_STYLE_FILL_AREA(#11353);
#11353 = FILL_AREA_STYLE('',(#11354));
#11354 = FILL_AREA_STYLE_COLOUR('',#11182);
#11355 = CURVE_STYLE('',#11356,POSITIVE_LENGTH_MEASURE(0.1),#11182);
#11356 = DRAUGHTING_PRE_DEFINED_CURVE_FONT('continuous');
#11357 = STYLED_ITEM('color',(#11358),#802);
#11358 = PRESENTATION_STYLE_ASSIGNMENT((#11359,#11364));
#11359 = SURFACE_STYLE_USAGE(.BOTH.,#11360);
#11360 = SURFACE_SIDE_STYLE('',(#11361));
#11361 = SURFACE_STYLE_FILL_AREA(#11362);
#11362 = FILL_AREA_STYLE('',(#11363));
#11363 = FILL_AREA_STYLE_COLOUR('',#11182);
#11364 = CURVE_STYLE('',#11365,POSITIVE_LENGTH_MEASURE(0.1),#11182);
#11365 = DRAUGHTING_PRE_DEFINED_CURVE_FONT('continuous');
#11366 = STYLED_ITEM('color',(#11367),#826);
#11367 = PRESENTATION_STYLE_ASSIGNMENT((#11368,#11373));
#11368 = SURFACE_STYLE_USAGE(.BOTH.,#11369);
#11369 = SURFACE_SIDE_STYLE('',(#11370));
#11370 = SURFACE_STYLE_FILL_AREA(#11371);
#11371 = FILL_AREA_STYLE('',(#11372));
#11372 = FILL_AREA_STYLE_COLOUR('',#11182);
#11373 = CURVE_STYLE('',#11374,POSITIVE_LENGTH_MEASURE(0.1),#11182);
#11374 = DRAUGHTING_PRE_DEFINED_CURVE_FONT('continuous');
#11375 = STYLED_ITEM('color',(#11376),#843);
#11376 = PRESENTATION_STYLE_ASSIGNMENT((#11377,#11382));
#11377 = SURFACE_STYLE_USAGE(.BOTH.,#11378);
#11378 = SURFACE_SIDE_STYLE('',(#11379));
#11379 = SURFACE_STYLE_FILL_AREA(#11380);
#11380 = FILL_AREA_STYLE('',(#11381));
#11381 = FILL_AREA_STYLE_COLOUR('',#11182);
#11382 = CURVE_STYLE('',#11383,POSITIVE_LENGTH_MEASURE(0.1),#11182);
#11383 = DRAUGHTING_PRE_DEFINED_CURVE_FONT('continuous');
#11384 = STYLED_ITEM('color',(#11385),#874);
#11385 = PRESENTATION_STYLE_ASSIGNMENT((#11386,#11391));
#11386 = SURFACE_STYLE_USAGE(.BOTH.,#11387);
#11387 = SURFACE_SIDE_STYLE('',(#11388));
#11388 = SURFACE_STYLE_FILL_AREA(#11389);
#11389 = FILL_AREA_STYLE('',(#11390));
#11390 = FILL_AREA_STYLE_COLOUR('',#11182);
#11391 = CURVE_STYLE('',#11392,POSITIVE_LENGTH_MEASURE(0.1),#11182);
#11392 = DRAUGHTING_PRE_DEFINED_CURVE_FONT('continuous');
#11393 = STYLED_ITEM('color',(#11394),#898);
#11394 = PRESENTATION_STYLE_ASSIGNMENT((#11395,#11400));
#11395 = SURFACE_STYLE_USAGE(.BOTH.,#11396);
#11396 = SURFACE_SIDE_STYLE('',(#11397));
#11397 = SURFACE_STYLE_FILL_AREA(#11398);
#11398 = FILL_AREA_STYLE('',(#11399));
#11399 = FILL_AREA_STYLE_COLOUR('',#11182);
#11400 = CURVE_STYLE('',#11401,POSITIVE_LENGTH_MEASURE(0.1),#11182);
#11401 = DRAUGHTING_PRE_DEFINED_CURVE_FONT('continuous');
#11402 = STYLED_ITEM('color',(#11403),#922);
#11403 = PRESENTATION_STYLE_ASSIGNMENT((#11404,#11409));
#11404 = SURFACE_STYLE_USAGE(.BOTH.,#11405);
#11405 = SURFACE_SIDE_STYLE('',(#11406));
#11406 = SURFACE_STYLE_FILL_AREA(#11407);
#11407 = FILL_AREA_STYLE('',(#11408));
#11408 = FILL_AREA_STYLE_COLOUR('',#11182);
#11409 = CURVE_STYLE('',#11410,POSITIVE_LENGTH_MEASURE(0.1),#11182);
#11410 = DRAUGHTING_PRE_DEFINED_CURVE_FONT('continuous');
#11411 = STYLED_ITEM('color',(#11412),#939);
#11412 = PRESENTATION_STYLE_ASSIGNMENT((#11413,#11418));
#11413 = SURFACE_STYLE_USAGE(.BOTH.,#11414);
#11414 = SURFACE_SIDE_STYLE('',(#11415));
#11415 = SURFACE_STYLE_FILL_AREA(#11416);
#11416 = FILL_AREA_STYLE('',(#11417));
#11417 = FILL_AREA_STYLE_COLOUR('',#11182);
#11418 = CURVE_STYLE('',#11419,POSITIVE_LENGTH_MEASURE(0.1),#11182);
#11419 = DRAUGHTING_PRE_DEFINED_CURVE_FONT('continuous');
#11420 = STYLED_ITEM('color',(#11421),#970);
#11421 = PRESENTATION_STYLE_ASSIGNMENT((#11422,#11427));
#11422 = SURFACE_STYLE_USAGE(.BOTH.,#11423);
#11423 = SURFACE_SIDE_STYLE('',(#11424));
#11424 = SURFACE_STYLE_FILL_AREA(#11425);
#11425 = FILL_AREA_STYLE('',(#11426));
#11426 = FILL_AREA_STYLE_COLOUR('',#11182);
#11427 = CURVE_STYLE('',#11428,POSITIVE_LENGTH_MEASURE(0.1),#11182);
#11428 = DRAUGHTING_PRE_DEFINED_CURVE_FONT('continuous');
#11429 = STYLED_ITEM('color',(#11430),#994);
#11430 = PRESENTATION_STYLE_ASSIGNMENT((#11431,#11436));
#11431 = SURFACE_STYLE_USAGE(.BOTH.,#11432);
#11432 = SURFACE_SIDE_STYLE('',(#11433));
#11433 = SURFACE_STYLE_FILL_AREA(#11434);
#11434 = FILL_AREA_STYLE('',(#11435));
#11435 = FILL_AREA_STYLE_COLOUR('',#11182);
#11436 = CURVE_STYLE('',#11437,POSITIVE_LENGTH_MEASURE(0.1),#11182);
#11437 = DRAUGHTING_PRE_DEFINED_CURVE_FONT('continuous');
#11438 = STYLED_ITEM('color',(#11439),#1018);
#11439 = PRESENTATION_STYLE_ASSIGNMENT((#11440,#11445));
#11440 = SURFACE_STYLE_USAGE(.BOTH.,#11441);
#11441 = SURFACE_SIDE_STYLE('',(#11442));
#11442 = SURFACE_STYLE_FILL_AREA(#11443);
#11443 = FILL_AREA_STYLE('',(#11444));
#11444 = FILL_AREA_STYLE_COLOUR('',#11182);
#11445 = CURVE_STYLE('',#11446,POSITIVE_LENGTH_MEASURE(0.1),#11182);
#11446 = DRAUGHTING_PRE_DEFINED_CURVE_FONT('continuous');
#11447 = STYLED_ITEM('color',(#11448),#1035);
#11448 = PRESENTATION_STYLE_ASSIGNMENT((#11449,#11454));
#11449 = SURFACE_STYLE_USAGE(.BOTH.,#11450);
#11450 = SURFACE_SIDE_STYLE('',(#11451));
#11451 = SURFACE_STYLE_FILL_AREA(#11452);
#11452 = FILL_AREA_STYLE('',(#11453));
#11453 = FILL_AREA_STYLE_COLOUR('',#11182);
#11454 = CURVE_STYLE('',#11455,POSITIVE_LENGTH_MEASURE(0.1),#11182);
#11455 = DRAUGHTING_PRE_DEFINED_CURVE_FONT('continuous');
#11456 = STYLED_ITEM('color',(#11457),#1066);
#11457 = PRESENTATION_STYLE_ASSIGNMENT((#11458,#11463));
#11458 = SURFACE_STYLE_USAGE(.BOTH.,#11459);
#11459 = SURFACE_SIDE_STYLE('',(#11460));
#11460 = SURFACE_STYLE_FILL_AREA(#11461);
#11461 = FILL_AREA_STYLE('',(#11462));
#11462 = FILL_AREA_STYLE_COLOUR('',#11182);
#11463 = CURVE_STYLE('',#11464,POSITIVE_LENGTH_MEASURE(0.1),#11182);
#11464 = DRAUGHTING_PRE_DEFINED_CURVE_FONT('continuous');
#11465 = STYLED_ITEM('color',(#11466),#1090);
#11466 = PRESENTATION_STYLE_ASSIGNMENT((#11467,#11472));
#11467 = SURFACE_STYLE_USAGE(.BOTH.,#11468);
#11468 = SURFACE_SIDE_STYLE('',(#11469));
#11469 = SURFACE_STYLE_FILL_AREA(#11470);
#11470 = FILL_AREA_STYLE('',(#11471));
#11471 = FILL_AREA_STYLE_COLOUR('',#11182);
#11472 = CURVE_STYLE('',#11473,POSITIVE_LENGTH_MEASURE(0.1),#11182);
#11473 = DRAUGHTING_PRE_DEFINED_CURVE_FONT('continuous');
#11474 = STYLED_ITEM('color',(#11475),#1114);
#11475 = PRESENTATION_STYLE_ASSIGNMENT((#11476,#11481));
#11476 = SURFACE_STYLE_USAGE(.BOTH.,#11477);
#11477 = SURFACE_SIDE_STYLE('',(#11478));
#11478 = SURFACE_STYLE_FILL_AREA(#11479);
#11479 = FILL_AREA_STYLE('',(#11480));
#11480 = FILL_AREA_STYLE_COLOUR('',#11182);
#11481 = CURVE_STYLE('',#11482,POSITIVE_LENGTH_MEASURE(0.1),#11182);
#11482 = DRAUGHTING_PRE_DEFINED_CURVE_FONT('continuous');
#11483 = STYLED_ITEM('color',(#11484),#1131);
#11484 = PRESENTATION_STYLE_ASSIGNMENT((#11485,#11490));
#11485 = SURFACE_STYLE_USAGE(.BOTH.,#11486);
#11486 = SURFACE_SIDE_STYLE('',(#11487));
#11487 = SURFACE_STYLE_FILL_AREA(#11488);
#11488 = FILL_AREA_STYLE('',(#11489));
#11489 = FILL_AREA_STYLE_COLOUR('',#11255);
#11490 = CURVE_STYLE('',#11491,POSITIVE_LENGTH_MEASURE(0.1),#11255);
#11491 = DRAUGHTING_PRE_DEFINED_CURVE_FONT('continuous');
#11492 = STYLED_ITEM('color',(#11493),#1148);
#11493 = PRESENTATION_STYLE_ASSIGNMENT((#11494,#11499));
#11494 = SURFACE_STYLE_USAGE(.BOTH.,#11495);
#11495 = SURFACE_SIDE_STYLE('',(#11496));
#11496 = SURFACE_STYLE_FILL_AREA(#11497);
#11497 = FILL_AREA_STYLE('',(#11498));
#11498 = FILL_AREA_STYLE_COLOUR('',#11255);
#11499 = CURVE_STYLE('',#11500,POSITIVE_LENGTH_MEASURE(0.1),#11255);
#11500 = DRAUGHTING_PRE_DEFINED_CURVE_FONT('continuous');
#11501 = STYLED_ITEM('color',(#11502),#1195);
#11502 = PRESENTATION_STYLE_ASSIGNMENT((#11503,#11508));
#11503 = SURFACE_STYLE_USAGE(.BOTH.,#11504);
#11504 = SURFACE_SIDE_STYLE('',(#11505));
#11505 = SURFACE_STYLE_FILL_AREA(#11506);
#11506 = FILL_AREA_STYLE('',(#11507));
#11507 = FILL_AREA_STYLE_COLOUR('',#11255);
#11508 = CURVE_STYLE('',#11509,POSITIVE_LENGTH_MEASURE(0.1),#11255);
#11509 = DRAUGHTING_PRE_DEFINED_CURVE_FONT('continuous');
#11510 = STYLED_ITEM('color',(#11511),#1212);
#11511 = PRESENTATION_STYLE_ASSIGNMENT((#11512,#11517));
#11512 = SURFACE_STYLE_USAGE(.BOTH.,#11513);
#11513 = SURFACE_SIDE_STYLE('',(#11514));
#11514 = SURFACE_STYLE_FILL_AREA(#11515);
#11515 = FILL_AREA_STYLE('',(#11516));
#11516 = FILL_AREA_STYLE_COLOUR('',#11255);
#11517 = CURVE_STYLE('',#11518,POSITIVE_LENGTH_MEASURE(0.1),#11255);
#11518 = DRAUGHTING_PRE_DEFINED_CURVE_FONT('continuous');
#11519 = STYLED_ITEM('color',(#11520),#1259);
#11520 = PRESENTATION_STYLE_ASSIGNMENT((#11521,#11526));
#11521 = SURFACE_STYLE_USAGE(.BOTH.,#11522);
#11522 = SURFACE_SIDE_STYLE('',(#11523));
#11523 = SURFACE_STYLE_FILL_AREA(#11524);
#11524 = FILL_AREA_STYLE('',(#11525));
#11525 = FILL_AREA_STYLE_COLOUR('',#11255);
#11526 = CURVE_STYLE('',#11527,POSITIVE_LENGTH_MEASURE(0.1),#11255);
#11527 = DRAUGHTING_PRE_DEFINED_CURVE_FONT('continuous');
#11528 = STYLED_ITEM('color',(#11529),#1276);
#11529 = PRESENTATION_STYLE_ASSIGNMENT((#11530,#11535));
#11530 = SURFACE_STYLE_USAGE(.BOTH.,#11531);
#11531 = SURFACE_SIDE_STYLE('',(#11532));
#11532 = SURFACE_STYLE_FILL_AREA(#11533);
#11533 = FILL_AREA_STYLE('',(#11534));
#11534 = FILL_AREA_STYLE_COLOUR('',#11255);
#11535 = CURVE_STYLE('',#11536,POSITIVE_LENGTH_MEASURE(0.1),#11255);
#11536 = DRAUGHTING_PRE_DEFINED_CURVE_FONT('continuous');
#11537 = STYLED_ITEM('color',(#11538),#1323);
#11538 = PRESENTATION_STYLE_ASSIGNMENT((#11539,#11544));
#11539 = SURFACE_STYLE_USAGE(.BOTH.,#11540);
#11540 = SURFACE_SIDE_STYLE('',(#11541));
#11541 = SURFACE_STYLE_FILL_AREA(#11542);
#11542 = FILL_AREA_STYLE('',(#11543));
#11543 = FILL_AREA_STYLE_COLOUR('',#11255);
#11544 = CURVE_STYLE('',#11545,POSITIVE_LENGTH_MEASURE(0.1),#11255);
#11545 = DRAUGHTING_PRE_DEFINED_CURVE_FONT('continuous');
#11546 = STYLED_ITEM('color',(#11547),#1340);
#11547 = PRESENTATION_STYLE_ASSIGNMENT((#11548,#11553));
#11548 = SURFACE_STYLE_USAGE(.BOTH.,#11549);
#11549 = SURFACE_SIDE_STYLE('',(#11550));
#11550 = SURFACE_STYLE_FILL_AREA(#11551);
#11551 = FILL_AREA_STYLE('',(#11552));
#11552 = FILL_AREA_STYLE_COLOUR('',#11255);
#11553 = CURVE_STYLE('',#11554,POSITIVE_LENGTH_MEASURE(0.1),#11255);
#11554 = DRAUGHTING_PRE_DEFINED_CURVE_FONT('continuous');
#11555 = STYLED_ITEM('color',(#11556),#1387);
#11556 = PRESENTATION_STYLE_ASSIGNMENT((#11557,#11562));
#11557 = SURFACE_STYLE_USAGE(.BOTH.,#11558);
#11558 = SURFACE_SIDE_STYLE('',(#11559));
#11559 = SURFACE_STYLE_FILL_AREA(#11560);
#11560 = FILL_AREA_STYLE('',(#11561));
#11561 = FILL_AREA_STYLE_COLOUR('',#11255);
#11562 = CURVE_STYLE('',#11563,POSITIVE_LENGTH_MEASURE(0.1),#11255);
#11563 = DRAUGHTING_PRE_DEFINED_CURVE_FONT('continuous');
#11564 = STYLED_ITEM('color',(#11565),#1404);
#11565 = PRESENTATION_STYLE_ASSIGNMENT((#11566,#11571));
#11566 = SURFACE_STYLE_USAGE(.BOTH.,#11567);
#11567 = SURFACE_SIDE_STYLE('',(#11568));
#11568 = SURFACE_STYLE_FILL_AREA(#11569);
#11569 = FILL_AREA_STYLE('',(#11570));
#11570 = FILL_AREA_STYLE_COLOUR('',#11255);
#11571 = CURVE_STYLE('',#11572,POSITIVE_LENGTH_MEASURE(0.1),#11255);
#11572 = DRAUGHTING_PRE_DEFINED_CURVE_FONT('continuous');
#11573 = STYLED_ITEM('color',(#11574),#1451);
#11574 = PRESENTATION_STYLE_ASSIGNMENT((#11575,#11580));
#11575 = SURFACE_STYLE_USAGE(.BOTH.,#11576);
#11576 = SURFACE_SIDE_STYLE('',(#11577));
#11577 = SURFACE_STYLE_FILL_AREA(#11578);
#11578 = FILL_AREA_STYLE('',(#11579));
#11579 = FILL_AREA_STYLE_COLOUR('',#11255);
#11580 = CURVE_STYLE('',#11581,POSITIVE_LENGTH_MEASURE(0.1),#11255);
#11581 = DRAUGHTING_PRE_DEFINED_CURVE_FONT('continuous');
#11582 = STYLED_ITEM('color',(#11583),#1468);
#11583 = PRESENTATION_STYLE_ASSIGNMENT((#11584,#11589));
#11584 = SURFACE_STYLE_USAGE(.BOTH.,#11585);
#11585 = SURFACE_SIDE_STYLE('',(#11586));
#11586 = SURFACE_STYLE_FILL_AREA(#11587);
#11587 = FILL_AREA_STYLE('',(#11588));
#11588 = FILL_AREA_STYLE_COLOUR('',#11255);
#11589 = CURVE_STYLE('',#11590,POSITIVE_LENGTH_MEASURE(0.1),#11255);
#11590 = DRAUGHTING_PRE_DEFINED_CURVE_FONT('continuous');
#11591 = STYLED_ITEM('color',(#11592),#1515);
#11592 = PRESENTATION_STYLE_ASSIGNMENT((#11593,#11598));
#11593 = SURFACE_STYLE_USAGE(.BOTH.,#11594);
#11594 = SURFACE_SIDE_STYLE('',(#11595));
#11595 = SURFACE_STYLE_FILL_AREA(#11596);
#11596 = FILL_AREA_STYLE('',(#11597));
#11597 = FILL_AREA_STYLE_COLOUR('',#11255);
#11598 = CURVE_STYLE('',#11599,POSITIVE_LENGTH_MEASURE(0.1),#11255);
#11599 = DRAUGHTING_PRE_DEFINED_CURVE_FONT('continuous');
#11600 = STYLED_ITEM('color',(#11601),#1532);
#11601 = PRESENTATION_STYLE_ASSIGNMENT((#11602,#11607));
#11602 = SURFACE_STYLE_USAGE(.BOTH.,#11603);
#11603 = SURFACE_SIDE_STYLE('',(#11604));
#11604 = SURFACE_STYLE_FILL_AREA(#11605);
#11605 = FILL_AREA_STYLE('',(#11606));
#11606 = FILL_AREA_STYLE_COLOUR('',#11255);
#11607 = CURVE_STYLE('',#11608,POSITIVE_LENGTH_MEASURE(0.1),#11255);
#11608 = DRAUGHTING_PRE_DEFINED_CURVE_FONT('continuous');
#11609 = STYLED_ITEM('color',(#11610),#1579);
#11610 = PRESENTATION_STYLE_ASSIGNMENT((#11611,#11616));
#11611 = SURFACE_STYLE_USAGE(.BOTH.,#11612);
#11612 = SURFACE_SIDE_STYLE('',(#11613));
#11613 = SURFACE_STYLE_FILL_AREA(#11614);
#11614 = FILL_AREA_STYLE('',(#11615));
#11615 = FILL_AREA_STYLE_COLOUR('',#11255);
#11616 = CURVE_STYLE('',#11617,POSITIVE_LENGTH_MEASURE(0.1),#11255);
#11617 = DRAUGHTING_PRE_DEFINED_CURVE_FONT('continuous');
#11618 = STYLED_ITEM('color',(#11619),#1596);
#11619 = PRESENTATION_STYLE_ASSIGNMENT((#11620,#11625));
#11620 = SURFACE_STYLE_USAGE(.BOTH.,#11621);
#11621 = SURFACE_SIDE_STYLE('',(#11622));
#11622 = SURFACE_STYLE_FILL_AREA(#11623);
#11623 = FILL_AREA_STYLE('',(#11624));
#11624 = FILL_AREA_STYLE_COLOUR('',#11255);
#11625 = CURVE_STYLE('',#11626,POSITIVE_LENGTH_MEASURE(0.1),#11255);
#11626 = DRAUGHTING_PRE_DEFINED_CURVE_FONT('continuous');
#11627 = STYLED_ITEM('color',(#11628),#1643);
#11628 = PRESENTATION_STYLE_ASSIGNMENT((#11629,#11634));
#11629 = SURFACE_STYLE_USAGE(.BOTH.,#11630);
#11630 = SURFACE_SIDE_STYLE('',(#11631));
#11631 = SURFACE_STYLE_FILL_AREA(#11632);
#11632 = FILL_AREA_STYLE('',(#11633));
#11633 = FILL_AREA_STYLE_COLOUR('',#11182);
#11634 = CURVE_STYLE('',#11635,POSITIVE_LENGTH_MEASURE(0.1),#11182);
#11635 = DRAUGHTING_PRE_DEFINED_CURVE_FONT('continuous');
#11636 = STYLED_ITEM('color',(#11637),#1674);
#11637 = PRESENTATION_STYLE_ASSIGNMENT((#11638,#11643));
#11638 = SURFACE_STYLE_USAGE(.BOTH.,#11639);
#11639 = SURFACE_SIDE_STYLE('',(#11640));
#11640 = SURFACE_STYLE_FILL_AREA(#11641);
#11641 = FILL_AREA_STYLE('',(#11642));
#11642 = FILL_AREA_STYLE_COLOUR('',#11182);
#11643 = CURVE_STYLE('',#11644,POSITIVE_LENGTH_MEASURE(0.1),#11182);
#11644 = DRAUGHTING_PRE_DEFINED_CURVE_FONT('continuous');
#11645 = OVER_RIDING_STYLED_ITEM('overriding color',(#11646),#1688,
  #11636);
#11646 = PRESENTATION_STYLE_ASSIGNMENT((#11647,#11652));
#11647 = SURFACE_STYLE_USAGE(.BOTH.,#11648);
#11648 = SURFACE_SIDE_STYLE('',(#11649));
#11649 = SURFACE_STYLE_FILL_AREA(#11650);
#11650 = FILL_AREA_STYLE('',(#11651));
#11651 = FILL_AREA_STYLE_COLOUR('',#11255);
#11652 = CURVE_STYLE('',#11653,POSITIVE_LENGTH_MEASURE(0.1),#11255);
#11653 = DRAUGHTING_PRE_DEFINED_CURVE_FONT('continuous');
#11654 = OVER_RIDING_STYLED_ITEM('overriding color',(#11655),#1704,
  #11636);
#11655 = PRESENTATION_STYLE_ASSIGNMENT((#11656,#11661));
#11656 = SURFACE_STYLE_USAGE(.BOTH.,#11657);
#11657 = SURFACE_SIDE_STYLE('',(#11658));
#11658 = SURFACE_STYLE_FILL_AREA(#11659);
#11659 = FILL_AREA_STYLE('',(#11660));
#11660 = FILL_AREA_STYLE_COLOUR('',#11255);
#11661 = CURVE_STYLE('',#11662,POSITIVE_LENGTH_MEASURE(0.1),#11255);
#11662 = DRAUGHTING_PRE_DEFINED_CURVE_FONT('continuous');
#11663 = STYLED_ITEM('color',(#11664),#1730);
#11664 = PRESENTATION_STYLE_ASSIGNMENT((#11665,#11670));
#11665 = SURFACE_STYLE_USAGE(.BOTH.,#11666);
#11666 = SURFACE_SIDE_STYLE('',(#11667));
#11667 = SURFACE_STYLE_FILL_AREA(#11668);
#11668 = FILL_AREA_STYLE('',(#11669));
#11669 = FILL_AREA_STYLE_COLOUR('',#11182);
#11670 = CURVE_STYLE('',#11671,POSITIVE_LENGTH_MEASURE(0.1),#11182);
#11671 = DRAUGHTING_PRE_DEFINED_CURVE_FONT('continuous');
#11672 = STYLED_ITEM('color',(#11673),#1754);
#11673 = PRESENTATION_STYLE_ASSIGNMENT((#11674,#11679));
#11674 = SURFACE_STYLE_USAGE(.BOTH.,#11675);
#11675 = SURFACE_SIDE_STYLE('',(#11676));
#11676 = SURFACE_STYLE_FILL_AREA(#11677);
#11677 = FILL_AREA_STYLE('',(#11678));
#11678 = FILL_AREA_STYLE_COLOUR('',#11182);
#11679 = CURVE_STYLE('',#11680,POSITIVE_LENGTH_MEASURE(0.1),#11182);
#11680 = DRAUGHTING_PRE_DEFINED_CURVE_FONT('continuous');
#11681 = OVER_RIDING_STYLED_ITEM('overriding color',(#11682),#1768,
  #11672);
#11682 = PRESENTATION_STYLE_ASSIGNMENT((#11683,#11688));
#11683 = SURFACE_STYLE_USAGE(.BOTH.,#11684);
#11684 = SURFACE_SIDE_STYLE('',(#11685));
#11685 = SURFACE_STYLE_FILL_AREA(#11686);
#11686 = FILL_AREA_STYLE('',(#11687));
#11687 = FILL_AREA_STYLE_COLOUR('',#11255);
#11688 = CURVE_STYLE('',#11689,POSITIVE_LENGTH_MEASURE(0.1),#11255);
#11689 = DRAUGHTING_PRE_DEFINED_CURVE_FONT('continuous');
#11690 = OVER_RIDING_STYLED_ITEM('overriding color',(#11691),#1784,
  #11672);
#11691 = PRESENTATION_STYLE_ASSIGNMENT((#11692,#11697));
#11692 = SURFACE_STYLE_USAGE(.BOTH.,#11693);
#11693 = SURFACE_SIDE_STYLE('',(#11694));
#11694 = SURFACE_STYLE_FILL_AREA(#11695);
#11695 = FILL_AREA_STYLE('',(#11696));
#11696 = FILL_AREA_STYLE_COLOUR('',#11255);
#11697 = CURVE_STYLE('',#11698,POSITIVE_LENGTH_MEASURE(0.1),#11255);
#11698 = DRAUGHTING_PRE_DEFINED_CURVE_FONT('continuous');
#11699 = STYLED_ITEM('color',(#11700),#1803);
#11700 = PRESENTATION_STYLE_ASSIGNMENT((#11701,#11706));
#11701 = SURFACE_STYLE_USAGE(.BOTH.,#11702);
#11702 = SURFACE_SIDE_STYLE('',(#11703));
#11703 = SURFACE_STYLE_FILL_AREA(#11704);
#11704 = FILL_AREA_STYLE('',(#11705));
#11705 = FILL_AREA_STYLE_COLOUR('',#11182);
#11706 = CURVE_STYLE('',#11707,POSITIVE_LENGTH_MEASURE(0.1),#11182);
#11707 = DRAUGHTING_PRE_DEFINED_CURVE_FONT('continuous');
#11708 = STYLED_ITEM('color',(#11709),#1834);
#11709 = PRESENTATION_STYLE_ASSIGNMENT((#11710,#11715));
#11710 = SURFACE_STYLE_USAGE(.BOTH.,#11711);
#11711 = SURFACE_SIDE_STYLE('',(#11712));
#11712 = SURFACE_STYLE_FILL_AREA(#11713);
#11713 = FILL_AREA_STYLE('',(#11714));
#11714 = FILL_AREA_STYLE_COLOUR('',#11182);
#11715 = CURVE_STYLE('',#11716,POSITIVE_LENGTH_MEASURE(0.1),#11182);
#11716 = DRAUGHTING_PRE_DEFINED_CURVE_FONT('continuous');
#11717 = OVER_RIDING_STYLED_ITEM('overriding color',(#11718),#1848,
  #11708);
#11718 = PRESENTATION_STYLE_ASSIGNMENT((#11719,#11724));
#11719 = SURFACE_STYLE_USAGE(.BOTH.,#11720);
#11720 = SURFACE_SIDE_STYLE('',(#11721));
#11721 = SURFACE_STYLE_FILL_AREA(#11722);
#11722 = FILL_AREA_STYLE('',(#11723));
#11723 = FILL_AREA_STYLE_COLOUR('',#11255);
#11724 = CURVE_STYLE('',#11725,POSITIVE_LENGTH_MEASURE(0.1),#11255);
#11725 = DRAUGHTING_PRE_DEFINED_CURVE_FONT('continuous');
#11726 = OVER_RIDING_STYLED_ITEM('overriding color',(#11727),#1864,
  #11708);
#11727 = PRESENTATION_STYLE_ASSIGNMENT((#11728,#11733));
#11728 = SURFACE_STYLE_USAGE(.BOTH.,#11729);
#11729 = SURFACE_SIDE_STYLE('',(#11730));
#11730 = SURFACE_STYLE_FILL_AREA(#11731);
#11731 = FILL_AREA_STYLE('',(#11732));
#11732 = FILL_AREA_STYLE_COLOUR('',#11255);
#11733 = CURVE_STYLE('',#11734,POSITIVE_LENGTH_MEASURE(0.1),#11255);
#11734 = DRAUGHTING_PRE_DEFINED_CURVE_FONT('continuous');
#11735 = STYLED_ITEM('color',(#11736),#1890);
#11736 = PRESENTATION_STYLE_ASSIGNMENT((#11737,#11742));
#11737 = SURFACE_STYLE_USAGE(.BOTH.,#11738);
#11738 = SURFACE_SIDE_STYLE('',(#11739));
#11739 = SURFACE_STYLE_FILL_AREA(#11740);
#11740 = FILL_AREA_STYLE('',(#11741));
#11741 = FILL_AREA_STYLE_COLOUR('',#11182);
#11742 = CURVE_STYLE('',#11743,POSITIVE_LENGTH_MEASURE(0.1),#11182);
#11743 = DRAUGHTING_PRE_DEFINED_CURVE_FONT('continuous');
#11744 = STYLED_ITEM('color',(#11745),#1914);
#11745 = PRESENTATION_STYLE_ASSIGNMENT((#11746,#11751));
#11746 = SURFACE_STYLE_USAGE(.BOTH.,#11747);
#11747 = SURFACE_SIDE_STYLE('',(#11748));
#11748 = SURFACE_STYLE_FILL_AREA(#11749);
#11749 = FILL_AREA_STYLE('',(#11750));
#11750 = FILL_AREA_STYLE_COLOUR('',#11182);
#11751 = CURVE_STYLE('',#11752,POSITIVE_LENGTH_MEASURE(0.1),#11182);
#11752 = DRAUGHTING_PRE_DEFINED_CURVE_FONT('continuous');
#11753 = OVER_RIDING_STYLED_ITEM('overriding color',(#11754),#1928,
  #11744);
#11754 = PRESENTATION_STYLE_ASSIGNMENT((#11755,#11760));
#11755 = SURFACE_STYLE_USAGE(.BOTH.,#11756);
#11756 = SURFACE_SIDE_STYLE('',(#11757));
#11757 = SURFACE_STYLE_FILL_AREA(#11758);
#11758 = FILL_AREA_STYLE('',(#11759));
#11759 = FILL_AREA_STYLE_COLOUR('',#11255);
#11760 = CURVE_STYLE('',#11761,POSITIVE_LENGTH_MEASURE(0.1),#11255);
#11761 = DRAUGHTING_PRE_DEFINED_CURVE_FONT('continuous');
#11762 = OVER_RIDING_STYLED_ITEM('overriding color',(#11763),#1944,
  #11744);
#11763 = PRESENTATION_STYLE_ASSIGNMENT((#11764,#11769));
#11764 = SURFACE_STYLE_USAGE(.BOTH.,#11765);
#11765 = SURFACE_SIDE_STYLE('',(#11766));
#11766 = SURFACE_STYLE_FILL_AREA(#11767);
#11767 = FILL_AREA_STYLE('',(#11768));
#11768 = FILL_AREA_STYLE_COLOUR('',#11255);
#11769 = CURVE_STYLE('',#11770,POSITIVE_LENGTH_MEASURE(0.1),#11255);
#11770 = DRAUGHTING_PRE_DEFINED_CURVE_FONT('continuous');
#11771 = STYLED_ITEM('color',(#11772),#1963);
#11772 = PRESENTATION_STYLE_ASSIGNMENT((#11773,#11778));
#11773 = SURFACE_STYLE_USAGE(.BOTH.,#11774);
#11774 = SURFACE_SIDE_STYLE('',(#11775));
#11775 = SURFACE_STYLE_FILL_AREA(#11776);
#11776 = FILL_AREA_STYLE('',(#11777));
#11777 = FILL_AREA_STYLE_COLOUR('',#11182);
#11778 = CURVE_STYLE('',#11779,POSITIVE_LENGTH_MEASURE(0.1),#11182);
#11779 = DRAUGHTING_PRE_DEFINED_CURVE_FONT('continuous');
#11780 = STYLED_ITEM('color',(#11781),#1994);
#11781 = PRESENTATION_STYLE_ASSIGNMENT((#11782,#11787));
#11782 = SURFACE_STYLE_USAGE(.BOTH.,#11783);
#11783 = SURFACE_SIDE_STYLE('',(#11784));
#11784 = SURFACE_STYLE_FILL_AREA(#11785);
#11785 = FILL_AREA_STYLE('',(#11786));
#11786 = FILL_AREA_STYLE_COLOUR('',#11182);
#11787 = CURVE_STYLE('',#11788,POSITIVE_LENGTH_MEASURE(0.1),#11182);
#11788 = DRAUGHTING_PRE_DEFINED_CURVE_FONT('continuous');
#11789 = OVER_RIDING_STYLED_ITEM('overriding color',(#11790),#2008,
  #11780);
#11790 = PRESENTATION_STYLE_ASSIGNMENT((#11791,#11796));
#11791 = SURFACE_STYLE_USAGE(.BOTH.,#11792);
#11792 = SURFACE_SIDE_STYLE('',(#11793));
#11793 = SURFACE_STYLE_FILL_AREA(#11794);
#11794 = FILL_AREA_STYLE('',(#11795));
#11795 = FILL_AREA_STYLE_COLOUR('',#11255);
#11796 = CURVE_STYLE('',#11797,POSITIVE_LENGTH_MEASURE(0.1),#11255);
#11797 = DRAUGHTING_PRE_DEFINED_CURVE_FONT('continuous');
#11798 = OVER_RIDING_STYLED_ITEM('overriding color',(#11799),#2024,
  #11780);
#11799 = PRESENTATION_STYLE_ASSIGNMENT((#11800,#11805));
#11800 = SURFACE_STYLE_USAGE(.BOTH.,#11801);
#11801 = SURFACE_SIDE_STYLE('',(#11802));
#11802 = SURFACE_STYLE_FILL_AREA(#11803);
#11803 = FILL_AREA_STYLE('',(#11804));
#11804 = FILL_AREA_STYLE_COLOUR('',#11255);
#11805 = CURVE_STYLE('',#11806,POSITIVE_LENGTH_MEASURE(0.1),#11255);
#11806 = DRAUGHTING_PRE_DEFINED_CURVE_FONT('continuous');
#11807 = STYLED_ITEM('color',(#11808),#2050);
#11808 = PRESENTATION_STYLE_ASSIGNMENT((#11809,#11814));
#11809 = SURFACE_STYLE_USAGE(.BOTH.,#11810);
#11810 = SURFACE_SIDE_STYLE('',(#11811));
#11811 = SURFACE_STYLE_FILL_AREA(#11812);
#11812 = FILL_AREA_STYLE('',(#11813));
#11813 = FILL_AREA_STYLE_COLOUR('',#11182);
#11814 = CURVE_STYLE('',#11815,POSITIVE_LENGTH_MEASURE(0.1),#11182);
#11815 = DRAUGHTING_PRE_DEFINED_CURVE_FONT('continuous');
#11816 = STYLED_ITEM('color',(#11817),#2074);
#11817 = PRESENTATION_STYLE_ASSIGNMENT((#11818,#11823));
#11818 = SURFACE_STYLE_USAGE(.BOTH.,#11819);
#11819 = SURFACE_SIDE_STYLE('',(#11820));
#11820 = SURFACE_STYLE_FILL_AREA(#11821);
#11821 = FILL_AREA_STYLE('',(#11822));
#11822 = FILL_AREA_STYLE_COLOUR('',#11182);
#11823 = CURVE_STYLE('',#11824,POSITIVE_LENGTH_MEASURE(0.1),#11182);
#11824 = DRAUGHTING_PRE_DEFINED_CURVE_FONT('continuous');
#11825 = OVER_RIDING_STYLED_ITEM('overriding color',(#11826),#2088,
  #11816);
#11826 = PRESENTATION_STYLE_ASSIGNMENT((#11827,#11832));
#11827 = SURFACE_STYLE_USAGE(.BOTH.,#11828);
#11828 = SURFACE_SIDE_STYLE('',(#11829));
#11829 = SURFACE_STYLE_FILL_AREA(#11830);
#11830 = FILL_AREA_STYLE('',(#11831));
#11831 = FILL_AREA_STYLE_COLOUR('',#11255);
#11832 = CURVE_STYLE('',#11833,POSITIVE_LENGTH_MEASURE(0.1),#11255);
#11833 = DRAUGHTING_PRE_DEFINED_CURVE_FONT('continuous');
#11834 = OVER_RIDING_STYLED_ITEM('overriding color',(#11835),#2104,
  #11816);
#11835 = PRESENTATION_STYLE_ASSIGNMENT((#11836,#11841));
#11836 = SURFACE_STYLE_USAGE(.BOTH.,#11837);
#11837 = SURFACE_SIDE_STYLE('',(#11838));
#11838 = SURFACE_STYLE_FILL_AREA(#11839);
#11839 = FILL_AREA_STYLE('',(#11840));
#11840 = FILL_AREA_STYLE_COLOUR('',#11255);
#11841 = CURVE_STYLE('',#11842,POSITIVE_LENGTH_MEASURE(0.1),#11255);
#11842 = DRAUGHTING_PRE_DEFINED_CURVE_FONT('continuous');
#11843 = STYLED_ITEM('color',(#11844),#2123);
#11844 = PRESENTATION_STYLE_ASSIGNMENT((#11845,#11850));
#11845 = SURFACE_STYLE_USAGE(.BOTH.,#11846);
#11846 = SURFACE_SIDE_STYLE('',(#11847));
#11847 = SURFACE_STYLE_FILL_AREA(#11848);
#11848 = FILL_AREA_STYLE('',(#11849));
#11849 = FILL_AREA_STYLE_COLOUR('',#11182);
#11850 = CURVE_STYLE('',#11851,POSITIVE_LENGTH_MEASURE(0.1),#11182);
#11851 = DRAUGHTING_PRE_DEFINED_CURVE_FONT('continuous');
#11852 = STYLED_ITEM('color',(#11853),#2154);
#11853 = PRESENTATION_STYLE_ASSIGNMENT((#11854,#11859));
#11854 = SURFACE_STYLE_USAGE(.BOTH.,#11855);
#11855 = SURFACE_SIDE_STYLE('',(#11856));
#11856 = SURFACE_STYLE_FILL_AREA(#11857);
#11857 = FILL_AREA_STYLE('',(#11858));
#11858 = FILL_AREA_STYLE_COLOUR('',#11182);
#11859 = CURVE_STYLE('',#11860,POSITIVE_LENGTH_MEASURE(0.1),#11182);
#11860 = DRAUGHTING_PRE_DEFINED_CURVE_FONT('continuous');
#11861 = OVER_RIDING_STYLED_ITEM('overriding color',(#11862),#2168,
  #11852);
#11862 = PRESENTATION_STYLE_ASSIGNMENT((#11863,#11868));
#11863 = SURFACE_STYLE_USAGE(.BOTH.,#11864);
#11864 = SURFACE_SIDE_STYLE('',(#11865));
#11865 = SURFACE_STYLE_FILL_AREA(#11866);
#11866 = FILL_AREA_STYLE('',(#11867));
#11867 = FILL_AREA_STYLE_COLOUR('',#11255);
#11868 = CURVE_STYLE('',#11869,POSITIVE_LENGTH_MEASURE(0.1),#11255);
#11869 = DRAUGHTING_PRE_DEFINED_CURVE_FONT('continuous');
#11870 = OVER_RIDING_STYLED_ITEM('overriding color',(#11871),#2184,
  #11852);
#11871 = PRESENTATION_STYLE_ASSIGNMENT((#11872,#11877));
#11872 = SURFACE_STYLE_USAGE(.BOTH.,#11873);
#11873 = SURFACE_SIDE_STYLE('',(#11874));
#11874 = SURFACE_STYLE_FILL_AREA(#11875);
#11875 = FILL_AREA_STYLE('',(#11876));
#11876 = FILL_AREA_STYLE_COLOUR('',#11255);
#11877 = CURVE_STYLE('',#11878,POSITIVE_LENGTH_MEASURE(0.1),#11255);
#11878 = DRAUGHTING_PRE_DEFINED_CURVE_FONT('continuous');
#11879 = STYLED_ITEM('color',(#11880),#2210);
#11880 = PRESENTATION_STYLE_ASSIGNMENT((#11881,#11886));
#11881 = SURFACE_STYLE_USAGE(.BOTH.,#11882);
#11882 = SURFACE_SIDE_STYLE('',(#11883));
#11883 = SURFACE_STYLE_FILL_AREA(#11884);
#11884 = FILL_AREA_STYLE('',(#11885));
#11885 = FILL_AREA_STYLE_COLOUR('',#11182);
#11886 = CURVE_STYLE('',#11887,POSITIVE_LENGTH_MEASURE(0.1),#11182);
#11887 = DRAUGHTING_PRE_DEFINED_CURVE_FONT('continuous');
#11888 = STYLED_ITEM('color',(#11889),#2234);
#11889 = PRESENTATION_STYLE_ASSIGNMENT((#11890,#11895));
#11890 = SURFACE_STYLE_USAGE(.BOTH.,#11891);
#11891 = SURFACE_SIDE_STYLE('',(#11892));
#11892 = SURFACE_STYLE_FILL_AREA(#11893);
#11893 = FILL_AREA_STYLE('',(#11894));
#11894 = FILL_AREA_STYLE_COLOUR('',#11182);
#11895 = CURVE_STYLE('',#11896,POSITIVE_LENGTH_MEASURE(0.1),#11182);
#11896 = DRAUGHTING_PRE_DEFINED_CURVE_FONT('continuous');
#11897 = OVER_RIDING_STYLED_ITEM('overriding color',(#11898),#2248,
  #11888);
#11898 = PRESENTATION_STYLE_ASSIGNMENT((#11899,#11904));
#11899 = SURFACE_STYLE_USAGE(.BOTH.,#11900);
#11900 = SURFACE_SIDE_STYLE('',(#11901));
#11901 = SURFACE_STYLE_FILL_AREA(#11902);
#11902 = FILL_AREA_STYLE('',(#11903));
#11903 = FILL_AREA_STYLE_COLOUR('',#11255);
#11904 = CURVE_STYLE('',#11905,POSITIVE_LENGTH_MEASURE(0.1),#11255);
#11905 = DRAUGHTING_PRE_DEFINED_CURVE_FONT('continuous');
#11906 = OVER_RIDING_STYLED_ITEM('overriding color',(#11907),#2264,
  #11888);
#11907 = PRESENTATION_STYLE_ASSIGNMENT((#11908,#11913));
#11908 = SURFACE_STYLE_USAGE(.BOTH.,#11909);
#11909 = SURFACE_SIDE_STYLE('',(#11910));
#11910 = SURFACE_STYLE_FILL_AREA(#11911);
#11911 = FILL_AREA_STYLE('',(#11912));
#11912 = FILL_AREA_STYLE_COLOUR('',#11255);
#11913 = CURVE_STYLE('',#11914,POSITIVE_LENGTH_MEASURE(0.1),#11255);
#11914 = DRAUGHTING_PRE_DEFINED_CURVE_FONT('continuous');
#11915 = STYLED_ITEM('color',(#11916),#2283);
#11916 = PRESENTATION_STYLE_ASSIGNMENT((#11917,#11922));
#11917 = SURFACE_STYLE_USAGE(.BOTH.,#11918);
#11918 = SURFACE_SIDE_STYLE('',(#11919));
#11919 = SURFACE_STYLE_FILL_AREA(#11920);
#11920 = FILL_AREA_STYLE('',(#11921));
#11921 = FILL_AREA_STYLE_COLOUR('',#11255);
#11922 = CURVE_STYLE('',#11923,POSITIVE_LENGTH_MEASURE(0.1),#11255);
#11923 = DRAUGHTING_PRE_DEFINED_CURVE_FONT('continuous');
#11924 = STYLED_ITEM('color',(#11925),#2300);
#11925 = PRESENTATION_STYLE_ASSIGNMENT((#11926,#11931));
#11926 = SURFACE_STYLE_USAGE(.BOTH.,#11927);
#11927 = SURFACE_SIDE_STYLE('',(#11928));
#11928 = SURFACE_STYLE_FILL_AREA(#11929);
#11929 = FILL_AREA_STYLE('',(#11930));
#11930 = FILL_AREA_STYLE_COLOUR('',#11255);
#11931 = CURVE_STYLE('',#11932,POSITIVE_LENGTH_MEASURE(0.1),#11255);
#11932 = DRAUGHTING_PRE_DEFINED_CURVE_FONT('continuous');
#11933 = STYLED_ITEM('color',(#11934),#2317);
#11934 = PRESENTATION_STYLE_ASSIGNMENT((#11935,#11940));
#11935 = SURFACE_STYLE_USAGE(.BOTH.,#11936);
#11936 = SURFACE_SIDE_STYLE('',(#11937));
#11937 = SURFACE_STYLE_FILL_AREA(#11938);
#11938 = FILL_AREA_STYLE('',(#11939));
#11939 = FILL_AREA_STYLE_COLOUR('',#11255);
#11940 = CURVE_STYLE('',#11941,POSITIVE_LENGTH_MEASURE(0.1),#11255);
#11941 = DRAUGHTING_PRE_DEFINED_CURVE_FONT('continuous');
#11942 = STYLED_ITEM('color',(#11943),#2334);
#11943 = PRESENTATION_STYLE_ASSIGNMENT((#11944,#11949));
#11944 = SURFACE_STYLE_USAGE(.BOTH.,#11945);
#11945 = SURFACE_SIDE_STYLE('',(#11946));
#11946 = SURFACE_STYLE_FILL_AREA(#11947);
#11947 = FILL_AREA_STYLE('',(#11948));
#11948 = FILL_AREA_STYLE_COLOUR('',#11255);
#11949 = CURVE_STYLE('',#11950,POSITIVE_LENGTH_MEASURE(0.1),#11255);
#11950 = DRAUGHTING_PRE_DEFINED_CURVE_FONT('continuous');
#11951 = STYLED_ITEM('color',(#11952),#2351);
#11952 = PRESENTATION_STYLE_ASSIGNMENT((#11953,#11958));
#11953 = SURFACE_STYLE_USAGE(.BOTH.,#11954);
#11954 = SURFACE_SIDE_STYLE('',(#11955));
#11955 = SURFACE_STYLE_FILL_AREA(#11956);
#11956 = FILL_AREA_STYLE('',(#11957));
#11957 = FILL_AREA_STYLE_COLOUR('',#11255);
#11958 = CURVE_STYLE('',#11959,POSITIVE_LENGTH_MEASURE(0.1),#11255);
#11959 = DRAUGHTING_PRE_DEFINED_CURVE_FONT('continuous');
#11960 = STYLED_ITEM('color',(#11961),#2363);
#11961 = PRESENTATION_STYLE_ASSIGNMENT((#11962,#11967));
#11962 = SURFACE_STYLE_USAGE(.BOTH.,#11963);
#11963 = SURFACE_SIDE_STYLE('',(#11964));
#11964 = SURFACE_STYLE_FILL_AREA(#11965);
#11965 = FILL_AREA_STYLE('',(#11966));
#11966 = FILL_AREA_STYLE_COLOUR('',#11255);
#11967 = CURVE_STYLE('',#11968,POSITIVE_LENGTH_MEASURE(0.1),#11255);
#11968 = DRAUGHTING_PRE_DEFINED_CURVE_FONT('continuous');
#11969 = STYLED_ITEM('color',(#11970),#2380);
#11970 = PRESENTATION_STYLE_ASSIGNMENT((#11971,#11976));
#11971 = SURFACE_STYLE_USAGE(.BOTH.,#11972);
#11972 = SURFACE_SIDE_STYLE('',(#11973));
#11973 = SURFACE_STYLE_FILL_AREA(#11974);
#11974 = FILL_AREA_STYLE('',(#11975));
#11975 = FILL_AREA_STYLE_COLOUR('',#11255);
#11976 = CURVE_STYLE('',#11977,POSITIVE_LENGTH_MEASURE(0.1),#11255);
#11977 = DRAUGHTING_PRE_DEFINED_CURVE_FONT('continuous');
#11978 = STYLED_ITEM('color',(#11979),#2397);
#11979 = PRESENTATION_STYLE_ASSIGNMENT((#11980,#11985));
#11980 = SURFACE_STYLE_USAGE(.BOTH.,#11981);
#11981 = SURFACE_SIDE_STYLE('',(#11982));
#11982 = SURFACE_STYLE_FILL_AREA(#11983);
#11983 = FILL_AREA_STYLE('',(#11984));
#11984 = FILL_AREA_STYLE_COLOUR('',#11255);
#11985 = CURVE_STYLE('',#11986,POSITIVE_LENGTH_MEASURE(0.1),#11255);
#11986 = DRAUGHTING_PRE_DEFINED_CURVE_FONT('continuous');
#11987 = STYLED_ITEM('color',(#11988),#2414);
#11988 = PRESENTATION_STYLE_ASSIGNMENT((#11989,#11994));
#11989 = SURFACE_STYLE_USAGE(.BOTH.,#11990);
#11990 = SURFACE_SIDE_STYLE('',(#11991));
#11991 = SURFACE_STYLE_FILL_AREA(#11992);
#11992 = FILL_AREA_STYLE('',(#11993));
#11993 = FILL_AREA_STYLE_COLOUR('',#11255);
#11994 = CURVE_STYLE('',#11995,POSITIVE_LENGTH_MEASURE(0.1),#11255);
#11995 = DRAUGHTING_PRE_DEFINED_CURVE_FONT('continuous');
#11996 = STYLED_ITEM('color',(#11997),#2431);
#11997 = PRESENTATION_STYLE_ASSIGNMENT((#11998,#12003));
#11998 = SURFACE_STYLE_USAGE(.BOTH.,#11999);
#11999 = SURFACE_SIDE_STYLE('',(#12000));
#12000 = SURFACE_STYLE_FILL_AREA(#12001);
#12001 = FILL_AREA_STYLE('',(#12002));
#12002 = FILL_AREA_STYLE_COLOUR('',#11255);
#12003 = CURVE_STYLE('',#12004,POSITIVE_LENGTH_MEASURE(0.1),#11255);
#12004 = DRAUGHTING_PRE_DEFINED_CURVE_FONT('continuous');
#12005 = STYLED_ITEM('color',(#12006),#2443);
#12006 = PRESENTATION_STYLE_ASSIGNMENT((#12007,#12012));
#12007 = SURFACE_STYLE_USAGE(.BOTH.,#12008);
#12008 = SURFACE_SIDE_STYLE('',(#12009));
#12009 = SURFACE_STYLE_FILL_AREA(#12010);
#12010 = FILL_AREA_STYLE('',(#12011));
#12011 = FILL_AREA_STYLE_COLOUR('',#11255);
#12012 = CURVE_STYLE('',#12013,POSITIVE_LENGTH_MEASURE(0.1),#11255);
#12013 = DRAUGHTING_PRE_DEFINED_CURVE_FONT('continuous');
#12014 = STYLED_ITEM('color',(#12015),#2460);
#12015 = PRESENTATION_STYLE_ASSIGNMENT((#12016,#12021));
#12016 = SURFACE_STYLE_USAGE(.BOTH.,#12017);
#12017 = SURFACE_SIDE_STYLE('',(#12018));
#12018 = SURFACE_STYLE_FILL_AREA(#12019);
#12019 = FILL_AREA_STYLE('',(#12020));
#12020 = FILL_AREA_STYLE_COLOUR('',#11255);
#12021 = CURVE_STYLE('',#12022,POSITIVE_LENGTH_MEASURE(0.1),#11255);
#12022 = DRAUGHTING_PRE_DEFINED_CURVE_FONT('continuous');
#12023 = STYLED_ITEM('color',(#12024),#2477);
#12024 = PRESENTATION_STYLE_ASSIGNMENT((#12025,#12030));
#12025 = SURFACE_STYLE_USAGE(.BOTH.,#12026);
#12026 = SURFACE_SIDE_STYLE('',(#12027));
#12027 = SURFACE_STYLE_FILL_AREA(#12028);
#12028 = FILL_AREA_STYLE('',(#12029));
#12029 = FILL_AREA_STYLE_COLOUR('',#11255);
#12030 = CURVE_STYLE('',#12031,POSITIVE_LENGTH_MEASURE(0.1),#11255);
#12031 = DRAUGHTING_PRE_DEFINED_CURVE_FONT('continuous');
#12032 = STYLED_ITEM('color',(#12033),#2494);
#12033 = PRESENTATION_STYLE_ASSIGNMENT((#12034,#12039));
#12034 = SURFACE_STYLE_USAGE(.BOTH.,#12035);
#12035 = SURFACE_SIDE_STYLE('',(#12036));
#12036 = SURFACE_STYLE_FILL_AREA(#12037);
#12037 = FILL_AREA_STYLE('',(#12038));
#12038 = FILL_AREA_STYLE_COLOUR('',#11255);
#12039 = CURVE_STYLE('',#12040,POSITIVE_LENGTH_MEASURE(0.1),#11255);
#12040 = DRAUGHTING_PRE_DEFINED_CURVE_FONT('continuous');
#12041 = STYLED_ITEM('color',(#12042),#2511);
#12042 = PRESENTATION_STYLE_ASSIGNMENT((#12043,#12048));
#12043 = SURFACE_STYLE_USAGE(.BOTH.,#12044);
#12044 = SURFACE_SIDE_STYLE('',(#12045));
#12045 = SURFACE_STYLE_FILL_AREA(#12046);
#12046 = FILL_AREA_STYLE('',(#12047));
#12047 = FILL_AREA_STYLE_COLOUR('',#11255);
#12048 = CURVE_STYLE('',#12049,POSITIVE_LENGTH_MEASURE(0.1),#11255);
#12049 = DRAUGHTING_PRE_DEFINED_CURVE_FONT('continuous');
#12050 = STYLED_ITEM('color',(#12051),#2523);
#12051 = PRESENTATION_STYLE_ASSIGNMENT((#12052,#12057));
#12052 = SURFACE_STYLE_USAGE(.BOTH.,#12053);
#12053 = SURFACE_SIDE_STYLE('',(#12054));
#12054 = SURFACE_STYLE_FILL_AREA(#12055);
#12055 = FILL_AREA_STYLE('',(#12056));
#12056 = FILL_AREA_STYLE_COLOUR('',#11255);
#12057 = CURVE_STYLE('',#12058,POSITIVE_LENGTH_MEASURE(0.1),#11255);
#12058 = DRAUGHTING_PRE_DEFINED_CURVE_FONT('continuous');
#12059 = STYLED_ITEM('color',(#12060),#2540);
#12060 = PRESENTATION_STYLE_ASSIGNMENT((#12061,#12066));
#12061 = SURFACE_STYLE_USAGE(.BOTH.,#12062);
#12062 = SURFACE_SIDE_STYLE('',(#12063));
#12063 = SURFACE_STYLE_FILL_AREA(#12064);
#12064 = FILL_AREA_STYLE('',(#12065));
#12065 = FILL_AREA_STYLE_COLOUR('',#11255);
#12066 = CURVE_STYLE('',#12067,POSITIVE_LENGTH_MEASURE(0.1),#11255);
#12067 = DRAUGHTING_PRE_DEFINED_CURVE_FONT('continuous');
#12068 = STYLED_ITEM('color',(#12069),#2557);
#12069 = PRESENTATION_STYLE_ASSIGNMENT((#12070,#12075));
#12070 = SURFACE_STYLE_USAGE(.BOTH.,#12071);
#12071 = SURFACE_SIDE_STYLE('',(#12072));
#12072 = SURFACE_STYLE_FILL_AREA(#12073);
#12073 = FILL_AREA_STYLE('',(#12074));
#12074 = FILL_AREA_STYLE_COLOUR('',#11255);
#12075 = CURVE_STYLE('',#12076,POSITIVE_LENGTH_MEASURE(0.1),#11255);
#12076 = DRAUGHTING_PRE_DEFINED_CURVE_FONT('continuous');
#12077 = STYLED_ITEM('color',(#12078),#2574);
#12078 = PRESENTATION_STYLE_ASSIGNMENT((#12079,#12084));
#12079 = SURFACE_STYLE_USAGE(.BOTH.,#12080);
#12080 = SURFACE_SIDE_STYLE('',(#12081));
#12081 = SURFACE_STYLE_FILL_AREA(#12082);
#12082 = FILL_AREA_STYLE('',(#12083));
#12083 = FILL_AREA_STYLE_COLOUR('',#11255);
#12084 = CURVE_STYLE('',#12085,POSITIVE_LENGTH_MEASURE(0.1),#11255);
#12085 = DRAUGHTING_PRE_DEFINED_CURVE_FONT('continuous');
#12086 = STYLED_ITEM('color',(#12087),#2591);
#12087 = PRESENTATION_STYLE_ASSIGNMENT((#12088,#12093));
#12088 = SURFACE_STYLE_USAGE(.BOTH.,#12089);
#12089 = SURFACE_SIDE_STYLE('',(#12090));
#12090 = SURFACE_STYLE_FILL_AREA(#12091);
#12091 = FILL_AREA_STYLE('',(#12092));
#12092 = FILL_AREA_STYLE_COLOUR('',#11255);
#12093 = CURVE_STYLE('',#12094,POSITIVE_LENGTH_MEASURE(0.1),#11255);
#12094 = DRAUGHTING_PRE_DEFINED_CURVE_FONT('continuous');
#12095 = STYLED_ITEM('color',(#12096),#2603);
#12096 = PRESENTATION_STYLE_ASSIGNMENT((#12097,#12102));
#12097 = SURFACE_STYLE_USAGE(.BOTH.,#12098);
#12098 = SURFACE_SIDE_STYLE('',(#12099));
#12099 = SURFACE_STYLE_FILL_AREA(#12100);
#12100 = FILL_AREA_STYLE('',(#12101));
#12101 = FILL_AREA_STYLE_COLOUR('',#11182);
#12102 = CURVE_STYLE('',#12103,POSITIVE_LENGTH_MEASURE(0.1),#11182);
#12103 = DRAUGHTING_PRE_DEFINED_CURVE_FONT('continuous');
#12104 = OVER_RIDING_STYLED_ITEM('overriding color',(#12105),#2610,
  #12095);
#12105 = PRESENTATION_STYLE_ASSIGNMENT((#12106,#12111));
#12106 = SURFACE_STYLE_USAGE(.BOTH.,#12107);
#12107 = SURFACE_SIDE_STYLE('',(#12108));
#12108 = SURFACE_STYLE_FILL_AREA(#12109);
#12109 = FILL_AREA_STYLE('',(#12110));
#12110 = FILL_AREA_STYLE_COLOUR('',#11255);
#12111 = CURVE_STYLE('',#12112,POSITIVE_LENGTH_MEASURE(0.1),#11255);
#12112 = DRAUGHTING_PRE_DEFINED_CURVE_FONT('continuous');
#12113 = STYLED_ITEM('color',(#12114),#2620);
#12114 = PRESENTATION_STYLE_ASSIGNMENT((#12115,#12120));
#12115 = SURFACE_STYLE_USAGE(.BOTH.,#12116);
#12116 = SURFACE_SIDE_STYLE('',(#12117));
#12117 = SURFACE_STYLE_FILL_AREA(#12118);
#12118 = FILL_AREA_STYLE('',(#12119));
#12119 = FILL_AREA_STYLE_COLOUR('',#11182);
#12120 = CURVE_STYLE('',#12121,POSITIVE_LENGTH_MEASURE(0.1),#11182);
#12121 = DRAUGHTING_PRE_DEFINED_CURVE_FONT('continuous');
#12122 = OVER_RIDING_STYLED_ITEM('overriding color',(#12123),#2625,
  #12113);
#12123 = PRESENTATION_STYLE_ASSIGNMENT((#12124,#12129));
#12124 = SURFACE_STYLE_USAGE(.BOTH.,#12125);
#12125 = SURFACE_SIDE_STYLE('',(#12126));
#12126 = SURFACE_STYLE_FILL_AREA(#12127);
#12127 = FILL_AREA_STYLE('',(#12128));
#12128 = FILL_AREA_STYLE_COLOUR('',#11255);
#12129 = CURVE_STYLE('',#12130,POSITIVE_LENGTH_MEASURE(0.1),#11255);
#12130 = DRAUGHTING_PRE_DEFINED_CURVE_FONT('continuous');
#12131 = STYLED_ITEM('color',(#12132),#2637);
#12132 = PRESENTATION_STYLE_ASSIGNMENT((#12133,#12138));
#12133 = SURFACE_STYLE_USAGE(.BOTH.,#12134);
#12134 = SURFACE_SIDE_STYLE('',(#12135));
#12135 = SURFACE_STYLE_FILL_AREA(#12136);
#12136 = FILL_AREA_STYLE('',(#12137));
#12137 = FILL_AREA_STYLE_COLOUR('',#11255);
#12138 = CURVE_STYLE('',#12139,POSITIVE_LENGTH_MEASURE(0.1),#11255);
#12139 = DRAUGHTING_PRE_DEFINED_CURVE_FONT('continuous');
#12140 = STYLED_ITEM('color',(#12141),#2686);
#12141 = PRESENTATION_STYLE_ASSIGNMENT((#12142,#12147));
#12142 = SURFACE_STYLE_USAGE(.BOTH.,#12143);
#12143 = SURFACE_SIDE_STYLE('',(#12144));
#12144 = SURFACE_STYLE_FILL_AREA(#12145);
#12145 = FILL_AREA_STYLE('',(#12146));
#12146 = FILL_AREA_STYLE_COLOUR('',#11255);
#12147 = CURVE_STYLE('',#12148,POSITIVE_LENGTH_MEASURE(0.1),#11255);
#12148 = DRAUGHTING_PRE_DEFINED_CURVE_FONT('continuous');
#12149 = STYLED_ITEM('color',(#12150),#2710);
#12150 = PRESENTATION_STYLE_ASSIGNMENT((#12151,#12156));
#12151 = SURFACE_STYLE_USAGE(.BOTH.,#12152);
#12152 = SURFACE_SIDE_STYLE('',(#12153));
#12153 = SURFACE_STYLE_FILL_AREA(#12154);
#12154 = FILL_AREA_STYLE('',(#12155));
#12155 = FILL_AREA_STYLE_COLOUR('',#11255);
#12156 = CURVE_STYLE('',#12157,POSITIVE_LENGTH_MEASURE(0.1),#11255);
#12157 = DRAUGHTING_PRE_DEFINED_CURVE_FONT('continuous');
#12158 = STYLED_ITEM('color',(#12159),#2752);
#12159 = PRESENTATION_STYLE_ASSIGNMENT((#12160,#12165));
#12160 = SURFACE_STYLE_USAGE(.BOTH.,#12161);
#12161 = SURFACE_SIDE_STYLE('',(#12162));
#12162 = SURFACE_STYLE_FILL_AREA(#12163);
#12163 = FILL_AREA_STYLE('',(#12164));
#12164 = FILL_AREA_STYLE_COLOUR('',#11255);
#12165 = CURVE_STYLE('',#12166,POSITIVE_LENGTH_MEASURE(0.1),#11255);
#12166 = DRAUGHTING_PRE_DEFINED_CURVE_FONT('continuous');
#12167 = STYLED_ITEM('color',(#12168),#2769);
#12168 = PRESENTATION_STYLE_ASSIGNMENT((#12169,#12174));
#12169 = SURFACE_STYLE_USAGE(.BOTH.,#12170);
#12170 = SURFACE_SIDE_STYLE('',(#12171));
#12171 = SURFACE_STYLE_FILL_AREA(#12172);
#12172 = FILL_AREA_STYLE('',(#12173));
#12173 = FILL_AREA_STYLE_COLOUR('',#11182);
#12174 = CURVE_STYLE('',#12175,POSITIVE_LENGTH_MEASURE(0.1),#11182);
#12175 = DRAUGHTING_PRE_DEFINED_CURVE_FONT('continuous');
#12176 = OVER_RIDING_STYLED_ITEM('overriding color',(#12177),#2776,
  #12167);
#12177 = PRESENTATION_STYLE_ASSIGNMENT((#12178,#12183));
#12178 = SURFACE_STYLE_USAGE(.BOTH.,#12179);
#12179 = SURFACE_SIDE_STYLE('',(#12180));
#12180 = SURFACE_STYLE_FILL_AREA(#12181);
#12181 = FILL_AREA_STYLE('',(#12182));
#12182 = FILL_AREA_STYLE_COLOUR('',#11255);
#12183 = CURVE_STYLE('',#12184,POSITIVE_LENGTH_MEASURE(0.1),#11255);
#12184 = DRAUGHTING_PRE_DEFINED_CURVE_FONT('continuous');
#12185 = STYLED_ITEM('color',(#12186),#2786);
#12186 = PRESENTATION_STYLE_ASSIGNMENT((#12187,#12192));
#12187 = SURFACE_STYLE_USAGE(.BOTH.,#12188);
#12188 = SURFACE_SIDE_STYLE('',(#12189));
#12189 = SURFACE_STYLE_FILL_AREA(#12190);
#12190 = FILL_AREA_STYLE('',(#12191));
#12191 = FILL_AREA_STYLE_COLOUR('',#11182);
#12192 = CURVE_STYLE('',#12193,POSITIVE_LENGTH_MEASURE(0.1),#11182);
#12193 = DRAUGHTING_PRE_DEFINED_CURVE_FONT('continuous');
#12194 = OVER_RIDING_STYLED_ITEM('overriding color',(#12195),#2791,
  #12185);
#12195 = PRESENTATION_STYLE_ASSIGNMENT((#12196,#12201));
#12196 = SURFACE_STYLE_USAGE(.BOTH.,#12197);
#12197 = SURFACE_SIDE_STYLE('',(#12198));
#12198 = SURFACE_STYLE_FILL_AREA(#12199);
#12199 = FILL_AREA_STYLE('',(#12200));
#12200 = FILL_AREA_STYLE_COLOUR('',#11255);
#12201 = CURVE_STYLE('',#12202,POSITIVE_LENGTH_MEASURE(0.1),#11255);
#12202 = DRAUGHTING_PRE_DEFINED_CURVE_FONT('continuous');
#12203 = STYLED_ITEM('color',(#12204),#2803);
#12204 = PRESENTATION_STYLE_ASSIGNMENT((#12205,#12210));
#12205 = SURFACE_STYLE_USAGE(.BOTH.,#12206);
#12206 = SURFACE_SIDE_STYLE('',(#12207));
#12207 = SURFACE_STYLE_FILL_AREA(#12208);
#12208 = FILL_AREA_STYLE('',(#12209));
#12209 = FILL_AREA_STYLE_COLOUR('',#11255);
#12210 = CURVE_STYLE('',#12211,POSITIVE_LENGTH_MEASURE(0.1),#11255);
#12211 = DRAUGHTING_PRE_DEFINED_CURVE_FONT('continuous');
#12212 = STYLED_ITEM('color',(#12213),#2852);
#12213 = PRESENTATION_STYLE_ASSIGNMENT((#12214,#12219));
#12214 = SURFACE_STYLE_USAGE(.BOTH.,#12215);
#12215 = SURFACE_SIDE_STYLE('',(#12216));
#12216 = SURFACE_STYLE_FILL_AREA(#12217);
#12217 = FILL_AREA_STYLE('',(#12218));
#12218 = FILL_AREA_STYLE_COLOUR('',#11255);
#12219 = CURVE_STYLE('',#12220,POSITIVE_LENGTH_MEASURE(0.1),#11255);
#12220 = DRAUGHTING_PRE_DEFINED_CURVE_FONT('continuous');
#12221 = STYLED_ITEM('color',(#12222),#2876);
#12222 = PRESENTATION_STYLE_ASSIGNMENT((#12223,#12228));
#12223 = SURFACE_STYLE_USAGE(.BOTH.,#12224);
#12224 = SURFACE_SIDE_STYLE('',(#12225));
#12225 = SURFACE_STYLE_FILL_AREA(#12226);
#12226 = FILL_AREA_STYLE('',(#12227));
#12227 = FILL_AREA_STYLE_COLOUR('',#11255);
#12228 = CURVE_STYLE('',#12229,POSITIVE_LENGTH_MEASURE(0.1),#11255);
#12229 = DRAUGHTING_PRE_DEFINED_CURVE_FONT('continuous');
#12230 = STYLED_ITEM('color',(#12231),#2918);
#12231 = PRESENTATION_STYLE_ASSIGNMENT((#12232,#12237));
#12232 = SURFACE_STYLE_USAGE(.BOTH.,#12233);
#12233 = SURFACE_SIDE_STYLE('',(#12234));
#12234 = SURFACE_STYLE_FILL_AREA(#12235);
#12235 = FILL_AREA_STYLE('',(#12236));
#12236 = FILL_AREA_STYLE_COLOUR('',#11255);
#12237 = CURVE_STYLE('',#12238,POSITIVE_LENGTH_MEASURE(0.1),#11255);
#12238 = DRAUGHTING_PRE_DEFINED_CURVE_FONT('continuous');
#12239 = STYLED_ITEM('color',(#12240),#2935);
#12240 = PRESENTATION_STYLE_ASSIGNMENT((#12241,#12246));
#12241 = SURFACE_STYLE_USAGE(.BOTH.,#12242);
#12242 = SURFACE_SIDE_STYLE('',(#12243));
#12243 = SURFACE_STYLE_FILL_AREA(#12244);
#12244 = FILL_AREA_STYLE('',(#12245));
#12245 = FILL_AREA_STYLE_COLOUR('',#11182);
#12246 = CURVE_STYLE('',#12247,POSITIVE_LENGTH_MEASURE(0.1),#11182);
#12247 = DRAUGHTING_PRE_DEFINED_CURVE_FONT('continuous');
#12248 = OVER_RIDING_STYLED_ITEM('overriding color',(#12249),#2942,
  #12239);
#12249 = PRESENTATION_STYLE_ASSIGNMENT((#12250,#12255));
#12250 = SURFACE_STYLE_USAGE(.BOTH.,#12251);
#12251 = SURFACE_SIDE_STYLE('',(#12252));
#12252 = SURFACE_STYLE_FILL_AREA(#12253);
#12253 = FILL_AREA_STYLE('',(#12254));
#12254 = FILL_AREA_STYLE_COLOUR('',#11255);
#12255 = CURVE_STYLE('',#12256,POSITIVE_LENGTH_MEASURE(0.1),#11255);
#12256 = DRAUGHTING_PRE_DEFINED_CURVE_FONT('continuous');
#12257 = STYLED_ITEM('color',(#12258),#2952);
#12258 = PRESENTATION_STYLE_ASSIGNMENT((#12259,#12264));
#12259 = SURFACE_STYLE_USAGE(.BOTH.,#12260);
#12260 = SURFACE_SIDE_STYLE('',(#12261));
#12261 = SURFACE_STYLE_FILL_AREA(#12262);
#12262 = FILL_AREA_STYLE('',(#12263));
#12263 = FILL_AREA_STYLE_COLOUR('',#11182);
#12264 = CURVE_STYLE('',#12265,POSITIVE_LENGTH_MEASURE(0.1),#11182);
#12265 = DRAUGHTING_PRE_DEFINED_CURVE_FONT('continuous');
#12266 = OVER_RIDING_STYLED_ITEM('overriding color',(#12267),#2957,
  #12257);
#12267 = PRESENTATION_STYLE_ASSIGNMENT((#12268,#12273));
#12268 = SURFACE_STYLE_USAGE(.BOTH.,#12269);
#12269 = SURFACE_SIDE_STYLE('',(#12270));
#12270 = SURFACE_STYLE_FILL_AREA(#12271);
#12271 = FILL_AREA_STYLE('',(#12272));
#12272 = FILL_AREA_STYLE_COLOUR('',#11255);
#12273 = CURVE_STYLE('',#12274,POSITIVE_LENGTH_MEASURE(0.1),#11255);
#12274 = DRAUGHTING_PRE_DEFINED_CURVE_FONT('continuous');
#12275 = STYLED_ITEM('color',(#12276),#2969);
#12276 = PRESENTATION_STYLE_ASSIGNMENT((#12277,#12282));
#12277 = SURFACE_STYLE_USAGE(.BOTH.,#12278);
#12278 = SURFACE_SIDE_STYLE('',(#12279));
#12279 = SURFACE_STYLE_FILL_AREA(#12280);
#12280 = FILL_AREA_STYLE('',(#12281));
#12281 = FILL_AREA_STYLE_COLOUR('',#11255);
#12282 = CURVE_STYLE('',#12283,POSITIVE_LENGTH_MEASURE(0.1),#11255);
#12283 = DRAUGHTING_PRE_DEFINED_CURVE_FONT('continuous');
#12284 = STYLED_ITEM('color',(#12285),#3018);
#12285 = PRESENTATION_STYLE_ASSIGNMENT((#12286,#12291));
#12286 = SURFACE_STYLE_USAGE(.BOTH.,#12287);
#12287 = SURFACE_SIDE_STYLE('',(#12288));
#12288 = SURFACE_STYLE_FILL_AREA(#12289);
#12289 = FILL_AREA_STYLE('',(#12290));
#12290 = FILL_AREA_STYLE_COLOUR('',#11255);
#12291 = CURVE_STYLE('',#12292,POSITIVE_LENGTH_MEASURE(0.1),#11255);
#12292 = DRAUGHTING_PRE_DEFINED_CURVE_FONT('continuous');
#12293 = STYLED_ITEM('color',(#12294),#3042);
#12294 = PRESENTATION_STYLE_ASSIGNMENT((#12295,#12300));
#12295 = SURFACE_STYLE_USAGE(.BOTH.,#12296);
#12296 = SURFACE_SIDE_STYLE('',(#12297));
#12297 = SURFACE_STYLE_FILL_AREA(#12298);
#12298 = FILL_AREA_STYLE('',(#12299));
#12299 = FILL_AREA_STYLE_COLOUR('',#11255);
#12300 = CURVE_STYLE('',#12301,POSITIVE_LENGTH_MEASURE(0.1),#11255);
#12301 = DRAUGHTING_PRE_DEFINED_CURVE_FONT('continuous');
#12302 = STYLED_ITEM('color',(#12303),#3084);
#12303 = PRESENTATION_STYLE_ASSIGNMENT((#12304,#12309));
#12304 = SURFACE_STYLE_USAGE(.BOTH.,#12305);
#12305 = SURFACE_SIDE_STYLE('',(#12306));
#12306 = SURFACE_STYLE_FILL_AREA(#12307);
#12307 = FILL_AREA_STYLE('',(#12308));
#12308 = FILL_AREA_STYLE_COLOUR('',#11255);
#12309 = CURVE_STYLE('',#12310,POSITIVE_LENGTH_MEASURE(0.1),#11255);
#12310 = DRAUGHTING_PRE_DEFINED_CURVE_FONT('continuous');
#12311 = STYLED_ITEM('color',(#12312),#3101);
#12312 = PRESENTATION_STYLE_ASSIGNMENT((#12313,#12318));
#12313 = SURFACE_STYLE_USAGE(.BOTH.,#12314);
#12314 = SURFACE_SIDE_STYLE('',(#12315));
#12315 = SURFACE_STYLE_FILL_AREA(#12316);
#12316 = FILL_AREA_STYLE('',(#12317));
#12317 = FILL_AREA_STYLE_COLOUR('',#11182);
#12318 = CURVE_STYLE('',#12319,POSITIVE_LENGTH_MEASURE(0.1),#11182);
#12319 = DRAUGHTING_PRE_DEFINED_CURVE_FONT('continuous');
#12320 = OVER_RIDING_STYLED_ITEM('overriding color',(#12321),#3108,
  #12311);
#12321 = PRESENTATION_STYLE_ASSIGNMENT((#12322,#12327));
#12322 = SURFACE_STYLE_USAGE(.BOTH.,#12323);
#12323 = SURFACE_SIDE_STYLE('',(#12324));
#12324 = SURFACE_STYLE_FILL_AREA(#12325);
#12325 = FILL_AREA_STYLE('',(#12326));
#12326 = FILL_AREA_STYLE_COLOUR('',#11255);
#12327 = CURVE_STYLE('',#12328,POSITIVE_LENGTH_MEASURE(0.1),#11255);
#12328 = DRAUGHTING_PRE_DEFINED_CURVE_FONT('continuous');
#12329 = STYLED_ITEM('color',(#12330),#3118);
#12330 = PRESENTATION_STYLE_ASSIGNMENT((#12331,#12336));
#12331 = SURFACE_STYLE_USAGE(.BOTH.,#12332);
#12332 = SURFACE_SIDE_STYLE('',(#12333));
#12333 = SURFACE_STYLE_FILL_AREA(#12334);
#12334 = FILL_AREA_STYLE('',(#12335));
#12335 = FILL_AREA_STYLE_COLOUR('',#11182);
#12336 = CURVE_STYLE('',#12337,POSITIVE_LENGTH_MEASURE(0.1),#11182);
#12337 = DRAUGHTING_PRE_DEFINED_CURVE_FONT('continuous');
#12338 = OVER_RIDING_STYLED_ITEM('overriding color',(#12339),#3123,
  #12329);
#12339 = PRESENTATION_STYLE_ASSIGNMENT((#12340,#12345));
#12340 = SURFACE_STYLE_USAGE(.BOTH.,#12341);
#12341 = SURFACE_SIDE_STYLE('',(#12342));
#12342 = SURFACE_STYLE_FILL_AREA(#12343);
#12343 = FILL_AREA_STYLE('',(#12344));
#12344 = FILL_AREA_STYLE_COLOUR('',#11255);
#12345 = CURVE_STYLE('',#12346,POSITIVE_LENGTH_MEASURE(0.1),#11255);
#12346 = DRAUGHTING_PRE_DEFINED_CURVE_FONT('continuous');
#12347 = STYLED_ITEM('color',(#12348),#3135);
#12348 = PRESENTATION_STYLE_ASSIGNMENT((#12349,#12354));
#12349 = SURFACE_STYLE_USAGE(.BOTH.,#12350);
#12350 = SURFACE_SIDE_STYLE('',(#12351));
#12351 = SURFACE_STYLE_FILL_AREA(#12352);
#12352 = FILL_AREA_STYLE('',(#12353));
#12353 = FILL_AREA_STYLE_COLOUR('',#11255);
#12354 = CURVE_STYLE('',#12355,POSITIVE_LENGTH_MEASURE(0.1),#11255);
#12355 = DRAUGHTING_PRE_DEFINED_CURVE_FONT('continuous');
#12356 = STYLED_ITEM('color',(#12357),#3184);
#12357 = PRESENTATION_STYLE_ASSIGNMENT((#12358,#12363));
#12358 = SURFACE_STYLE_USAGE(.BOTH.,#12359);
#12359 = SURFACE_SIDE_STYLE('',(#12360));
#12360 = SURFACE_STYLE_FILL_AREA(#12361);
#12361 = FILL_AREA_STYLE('',(#12362));
#12362 = FILL_AREA_STYLE_COLOUR('',#11255);
#12363 = CURVE_STYLE('',#12364,POSITIVE_LENGTH_MEASURE(0.1),#11255);
#12364 = DRAUGHTING_PRE_DEFINED_CURVE_FONT('continuous');
#12365 = STYLED_ITEM('color',(#12366),#3208);
#12366 = PRESENTATION_STYLE_ASSIGNMENT((#12367,#12372));
#12367 = SURFACE_STYLE_USAGE(.BOTH.,#12368);
#12368 = SURFACE_SIDE_STYLE('',(#12369));
#12369 = SURFACE_STYLE_FILL_AREA(#12370);
#12370 = FILL_AREA_STYLE('',(#12371));
#12371 = FILL_AREA_STYLE_COLOUR('',#11255);
#12372 = CURVE_STYLE('',#12373,POSITIVE_LENGTH_MEASURE(0.1),#11255);
#12373 = DRAUGHTING_PRE_DEFINED_CURVE_FONT('continuous');
#12374 = STYLED_ITEM('color',(#12375),#3250);
#12375 = PRESENTATION_STYLE_ASSIGNMENT((#12376,#12381));
#12376 = SURFACE_STYLE_USAGE(.BOTH.,#12377);
#12377 = SURFACE_SIDE_STYLE('',(#12378));
#12378 = SURFACE_STYLE_FILL_AREA(#12379);
#12379 = FILL_AREA_STYLE('',(#12380));
#12380 = FILL_AREA_STYLE_COLOUR('',#11255);
#12381 = CURVE_STYLE('',#12382,POSITIVE_LENGTH_MEASURE(0.1),#11255);
#12382 = DRAUGHTING_PRE_DEFINED_CURVE_FONT('continuous');
#12383 = STYLED_ITEM('color',(#12384),#3267);
#12384 = PRESENTATION_STYLE_ASSIGNMENT((#12385,#12390));
#12385 = SURFACE_STYLE_USAGE(.BOTH.,#12386);
#12386 = SURFACE_SIDE_STYLE('',(#12387));
#12387 = SURFACE_STYLE_FILL_AREA(#12388);
#12388 = FILL_AREA_STYLE('',(#12389));
#12389 = FILL_AREA_STYLE_COLOUR('',#11255);
#12390 = CURVE_STYLE('',#12391,POSITIVE_LENGTH_MEASURE(0.1),#11255);
#12391 = DRAUGHTING_PRE_DEFINED_CURVE_FONT('continuous');
#12392 = STYLED_ITEM('color',(#12393),#3284);
#12393 = PRESENTATION_STYLE_ASSIGNMENT((#12394,#12399));
#12394 = SURFACE_STYLE_USAGE(.BOTH.,#12395);
#12395 = SURFACE_SIDE_STYLE('',(#12396));
#12396 = SURFACE_STYLE_FILL_AREA(#12397);
#12397 = FILL_AREA_STYLE('',(#12398));
#12398 = FILL_AREA_STYLE_COLOUR('',#11255);
#12399 = CURVE_STYLE('',#12400,POSITIVE_LENGTH_MEASURE(0.1),#11255);
#12400 = DRAUGHTING_PRE_DEFINED_CURVE_FONT('continuous');
#12401 = STYLED_ITEM('color',(#12402),#3301);
#12402 = PRESENTATION_STYLE_ASSIGNMENT((#12403,#12408));
#12403 = SURFACE_STYLE_USAGE(.BOTH.,#12404);
#12404 = SURFACE_SIDE_STYLE('',(#12405));
#12405 = SURFACE_STYLE_FILL_AREA(#12406);
#12406 = FILL_AREA_STYLE('',(#12407));
#12407 = FILL_AREA_STYLE_COLOUR('',#11255);
#12408 = CURVE_STYLE('',#12409,POSITIVE_LENGTH_MEASURE(0.1),#11255);
#12409 = DRAUGHTING_PRE_DEFINED_CURVE_FONT('continuous');
#12410 = STYLED_ITEM('color',(#12411),#3313);
#12411 = PRESENTATION_STYLE_ASSIGNMENT((#12412,#12417));
#12412 = SURFACE_STYLE_USAGE(.BOTH.,#12413);
#12413 = SURFACE_SIDE_STYLE('',(#12414));
#12414 = SURFACE_STYLE_FILL_AREA(#12415);
#12415 = FILL_AREA_STYLE('',(#12416));
#12416 = FILL_AREA_STYLE_COLOUR('',#11255);
#12417 = CURVE_STYLE('',#12418,POSITIVE_LENGTH_MEASURE(0.1),#11255);
#12418 = DRAUGHTING_PRE_DEFINED_CURVE_FONT('continuous');
#12419 = STYLED_ITEM('color',(#12420),#3330);
#12420 = PRESENTATION_STYLE_ASSIGNMENT((#12421,#12426));
#12421 = SURFACE_STYLE_USAGE(.BOTH.,#12422);
#12422 = SURFACE_SIDE_STYLE('',(#12423));
#12423 = SURFACE_STYLE_FILL_AREA(#12424);
#12424 = FILL_AREA_STYLE('',(#12425));
#12425 = FILL_AREA_STYLE_COLOUR('',#11255);
#12426 = CURVE_STYLE('',#12427,POSITIVE_LENGTH_MEASURE(0.1),#11255);
#12427 = DRAUGHTING_PRE_DEFINED_CURVE_FONT('continuous');
#12428 = STYLED_ITEM('color',(#12429),#3347);
#12429 = PRESENTATION_STYLE_ASSIGNMENT((#12430,#12435));
#12430 = SURFACE_STYLE_USAGE(.BOTH.,#12431);
#12431 = SURFACE_SIDE_STYLE('',(#12432));
#12432 = SURFACE_STYLE_FILL_AREA(#12433);
#12433 = FILL_AREA_STYLE('',(#12434));
#12434 = FILL_AREA_STYLE_COLOUR('',#11255);
#12435 = CURVE_STYLE('',#12436,POSITIVE_LENGTH_MEASURE(0.1),#11255);
#12436 = DRAUGHTING_PRE_DEFINED_CURVE_FONT('continuous');
#12437 = STYLED_ITEM('color',(#12438),#3359);
#12438 = PRESENTATION_STYLE_ASSIGNMENT((#12439,#12444));
#12439 = SURFACE_STYLE_USAGE(.BOTH.,#12440);
#12440 = SURFACE_SIDE_STYLE('',(#12441));
#12441 = SURFACE_STYLE_FILL_AREA(#12442);
#12442 = FILL_AREA_STYLE('',(#12443));
#12443 = FILL_AREA_STYLE_COLOUR('',#11255);
#12444 = CURVE_STYLE('',#12445,POSITIVE_LENGTH_MEASURE(0.1),#11255);
#12445 = DRAUGHTING_PRE_DEFINED_CURVE_FONT('continuous');
#12446 = STYLED_ITEM('color',(#12447),#3376);
#12447 = PRESENTATION_STYLE_ASSIGNMENT((#12448,#12453));
#12448 = SURFACE_STYLE_USAGE(.BOTH.,#12449);
#12449 = SURFACE_SIDE_STYLE('',(#12450));
#12450 = SURFACE_STYLE_FILL_AREA(#12451);
#12451 = FILL_AREA_STYLE('',(#12452));
#12452 = FILL_AREA_STYLE_COLOUR('',#11255);
#12453 = CURVE_STYLE('',#12454,POSITIVE_LENGTH_MEASURE(0.1),#11255);
#12454 = DRAUGHTING_PRE_DEFINED_CURVE_FONT('continuous');
#12455 = STYLED_ITEM('color',(#12456),#3393);
#12456 = PRESENTATION_STYLE_ASSIGNMENT((#12457,#12462));
#12457 = SURFACE_STYLE_USAGE(.BOTH.,#12458);
#12458 = SURFACE_SIDE_STYLE('',(#12459));
#12459 = SURFACE_STYLE_FILL_AREA(#12460);
#12460 = FILL_AREA_STYLE('',(#12461));
#12461 = FILL_AREA_STYLE_COLOUR('',#11255);
#12462 = CURVE_STYLE('',#12463,POSITIVE_LENGTH_MEASURE(0.1),#11255);
#12463 = DRAUGHTING_PRE_DEFINED_CURVE_FONT('continuous');
#12464 = STYLED_ITEM('color',(#12465),#3405);
#12465 = PRESENTATION_STYLE_ASSIGNMENT((#12466,#12471));
#12466 = SURFACE_STYLE_USAGE(.BOTH.,#12467);
#12467 = SURFACE_SIDE_STYLE('',(#12468));
#12468 = SURFACE_STYLE_FILL_AREA(#12469);
#12469 = FILL_AREA_STYLE('',(#12470));
#12470 = FILL_AREA_STYLE_COLOUR('',#11255);
#12471 = CURVE_STYLE('',#12472,POSITIVE_LENGTH_MEASURE(0.1),#11255);
#12472 = DRAUGHTING_PRE_DEFINED_CURVE_FONT('continuous');
#12473 = STYLED_ITEM('color',(#12474),#3422);
#12474 = PRESENTATION_STYLE_ASSIGNMENT((#12475,#12480));
#12475 = SURFACE_STYLE_USAGE(.BOTH.,#12476);
#12476 = SURFACE_SIDE_STYLE('',(#12477));
#12477 = SURFACE_STYLE_FILL_AREA(#12478);
#12478 = FILL_AREA_STYLE('',(#12479));
#12479 = FILL_AREA_STYLE_COLOUR('',#11255);
#12480 = CURVE_STYLE('',#12481,POSITIVE_LENGTH_MEASURE(0.1),#11255);
#12481 = DRAUGHTING_PRE_DEFINED_CURVE_FONT('continuous');
#12482 = STYLED_ITEM('color',(#12483),#3439);
#12483 = PRESENTATION_STYLE_ASSIGNMENT((#12484,#12489));
#12484 = SURFACE_STYLE_USAGE(.BOTH.,#12485);
#12485 = SURFACE_SIDE_STYLE('',(#12486));
#12486 = SURFACE_STYLE_FILL_AREA(#12487);
#12487 = FILL_AREA_STYLE('',(#12488));
#12488 = FILL_AREA_STYLE_COLOUR('',#11255);
#12489 = CURVE_STYLE('',#12490,POSITIVE_LENGTH_MEASURE(0.1),#11255);
#12490 = DRAUGHTING_PRE_DEFINED_CURVE_FONT('continuous');
#12491 = MECHANICAL_DESIGN_GEOMETRIC_PRESENTATION_REPRESENTATION('',(
    #12492),#10977);
#12492 = STYLED_ITEM('color',(#12493),#4309);
#12493 = PRESENTATION_STYLE_ASSIGNMENT((#12494));
#12494 = SURFACE_STYLE_USAGE(.BOTH.,#12495);
#12495 = SURFACE_SIDE_STYLE('',(#12496));
#12496 = SURFACE_STYLE_FILL_AREA(#12497);
#12497 = FILL_AREA_STYLE('',(#12498));
#12498 = FILL_AREA_STYLE_COLOUR('',#12499);
#12499 = COLOUR_RGB('',0.313304153717,0.484529207832,0.410020903123);
ENDSEC;
END-ISO-10303-21;
