;FLAVOR:Marlin
;TIME:1133
;Filament used: 1.15296m
;Layer height: 0.25
;MINX:90.563
;MINY:96.304
;MINZ:0.25
;MAXX:129.47
;MAXY:133.017
;MAXZ:6.25
;Generated with Cura_SteamEngine 4.12.0
M140 S60
M105
M190 S60
M104 S224
M105
M109 S224
M82 ;absolute extrusion mode
G1 Z15.0 F2000 ;Move the platform
G28 ;Home
G29 ; Autolevel
;G92 X-4 Y-10 Z0; custom offset ??? Looks it does not work.
G92 E0
G92 E0
G1 F1500 E-6.5
;LAYER_COUNT:25
;LAYER:0
M107
M204 S1000
G0 F9000 X91.402 Y100.249 Z0.25
;TYPE:SKIRT
G1 F1500 E0
G1 F1800 X91.844 Y99.847 E0.02484
G1 X92.071 Y99.691 E0.03629
G1 X92.617 Y99.418 E0.06167
G1 X92.879 Y99.33 E0.07316
G1 X93.377 Y99.225 E0.09432
G1 X93.763 Y99.199 E0.11041
G1 X101.974 Y99.198 E0.45178
G1 X102.377 Y99.202 E0.46853
G1 X102.57 Y99.226 E0.47662
G1 X102.573 Y99.181 E0.4785
G1 X102.613 Y98.907 E0.49001
G1 X102.781 Y98.328 E0.51507
G1 X102.894 Y98.075 E0.52659
G1 X103.222 Y97.553 E0.55222
G1 X103.401 Y97.341 E0.56376
G1 X103.851 Y96.937 E0.5889
G1 X104.079 Y96.783 E0.60034
G1 X104.631 Y96.513 E0.62589
G1 X104.896 Y96.427 E0.63747
G1 X105.375 Y96.329 E0.6578
G1 X105.75 Y96.304 E0.67342
G1 X114.258 Y96.304 E1.02714
G1 X114.569 Y96.326 E1.04011
G1 X114.835 Y96.364 E1.05128
G1 X115.418 Y96.532 E1.0765
G1 X115.67 Y96.644 E1.08797
G1 X116.182 Y96.962 E1.11303
G1 X116.395 Y97.139 E1.12454
G1 X116.802 Y97.585 E1.14964
G1 X116.958 Y97.812 E1.16109
G1 X117.229 Y98.353 E1.18625
G1 X117.318 Y98.616 E1.19779
G1 X117.411 Y99.06 E1.21665
G1 X117.77 Y99.036 E1.23161
G1 X125.973 Y99.035 E1.57265
G1 X126.291 Y99.037 E1.58588
G1 X126.58 Y99.058 E1.59792
G1 X126.846 Y99.095 E1.60909
G1 X127.431 Y99.261 E1.63437
G1 X127.685 Y99.373 E1.64591
G1 X128.05 Y99.578 E1.66331
G1 X128.224 Y99.711 E1.67242
G1 X128.44 Y99.895 E1.68422
G1 X128.82 Y100.316 E1.7078
G1 X128.972 Y100.535 E1.71888
G1 X129.253 Y101.096 E1.74496
G1 X129.343 Y101.367 E1.75684
G1 X129.447 Y101.875 E1.77839
G1 X129.47 Y102.238 E1.79352
G1 X129.47 Y117.769 E2.43922
G1 X129.447 Y118.088 E2.45252
G1 X129.407 Y118.361 E2.46399
G1 X129.239 Y118.939 E2.48901
G1 X129.126 Y119.192 E2.50053
G1 X128.864 Y119.632 E2.52182
G1 X128.75 Y119.781 E2.52962
G1 X128.382 Y120.158 E2.55153
G1 X128.167 Y120.331 E2.563
G1 X127.667 Y120.634 E2.58731
G1 X127.417 Y120.743 E2.59865
G1 X126.839 Y120.905 E2.6236
G1 X126.571 Y120.942 E2.63485
G1 X126.27 Y120.963 E2.64739
G1 X122.271 Y120.963 E2.81365
G1 X122.294 Y121.316 E2.82836
G1 X122.294 Y129.825 E3.18212
G1 X122.271 Y130.144 E3.19542
G1 X122.232 Y130.41 E3.2066
G1 X122.073 Y130.968 E3.23072
G1 X121.963 Y131.221 E3.24219
G1 X121.76 Y131.588 E3.25963
G1 X121.63 Y131.759 E3.26856
G1 X121.452 Y131.971 E3.28007
G1 X121.006 Y132.374 E3.30506
G1 X120.777 Y132.53 E3.31658
G1 X120.241 Y132.797 E3.34147
G1 X119.98 Y132.885 E3.35292
G1 X119.478 Y132.991 E3.37426
G1 X119.092 Y133.017 E3.39034
G1 X103.563 Y133.017 E4.03596
G1 X103.254 Y132.995 E4.04884
G1 X102.986 Y132.957 E4.06009
G1 X102.417 Y132.796 E4.08468
G1 X102.162 Y132.685 E4.09624
G1 X101.648 Y132.371 E4.12128
G1 X101.44 Y132.201 E4.13245
G1 X101.142 Y131.907 E4.14986
G1 X101.015 Y131.738 E4.15864
G1 X100.854 Y131.502 E4.17052
G1 X100.585 Y130.96 E4.19568
G1 X100.498 Y130.7 E4.20708
G1 X100.393 Y130.203 E4.2282
G1 X100.367 Y129.817 E4.24428
G1 X100.366 Y121.606 E4.58565
G1 X100.37 Y121.204 E4.60237
G1 X100.379 Y121.126 E4.60563
G1 X93.755 Y121.126 E4.88103
G1 X93.433 Y121.102 E4.89445
G1 X93.169 Y121.063 E4.90555
G1 X92.613 Y120.904 E4.92959
G1 X92.358 Y120.793 E4.94115
G1 X91.825 Y120.464 E4.96719
G1 X91.612 Y120.286 E4.97873
G1 X91.205 Y119.837 E5.00393
G1 X91.049 Y119.608 E5.01545
G1 X90.781 Y119.067 E5.04055
G1 X90.694 Y118.807 E5.05195
G1 X90.589 Y118.311 E5.07302
G1 X90.563 Y117.925 E5.08911
G1 X90.563 Y102.394 E5.73481
G1 X90.586 Y102.077 E5.74803
G1 X90.625 Y101.809 E5.75929
G1 X90.784 Y101.249 E5.78349
G1 X90.894 Y100.996 E5.79496
G1 X91.224 Y100.462 E5.82106
G1 X91.402 Y100.249 E5.8326
G0 F9000 X91.709 Y100.506
G1 F1800 X92.071 Y100.177 E5.85293
G1 X92.298 Y100.021 E5.86439
G1 X92.744 Y99.798 E5.88512
G1 X93.006 Y99.71 E5.89661
G1 X93.413 Y99.624 E5.9139
G1 X93.763 Y99.599 E5.92849
G1 X101.97 Y99.598 E6.2697
G1 X102.373 Y99.602 E6.28645
G1 X102.78 Y99.653 E6.30351
G1 X102.95 Y99.694 E6.31078
G1 X102.95 Y99.499 E6.31889
G1 X102.969 Y99.239 E6.32972
G1 X103.009 Y98.965 E6.34124
G1 X103.146 Y98.491 E6.36175
G1 X103.259 Y98.238 E6.37327
G1 X103.528 Y97.811 E6.39425
G1 X103.707 Y97.599 E6.40579
G1 X104.074 Y97.268 E6.42633
G1 X104.302 Y97.114 E6.43777
G1 X104.754 Y96.894 E6.45867
G1 X105.019 Y96.808 E6.47026
G1 X105.411 Y96.727 E6.4869
G1 X105.75 Y96.704 E6.50102
G1 X114.258 Y96.704 E6.85474
G1 X114.513 Y96.722 E6.86537
G1 X114.779 Y96.76 E6.87654
G1 X115.255 Y96.897 E6.89714
G1 X115.507 Y97.009 E6.9086
G1 X115.926 Y97.27 E6.92913
G1 X116.139 Y97.447 E6.94064
G1 X116.472 Y97.812 E6.96118
G1 X116.628 Y98.039 E6.97263
G1 X116.85 Y98.481 E6.9932
G1 X116.939 Y98.744 E7.00474
G1 X117.027 Y99.166 E7.02266
G1 X117.05 Y99.506 E7.03683
G1 X117.05 Y99.539 E7.0382
G1 X117.42 Y99.461 E7.05392
G1 X117.77 Y99.436 E7.06851
G1 X125.97 Y99.435 E7.40943
G1 X126.288 Y99.437 E7.42265
G1 X126.525 Y99.454 E7.43253
G1 X126.791 Y99.491 E7.44369
G1 X127.269 Y99.627 E7.46435
G1 X127.523 Y99.739 E7.4759
G1 X127.964 Y100.016 E7.49755
G1 X128.18 Y100.2 E7.50934
G1 X128.492 Y100.544 E7.52865
G1 X128.644 Y100.763 E7.53973
G1 X128.873 Y101.222 E7.56106
G1 X128.963 Y101.493 E7.57293
G1 X129.049 Y101.909 E7.59059
G1 X129.07 Y102.238 E7.6043
G1 X129.07 Y117.769 E8.25
G1 X129.051 Y118.03 E8.26088
G1 X129.011 Y118.303 E8.27235
G1 X128.874 Y118.776 E8.29283
G1 X128.761 Y119.029 E8.30435
G1 X128.547 Y119.389 E8.32176
G1 X128.433 Y119.538 E8.32956
G1 X128.131 Y119.846 E8.34749
G1 X127.916 Y120.019 E8.35897
G1 X127.507 Y120.267 E8.37885
G1 X127.257 Y120.376 E8.39019
G1 X126.784 Y120.509 E8.41062
G1 X126.516 Y120.546 E8.42187
G1 X126.27 Y120.563 E8.43212
G1 X121.783 Y120.563 E8.61867
G1 X121.788 Y120.578 E8.61932
G1 X121.871 Y120.977 E8.63627
G1 X121.894 Y121.316 E8.65039
G1 X121.894 Y129.825 E9.00416
G1 X121.875 Y130.086 E9.01504
G1 X121.836 Y130.352 E9.02621
G1 X121.706 Y130.809 E9.04597
G1 X121.596 Y131.062 E9.05744
G1 X121.324 Y131.501 E9.07891
G1 X121.146 Y131.713 E9.09042
G1 X120.78 Y132.044 E9.11093
G1 X120.551 Y132.2 E9.12245
G1 X120.113 Y132.418 E9.14279
G1 X119.852 Y132.506 E9.15425
G1 X119.442 Y132.592 E9.17166
G1 X119.092 Y132.617 E9.18625
G1 X103.563 Y132.617 E9.83187
G1 X103.31 Y132.599 E9.84242
G1 X103.042 Y132.561 E9.85367
G1 X102.577 Y132.429 E9.87377
G1 X102.322 Y132.318 E9.88533
G1 X101.901 Y132.062 E9.90581
G1 X101.693 Y131.892 E9.91698
G1 X101.345 Y131.512 E9.9384
G1 X101.184 Y131.276 E9.95028
G1 X100.964 Y130.833 E9.97085
G1 X100.877 Y130.573 E9.98224
G1 X100.792 Y130.167 E9.99949
G1 X100.767 Y129.817 E10.01408
G1 X100.766 Y121.61 E10.35529
G1 X100.77 Y121.208 E10.372
G1 X100.816 Y120.82 E10.38824
G1 X100.838 Y120.726 E10.39226
G1 X93.755 Y120.726 E10.68673
G1 X93.492 Y120.707 E10.6977
G1 X93.228 Y120.668 E10.70879
G1 X92.773 Y120.537 E10.72848
G1 X92.518 Y120.426 E10.74004
G1 X92.082 Y120.157 E10.76134
G1 X91.869 Y119.979 E10.77288
G1 X91.535 Y119.611 E10.79354
G1 X91.379 Y119.382 E10.80506
G1 X91.16 Y118.94 E10.82557
G1 X91.073 Y118.68 E10.83697
G1 X90.988 Y118.275 E10.85417
G1 X90.963 Y117.925 E10.86876
G1 X90.963 Y102.394 E11.51447
G1 X90.982 Y102.135 E11.52526
G1 X91.021 Y101.867 E11.53652
G1 X91.151 Y101.408 E11.55636
G1 X91.261 Y101.155 E11.56783
G1 X91.531 Y100.719 E11.58915
G1 X91.709 Y100.506 E11.60069
G0 F9000 X92.016 Y100.762
G1 F1800 X92.297 Y100.506 E11.61649
G1 X92.524 Y100.35 E11.62794
G1 X92.871 Y100.177 E11.64406
G1 X93.133 Y100.089 E11.65555
G1 X93.45 Y100.022 E11.66902
G1 X93.763 Y99.999 E11.68207
G1 X101.966 Y99.998 E12.02311
G1 X102.369 Y100.002 E12.03987
G1 X102.685 Y100.042 E12.05311
G1 X102.961 Y100.109 E12.06492
G1 X103.325 Y100.253 E12.08119
G1 X103.35 Y100.267 E12.08238
G1 X103.35 Y99.499 E12.11431
G1 X103.365 Y99.297 E12.12274
G1 X103.405 Y99.023 E12.13425
G1 X103.512 Y98.654 E12.15022
G1 X103.625 Y98.401 E12.16174
G1 X103.833 Y98.069 E12.17803
G1 X104.012 Y97.857 E12.18956
G1 X104.298 Y97.6 E12.20555
G1 X104.526 Y97.446 E12.21699
G1 X104.878 Y97.274 E12.23328
G1 X105.143 Y97.188 E12.24486
G1 X105.448 Y97.126 E12.2578
G1 X105.75 Y97.104 E12.27039
G1 X114.258 Y97.104 E12.62411
G1 X114.456 Y97.118 E12.63236
G1 X114.722 Y97.156 E12.64353
G1 X115.093 Y97.263 E12.65959
G1 X115.345 Y97.375 E12.67105
G1 X115.671 Y97.577 E12.687
G1 X115.884 Y97.754 E12.69851
G1 X116.143 Y98.038 E12.71449
G1 X116.299 Y98.265 E12.72594
G1 X116.471 Y98.609 E12.74193
G1 X116.56 Y98.872 E12.75348
G1 X116.629 Y99.2 E12.76741
G1 X116.65 Y99.506 E12.78016
G1 X116.65 Y100.128 E12.80602
G1 X116.877 Y100.014 E12.81658
G1 X117.139 Y99.926 E12.82807
G1 X117.457 Y99.859 E12.84159
G1 X117.77 Y99.836 E12.85463
G1 X125.968 Y99.835 E13.19547
G1 X126.286 Y99.837 E13.20869
G1 X126.47 Y99.85 E13.21636
G1 X126.736 Y99.887 E13.22752
G1 X127.108 Y99.993 E13.2436
G1 X127.362 Y100.105 E13.25515
G1 X127.705 Y100.32 E13.27198
G1 X127.921 Y100.504 E13.28377
G1 X128.163 Y100.772 E13.29878
G1 X128.315 Y100.991 E13.30987
G1 X128.494 Y101.348 E13.32647
G1 X128.584 Y101.619 E13.33834
G1 X128.65 Y101.942 E13.35205
G1 X128.67 Y102.238 E13.36438
G1 X128.67 Y117.769 E14.01009
G1 X128.655 Y117.972 E14.01855
G1 X128.615 Y118.245 E14.03002
G1 X128.508 Y118.613 E14.04596
G1 X128.395 Y118.866 E14.05748
G1 X128.229 Y119.146 E14.07101
G1 X128.115 Y119.295 E14.07881
G1 X127.881 Y119.535 E14.09274
G1 X127.666 Y119.708 E14.10422
G1 X127.348 Y119.9 E14.11966
G1 X127.098 Y120.009 E14.131
G1 X126.729 Y120.113 E14.14694
G1 X126.461 Y120.15 E14.15819
G1 X126.27 Y120.163 E14.16615
G1 X121.185 Y120.163 E14.37756
G1 X121.322 Y120.442 E14.39048
G1 X121.408 Y120.703 E14.4019
G1 X121.472 Y121.014 E14.4151
G1 X121.494 Y121.316 E14.42769
G1 X121.494 Y129.825 E14.78146
G1 X121.479 Y130.028 E14.78992
G1 X121.44 Y130.294 E14.8011
G1 X121.339 Y130.649 E14.81644
G1 X121.229 Y130.902 E14.82791
G1 X121.017 Y131.244 E14.84464
G1 X120.839 Y131.456 E14.85615
G1 X120.555 Y131.713 E14.87207
G1 X120.326 Y131.869 E14.88359
G1 X119.985 Y132.039 E14.89943
G1 X119.724 Y132.127 E14.91088
G1 X119.405 Y132.194 E14.92444
G1 X119.092 Y132.217 E14.93748
G1 X103.563 Y132.217 E15.58311
G1 X103.366 Y132.203 E15.59132
G1 X103.098 Y132.165 E15.60257
G1 X102.736 Y132.063 E15.61821
G1 X102.481 Y131.952 E15.62977
G1 X102.154 Y131.752 E15.6457
G1 X101.946 Y131.582 E15.65687
G1 X101.675 Y131.287 E15.67353
G1 X101.514 Y131.051 E15.68541
G1 X101.343 Y130.706 E15.70141
G1 X101.256 Y130.446 E15.71281
G1 X101.19 Y130.13 E15.72623
G1 X101.167 Y129.817 E15.73928
G1 X101.166 Y121.614 E16.08032
G1 X101.17 Y121.212 E16.09704
G1 X101.206 Y120.91 E16.10968
G1 X101.268 Y120.642 E16.12112
G1 X101.392 Y120.326 E16.13523
G1 X93.755 Y120.326 E16.45274
G1 X93.55 Y120.311 E16.46129
G1 X93.286 Y120.272 E16.47238
G1 X92.932 Y120.171 E16.48769
G1 X92.677 Y120.06 E16.49925
G1 X92.338 Y119.85 E16.51583
G1 X92.125 Y119.672 E16.52737
G1 X91.866 Y119.386 E16.54341
G1 X91.71 Y119.157 E16.55493
G1 X91.539 Y118.813 E16.5709
G1 X91.452 Y118.553 E16.5823
G1 X91.386 Y118.238 E16.59568
G1 X91.363 Y117.925 E16.60873
G1 X91.363 Y102.394 E17.25443
G1 X91.378 Y102.192 E17.26285
G1 X91.417 Y101.924 E17.27411
G1 X91.518 Y101.568 E17.2895
G1 X91.628 Y101.315 E17.30097
G1 X91.838 Y100.975 E17.31758
G1 X92.016 Y100.762 E17.32912
G0 F9000 X92.323 Y101.019
G1 F1800 X92.524 Y100.836 E17.34042
G1 X92.751 Y100.68 E17.35188
G1 X92.999 Y100.556 E17.3634
G1 X93.261 Y100.468 E17.37489
G1 X93.671 Y100.403 E17.39215
G1 X93.763 Y100.399 E17.39598
G1 X101.962 Y100.398 E17.73686
G1 X102.365 Y100.402 E17.75361
G1 X102.591 Y100.43 E17.76308
G1 X102.867 Y100.497 E17.77489
G1 X103.127 Y100.601 E17.78653
G1 X103.367 Y100.738 E17.79802
G1 X103.584 Y100.904 E17.80938
G1 X103.75 Y101.073 E17.81923
G1 X103.75 Y99.499 E17.88467
G1 X103.76 Y99.355 E17.89067
G1 X103.8 Y99.081 E17.90218
G1 X103.877 Y98.817 E17.91361
G1 X103.99 Y98.564 E17.92513
G1 X104.139 Y98.327 E17.93677
G1 X104.318 Y98.115 E17.94831
G1 X104.522 Y97.931 E17.95973
G1 X104.75 Y97.777 E17.97117
G1 X105.001 Y97.655 E17.98277
G1 X105.266 Y97.569 E17.99435
G1 X105.659 Y97.508 E18.01089
G1 X105.75 Y97.504 E18.01467
G1 X114.258 Y97.504 E18.3684
G1 X114.399 Y97.514 E18.37427
G1 X114.665 Y97.552 E18.38544
G1 X114.93 Y97.628 E18.39691
G1 X115.182 Y97.74 E18.40837
G1 X115.415 Y97.885 E18.41978
G1 X115.628 Y98.062 E18.43129
G1 X115.813 Y98.265 E18.44271
G1 X115.969 Y98.492 E18.45416
G1 X116.092 Y98.737 E18.46556
G1 X116.181 Y99 E18.47711
G1 X116.246 Y99.42 E18.49478
G1 X116.25 Y99.506 E18.49835
G1 X116.25 Y100.948 E18.55831
G1 X116.311 Y100.873 E18.56233
G1 X116.522 Y100.678 E18.57427
G1 X116.756 Y100.517 E18.58608
G1 X117.005 Y100.393 E18.59764
G1 X117.267 Y100.305 E18.60913
G1 X117.678 Y100.24 E18.62643
G1 X117.77 Y100.236 E18.63026
G1 X125.965 Y100.235 E18.97097
G1 X126.283 Y100.237 E18.98419
G1 X126.415 Y100.247 E18.9897
G1 X126.681 Y100.284 E19.00086
G1 X126.946 Y100.359 E19.01231
G1 X127.2 Y100.471 E19.02385
G1 X127.445 Y100.625 E19.03588
G1 X127.661 Y100.809 E19.04768
G1 X127.835 Y101 E19.05842
G1 X127.987 Y101.219 E19.06951
G1 X128.114 Y101.474 E19.08135
G1 X128.204 Y101.745 E19.09322
G1 X128.266 Y102.154 E19.11042
G1 X128.27 Y102.238 E19.11392
G1 X128.27 Y117.769 E19.75962
G1 X128.259 Y117.914 E19.76567
G1 X128.219 Y118.187 E19.77714
G1 X128.143 Y118.45 E19.78852
G1 X128.03 Y118.703 E19.80004
G1 X127.797 Y119.052 E19.81749
G1 X127.63 Y119.223 E19.82742
G1 X127.415 Y119.396 E19.8389
G1 X127.188 Y119.534 E19.84994
G1 X126.938 Y119.643 E19.86128
G1 X126.675 Y119.717 E19.87264
G1 X126.407 Y119.754 E19.88389
G1 X126.27 Y119.763 E19.88959
G1 X120.337 Y119.763 E20.13626
G1 X120.488 Y119.892 E20.14452
G1 X120.665 Y120.09 E20.15556
G1 X120.82 Y120.319 E20.16705
G1 X120.942 Y120.567 E20.17854
G1 X121.028 Y120.828 E20.18997
G1 X121.09 Y121.225 E20.20668
G1 X121.094 Y121.316 E20.21046
G1 X121.094 Y129.825 E20.56423
G1 X121.083 Y129.97 E20.57027
G1 X121.044 Y130.236 E20.58145
G1 X120.972 Y130.49 E20.59242
G1 X120.862 Y130.743 E20.60389
G1 X120.711 Y130.987 E20.61582
G1 X120.533 Y131.199 E20.62733
G1 X120.33 Y131.382 E20.6387
G1 X120.101 Y131.538 E20.65022
G1 X119.857 Y131.66 E20.66156
G1 X119.596 Y131.748 E20.67301
G1 X119.184 Y131.813 E20.69035
G1 X119.092 Y131.817 E20.69418
G1 X103.563 Y131.817 E21.3398
G1 X103.423 Y131.807 E21.34563
G1 X103.155 Y131.769 E21.35689
G1 X102.896 Y131.696 E21.36807
G1 X102.641 Y131.585 E21.37964
G1 X102.407 Y131.442 E21.39104
G1 X102.199 Y131.272 E21.40221
G1 X102.006 Y131.062 E21.41407
G1 X101.845 Y130.826 E21.42594
G1 X101.723 Y130.579 E21.4374
G1 X101.636 Y130.319 E21.44879
G1 X101.571 Y129.909 E21.46605
G1 X101.567 Y129.817 E21.46988
G1 X101.566 Y121.618 E21.81076
G1 X101.57 Y121.216 E21.82747
G1 X101.596 Y121.001 E21.83647
G1 X101.658 Y120.733 E21.84791
G1 X101.765 Y120.46 E21.8601
G1 X101.907 Y120.213 E21.87195
G1 X102.069 Y120.002 E21.88301
G1 X102.145 Y119.926 E21.88748
G1 X93.755 Y119.926 E22.23629
G1 X93.609 Y119.915 E22.24238
G1 X93.345 Y119.876 E22.25347
G1 X93.092 Y119.804 E22.26441
G1 X92.837 Y119.693 E22.27597
G1 X92.595 Y119.543 E22.28781
G1 X92.382 Y119.365 E22.29935
G1 X92.197 Y119.161 E22.3108
G1 X92.041 Y118.932 E22.32232
G1 X91.919 Y118.686 E22.33374
G1 X91.832 Y118.426 E22.34513
G1 X91.767 Y118.017 E22.36235
G1 X91.763 Y117.925 E22.36618
G1 X91.763 Y102.394 E23.01188
G1 X91.773 Y102.25 E23.01789
G1 X91.812 Y101.982 E23.02914
G1 X91.885 Y101.727 E23.04017
G1 X91.995 Y101.474 E23.05164
G1 X92.145 Y101.232 E23.06348
G1 X92.323 Y101.019 E23.07502
G0 F9000 X92.63 Y101.275
G1 F1800 X92.75 Y101.166 E23.08176
G1 X92.977 Y101.01 E23.09321
G1 X93.126 Y100.935 E23.10015
G1 X93.388 Y100.847 E23.11164
G1 X93.708 Y100.802 E23.12507
G1 X93.763 Y100.799 E23.12736
G1 X101.958 Y100.798 E23.46807
G1 X102.361 Y100.802 E23.48483
G1 X102.497 Y100.819 E23.49052
G1 X102.773 Y100.886 E23.50233
G1 X102.928 Y100.948 E23.50927
G1 X103.168 Y101.085 E23.52076
G1 X103.299 Y101.185 E23.52761
G1 X103.493 Y101.382 E23.53911
G1 X103.59 Y101.513 E23.54589
G1 X103.723 Y101.754 E23.55733
G1 X103.782 Y101.908 E23.56419
G1 X103.843 Y102.17 E23.57537
G1 X103.863 Y102.4 E23.58497
G1 X103.863 Y117.931 E24.23067
G1 X103.857 Y118.018 E24.2343
G1 X103.817 Y118.292 E24.24581
G1 X103.771 Y118.449 E24.25261
G1 X103.659 Y118.701 E24.26408
G1 X103.568 Y118.845 E24.27116
G1 X103.388 Y119.057 E24.28272
G1 X103.266 Y119.167 E24.28955
G1 X103.036 Y119.322 E24.30108
G1 X102.886 Y119.395 E24.30802
G1 X102.623 Y119.48 E24.31951
G1 X102.321 Y119.523 E24.33219
G1 X102.263 Y119.526 E24.33461
G1 X93.755 Y119.526 E24.68833
G1 X93.667 Y119.52 E24.69199
G1 X93.403 Y119.481 E24.70309
G1 X93.252 Y119.437 E24.70963
G1 X92.997 Y119.326 E24.72119
G1 X92.851 Y119.236 E24.72832
G1 X92.638 Y119.058 E24.73986
G1 X92.527 Y118.936 E24.74672
G1 X92.371 Y118.707 E24.75824
G1 X92.298 Y118.559 E24.7651
G1 X92.211 Y118.299 E24.7765
G1 X92.166 Y117.98 E24.78989
G1 X92.163 Y117.925 E24.79218
G1 X92.163 Y102.394 E25.43789
G1 X92.169 Y102.308 E25.44147
G1 X92.208 Y102.04 E25.45273
G1 X92.252 Y101.887 E25.45935
G1 X92.362 Y101.634 E25.47082
G1 X92.452 Y101.488 E25.47795
G1 X92.63 Y101.275 E25.48949
G0 F9000 X92.937 Y101.532
G1 F1800 X92.977 Y101.495 E25.49176
G1 X93.204 Y101.339 E25.50321
G1 X93.253 Y101.314 E25.50549
G1 X93.515 Y101.226 E25.51698
G1 X93.763 Y101.199 E25.52736
G1 X101.954 Y101.198 E25.8679
G1 X102.357 Y101.202 E25.88465
G1 X102.402 Y101.208 E25.88654
G1 X102.678 Y101.275 E25.89835
G1 X102.73 Y101.295 E25.90067
G1 X102.97 Y101.432 E25.91215
G1 X103.014 Y101.466 E25.91447
G1 X103.208 Y101.663 E25.92596
G1 X103.24 Y101.706 E25.92819
G1 X103.373 Y101.947 E25.93963
G1 X103.393 Y101.999 E25.94195
G1 X103.454 Y102.261 E25.95313
G1 X103.463 Y102.391 E25.95855
G1 X103.463 Y117.931 E26.60463
G1 X103.461 Y117.96 E26.60584
G1 X103.421 Y118.234 E26.61735
G1 X103.406 Y118.286 E26.6196
G1 X103.294 Y118.538 E26.63107
G1 X103.263 Y118.586 E26.63344
G1 X103.083 Y118.798 E26.645
G1 X103.043 Y118.835 E26.64727
G1 X102.813 Y118.99 E26.6588
G1 X102.763 Y119.014 E26.66111
G1 X102.5 Y119.099 E26.6726
G1 X102.263 Y119.126 E26.68251
G1 X93.755 Y119.126 E27.03624
G1 X93.726 Y119.124 E27.03745
G1 X93.462 Y119.085 E27.04854
G1 X93.411 Y119.07 E27.05075
G1 X93.156 Y118.959 E27.06231
G1 X93.108 Y118.929 E27.06467
G1 X92.895 Y118.751 E27.07621
G1 X92.858 Y118.711 E27.07847
G1 X92.702 Y118.482 E27.08999
G1 X92.677 Y118.432 E27.09232
G1 X92.59 Y118.172 E27.10371
G1 X92.563 Y117.925 E27.11404
G1 X92.563 Y102.394 E27.75975
G1 X92.565 Y102.365 E27.76096
G1 X92.604 Y102.097 E27.77222
G1 X92.619 Y102.046 E27.77443
G1 X92.729 Y101.793 E27.7859
G1 X92.759 Y101.745 E27.78825
G1 X92.937 Y101.532 E27.79979
G1 F1500 E21.29979
G0 F9000 X92.887 Y100.984
G0 X93.348 Y100.805
G0 X104.085 Y99.499
G0 X104.15 Y99.499
G1 F1500 E27.79979
G1 F1800 X104.156 Y99.412 E27.80342
G1 X104.196 Y99.138 E27.81493
G1 X104.242 Y98.98 E27.82177
G1 X104.355 Y98.727 E27.83329
G1 X104.445 Y98.585 E27.84028
G1 X104.624 Y98.373 E27.85182
G1 X104.746 Y98.263 E27.85864
G1 X104.974 Y98.109 E27.87008
G1 X105.125 Y98.035 E27.87707
G1 X105.39 Y97.949 E27.88866
G1 X105.695 Y97.906 E27.90146
G1 X105.75 Y97.904 E27.90375
G1 X114.258 Y97.904 E28.25747
G1 X114.343 Y97.91 E28.26102
G1 X114.609 Y97.948 E28.27219
G1 X114.768 Y97.994 E28.27907
G1 X115.02 Y98.106 E28.29053
G1 X115.159 Y98.193 E28.29735
G1 X115.372 Y98.37 E28.30887
G1 X115.483 Y98.491 E28.31569
G1 X115.639 Y98.718 E28.32714
G1 X115.713 Y98.866 E28.33402
G1 X115.802 Y99.129 E28.34557
G1 X115.848 Y99.454 E28.35921
G1 X115.85 Y99.506 E28.36138
G1 X115.85 Y115.035 E29.007
G1 X115.844 Y115.119 E29.0105
G1 X115.806 Y115.388 E29.02179
G1 X115.761 Y115.545 E29.02858
G1 X115.65 Y115.798 E29.04007
G1 X115.566 Y115.937 E29.04682
G1 X115.396 Y116.145 E29.05799
G1 X115.271 Y116.259 E29.06502
G1 X115.037 Y116.42 E29.07683
G1 X114.89 Y116.494 E29.08368
G1 X114.628 Y116.583 E29.09518
G1 X114.302 Y116.629 E29.10887
G1 X114.25 Y116.631 E29.11103
G1 X106.055 Y116.632 E29.45174
G1 X105.653 Y116.628 E29.46845
G1 X105.521 Y116.612 E29.47398
G1 X105.25 Y116.548 E29.48556
G1 X105.096 Y116.488 E29.49243
G1 X104.854 Y116.353 E29.50395
G1 X104.717 Y116.249 E29.5111
G1 X104.52 Y116.048 E29.5228
G1 X104.423 Y115.917 E29.52958
G1 X104.289 Y115.673 E29.54115
G1 X104.231 Y115.52 E29.54796
G1 X104.17 Y115.258 E29.55914
G1 X104.15 Y115.03 E29.56865
G1 X104.15 Y99.499 E30.21436
G0 F9000 X104.55 Y99.499
G1 F1800 X104.552 Y99.47 E30.21557
G1 X104.592 Y99.196 E30.22708
G1 X104.607 Y99.143 E30.22937
G1 X104.72 Y98.89 E30.24089
G1 X104.75 Y98.843 E30.24321
G1 X104.929 Y98.631 E30.25474
G1 X104.97 Y98.594 E30.25704
G1 X105.198 Y98.44 E30.26848
G1 X105.248 Y98.416 E30.27078
G1 X105.513 Y98.33 E30.28237
G1 X105.75 Y98.304 E30.29228
G1 X114.258 Y98.304 E30.646
G1 X114.286 Y98.306 E30.64717
G1 X114.552 Y98.344 E30.65834
G1 X114.605 Y98.359 E30.66063
G1 X114.857 Y98.471 E30.67209
G1 X114.904 Y98.5 E30.67439
G1 X115.117 Y98.677 E30.6859
G1 X115.154 Y98.718 E30.6882
G1 X115.31 Y98.945 E30.69965
G1 X115.334 Y98.994 E30.70192
G1 X115.423 Y99.257 E30.71346
G1 X115.45 Y99.506 E30.72388
G1 X115.45 Y115.035 E31.3695
G1 X115.448 Y115.063 E31.37066
G1 X115.41 Y115.332 E31.38196
G1 X115.395 Y115.384 E31.38421
G1 X115.284 Y115.637 E31.3957
G1 X115.256 Y115.684 E31.39797
G1 X115.086 Y115.892 E31.40914
G1 X115.044 Y115.93 E31.41149
G1 X114.81 Y116.091 E31.4233
G1 X114.761 Y116.115 E31.42557
G1 X114.499 Y116.204 E31.43707
G1 X114.25 Y116.231 E31.44749
G1 X106.059 Y116.232 E31.78803
G1 X105.657 Y116.228 E31.80474
G1 X105.613 Y116.223 E31.80658
G1 X105.342 Y116.159 E31.81816
G1 X105.291 Y116.139 E31.82044
G1 X105.049 Y116.004 E31.83196
G1 X105.003 Y115.969 E31.83436
G1 X104.806 Y115.768 E31.84606
G1 X104.774 Y115.724 E31.84833
G1 X104.64 Y115.48 E31.8599
G1 X104.62 Y115.429 E31.86218
G1 X104.559 Y115.167 E31.87336
G1 X104.55 Y115.039 E31.8787
G1 X104.55 Y99.499 E32.52477
G1 F1500 E26.02477
G0 F9000 X104.085 Y99.499
G0 X104.203 Y98.89
G0 X104.526 Y98.375
G0 X105.018 Y98.009
G0 X105.597 Y97.847
G0 X114.553 Y97.866
G0 X115.125 Y98.088
G0 X115.544 Y98.45
G0 X115.852 Y99.049
G0 X115.886 Y99.3
G0 X115.915 Y102.149
G0 X116.176 Y102.149
G1 F1500 E32.52477
G1 F1800 X116.214 Y101.881 E32.53603
G1 X116.259 Y101.723 E32.54286
G1 X116.371 Y101.469 E32.5544
G1 X116.453 Y101.334 E32.56097
G1 X116.622 Y101.125 E32.57214
G1 X116.749 Y101.008 E32.57932
G1 X116.983 Y100.847 E32.59113
G1 X117.132 Y100.772 E32.59806
G1 X117.394 Y100.684 E32.60955
G1 X117.715 Y100.639 E32.62303
G1 X117.77 Y100.636 E32.62532
G1 X125.963 Y100.635 E32.96595
G1 X126.281 Y100.637 E32.97917
G1 X126.36 Y100.643 E32.98246
G1 X126.626 Y100.68 E32.99363
G1 X126.785 Y100.725 E33.0005
G1 X127.039 Y100.837 E33.01204
G1 X127.186 Y100.929 E33.01925
G1 X127.402 Y101.113 E33.03104
G1 X127.506 Y101.228 E33.03749
G1 X127.658 Y101.447 E33.04857
G1 X127.734 Y101.6 E33.05568
G1 X127.824 Y101.871 E33.06755
G1 X127.868 Y102.188 E33.08085
G1 X127.87 Y102.238 E33.08293
G1 X127.87 Y117.769 E33.72864
G1 X127.864 Y117.856 E33.73226
G1 X127.824 Y118.129 E33.74373
G1 X127.778 Y118.287 E33.75058
G1 X127.665 Y118.54 E33.7621
G1 X127.48 Y118.809 E33.77567
G1 X127.379 Y118.911 E33.78164
G1 X127.164 Y119.084 E33.79311
G1 X127.028 Y119.167 E33.79973
G1 X126.778 Y119.276 E33.81107
G1 X126.62 Y119.32 E33.81789
G1 X126.352 Y119.357 E33.82914
G1 X126.27 Y119.363 E33.83256
G1 X117.762 Y119.363 E34.18628
G1 X117.677 Y119.357 E34.18982
G1 X117.412 Y119.319 E34.20095
G1 X117.256 Y119.274 E34.2077
G1 X117.001 Y119.162 E34.21928
G1 X116.858 Y119.074 E34.22626
G1 X116.647 Y118.898 E34.23769
G1 X116.535 Y118.775 E34.2446
G1 X116.378 Y118.545 E34.25618
G1 X116.305 Y118.397 E34.26304
G1 X116.218 Y118.137 E34.27444
G1 X116.173 Y117.817 E34.28787
G1 X116.17 Y117.762 E34.29016
G1 X116.17 Y102.233 E34.93579
G1 X116.176 Y102.149 E34.93929
G0 F9000 X116.572 Y102.205
G1 F1800 X116.61 Y101.937 E34.95054
G1 X116.625 Y101.884 E34.95283
G1 X116.737 Y101.63 E34.96437
G1 X116.764 Y101.585 E34.96655
G1 X116.933 Y101.376 E34.97773
G1 X116.976 Y101.337 E34.98014
G1 X117.21 Y101.176 E34.99195
G1 X117.259 Y101.151 E34.99424
G1 X117.521 Y101.063 E35.00573
G1 X117.77 Y101.036 E35.01614
G1 X125.96 Y101.035 E35.35664
G1 X126.278 Y101.037 E35.36986
G1 X126.305 Y101.039 E35.37099
G1 X126.571 Y101.076 E35.38215
G1 X126.624 Y101.091 E35.38444
G1 X126.878 Y101.203 E35.39599
G1 X126.927 Y101.234 E35.3984
G1 X127.143 Y101.418 E35.41019
G1 X127.177 Y101.456 E35.41231
G1 X127.329 Y101.675 E35.4234
G1 X127.355 Y101.726 E35.42578
G1 X127.445 Y101.997 E35.43765
G1 X127.47 Y102.238 E35.44772
G1 X127.47 Y117.769 E36.09342
G1 X127.468 Y117.798 E36.09463
G1 X127.428 Y118.071 E36.1061
G1 X127.413 Y118.124 E36.10839
G1 X127.3 Y118.377 E36.11991
G1 X127.128 Y118.6 E36.13162
G1 X126.913 Y118.773 E36.1431
G1 X126.868 Y118.8 E36.14528
G1 X126.618 Y118.909 E36.15662
G1 X126.565 Y118.924 E36.15891
G1 X126.297 Y118.961 E36.17015
G1 X126.27 Y118.963 E36.17128
G1 X117.762 Y118.963 E36.525
G1 X117.734 Y118.961 E36.52617
G1 X117.469 Y118.923 E36.5373
G1 X117.417 Y118.908 E36.53955
G1 X117.162 Y118.796 E36.55113
G1 X117.114 Y118.767 E36.55346
G1 X116.903 Y118.591 E36.56488
G1 X116.866 Y118.55 E36.56718
G1 X116.709 Y118.32 E36.57876
G1 X116.684 Y118.27 E36.58108
G1 X116.597 Y118.01 E36.59248
G1 X116.57 Y117.762 E36.60285
G1 X116.57 Y102.233 E37.24847
G1 X116.572 Y102.205 E37.24964
G1 F1500 E30.74964
G0 F9000 X116.106 Y102.218
G0 X115.887 Y115.336
G0 X115.666 Y115.907
G0 X115.25 Y116.363
G0 X114.708 Y116.632
G0 X114.264 Y116.695
G0 X105.367 Y116.658
G0 X104.263 Y116.357
G1 F1500 E37.24964
G1 F1800 X104.263 Y117.931 E37.31508
G1 X104.253 Y118.075 E37.32108
G1 X104.213 Y118.349 E37.33259
G1 X104.137 Y118.611 E37.34393
G1 X104.025 Y118.863 E37.3554
G1 X103.873 Y119.104 E37.36724
G1 X103.692 Y119.317 E37.37887
G1 X116.524 Y119.317 E37.91236
G1 X116.39 Y119.205 E37.91962
G1 X116.205 Y119.001 E37.93107
G1 X116.048 Y118.771 E37.94265
G1 X115.926 Y118.524 E37.9541
G1 X115.839 Y118.264 E37.9655
G1 X115.774 Y117.854 E37.98276
G1 X115.77 Y117.762 E37.98659
G1 X115.77 Y116.318 E38.04662
G1 X115.705 Y116.398 E38.05091
G1 X115.498 Y116.589 E38.06262
G1 X115.264 Y116.75 E38.07442
G1 X115.019 Y116.873 E38.08582
G1 X114.757 Y116.962 E38.09733
G1 X114.336 Y117.027 E38.11504
G1 X114.25 Y117.031 E38.11862
G1 X106.051 Y117.032 E38.45949
G1 X105.649 Y117.028 E38.4762
G1 X105.429 Y117.001 E38.48542
G1 X105.158 Y116.937 E38.497
G1 X104.901 Y116.837 E38.50846
G1 X104.659 Y116.702 E38.51998
G1 X104.432 Y116.529 E38.53185
G1 X104.263 Y116.357 E38.54187
G0 F9000 X104.663 Y117.163
G1 F1800 X104.663 Y117.931 E38.5738
G1 X104.648 Y118.133 E38.58222
G1 X104.608 Y118.407 E38.59374
G1 X104.502 Y118.774 E38.60962
G1 X104.438 Y118.917 E38.61613
G1 X115.679 Y118.917 E39.08348
G1 X115.546 Y118.651 E39.09584
G1 X115.459 Y118.391 E39.10724
G1 X115.393 Y118.075 E39.12066
G1 X115.37 Y117.762 E39.13371
G1 X115.37 Y117.14 E39.15957
G1 X115.147 Y117.252 E39.16995
G1 X114.885 Y117.341 E39.18145
G1 X114.556 Y117.41 E39.19543
G1 X114.25 Y117.431 E39.20818
G1 X106.047 Y117.432 E39.54922
G1 X105.645 Y117.428 E39.56593
G1 X105.337 Y117.391 E39.57883
G1 X105.066 Y117.327 E39.59041
G1 X104.706 Y117.187 E39.60647
G1 X104.663 Y117.163 E39.60851
G1 F1500 E33.10851
G0 F9000 X103.603 Y118.867
G0 X102.827 Y119.826
G0 X102.682 Y119.99
G1 F1500 E39.60851
G1 F1800 X102.925 Y119.857 E39.62003
G1 X103.077 Y119.799 E39.62679
G1 X103.34 Y119.738 E39.63802
G1 X103.568 Y119.717 E39.64754
G1 X119.1 Y119.717 E40.29328
G1 X119.187 Y119.723 E40.29691
G1 X119.459 Y119.763 E40.30834
G1 X119.617 Y119.809 E40.31518
G1 X119.872 Y119.923 E40.32679
G1 X120.017 Y120.015 E40.33393
G1 X120.227 Y120.195 E40.34543
G1 X120.334 Y120.315 E40.35212
G1 X120.489 Y120.544 E40.36361
G1 X120.562 Y120.692 E40.37047
G1 X120.648 Y120.953 E40.3819
G1 X120.692 Y121.261 E40.39483
G1 X120.694 Y121.316 E40.39712
G1 X120.694 Y129.825 E40.75089
G1 X120.688 Y129.912 E40.75451
G1 X120.649 Y130.178 E40.76569
G1 X120.605 Y130.33 E40.77227
G1 X120.495 Y130.583 E40.78374
G1 X120.405 Y130.73 E40.7909
G1 X120.227 Y130.942 E40.80241
G1 X120.105 Y131.052 E40.80924
G1 X119.876 Y131.208 E40.82076
G1 X119.73 Y131.281 E40.82755
G1 X119.469 Y131.369 E40.839
G1 X119.147 Y131.414 E40.85252
G1 X119.092 Y131.417 E40.85481
G1 X103.563 Y131.417 E41.50043
G1 X103.479 Y131.411 E41.50393
G1 X103.211 Y131.373 E41.51518
G1 X103.056 Y131.329 E41.52188
G1 X102.801 Y131.218 E41.53344
G1 X102.66 Y131.133 E41.54029
G1 X102.452 Y130.963 E41.55146
G1 X102.336 Y130.836 E41.55861
G1 X102.175 Y130.6 E41.57048
G1 X102.102 Y130.452 E41.57735
G1 X102.015 Y130.192 E41.58874
G1 X101.97 Y129.872 E41.60218
G1 X101.967 Y129.817 E41.60447
G1 X101.966 Y121.622 E41.94518
G1 X101.97 Y121.22 E41.96189
G1 X101.985 Y121.091 E41.96729
G1 X102.047 Y120.823 E41.97873
G1 X102.112 Y120.659 E41.98606
G1 X102.254 Y120.412 E41.99791
G1 X102.351 Y120.286 E42.00452
G1 X102.547 Y120.091 E42.01601
G1 X102.682 Y119.99 E42.02302
G0 F9000 X102.874 Y120.341
G1 F1800 X103.117 Y120.208 E42.03454
G1 X103.168 Y120.188 E42.03682
G1 X103.431 Y120.127 E42.04804
G1 X103.557 Y120.117 E42.0533
G1 X119.1 Y120.117 E42.6995
G1 X119.129 Y120.119 E42.70071
G1 X119.401 Y120.159 E42.71214
G1 X119.454 Y120.174 E42.71443
G1 X119.709 Y120.288 E42.72604
G1 X119.757 Y120.319 E42.72842
G1 X119.967 Y120.499 E42.73992
G1 X120.003 Y120.539 E42.74215
G1 X120.158 Y120.768 E42.75365
G1 X120.182 Y120.817 E42.75592
G1 X120.268 Y121.078 E42.76734
G1 X120.294 Y121.316 E42.7773
G1 X120.294 Y129.825 E43.13106
G1 X120.292 Y129.854 E43.13227
G1 X120.253 Y130.12 E43.14345
G1 X120.238 Y130.171 E43.14566
G1 X120.128 Y130.424 E43.15713
G1 X120.098 Y130.473 E43.15951
G1 X119.92 Y130.685 E43.17102
G1 X119.88 Y130.721 E43.17326
G1 X119.651 Y130.877 E43.18478
G1 X119.602 Y130.902 E43.18707
G1 X119.341 Y130.99 E43.19852
G1 X119.092 Y131.017 E43.20893
G1 X103.563 Y131.017 E43.85455
G1 X103.535 Y131.015 E43.85572
G1 X103.267 Y130.977 E43.86697
G1 X103.215 Y130.962 E43.86922
G1 X102.96 Y130.851 E43.88079
G1 X102.913 Y130.823 E43.88306
G1 X102.705 Y130.653 E43.89423
G1 X102.667 Y130.611 E43.89658
G1 X102.506 Y130.375 E43.90846
G1 X102.481 Y130.325 E43.91078
G1 X102.394 Y130.065 E43.92218
G1 X102.367 Y129.817 E43.93255
G1 X102.366 Y121.626 E44.2731
G1 X102.37 Y121.224 E44.28981
G1 X102.375 Y121.181 E44.29161
G1 X102.437 Y120.913 E44.30305
G1 X102.459 Y120.858 E44.30551
G1 X102.601 Y120.611 E44.31736
G1 X102.633 Y120.569 E44.31955
G1 X102.829 Y120.374 E44.33105
G1 X102.874 Y120.341 E44.33337
G1 F1500 E37.83337
;MESH:Switch Raiser Omron Tilted.stl(1)
G0 F9000 X102.363 Y118.505
G1 F1500 E44.33337
G0 F9000 X102.615 Y118.644
;TYPE:WALL-OUTER
G1 F1800 X102.343 Y118.72 E44.34511
G1 X102.25 Y118.726 E44.34898
G1 X93.755 Y118.726 E44.70216
G1 X93.473 Y118.671 E44.71411
G1 X93.218 Y118.51 E44.72665
G1 X93.047 Y118.28 E44.73856
G1 X92.967 Y117.994 E44.75091
G1 X92.963 Y117.913 E44.75428
G1 X92.963 Y102.405 E45.39903
G1 X93.018 Y102.109 E45.41154
G1 X93.179 Y101.852 E45.42415
G1 X93.415 Y101.679 E45.43632
G1 X93.687 Y101.603 E45.44806
G1 X93.772 Y101.599 E45.4516
G1 X101.951 Y101.598 E45.79164
G1 X102.34 Y101.602 E45.80781
G1 X102.602 Y101.674 E45.81911
G1 X102.851 Y101.858 E45.83198
G1 X103.012 Y102.119 E45.84473
G1 X103.063 Y102.4 E45.85661
G1 X103.063 Y117.921 E46.50189
G1 X103.006 Y118.222 E46.51463
G1 X102.849 Y118.47 E46.52683
G1 X102.615 Y118.644 E46.53896
G0 F9000 X102.423 Y118.697
G0 X102.306 Y118.273
G1 F1500 E40.03896
G0 F9000 X98.962 Y117.421
G1 F1500 E46.53896
G0 F9000 X98.963 Y117.122
G1 F1800 X98.963 Y103.202 E47.11768
G1 X97.385 Y103.201 E47.18329
G1 X97.063 Y103.204 E47.19668
G1 X97.063 Y117.121 E47.77528
G1 X98.963 Y117.122 E47.85427
G0 F9000 X98.963 Y116.922
G0 X99.363 Y117.522
;TYPE:WALL-INNER
G1 F1800 X99.363 Y102.802 E48.46626
G1 X97.383 Y102.801 E48.54858
G1 X96.663 Y102.808 E48.57851
G1 X96.663 Y117.521 E49.19021
G1 X99.363 Y117.522 E49.30246
G0 F9000 X99.763 Y117.926
G1 F1800 X96.263 Y117.926 E49.44797
G1 X93.837 Y117.926 E49.54884
G1 X93.779 Y117.915 E49.55129
G1 X93.763 Y117.847 E49.55419
G1 X93.763 Y102.475 E50.19329
G1 X93.775 Y102.413 E50.19591
G1 X93.836 Y102.399 E50.19851
G1 X96.262 Y102.399 E50.29938
G1 X97.381 Y102.399 E50.3459
G1 X99.762 Y102.399 E50.44489
G1 X101.943 Y102.398 E50.53556
G1 X102.225 Y102.401 E50.54729
G1 X102.263 Y102.47 E50.55056
G1 X102.263 Y117.846 E51.18982
G1 X102.25 Y117.912 E51.19262
G1 X102.192 Y117.926 E51.1951
G1 X99.763 Y117.926 E51.29609
G0 F9000 X100.163 Y117.526
G1 F1800 X100.163 Y102.798 E51.90841
G1 X101.863 Y102.798 E51.97908
G1 X101.863 Y117.526 E52.5914
G1 X100.163 Y117.526 E52.66208
G0 F9000 X102.435 Y118.279
G1 F1800 X102.24 Y118.326 E52.67042
G1 X93.796 Y118.326 E53.02148
G1 X93.622 Y118.292 E53.02885
G1 X93.495 Y118.212 E53.03509
G1 X93.412 Y118.1 E53.04089
G1 X93.363 Y117.893 E53.04973
G1 X93.363 Y102.44 E53.69219
G1 X93.397 Y102.257 E53.69993
G1 X93.477 Y102.13 E53.70617
G1 X93.593 Y102.044 E53.71218
G1 X93.791 Y101.999 E53.72062
G1 X101.947 Y101.998 E54.0597
G1 X102.283 Y102.001 E54.07367
G1 X102.424 Y102.04 E54.07976
G1 X102.553 Y102.135 E54.08642
G1 X102.631 Y102.263 E54.09265
G1 X102.663 Y102.438 E54.10005
G1 X102.663 Y117.884 E54.74222
G1 X102.627 Y118.072 E54.75017
G1 X102.551 Y118.193 E54.75611
G1 X102.435 Y118.279 E54.76212
G0 F9000 X99.763 Y117.922
G1 F1800 X99.763 Y102.402 E55.40736
G1 X97.381 Y102.401 E55.40805
G1 X96.263 Y102.412 E55.4089
G1 X96.263 Y117.921 E56.05369
G1 X99.763 Y117.922 E56.05533
G0 F9000 X95.863 Y117.526
G1 F1800 X94.163 Y117.526 E56.12601
G1 X94.163 Y102.799 E56.73829
G1 X95.863 Y102.799 E56.80896
G1 X95.863 Y117.526 E57.42124
G0 F9000 X95.753 Y116.726
G0 X95.063 Y116.726
;TYPE:SKIN
G1 F1800 X94.963 Y116.726 E57.4254
G1 X94.963 Y103.599 E57.97116
G1 X95.063 Y103.599 E57.97531
G1 X95.063 Y116.726 E58.52107
G0 F9000 X95.463 Y117.126
G1 F1800 X94.563 Y117.126 E58.55849
G1 X94.563 Y103.199 E59.13751
G1 X95.463 Y103.199 E59.17492
G1 X95.463 Y117.126 E59.75394
G0 F9000 X95.753 Y117.126
G0 X96.835 Y117.349
G0 X101.681 Y117.344
G0 X101.753 Y116.726
G0 X101.063 Y116.726
G1 F1800 X100.963 Y116.726 E59.7581
G1 X100.963 Y103.598 E60.3039
G1 X101.063 Y103.598 E60.30805
G1 X101.063 Y116.726 E60.85385
G0 F9000 X101.463 Y117.126
G1 F1800 X100.563 Y117.126 E60.89127
G1 X100.563 Y103.198 E61.47033
G1 X101.463 Y103.198 E61.50775
G1 X101.463 Y117.126 E62.08681
G0 F9000 X101.463 Y117.716
G1 F1500 E55.58681
;MESH:Switch Raiser Omron Tilted.stl
G0 F9000 X102.843 Y115.481
G0 X105.158 Y115.05
G0 X105.543 Y115.481
G1 F1500 E62.08681
G0 F9000 X105.409 Y115.755
;TYPE:WALL-OUTER
G1 F1800 X105.162 Y115.572 E62.09959
G1 X105.004 Y115.317 E62.11206
G1 X104.95 Y115.03 E62.1242
G1 X104.95 Y99.509 E62.76949
G1 X105.004 Y99.219 E62.78175
G1 X105.17 Y98.953 E62.79479
G1 X105.398 Y98.786 E62.80654
G1 X105.669 Y98.709 E62.81825
G1 X105.761 Y98.704 E62.82208
G1 X114.246 Y98.704 E63.17485
G1 X114.54 Y98.759 E63.18728
G1 X114.796 Y98.919 E63.19983
G1 X114.966 Y99.149 E63.21172
G1 X115.046 Y99.429 E63.22383
G1 X115.05 Y99.506 E63.22704
G1 X115.05 Y115.027 E63.87232
G1 X114.996 Y115.317 E63.88459
G1 X114.839 Y115.572 E63.89704
G1 X114.607 Y115.747 E63.90912
G1 X114.326 Y115.827 E63.92127
G1 X114.241 Y115.831 E63.9248
G1 X106.062 Y115.832 E64.26485
G1 X105.674 Y115.828 E64.28098
G1 X105.409 Y115.755 E64.29241
G0 F9000 X105.249 Y115.636
G0 X105.511 Y115.283
G1 F1500 E57.79241
G0 F9000 X108.75 Y114.228
G1 F1500 E64.29241
G0 F9000 X109.05 Y114.228
G1 F1800 X110.628 Y114.229 E64.35801
G1 X110.95 Y114.226 E64.3714
G1 X110.95 Y100.308 E64.95004
G1 X109.05 Y100.307 E65.02904
G1 X109.05 Y114.228 E65.60781
G0 F9000 X109.25 Y114.228
G0 X108.65 Y114.628
;TYPE:WALL-INNER
G1 F1800 X110.63 Y114.629 E65.69012
G1 X111.35 Y114.622 E65.72006
G1 X111.35 Y99.908 E66.3318
G1 X108.65 Y99.907 E66.44405
G1 X108.65 Y114.628 E67.05608
G0 F9000 X108.251 Y115.031
G1 F1800 X106.07 Y115.032 E67.14675
G1 X105.787 Y115.029 E67.15852
G1 X105.75 Y114.956 E67.16192
G1 X105.75 Y99.578 E67.80127
G1 X105.762 Y99.517 E67.80385
G1 X105.814 Y99.504 E67.80608
G1 X108.25 Y99.504 E67.90736
G1 X111.75 Y99.504 E68.05287
G1 X114.174 Y99.504 E68.15365
G1 X114.239 Y99.516 E68.15639
G1 X114.25 Y99.553 E68.158
G1 X114.25 Y114.957 E68.79842
G1 X114.239 Y115.016 E68.80092
G1 X114.175 Y115.031 E68.80365
G1 X111.75 Y115.031 E68.90447
G1 X110.632 Y115.031 E68.95095
G1 X108.251 Y115.031 E69.04994
G0 F9000 X107.85 Y114.632
G1 F1800 X106.15 Y114.632 E69.12062
G1 X106.15 Y99.904 E69.73294
G1 X107.85 Y99.904 E69.80362
G1 X107.85 Y114.632 E70.41594
G0 F9000 X105.585 Y115.388
G1 F1800 X105.463 Y115.297 E70.42226
G1 X105.383 Y115.169 E70.42854
G1 X105.35 Y114.993 E70.43598
G1 X105.35 Y99.544 E71.07828
G1 X105.383 Y99.367 E71.08577
G1 X105.468 Y99.23 E71.09247
G1 X105.576 Y99.151 E71.09803
G1 X105.765 Y99.104 E71.10613
G1 X114.209 Y99.104 E71.45719
G1 X114.392 Y99.138 E71.46493
G1 X114.518 Y99.217 E71.47111
G1 X114.601 Y99.329 E71.47691
G1 X114.65 Y99.499 E71.48426
G1 X114.65 Y114.992 E72.12839
G1 X114.617 Y115.169 E72.13587
G1 X114.537 Y115.299 E72.14222
G1 X114.427 Y115.382 E72.14795
G1 X114.222 Y115.431 E72.15671
G1 X106.066 Y115.432 E72.4958
G1 X105.731 Y115.429 E72.50972
G1 X105.585 Y115.388 E72.51603
G0 F9000 X108.25 Y115.028
G1 F1800 X110.632 Y115.029 E72.51671
G1 X111.75 Y115.018 E72.51759
G1 X111.75 Y99.508 E73.16242
G1 X108.25 Y99.507 E73.16369
G1 X108.25 Y115.028 E73.80898
G0 F9000 X112.15 Y114.631
G1 F1800 X112.15 Y99.904 E74.42126
G1 X113.85 Y99.904 E74.49194
G1 X113.85 Y114.631 E75.10421
G1 X112.15 Y114.631 E75.17489
G0 F9000 X113.668 Y114.449
G0 X113.74 Y113.831
G0 X113.05 Y113.831
;TYPE:SKIN
G1 F1800 X112.95 Y113.831 E75.17905
G1 X112.95 Y100.704 E75.72481
G1 X113.05 Y100.704 E75.72896
G1 X113.05 Y113.831 E76.27472
G0 F9000 X113.45 Y114.231
G1 F1800 X112.55 Y114.231 E76.31214
G1 X112.55 Y100.304 E76.89116
G1 X113.45 Y100.304 E76.92857
G1 X113.45 Y114.231 E77.50759
G0 F9000 X113.74 Y114.231
G0 X108.822 Y114.456
G0 X107.74 Y113.832
G0 X107.05 Y113.832
G1 F1800 X106.95 Y113.832 E77.51175
G1 X106.95 Y100.704 E78.05755
G1 X107.05 Y100.704 E78.06171
G1 X107.05 Y113.832 E78.6075
G0 F9000 X107.45 Y114.232
G1 F1800 X106.55 Y114.232 E78.64492
G1 X106.55 Y100.304 E79.22398
G1 X107.45 Y100.304 E79.2614
G1 X107.45 Y114.232 E79.84046
G0 F9000 X107.45 Y114.822
G1 F1500 E73.34046
;MESH:Switch Raiser Omron Tilted.stl(2)
G0 F9000 X114.232 Y115.612
G0 X114.992 Y116.521
G0 X116.105 Y115.612
G0 X117.19 Y115.612
G0 X117.595 Y118.227
G1 F1500 E79.84046
G0 F9000 X117.485 Y118.51
;TYPE:WALL-OUTER
G1 F1800 X117.224 Y118.348 E79.85323
G1 X117.05 Y118.111 E79.86545
G1 X116.973 Y117.832 E79.87749
G1 X116.97 Y117.762 E79.8804
G1 X116.97 Y102.241 E80.52569
G1 X117.024 Y101.949 E80.53803
G1 X117.181 Y101.696 E80.55041
G1 X117.416 Y101.519 E80.56264
G1 X117.689 Y101.441 E80.57445
G1 X117.781 Y101.436 E80.57828
G1 X125.958 Y101.435 E80.91824
G1 X126.27 Y101.437 E80.93121
G1 X126.56 Y101.492 E80.94348
G1 X126.811 Y101.647 E80.95575
G1 X126.987 Y101.881 E80.96792
G1 X127.066 Y102.162 E80.98006
G1 X127.07 Y102.238 E80.98322
G1 X127.07 Y117.759 E81.62851
G1 X127.011 Y118.063 E81.64138
G1 X126.855 Y118.309 E81.65349
G1 X126.62 Y118.483 E81.66565
G1 X126.351 Y118.558 E81.67726
G1 X126.259 Y118.563 E81.68109
G1 X117.774 Y118.563 E82.03386
G1 X117.485 Y118.51 E82.04607
G0 F9000 X117.315 Y118.405
G0 X117.548 Y118.031
G1 F1500 E75.54607
G0 F9000 X120.77 Y116.959
G1 F1500 E82.04607
G0 F9000 X121.07 Y116.959
G1 F1800 X122.97 Y116.96 E82.12506
G1 X122.97 Y103.039 E82.70383
G1 X121.392 Y103.038 E82.76944
G1 X121.07 Y103.041 E82.78283
G1 X121.07 Y116.959 E83.36147
G0 F9000 X121.27 Y116.959
G0 X120.67 Y117.359
;TYPE:WALL-INNER
G1 F1800 X123.37 Y117.36 E83.47372
G1 X123.37 Y102.639 E84.08575
G1 X121.39 Y102.638 E84.16807
G1 X120.67 Y102.645 E84.198
G1 X120.67 Y117.359 E84.80974
G0 F9000 X120.27 Y117.763
G1 F1800 X117.842 Y117.763 E84.91069
G1 X117.784 Y117.752 E84.91314
G1 X117.77 Y117.698 E84.91546
G1 X117.77 Y102.309 E85.55526
G1 X117.781 Y102.25 E85.55775
G1 X117.835 Y102.236 E85.56007
G1 X120.269 Y102.236 E85.66127
G1 X121.388 Y102.236 E85.70779
G1 X123.769 Y102.236 E85.80678
G1 X125.952 Y102.235 E85.89754
G1 X126.259 Y102.25 E85.91032
G1 X126.27 Y102.29 E85.91204
G1 X126.27 Y117.678 E86.5518
G1 X126.256 Y117.751 E86.55489
G1 X126.207 Y117.763 E86.55699
G1 X123.77 Y117.763 E86.65831
G1 X120.27 Y117.763 E86.80382
G0 F9000 X124.17 Y117.363
G1 F1800 X124.17 Y102.635 E87.41614
G1 X125.87 Y102.635 E87.48682
G1 X125.87 Y117.363 E88.09914
G1 X124.17 Y117.363 E88.16982
G0 F9000 X117.633 Y118.131
G1 F1800 X117.5 Y118.048 E88.17633
G1 X117.417 Y117.935 E88.18216
G1 X117.37 Y117.745 E88.1903
G1 X117.37 Y102.276 E88.83343
G1 X117.403 Y102.097 E88.84099
G1 X117.481 Y101.972 E88.84712
G1 X117.598 Y101.883 E88.85323
G1 X117.785 Y101.836 E88.86125
G1 X125.955 Y101.835 E89.20092
G1 X126.231 Y101.837 E89.21239
G1 X126.414 Y101.872 E89.22014
G1 X126.536 Y101.947 E89.22609
G1 X126.622 Y102.062 E89.23206
G1 X126.67 Y102.238 E89.23965
G1 X126.67 Y117.719 E89.88327
G1 X126.632 Y117.913 E89.89149
G1 X126.556 Y118.033 E89.8974
G1 X126.442 Y118.118 E89.90331
G1 X126.255 Y118.163 E89.9113
G1 X117.808 Y118.163 E90.26249
G1 X117.633 Y118.131 E90.26989
G0 F9000 X118.17 Y117.363
G1 F1800 X118.17 Y102.636 E90.88216
G1 X119.87 Y102.636 E90.95284
G1 X119.87 Y117.363 E91.56512
G1 X118.17 Y117.363 E91.6358
G0 F9000 X120.27 Y117.759
G1 F1800 X123.77 Y117.76 E91.63707
G1 X123.77 Y102.239 E92.28236
G1 X121.388 Y102.238 E92.28304
G1 X120.27 Y102.249 E92.2839
G1 X120.27 Y117.759 E92.92873
G0 F9000 X119.76 Y116.563
G0 X119.07 Y116.563
;TYPE:SKIN
G1 F1800 X118.97 Y116.563 E92.93289
G1 X118.97 Y103.436 E93.47864
G1 X119.07 Y103.436 E93.4828
G1 X119.07 Y116.563 E94.02856
G0 F9000 X119.47 Y116.963
G1 F1800 X118.57 Y116.963 E94.06597
G1 X118.57 Y103.036 E94.64499
G1 X119.47 Y103.036 E94.68241
G1 X119.47 Y116.963 E95.26143
G0 F9000 X119.76 Y116.963
G0 X120.842 Y117.187
G0 X125.688 Y117.181
G0 X125.76 Y116.563
G0 X125.07 Y116.563
G1 F1800 X124.97 Y116.563 E95.26558
G1 X124.97 Y103.435 E95.81138
G1 X125.07 Y103.435 E95.81554
G1 X125.07 Y116.563 E96.36134
G0 F9000 X125.47 Y116.963
G1 F1800 X124.57 Y116.963 E96.39876
G1 X124.57 Y103.035 E96.97782
G1 X125.47 Y103.035 E97.01523
G1 X125.47 Y116.963 E97.59429
G0 F9000 X125.47 Y117.553
G1 F1500 E91.09429
;MESH:Switch Raiser Omron Tilted.stl(3)
G0 F9000 X117.795 Y118.344
G0 X117.795 Y120.737
G0 X118.512 Y121.899
G0 X118.512 Y123.235
G0 X104.142 Y124.389
G0 X103.39 Y130.28
G1 F1500 E97.59429
G0 F9000 X103.278 Y130.563
;TYPE:WALL-OUTER
G1 F1800 X103.024 Y130.404 E97.60675
G1 X102.847 Y130.166 E97.61908
G1 X102.77 Y129.886 E97.63116
G1 X102.767 Y129.817 E97.63403
G1 X102.766 Y121.629 E97.97444
G1 X102.77 Y121.238 E97.9907
G1 X102.852 Y120.96 E98.00275
G1 X103.023 Y120.729 E98.0147
G1 X103.279 Y120.572 E98.02719
G1 X103.579 Y120.517 E98.03987
G1 X119.087 Y120.517 E98.68461
G1 X119.381 Y120.572 E98.69705
G1 X119.637 Y120.73 E98.70956
G1 X119.81 Y120.963 E98.72162
G1 X119.888 Y121.238 E98.73351
G1 X119.894 Y121.33 E98.73734
G1 X119.894 Y129.811 E99.08994
G1 X119.839 Y130.108 E99.1025
G1 X119.678 Y130.363 E99.11503
G1 X119.457 Y130.529 E99.12653
G1 X119.378 Y130.564 E99.13012
G1 X119.083 Y130.617 E99.14258
G1 X103.571 Y130.617 E99.78749
G1 X103.278 Y130.563 E99.79988
G0 F9000 X103.109 Y130.457
G0 X103.342 Y130.085
G1 F1500 E93.29988
G0 F9000 X104.372 Y126.817
G1 F1500 E99.79988
G0 F9000 X104.372 Y126.517
G1 F1800 X118.29 Y126.517 E100.37852
G1 X118.291 Y124.617 E100.45752
G1 X104.37 Y124.617 E101.03628
G1 X104.369 Y126.195 E101.10189
G1 X104.372 Y126.517 E101.11528
G0 F9000 X104.572 Y126.517
G0 X103.969 Y126.197
;TYPE:WALL-INNER
G1 F1800 X103.976 Y126.917 E101.14521
G1 X118.69 Y126.917 E101.75695
G1 X118.691 Y124.217 E101.8692
G1 X103.97 Y124.217 E102.48123
G1 X103.969 Y126.197 E102.56355
G0 F9000 X103.567 Y126.199
G1 F1800 X103.567 Y123.818 E102.66254
G1 X103.566 Y121.637 E102.75321
G1 X103.568 Y121.359 E102.76477
G1 X103.651 Y121.317 E102.76864
G1 X119.013 Y121.317 E103.40732
G1 X119.079 Y121.329 E103.41011
G1 X119.094 Y121.391 E103.41276
G1 X119.094 Y123.817 E103.51362
G1 X119.094 Y127.317 E103.65913
G1 X119.094 Y129.741 E103.75991
G1 X119.082 Y129.804 E103.76258
G1 X119.007 Y129.817 E103.76574
G1 X103.64 Y129.817 E104.40463
G1 X103.581 Y129.806 E104.40712
G1 X103.567 Y129.749 E104.40956
G1 X103.567 Y127.317 E104.51067
G1 X103.567 Y126.199 E104.55716
G0 F9000 X103.966 Y123.417
G1 F1800 X103.966 Y121.717 E104.62783
G1 X118.694 Y121.717 E105.24015
G1 X118.694 Y123.417 E105.31083
G1 X103.966 Y123.417 E105.92315
G0 F9000 X103.426 Y130.184
G1 F1800 X103.301 Y130.106 E105.92928
G1 X103.213 Y129.988 E105.9354
G1 X103.167 Y129.8 E105.94344
G1 X103.166 Y121.633 E106.28299
G1 X103.169 Y121.299 E106.29687
G1 X103.216 Y121.139 E106.30381
G1 X103.297 Y121.03 E106.30945
G1 X103.425 Y120.951 E106.31571
G1 X103.613 Y120.917 E106.32365
G1 X119.05 Y120.917 E106.96544
G1 X119.235 Y120.952 E106.97327
G1 X119.362 Y121.03 E106.97947
G1 X119.445 Y121.141 E106.98523
G1 X119.494 Y121.341 E106.99379
G1 X119.494 Y129.776 E107.34448
G1 X119.46 Y129.959 E107.35222
G1 X119.379 Y130.087 E107.35851
G1 X119.257 Y130.179 E107.36487
G1 X119.045 Y130.217 E107.37382
G1 X103.605 Y130.217 E108.01574
G1 X103.426 Y130.184 E108.02331
G0 F9000 X103.967 Y129.417
G1 F1800 X103.967 Y127.717 E108.09399
G1 X118.694 Y127.717 E108.70626
G1 X118.694 Y129.417 E108.77694
G1 X103.967 Y129.417 E109.38922
G0 F9000 X103.58 Y127.317
G1 F1800 X119.09 Y127.317 E110.03405
G1 X119.091 Y123.817 E110.03533
G1 X103.57 Y123.817 E110.68062
G1 X103.569 Y126.199 E110.6813
G1 X103.58 Y127.317 E110.68217
G0 F9000 X118.512 Y127.899
G0 X118.584 Y128.617
G0 X117.894 Y128.617
;TYPE:SKIN
G1 F1800 X104.767 Y128.617 E111.22793
G1 X104.767 Y128.517 E111.23209
G1 X117.894 Y128.517 E111.77784
G1 X117.894 Y128.617 E111.782
G0 F9000 X118.294 Y129.017
G1 F1800 X104.367 Y129.017 E112.36102
G1 X104.367 Y128.117 E112.39844
G1 X118.294 Y128.117 E112.97745
G1 X118.294 Y129.017 E113.01487
G0 F9000 X118.584 Y129.017
G0 X118.584 Y122.617
G0 X117.894 Y122.617
G1 F1800 X104.766 Y122.617 E113.56067
G1 X104.766 Y122.517 E113.56483
G1 X117.894 Y122.517 E114.11063
G1 X117.894 Y122.617 E114.11478
G0 F9000 X118.294 Y123.017
G1 F1800 X104.366 Y123.017 E114.69384
G1 X104.366 Y122.117 E114.73126
G1 X118.294 Y122.117 E115.31032
G1 X118.294 Y123.017 E115.34774
G0 F9000 X118.294 Y123.607
G1 F1500 E108.84774
;MESH:NONMESH
G0 F300 X118.294 Y123.607 Z0.5
G0 F9000 X118.512 Y123.235
G0 X118.512 Y121.899
G0 X103.6 Y120.736
G0 X102.52 Y118.443
G0 X100.345 Y117.344
G0 X99.191 Y102.974
G0 X94.164 Y102.785
;TIME_ELAPSED:122.950927
;LAYER:1
;TYPE:WALL-INNER
;MESH:Switch Raiser Omron Tilted.stl(1)
G1 F1500 E115.34774
G1 F2400 X95.863 Y102.785 E115.41837
G1 X95.863 Y117.511 E116.03061
G1 X94.163 Y117.511 E116.10129
G1 X94.164 Y102.785 E116.71352
G0 F6900 X100.163 Y102.784
G1 F2400 X101.863 Y102.785 E116.7842
G1 X101.862 Y117.512 E117.39648
G1 X100.163 Y117.512 E117.46711
G1 X100.163 Y102.784 E118.07943
G0 F6900 X99.763 Y117.912
G1 F2400 X96.263 Y117.912 E118.22495
G1 X93.832 Y117.911 E118.32602
G1 X93.776 Y117.9 E118.32839
G1 X93.763 Y117.849 E118.33058
G1 X93.764 Y102.451 E118.97075
G1 X93.774 Y102.4 E118.97291
G1 X93.837 Y102.385 E118.9756
G1 X96.262 Y102.385 E119.07642
G1 X97.628 Y102.385 E119.13322
G1 X99.762 Y102.385 E119.22194
G1 X101.331 Y102.384 E119.28717
G1 X102.21 Y102.386 E119.32371
G1 X102.248 Y102.393 E119.32532
G1 X102.263 Y102.453 E119.32789
G1 X102.262 Y117.846 E119.96786
G1 X102.252 Y117.9 E119.97014
G1 X102.201 Y117.912 E119.97232
G1 X99.763 Y117.912 E120.07368
G0 F6900 X99.363 Y117.508
G1 F2400 X99.363 Y102.788 E120.68567
G1 X97.629 Y102.787 E120.75776
G1 X96.663 Y102.79 E120.79792
G1 X96.663 Y117.507 E121.40978
G1 X99.363 Y117.508 E121.52203
G0 F6900 X98.963 Y117.108
;TYPE:WALL-OUTER
G1 F2400 X98.963 Y103.188 E122.10076
G1 X97.63 Y103.187 E122.15618
G1 X97.063 Y103.189 E122.17975
G1 X97.063 Y117.107 E122.7584
G1 X98.963 Y117.108 E122.83739
G0 F6900 X98.963 Y116.908
G0 X99.403 Y116.908
G0 X99.763 Y117.908
;TYPE:WALL-INNER
G1 F2400 X99.763 Y102.388 E123.48264
G1 X97.628 Y102.387 E123.48325
G1 X96.263 Y102.391 E123.4838
G1 X96.263 Y117.907 E124.12888
G1 X99.763 Y117.908 E124.13052
G0 F6900 X102.423 Y118.27
G1 F2400 X102.25 Y118.312 E124.13793
G1 X93.792 Y118.311 E124.48957
G1 X93.621 Y118.278 E124.49681
G1 X93.498 Y118.201 E124.50284
G1 X93.412 Y118.088 E124.50875
G1 X93.363 Y117.899 E124.51686
G1 X93.364 Y102.413 E125.1607
G1 X93.399 Y102.237 E125.16816
G1 X93.466 Y102.127 E125.17351
G1 X93.595 Y102.03 E125.18022
G1 X93.791 Y101.985 E125.18858
G1 X101.331 Y101.984 E125.50206
G1 X102.244 Y101.986 E125.54002
G1 X102.397 Y102.014 E125.54648
G1 X102.528 Y102.095 E125.55289
G1 X102.616 Y102.211 E125.55894
G1 X102.663 Y102.405 E125.56724
G1 X102.662 Y117.889 E126.21099
G1 X102.63 Y118.052 E126.2179
G1 X102.549 Y118.179 E126.22416
G1 X102.423 Y118.27 E126.23062
G0 F6900 X102.599 Y118.637
;TYPE:WALL-OUTER
G1 F2400 X102.345 Y118.707 E126.24157
G1 X102.252 Y118.712 E126.24545
G1 X93.752 Y118.711 E126.59884
G1 X93.473 Y118.657 E126.61065
G1 X93.224 Y118.502 E126.62284
G1 X93.047 Y118.268 E126.63504
G1 X92.968 Y117.992 E126.64698
G1 X92.963 Y117.899 E126.65085
G1 X92.964 Y102.377 E127.29618
G1 X93.021 Y102.088 E127.30843
G1 X93.163 Y101.855 E127.31977
G1 X93.415 Y101.665 E127.33289
G1 X93.687 Y101.589 E127.34463
G1 X93.772 Y101.585 E127.34817
G1 X101.331 Y101.584 E127.66244
G1 X102.278 Y101.586 E127.70181
G1 X102.544 Y101.635 E127.71305
G1 X102.801 Y101.793 E127.7256
G1 X102.981 Y102.031 E127.738
G1 X103.059 Y102.304 E127.74981
G1 X103.063 Y102.386 E127.75322
G1 X103.062 Y117.925 E128.39926
G1 X103.007 Y118.204 E128.41108
G1 X102.846 Y118.458 E128.42358
G1 X102.599 Y118.637 E128.43626
G0 F6900 X102.406 Y118.69
G0 X102.29 Y118.266
G0 X101.752 Y103.586
G0 X101.063 Y103.585
;TYPE:SKIN
G1 F1800 X101.062 Y116.712 E128.98202
G1 X100.963 Y116.712 E128.98614
G1 X100.963 Y103.584 E129.53194
G1 X101.063 Y103.585 E129.53609
G0 F6900 X101.463 Y103.185
G1 F1800 X101.462 Y117.112 E130.11511
G1 X100.563 Y117.112 E130.15249
G1 X100.563 Y103.184 E130.73155
G1 X101.463 Y103.185 E130.76896
G0 F6900 X101.752 Y103.186
G0 X100.345 Y102.966
G0 X99.191 Y117.336
G0 X96.835 Y117.335
G0 X95.753 Y116.711
G0 X95.063 Y116.711
G1 F1800 X94.963 Y116.711 E130.77312
G1 X94.964 Y103.585 E131.31884
G1 X95.063 Y103.585 E131.32295
G1 X95.063 Y116.711 E131.86867
G0 F6900 X95.463 Y117.111
G1 F1800 X94.563 Y117.111 E131.90609
G1 X94.564 Y103.185 E132.48506
G1 X95.463 Y103.185 E132.52244
G1 X95.463 Y117.111 E133.10141
G0 F6900 X95.463 Y117.701
G1 F1500 E126.60141
;MESH:Switch Raiser Omron Tilted.stl
G0 F6900 X101.68 Y117.33
G0 X102.843 Y114.643
G0 X105.17 Y114.645
G0 X106.15 Y114.645
;TYPE:WALL-INNER
G1 F1500 E133.10141
G1 F2400 X106.151 Y99.918 E133.71369
G1 X107.85 Y99.918 E133.78433
G1 X107.85 Y114.646 E134.39665
G1 X106.15 Y114.645 E134.46733
G0 F6900 X112.15 Y114.645
G1 F2400 X112.15 Y99.919 E135.07956
G1 X113.85 Y99.919 E135.15024
G1 X113.849 Y114.645 E135.76248
G1 X112.15 Y114.645 E135.83311
G0 F6900 X108.251 Y115.045
G1 F2400 X106.682 Y115.046 E135.89834
G1 X105.811 Y115.044 E135.93455
G1 X105.762 Y115.035 E135.93663
G1 X105.75 Y114.991 E135.93852
G1 X105.751 Y99.592 E136.57874
G1 X105.814 Y99.518 E136.58278
G1 X108.25 Y99.518 E136.68406
G1 X111.75 Y99.518 E136.82957
G1 X114.181 Y99.519 E136.93064
G1 X114.238 Y99.53 E136.93305
G1 X114.25 Y99.573 E136.93491
G1 X114.249 Y114.974 E137.57521
G1 X114.238 Y115.031 E137.57762
G1 X114.175 Y115.045 E137.5803
G1 X111.75 Y115.045 E137.68112
G1 X108.251 Y115.045 E137.82659
G0 F6900 X108.65 Y114.641
G1 F2400 X111.35 Y114.641 E137.93885
G1 X111.35 Y99.922 E138.55079
G1 X108.65 Y99.921 E138.66305
G1 X108.65 Y114.641 E139.27503
G0 F6900 X109.05 Y114.241
;TYPE:WALL-OUTER
G1 F2400 X110.95 Y114.241 E139.35402
G1 X110.95 Y100.322 E139.93271
G1 X109.05 Y100.321 E140.0117
G1 X109.05 Y114.241 E140.59043
G0 F6900 X109.25 Y114.241
G0 X109.25 Y114.681
G0 X108.25 Y115.041
;TYPE:WALL-INNER
G1 F2400 X111.75 Y115.041 E140.59191
G1 X111.75 Y99.522 E141.23711
G1 X108.25 Y99.521 E141.23839
G1 X108.25 Y115.041 E141.88364
G0 F6900 X105.613 Y115.414
G1 F2400 X105.479 Y115.331 E141.89019
G1 X105.398 Y115.221 E141.89587
G1 X105.35 Y115.044 E141.90349
G1 X105.351 Y99.55 E142.54766
G1 X105.392 Y99.358 E142.55582
G1 X105.588 Y99.161 E142.56738
G1 X105.767 Y99.118 E142.57503
G1 X114.221 Y99.119 E142.92651
G1 X114.392 Y99.152 E142.93375
G1 X114.515 Y99.228 E142.93976
G1 X114.6 Y99.34 E142.9456
G1 X114.65 Y99.52 E142.95337
G1 X114.649 Y115.015 E143.59758
G1 X114.616 Y115.186 E143.60482
G1 X114.536 Y115.314 E143.61109
G1 X114.423 Y115.399 E143.61697
G1 X114.219 Y115.445 E143.62567
G1 X106.682 Y115.446 E143.93902
G1 X105.775 Y115.444 E143.97673
G1 X105.613 Y115.414 E143.98358
G0 F6900 X105.467 Y115.793
;TYPE:WALL-OUTER
G1 F2400 X105.203 Y115.63 E143.99648
G1 X105.033 Y115.399 E144.0084
G1 X104.954 Y115.121 E144.02042
G1 X104.95 Y115.044 E144.02362
G1 X104.951 Y99.509 E144.66949
G1 X105.016 Y99.202 E144.68254
G1 X105.158 Y98.981 E144.69346
G1 X105.41 Y98.795 E144.70648
G1 X105.675 Y98.723 E144.7179
G1 X105.761 Y98.718 E144.72148
G1 X114.261 Y98.719 E145.07487
G1 X114.54 Y98.773 E145.08668
G1 X114.787 Y98.926 E145.09876
G1 X114.963 Y99.157 E145.11084
G1 X115.046 Y99.443 E145.12322
G1 X115.05 Y99.52 E145.12642
G1 X115.049 Y115.055 E145.77229
G1 X114.995 Y115.334 E145.78411
G1 X114.835 Y115.59 E145.79666
G1 X114.607 Y115.761 E145.80851
G1 X114.341 Y115.84 E145.82004
G1 X114.239 Y115.845 E145.82429
G1 X106.682 Y115.846 E146.13847
G1 X105.738 Y115.844 E146.17772
G1 X105.467 Y115.793 E146.18919
G0 F6900 X105.297 Y115.688
G0 X105.528 Y115.315
G0 X107.049 Y114.535
G0 X107.05 Y113.846
;TYPE:SKIN
G1 F1800 X106.95 Y113.845 E146.19334
G1 X106.951 Y100.718 E146.7391
G1 X107.05 Y100.718 E146.74322
G1 X107.05 Y113.846 E147.28901
G0 F6900 X107.45 Y114.246
G1 F1800 X106.55 Y114.245 E147.32643
G1 X106.551 Y100.318 E147.90545
G1 X107.45 Y100.318 E147.94283
G1 X107.45 Y114.246 E148.52188
G0 F6900 X107.449 Y114.535
G0 X113.049 Y114.535
G0 X113.049 Y113.845
G1 F1800 X112.95 Y113.845 E148.526
G1 X112.95 Y100.719 E149.07172
G1 X113.05 Y100.719 E149.07587
G1 X113.049 Y113.845 E149.62159
G0 F6900 X113.449 Y114.245
G1 F1800 X112.55 Y114.245 E149.65897
G1 X112.55 Y100.319 E150.23794
G1 X113.45 Y100.319 E150.27536
G1 X113.449 Y114.245 E150.85434
G0 F6900 X113.449 Y114.835
G1 F1500 E144.35434
;MESH:Switch Raiser Omron Tilted.stl(2)
G0 F6900 X114.788 Y115.251
G0 X117.19 Y115.253
G0 X118.17 Y117.348
;TYPE:WALL-INNER
G1 F1500 E150.85434
G1 F2400 X118.171 Y102.622 E151.46657
G1 X119.87 Y102.622 E151.53721
G1 X119.87 Y117.348 E152.14944
G1 X118.17 Y117.348 E152.22012
G0 F6900 X124.17 Y117.349
G1 F2400 X124.17 Y102.621 E152.83244
G1 X125.87 Y102.622 E152.90312
G1 X125.869 Y117.349 E153.5154
G1 X124.17 Y117.349 E153.58603
G0 F6900 X120.27 Y117.749
G1 F2400 X117.833 Y117.748 E153.68735
G1 X117.783 Y117.738 E153.68947
G1 X117.77 Y117.693 E153.69142
G1 X117.771 Y102.29 E154.3318
G1 X117.782 Y102.236 E154.33409
G1 X117.836 Y102.222 E154.33641
G1 X120.269 Y102.222 E154.43756
G1 X121.635 Y102.222 E154.49435
G1 X123.769 Y102.222 E154.58308
G1 X125.338 Y102.221 E154.64831
G1 X126.203 Y102.223 E154.68427
G1 X126.257 Y102.233 E154.68655
G1 X126.27 Y102.278 E154.6885
G1 X126.269 Y117.685 E155.32905
G1 X126.258 Y117.737 E155.33126
G1 X126.201 Y117.749 E155.33368
G1 X123.77 Y117.749 E155.43475
G1 X120.27 Y117.749 E155.58026
G0 F6900 X120.67 Y117.345
G1 F2400 X123.37 Y117.346 E155.69252
G1 X123.37 Y102.626 E156.3045
G1 X121.636 Y102.625 E156.37659
G1 X120.67 Y102.628 E156.41676
G1 X120.67 Y117.345 E157.02862
G0 F6900 X121.07 Y116.945
;TYPE:WALL-OUTER
G1 F2400 X122.97 Y116.946 E157.10761
G1 X122.97 Y103.026 E157.68634
G1 X121.637 Y103.025 E157.74176
G1 X121.07 Y103.027 E157.76533
G1 X121.07 Y116.945 E158.34397
G0 F6900 X121.27 Y116.945
G0 X121.269 Y117.385
G0 X120.27 Y117.745
;TYPE:WALL-INNER
G1 F2400 X123.77 Y117.746 E158.34525
G1 X123.77 Y102.226 E158.9905
G1 X121.635 Y102.225 E158.99134
G1 X120.27 Y102.229 E158.99203
G1 X120.27 Y117.745 E159.63711
G0 F6900 X117.632 Y118.117
G1 F2400 X117.503 Y118.037 E159.64342
G1 X117.421 Y117.929 E159.64906
G1 X117.37 Y117.748 E159.65687
G1 X117.371 Y102.25 E160.30121
G1 X117.404 Y102.08 E160.30841
G1 X117.472 Y101.967 E160.31389
G1 X117.599 Y101.869 E160.32056
G1 X117.787 Y101.822 E160.32861
G1 X125.338 Y101.821 E160.64255
G1 X126.243 Y101.823 E160.68017
G1 X126.409 Y101.855 E160.6872
G1 X126.534 Y101.931 E160.69328
G1 X126.619 Y102.042 E160.6991
G1 X126.67 Y102.224 E160.70696
G1 X126.669 Y117.724 E161.35137
G1 X126.632 Y117.9 E161.35885
G1 X126.555 Y118.018 E161.36471
G1 X126.429 Y118.109 E161.37117
G1 X126.243 Y118.149 E161.37908
G1 X117.795 Y118.148 E161.7303
G1 X117.632 Y118.117 E161.7372
G0 F6900 X117.485 Y118.496
;TYPE:WALL-OUTER
G1 F2400 X117.228 Y118.337 E161.74977
G1 X117.058 Y118.113 E161.76146
G1 X116.974 Y117.825 E161.77393
G1 X116.97 Y117.748 E161.77714
G1 X116.971 Y102.212 E162.42305
G1 X117.024 Y101.935 E162.43477
G1 X117.168 Y101.696 E162.44637
G1 X117.416 Y101.505 E162.45939
G1 X117.694 Y101.427 E162.47139
G1 X117.781 Y101.422 E162.47502
G1 X125.338 Y101.421 E162.7892
G1 X126.282 Y101.423 E162.82845
G1 X126.554 Y101.475 E162.83996
G1 X126.808 Y101.63 E162.85233
G1 X126.982 Y101.858 E162.86425
G1 X127.066 Y102.146 E162.87673
G1 X127.07 Y102.224 E162.87997
G1 X127.069 Y117.763 E163.52601
G1 X127.007 Y118.058 E163.53854
G1 X126.849 Y118.3 E163.55056
G1 X126.607 Y118.474 E163.56295
G1 X126.351 Y118.545 E163.574
G1 X126.261 Y118.549 E163.57774
G1 X117.756 Y118.548 E163.93134
G1 X117.485 Y118.496 E163.94281
G0 F6900 X117.315 Y118.391
G0 X117.547 Y118.017
G0 X119.688 Y117.166
G0 X119.76 Y116.548
G0 X119.07 Y116.548
;TYPE:SKIN
G1 F1800 X118.97 Y116.548 E163.94697
G1 X118.971 Y103.422 E164.49268
G1 X119.07 Y103.422 E164.4968
G1 X119.07 Y116.548 E165.04252
G0 F6900 X119.47 Y116.948
G1 F1800 X118.57 Y116.948 E165.07993
G1 X118.571 Y103.022 E165.65891
G1 X119.47 Y103.022 E165.69628
G1 X119.47 Y116.948 E166.27526
G0 F6900 X119.76 Y116.948
G0 X120.842 Y117.173
G0 X123.198 Y117.174
G0 X124.352 Y102.803
G0 X125.688 Y102.804
G0 X125.759 Y103.423
G0 X125.07 Y103.422
G1 F1800 X125.069 Y116.549 E166.82102
G1 X124.97 Y116.549 E166.82513
G1 X124.97 Y103.421 E167.37093
G1 X125.07 Y103.422 E167.37509
G0 F6900 X125.47 Y103.022
G1 F1800 X125.469 Y116.949 E167.95411
G1 X124.57 Y116.949 E167.99148
G1 X124.57 Y103.021 E168.57054
G1 X125.47 Y103.022 E168.60796
G0 F6900 X126.059 Y103.023
G1 F1500 E162.10796
;MESH:Switch Raiser Omron Tilted.stl(3)
G0 F6900 X125.688 Y102.804
G0 X124.352 Y102.803
G0 X123.198 Y117.174
G0 X118.682 Y118.329
G0 X118.68 Y120.737
G0 X118.68 Y121.718
;TYPE:WALL-INNER
G1 F1500 E168.60796
G1 F2400 X118.68 Y123.417 E168.6786
G1 X103.952 Y123.417 E169.29092
G1 X103.953 Y121.717 E169.36159
G1 X118.68 Y121.718 E169.97387
G0 F6900 X118.679 Y127.717
G1 F2400 X118.679 Y129.417 E170.04455
G1 X103.953 Y129.416 E170.65678
G1 X103.953 Y127.717 E170.72742
G1 X118.679 Y127.717 E171.33966
G0 F6900 X103.553 Y127.317
G1 F2400 X103.553 Y123.818 E171.48513
G1 X103.552 Y122.249 E171.55036
G1 X103.554 Y121.376 E171.58666
G1 X103.563 Y121.331 E171.58856
G1 X103.617 Y121.317 E171.59088
G1 X119.013 Y121.318 E172.23097
G1 X119.068 Y121.33 E172.23331
G1 X119.08 Y121.376 E172.23529
G1 X119.08 Y123.817 E172.33678
G1 X119.08 Y127.317 E172.48229
G1 X119.079 Y129.749 E172.5834
G1 X119.069 Y129.803 E172.58568
G1 X118.993 Y129.817 E172.5889
G1 X103.62 Y129.816 E173.22803
G1 X103.564 Y129.805 E173.2304
G1 X103.553 Y129.764 E173.23217
G1 X103.553 Y127.317 E173.3339
G0 F6900 X103.956 Y126.917
G1 F2400 X118.676 Y126.917 E173.94589
G1 X118.677 Y124.217 E174.05814
G1 X103.956 Y124.217 E174.67017
G1 X103.956 Y126.917 E174.78242
G0 F6900 X104.356 Y126.517
;TYPE:WALL-OUTER
G1 F2400 X118.276 Y126.517 E175.36115
G1 X118.277 Y124.617 E175.44014
G1 X104.356 Y124.617 E176.01891
G1 X104.356 Y126.517 E176.0979
G0 F6900 X104.556 Y126.517
G0 X104.556 Y126.957
G0 X103.556 Y127.317
;TYPE:WALL-INNER
G1 F2400 X119.076 Y127.317 E176.74315
G1 X119.077 Y123.817 E176.74443
G1 X103.556 Y123.817 E177.38971
G1 X103.556 Y127.317 E177.39083
G0 F6900 X103.414 Y130.184
G1 F2400 X103.297 Y130.115 E177.39648
G1 X103.201 Y129.99 E177.40303
G1 X103.153 Y129.817 E177.41049
G1 X103.152 Y122.249 E177.72513
G1 X103.154 Y121.34 E177.76293
G1 X103.187 Y121.173 E177.77
G1 X103.258 Y121.058 E177.77562
G1 X103.381 Y120.964 E177.78206
G1 X103.567 Y120.917 E177.79003
G1 X119.056 Y120.918 E178.43399
G1 X119.236 Y120.957 E178.44165
G1 X119.346 Y121.029 E178.44711
G1 X119.438 Y121.156 E178.45363
G1 X119.48 Y121.328 E178.461
G1 X119.479 Y129.789 E178.81276
G1 X119.446 Y129.96 E178.82
G1 X119.372 Y130.08 E178.82587
G1 X119.241 Y130.179 E178.83269
G1 X119.031 Y130.217 E178.84156
G1 X103.58 Y130.216 E179.48394
G1 X103.414 Y130.184 E179.49097
G0 F6900 X103.269 Y130.564
;TYPE:WALL-OUTER
G1 F2400 X103.027 Y130.42 E179.50268
G1 X102.838 Y130.174 E179.51558
G1 X102.757 Y129.894 E179.52769
G1 X102.753 Y129.817 E179.5309
G1 X102.752 Y122.249 E179.84554
G1 X102.754 Y121.303 E179.88487
G1 X102.809 Y121.024 E179.89669
G1 X102.958 Y120.783 E179.90847
G1 X103.199 Y120.6 E179.92105
G1 X103.472 Y120.522 E179.93286
G1 X103.565 Y120.517 E179.93673
G1 X119.1 Y120.518 E180.5826
G1 X119.393 Y120.582 E180.59507
G1 X119.626 Y120.734 E180.60664
G1 X119.805 Y120.982 E180.61935
G1 X119.875 Y121.236 E180.63031
G1 X119.88 Y121.328 E180.63414
G1 X119.879 Y129.829 E180.98757
G1 X119.825 Y130.108 E180.99938
G1 X119.673 Y130.353 E181.01137
G1 X119.443 Y130.529 E181.02341
G1 X119.364 Y130.564 E181.027
G1 X119.069 Y130.617 E181.03946
G1 X103.542 Y130.616 E181.685
G1 X103.269 Y130.564 E181.69655
G0 F6900 X103.097 Y130.462
G0 X103.323 Y130.084
G0 X117.878 Y129.306
G0 X117.879 Y128.617
;TYPE:SKIN
G1 F1800 X104.753 Y128.616 E182.24227
G1 X104.753 Y128.517 E182.24639
G1 X117.879 Y128.517 E182.7921
G1 X117.879 Y128.617 E182.79626
G0 F6900 X118.279 Y129.017
G1 F1800 X104.353 Y129.016 E183.37523
G1 X104.353 Y128.117 E183.41261
G1 X118.279 Y128.117 E183.99159
G1 X118.279 Y129.017 E184.029
G0 F6900 X118.278 Y129.306
G0 X118.57 Y122.518
G0 X117.88 Y122.518
G1 F1800 X117.88 Y122.617 E184.03312
G1 X104.752 Y122.617 E184.57892
G1 X104.753 Y122.517 E184.58308
G1 X117.88 Y122.518 E185.12883
G0 F6900 X118.28 Y122.118
G1 F1800 X118.28 Y123.017 E185.16621
G1 X104.352 Y123.017 E185.74527
G1 X104.353 Y122.117 E185.78269
G1 X118.28 Y122.118 E186.3617
G0 F6900 X118.87 Y122.118
G1 F1500 E179.8617
;MESH:NONMESH
G0 F300 X118.87 Y122.118 Z0.75
G0 F6900 X118.536 Y121.922
G0 X103.576 Y120.736
G0 X102.504 Y118.435
G0 X100.345 Y117.33
G0 X99.191 Y102.96
G0 X94.163 Y102.771
;TIME_ELAPSED:189.355082
;LAYER:2
;TYPE:WALL-INNER
;MESH:Switch Raiser Omron Tilted.stl(1)
G1 F1500 E186.3617
G1 F3000 X95.863 Y102.771 E186.43238
G1 X95.863 Y117.497 E187.04462
G1 X94.163 Y117.497 E187.1153
G1 X94.163 Y102.771 E187.72753
G0 F4800 X100.163 Y102.771
G1 F3000 X101.863 Y102.771 E187.79821
G1 X101.862 Y117.498 E188.41049
G1 X100.163 Y117.498 E188.48112
G1 X100.163 Y102.771 E189.0934
G0 F4800 X99.763 Y117.898
G1 F3000 X96.263 Y117.898 E189.23891
G1 X93.809 Y117.897 E189.34094
G1 X93.763 Y117.835 E189.34415
G1 X93.763 Y102.458 E189.98345
G1 X93.791 Y102.385 E189.9867
G1 X93.845 Y102.371 E189.98902
G1 X96.263 Y102.371 E190.08955
G1 X99.763 Y102.371 E190.23506
G1 X102.185 Y102.371 E190.33576
G1 X102.249 Y102.382 E190.33846
G1 X102.263 Y102.441 E190.34098
G1 X102.262 Y117.827 E190.98065
G1 X102.251 Y117.884 E190.98307
G1 X102.197 Y117.898 E190.98539
G1 X99.763 Y117.898 E191.08658
G0 F4800 X99.363 Y117.495
G1 F3000 X99.363 Y102.774 E191.69861
G1 X96.663 Y102.774 E191.81086
G1 X96.663 Y117.494 E192.42285
G1 X99.363 Y117.495 E192.5351
G0 F4800 X98.963 Y117.095
;TYPE:WALL-OUTER
G1 F3000 X98.963 Y103.174 E193.11387
G1 X97.063 Y103.174 E193.19286
G1 X97.063 Y117.094 E193.77159
G1 X98.963 Y117.095 E193.85058
G0 F4800 X98.963 Y116.895
G0 X99.403 Y116.895
G0 X99.763 Y117.895
;TYPE:WALL-INNER
G1 F3000 X99.763 Y102.374 E194.49587
G1 X96.263 Y102.374 E194.49696
G1 X96.263 Y117.894 E195.14221
G1 X99.763 Y117.895 E195.14349
G0 F4800 X102.434 Y118.251
G1 F3000 X102.247 Y118.298 E195.1515
G1 X93.77 Y118.297 E195.50394
G1 X93.627 Y118.267 E195.51001
G1 X93.494 Y118.184 E195.51653
G1 X93.412 Y118.074 E195.52223
G1 X93.363 Y117.886 E195.53031
G1 X93.363 Y102.421 E196.17327
G1 X93.401 Y102.219 E196.18181
G1 X93.576 Y102.028 E196.19258
G1 X93.791 Y101.971 E196.20183
G1 X102.221 Y101.971 E196.55231
G1 X102.401 Y102.003 E196.55991
G1 X102.534 Y102.085 E196.56641
G1 X102.615 Y102.194 E196.57205
G1 X102.663 Y102.392 E196.58052
G1 X102.662 Y117.867 E197.2239
G1 X102.628 Y118.042 E197.23131
G1 X102.551 Y118.164 E197.23731
G1 X102.434 Y118.251 E197.24337
G0 F4800 X102.614 Y118.616
;TYPE:WALL-OUTER
G1 F3000 X102.34 Y118.693 E197.2552
G1 X102.252 Y118.698 E197.25887
G1 X93.726 Y118.697 E197.61334
G1 X93.477 Y118.645 E197.62391
G1 X93.217 Y118.482 E197.63667
G1 X93.047 Y118.254 E197.6485
G1 X92.968 Y117.978 E197.66043
G1 X92.963 Y117.886 E197.66426
G1 X92.963 Y102.384 E198.30876
G1 X93.021 Y102.074 E198.32187
G1 X93.154 Y101.853 E198.3326
G1 X93.385 Y101.667 E198.34493
G1 X93.687 Y101.575 E198.35805
G1 X93.772 Y101.571 E198.36159
G1 X102.257 Y101.571 E198.71435
G1 X102.546 Y101.622 E198.72656
G1 X102.809 Y101.786 E198.73944
G1 X102.98 Y102.014 E198.75129
G1 X103.059 Y102.29 E198.76323
G1 X103.063 Y102.373 E198.76668
G1 X103.062 Y117.908 E199.41255
G1 X103.007 Y118.19 E199.4245
G1 X102.848 Y118.442 E199.43688
G1 X102.614 Y118.616 E199.44901
G0 F4800 X102.422 Y118.67
G0 X102.303 Y118.245
G0 X101.062 Y117.388
G0 X101.062 Y116.698
;TYPE:SKIN
G1 F1800 X100.963 Y116.698 E199.45312
G1 X100.963 Y103.571 E199.99888
G1 X101.063 Y103.571 E200.00304
G1 X101.062 Y116.698 E200.5488
G0 F4800 X101.462 Y117.098
G1 F1800 X100.563 Y117.098 E200.58617
G1 X100.563 Y103.171 E201.16519
G1 X101.463 Y103.171 E201.20261
G1 X101.462 Y117.098 E201.78162
G0 F4800 X101.462 Y117.388
G0 X96.835 Y117.322
G0 X95.753 Y116.697
G0 X95.063 Y116.697
G1 F1800 X94.963 Y116.697 E201.78578
G1 X94.963 Y103.571 E202.3315
G1 X95.063 Y103.571 E202.33565
G1 X95.063 Y116.697 E202.88137
G0 F4800 X95.463 Y117.097
G1 F1800 X94.563 Y117.097 E202.91879
G1 X94.563 Y103.171 E203.49776
G1 X95.463 Y103.171 E203.53518
G1 X95.463 Y117.097 E204.11416
G0 F4800 X95.463 Y117.687
G1 F1500 E197.61416
;MESH:Switch Raiser Omron Tilted.stl
G0 F4800 X101.68 Y117.316
G0 X102.843 Y114.655
G0 X105.17 Y114.657
G0 X106.15 Y114.657
;TYPE:WALL-INNER
G1 F1500 E204.11416
G1 F3000 X106.151 Y99.931 E204.72639
G1 X107.85 Y99.931 E204.79703
G1 X107.85 Y114.659 E205.40935
G1 X106.15 Y114.657 E205.48003
G0 F4800 X112.15 Y114.658
G1 F3000 X112.15 Y99.933 E206.09222
G1 X113.85 Y99.933 E206.1629
G1 X113.849 Y114.658 E206.77509
G1 X112.15 Y114.658 E206.84573
G0 F4800 X108.251 Y115.058
G1 F3000 X107.303 Y115.059 E206.88514
G1 X105.804 Y115.057 E206.94746
G1 X105.75 Y115.004 E206.95061
G1 X105.751 Y99.597 E207.59116
G1 X105.761 Y99.545 E207.59336
G1 X105.821 Y99.531 E207.59592
G1 X108.25 Y99.531 E207.69691
G1 X111.75 Y99.532 E207.84242
G1 X114.206 Y99.533 E207.94453
G1 X114.25 Y99.587 E207.94742
G1 X114.249 Y114.972 E208.58706
G1 X114.19 Y115.058 E208.59139
G1 X111.75 Y115.058 E208.69284
G1 X108.251 Y115.058 E208.83831
G0 F4800 X108.65 Y114.655
G1 F3000 X111.35 Y114.655 E208.95056
G1 X111.35 Y99.935 E209.56255
G1 X108.65 Y99.934 E209.6748
G1 X108.65 Y114.655 E210.28683
G0 F4800 X109.05 Y114.255
;TYPE:WALL-OUTER
G1 F3000 X110.95 Y114.255 E210.36582
G1 X110.95 Y100.335 E210.94455
G1 X109.05 Y100.334 E211.02354
G1 X109.05 Y114.255 E211.60231
G0 F4800 X109.25 Y114.255
G0 X109.25 Y114.695
G0 X108.25 Y115.055
;TYPE:WALL-INNER
G1 F3000 X111.75 Y115.055 E211.60342
G1 X111.75 Y99.535 E212.24867
G1 X108.25 Y99.534 E212.24981
G1 X108.25 Y115.055 E212.89509
G0 F4800 X105.606 Y115.425
G1 F3000 X105.483 Y115.348 E212.90113
G1 X105.399 Y115.233 E212.90705
G1 X105.35 Y115.057 E212.91464
G1 X105.351 Y99.559 E213.55898
G1 X105.382 Y99.396 E213.56587
G1 X105.465 Y99.262 E213.57243
G1 X105.578 Y99.178 E213.57828
G1 X105.774 Y99.131 E213.58666
G1 X114.246 Y99.133 E213.93889
G1 X114.388 Y99.163 E213.94492
G1 X114.513 Y99.241 E213.95105
G1 X114.601 Y99.358 E213.95713
G1 X114.65 Y99.533 E213.96469
G1 X114.649 Y115.043 E214.60952
G1 X114.551 Y115.311 E214.62138
G1 X114.305 Y115.453 E214.63319
G1 X114.263 Y115.458 E214.63495
G1 X107.303 Y115.459 E214.92431
G1 X105.763 Y115.457 E214.98834
G1 X105.606 Y115.425 E214.995
G0 F4800 X105.456 Y115.803
;TYPE:WALL-OUTER
G1 F3000 X105.204 Y115.644 E215.00739
G1 X105.035 Y115.415 E215.01922
G1 X104.954 Y115.134 E215.03138
G1 X104.95 Y115.057 E215.03458
G1 X104.951 Y99.521 E215.6805
G1 X105.003 Y99.248 E215.69205
G1 X105.165 Y98.987 E215.70482
G1 X105.4 Y98.813 E215.71698
G1 X105.671 Y98.737 E215.72868
G1 X105.763 Y98.731 E215.73251
G1 X114.287 Y98.733 E216.0869
G1 X114.541 Y98.787 E216.0977
G1 X114.788 Y98.94 E216.10978
G1 X114.965 Y99.176 E216.12204
G1 X115.046 Y99.457 E216.1342
G1 X115.05 Y99.533 E216.13736
G1 X115.049 Y115.081 E216.78377
G1 X114.997 Y115.343 E216.79488
G1 X114.859 Y115.577 E216.80617
G1 X114.628 Y115.763 E216.8185
G1 X114.396 Y115.845 E216.82873
G1 X114.283 Y115.858 E216.83346
G1 X107.303 Y115.859 E217.12366
G1 X105.723 Y115.857 E217.18935
G1 X105.456 Y115.803 E217.20067
G0 F4800 X105.287 Y115.696
G0 X105.522 Y115.324
G0 X107.668 Y114.477
G0 X107.74 Y113.858
G0 X107.05 Y113.858
;TYPE:SKIN
G1 F1800 X106.95 Y113.858 E217.20483
G1 X106.951 Y100.731 E217.75059
G1 X107.05 Y100.731 E217.7547
G1 X107.05 Y113.858 E218.30046
G0 F4800 X107.45 Y114.259
G1 F1800 X106.55 Y114.257 E218.33788
G1 X106.551 Y100.331 E218.91685
G1 X107.45 Y100.331 E218.95423
G1 X107.45 Y114.259 E219.53329
G0 F4800 X107.449 Y114.548
G0 X113.049 Y114.548
G0 X113.049 Y113.858
G1 F1800 X112.95 Y113.858 E219.5374
G1 X112.95 Y100.733 E220.08308
G1 X113.05 Y100.733 E220.08724
G1 X113.049 Y113.858 E220.63291
G0 F4800 X113.449 Y114.258
G1 F1800 X112.55 Y114.258 E220.67029
G1 X112.55 Y100.333 E221.24922
G1 X113.45 Y100.333 E221.28664
G1 X113.449 Y114.258 E221.86557
G0 F4800 X113.449 Y114.848
G1 F1500 E215.36557
;MESH:Switch Raiser Omron Tilted.stl(2)
G0 F4800 X114.776 Y115.324
G0 X117.19 Y115.326
G0 X118.17 Y117.334
;TYPE:WALL-INNER
G1 F1500 E221.86557
G1 F3000 X118.171 Y102.609 E222.47777
G1 X119.87 Y102.609 E222.5484
G1 X119.87 Y117.334 E223.1606
G1 X118.17 Y117.334 E223.23127
G0 F4800 X124.17 Y117.336
G1 F3000 X124.17 Y102.608 E223.84359
G1 X125.87 Y102.61 E223.91427
G1 X125.869 Y117.336 E224.52651
G1 X124.17 Y117.336 E224.59714
G0 F4800 X120.27 Y117.735
G1 F3000 X117.816 Y117.734 E224.69917
G1 X117.77 Y117.679 E224.70215
G1 X117.771 Y102.297 E225.34166
G1 X117.818 Y102.209 E225.34581
G1 X120.269 Y102.209 E225.44771
G1 X123.769 Y102.209 E225.59322
G1 X124.717 Y102.208 E225.63263
G1 X126.216 Y102.21 E225.69496
G1 X126.27 Y102.266 E225.69819
G1 X126.269 Y117.666 E226.33845
G1 X126.255 Y117.725 E226.34097
G1 X126.208 Y117.736 E226.34298
G1 X123.77 Y117.736 E226.44434
G1 X120.27 Y117.735 E226.58985
G0 F4800 X120.67 Y117.332
G1 F3000 X123.37 Y117.333 E226.7021
G1 X123.37 Y102.612 E227.31413
G1 X120.67 Y102.612 E227.42638
G1 X120.67 Y117.332 E228.03837
G0 F4800 X121.07 Y116.932
;TYPE:WALL-OUTER
G1 F3000 X122.97 Y116.933 E228.11736
G1 X122.97 Y103.012 E228.69613
G1 X121.07 Y103.012 E228.77512
G1 X121.07 Y116.932 E229.35385
G0 F4800 X121.27 Y116.932
G0 X121.269 Y117.372
G0 X120.27 Y117.732
;TYPE:WALL-INNER
G1 F3000 X123.77 Y117.733 E229.35498
G1 X123.77 Y102.212 E230.00027
G1 X120.27 Y102.212 E230.00141
G1 X120.27 Y117.732 E230.64665
G0 F4800 X117.633 Y118.105
G1 F3000 X117.506 Y118.026 E230.65287
G1 X117.421 Y117.915 E230.65869
G1 X117.37 Y117.735 E230.66646
G1 X117.371 Y102.228 E231.31117
G1 X117.469 Y101.956 E231.32319
G1 X117.581 Y101.865 E231.32919
G1 X117.754 Y101.809 E231.33675
G1 X124.717 Y101.808 E231.62624
G1 X126.257 Y101.81 E231.69026
G1 X126.414 Y101.842 E231.69692
G1 X126.539 Y101.92 E231.70305
G1 X126.62 Y102.03 E231.70873
G1 X126.67 Y102.211 E231.71654
G1 X126.669 Y117.706 E232.36074
G1 X126.636 Y117.876 E232.36794
G1 X126.558 Y118 E232.37403
G1 X126.424 Y118.097 E232.38091
G1 X126.253 Y118.136 E232.3882
G1 X117.78 Y118.134 E232.74047
G1 X117.633 Y118.105 E232.7467
G0 F4800 X117.482 Y118.482
;TYPE:WALL-OUTER
G1 F3000 X117.232 Y118.327 E232.75893
G1 X117.058 Y118.099 E232.77085
G1 X116.974 Y117.811 E232.78333
G1 X116.97 Y117.735 E232.78649
G1 X116.971 Y102.187 E233.4329
G1 X117.022 Y101.926 E233.44396
G1 X117.161 Y101.691 E233.45531
G1 X117.386 Y101.507 E233.46739
G1 X117.673 Y101.415 E233.47992
G1 X117.741 Y101.409 E233.48276
G1 X124.717 Y101.408 E233.77279
G1 X126.297 Y101.41 E233.83848
G1 X126.564 Y101.464 E233.8498
G1 X126.816 Y101.623 E233.86219
G1 X126.984 Y101.848 E233.87386
G1 X127.066 Y102.133 E233.88619
G1 X127.07 Y102.211 E233.88944
G1 X127.069 Y117.746 E234.53531
G1 X127.015 Y118.024 E234.54709
G1 X126.855 Y118.28 E234.55964
G1 X126.601 Y118.463 E234.57265
G1 X126.346 Y118.531 E234.58362
G1 X126.259 Y118.536 E234.58725
G1 X117.742 Y118.534 E234.94134
G1 X117.482 Y118.482 E234.95237
G0 F4800 X117.312 Y118.377
G0 X117.544 Y118.003
G0 X119.688 Y117.152
G0 X119.76 Y116.534
G0 X119.07 Y116.534
;TYPE:SKIN
G1 F1800 X118.97 Y116.534 E234.95652
G1 X118.971 Y103.409 E235.5022
G1 X119.07 Y103.409 E235.50631
G1 X119.07 Y116.534 E236.05199
G0 F4800 X119.47 Y116.934
G1 F1800 X118.57 Y116.934 E236.08941
G1 X118.571 Y103.009 E236.66834
G1 X119.47 Y103.009 E236.70572
G1 X119.47 Y116.934 E237.28465
G0 F4800 X119.76 Y116.934
G0 X120.842 Y117.16
G0 X123.198 Y117.161
G0 X124.352 Y102.79
G0 X125.071 Y102.72
G0 X125.07 Y103.409
G1 F1800 X125.069 Y116.536 E237.83041
G1 X124.97 Y116.536 E237.83452
G1 X124.97 Y103.409 E238.38028
G1 X125.07 Y103.409 E238.38444
G0 F4800 X125.47 Y103.01
G1 F1800 X125.469 Y116.936 E238.96341
G1 X124.57 Y116.936 E239.00079
G1 X124.57 Y103.008 E239.57985
G1 X125.47 Y103.01 E239.61727
G0 F4800 X126.059 Y103.011
G1 F1500 E233.11727
;MESH:Switch Raiser Omron Tilted.stl(3)
G0 F4800 X125.688 Y102.792
G0 X124.352 Y102.79
G0 X123.198 Y117.161
G0 X118.669 Y118.315
G0 X118.667 Y120.737
G0 X118.667 Y121.718
;TYPE:WALL-INNER
G1 F1500 E239.61727
G1 F3000 X118.667 Y123.417 E239.6879
G1 X103.939 Y123.417 E240.30022
G1 X103.939 Y121.717 E240.3709
G1 X118.667 Y121.718 E240.98322
G0 F4800 X118.665 Y127.717
G1 F3000 X118.665 Y129.417 E241.0539
G1 X103.939 Y129.416 E241.66613
G1 X103.939 Y127.717 E241.73677
G1 X118.665 Y127.717 E242.34901
G0 F4800 X103.539 Y127.317
G1 F3000 X103.539 Y123.817 E242.49452
G1 X103.539 Y121.401 E242.59496
G1 X103.552 Y121.33 E242.59796
G1 X103.602 Y121.317 E242.60011
G1 X118.995 Y121.318 E243.24008
G1 X119.052 Y121.329 E243.24249
G1 X119.067 Y121.388 E243.24502
G1 X119.067 Y123.817 E243.34601
G1 X119.066 Y127.317 E243.49152
G1 X119.065 Y129.775 E243.59371
G1 X118.98 Y129.817 E243.59766
G1 X103.626 Y129.816 E244.236
G1 X103.539 Y129.761 E244.24028
G1 X103.539 Y127.317 E244.34189
G0 F4800 X103.942 Y126.917
G1 F3000 X118.663 Y126.917 E244.95392
G1 X118.664 Y124.217 E245.06617
G1 X103.942 Y124.217 E245.67824
G1 X103.942 Y126.917 E245.79049
G0 F4800 X104.342 Y126.517
;TYPE:WALL-OUTER
G1 F3000 X118.263 Y126.517 E246.36926
G1 X118.264 Y124.617 E246.44825
G1 X104.342 Y124.617 E247.02706
G1 X104.342 Y126.517 E247.10606
G0 F4800 X104.542 Y126.517
G0 X104.542 Y126.957
G0 X103.542 Y127.317
;TYPE:WALL-INNER
G1 F3000 X119.063 Y127.317 E247.75135
G1 X119.064 Y123.817 E247.75248
G1 X103.542 Y123.817 E248.39781
G1 X103.542 Y127.317 E248.3989
G0 F4800 X103.288 Y130.119
G1 F3000 X103.196 Y130.005 E248.40499
G1 X103.139 Y129.821 E248.413
G1 X103.139 Y121.363 E248.76465
G1 X103.173 Y121.175 E248.77259
G1 X103.254 Y121.047 E248.77889
G1 X103.363 Y120.966 E248.78453
G1 X103.554 Y120.917 E248.79273
G1 X119.034 Y120.918 E249.43631
G1 X119.206 Y120.951 E249.4436
G1 X119.333 Y121.03 E249.44981
G1 X119.419 Y121.146 E249.45582
G1 X119.467 Y121.341 E249.46417
G1 X119.465 Y129.817 E249.81656
G1 X119.437 Y129.952 E249.82229
G1 X119.353 Y130.086 E249.82887
G1 X119.229 Y130.179 E249.83531
G1 X119.018 Y130.217 E249.84422
G1 X103.555 Y130.216 E250.4871
G1 X103.288 Y130.119 E250.49891
G0 F4800 X103.252 Y130.563
;TYPE:WALL-OUTER
G1 F3000 X103.021 Y130.426 E250.51008
G1 X102.835 Y130.196 E250.52237
G1 X102.743 Y129.894 E250.5355
G1 X102.739 Y129.817 E250.5387
G1 X102.739 Y121.324 E250.8918
G1 X102.793 Y121.028 E250.90431
G1 X102.954 Y120.772 E250.91688
G1 X103.183 Y120.602 E250.92874
G1 X103.458 Y120.522 E250.94065
G1 X103.552 Y120.517 E250.94456
G1 X119.074 Y120.518 E251.58989
G1 X119.354 Y120.572 E251.60175
G1 X119.609 Y120.731 E251.61424
G1 X119.784 Y120.966 E251.62642
G1 X119.861 Y121.238 E251.63818
G1 X119.867 Y121.33 E251.64201
G1 X119.865 Y129.856 E251.99648
G1 X119.813 Y130.104 E252.00701
G1 X119.652 Y130.362 E252.01966
G1 X119.429 Y130.529 E252.03124
G1 X119.35 Y130.564 E252.03483
G1 X119.056 Y130.617 E252.04725
G1 X103.517 Y130.616 E252.69329
G1 X103.252 Y130.563 E252.70453
G0 F4800 X103.08 Y130.461
G0 X103.305 Y130.082
G0 X117.864 Y129.306
G0 X117.865 Y128.617
;TYPE:SKIN
G1 F1800 X104.739 Y128.616 E253.25024
G1 X104.739 Y128.517 E253.25436
G1 X117.865 Y128.517 E253.80007
G1 X117.865 Y128.617 E253.80423
G0 F4800 X118.265 Y129.017
G1 F1800 X104.339 Y129.016 E254.38321
G1 X104.339 Y128.117 E254.42058
G1 X118.265 Y128.117 E254.99956
G1 X118.265 Y129.017 E255.03698
G0 F4800 X118.264 Y129.306
G0 X118.557 Y122.518
G0 X117.867 Y122.518
G1 F1800 X117.867 Y122.617 E255.04109
G1 X104.739 Y122.617 E255.58689
G1 X104.739 Y122.517 E255.59105
G1 X117.867 Y122.518 E256.13685
G0 F4800 X118.267 Y122.118
G1 F1800 X118.267 Y123.017 E256.17422
G1 X104.339 Y123.017 E256.75328
G1 X104.339 Y122.117 E256.7907
G1 X118.267 Y122.118 E257.36976
G0 F4800 X118.857 Y122.118
G1 F1500 E250.86976
;MESH:NONMESH
G0 F300 X118.857 Y122.118 Z1
G0 F4800 X118.523 Y121.922
G0 X103.563 Y120.736
G0 X102.519 Y118.415
G0 X100.345 Y117.316
G0 X99.191 Y102.946
G0 X94.163 Y102.757
;TIME_ELAPSED:250.330976
;LAYER:3
;TYPE:WALL-INNER
;MESH:Switch Raiser Omron Tilted.stl(1)
G1 F1500 E257.36976
G1 F3000 X95.863 Y102.757 E257.44044
G1 X95.863 Y117.482 E258.05263
G1 X94.163 Y117.482 E258.12331
G1 X94.163 Y102.757 E258.7355
G0 F4800 X100.163 Y102.757
G1 F3000 X101.863 Y102.757 E258.80618
G1 X101.862 Y117.484 E259.41846
G1 X100.163 Y117.484 E259.48909
G1 X100.163 Y102.757 E260.10137
G0 F4800 X99.763 Y117.884
G1 F3000 X96.263 Y117.883 E260.24688
G1 X93.84 Y117.882 E260.34762
G1 X93.763 Y117.822 E260.35168
G1 X93.763 Y102.442 E260.99111
G1 X93.776 Y102.37 E260.99415
G1 X93.849 Y102.357 E260.99723
G1 X96.263 Y102.357 E261.09759
G1 X99.763 Y102.357 E261.24311
G1 X102.161 Y102.357 E261.3428
G1 X102.25 Y102.384 E261.34667
G1 X102.263 Y102.427 E261.34854
G1 X102.262 Y117.824 E261.98867
G1 X102.253 Y117.87 E261.99062
G1 X102.197 Y117.884 E261.99302
G1 X99.763 Y117.884 E262.09421
G0 F4800 X99.363 Y117.481
G1 F3000 X99.363 Y102.76 E262.70624
G1 X96.663 Y102.76 E262.81849
G1 X96.663 Y117.48 E263.43048
G1 X99.363 Y117.481 E263.54273
G0 F4800 X98.963 Y117.081
;TYPE:WALL-OUTER
G1 F3000 X98.963 Y103.16 E264.1215
G1 X97.063 Y103.16 E264.20049
G1 X97.063 Y117.08 E264.77922
G1 X98.963 Y117.081 E264.85821
G0 F4800 X98.963 Y116.881
G0 X99.403 Y116.881
G0 X99.763 Y117.881
;TYPE:WALL-INNER
G1 F3000 X99.763 Y102.36 E265.5035
G1 X96.263 Y102.36 E265.5046
G1 X96.263 Y117.88 E266.14984
G1 X99.763 Y117.881 E266.15098
G0 F4800 X102.437 Y118.236
G1 F3000 X102.247 Y118.284 E266.15913
G1 X93.761 Y118.282 E266.51193
G1 X93.502 Y118.177 E266.52355
G1 X93.411 Y118.057 E266.52981
G1 X93.363 Y117.872 E266.53776
G1 X93.363 Y102.407 E267.18072
G1 X93.399 Y102.213 E267.18892
G1 X93.487 Y102.079 E267.19559
G1 X93.612 Y101.993 E267.20189
G1 X93.81 Y101.957 E267.21026
G1 X102.221 Y101.957 E267.55995
G1 X102.496 Y102.04 E267.57189
G1 X102.598 Y102.151 E267.57816
G1 X102.663 Y102.37 E267.58766
G1 X102.662 Y117.863 E268.23178
G1 X102.629 Y118.026 E268.2387
G1 X102.55 Y118.152 E268.24488
G1 X102.437 Y118.236 E268.25073
G0 F4800 X102.615 Y118.601
;TYPE:WALL-OUTER
G1 F3000 X102.34 Y118.679 E268.26262
G1 X102.252 Y118.684 E268.26628
G1 X93.722 Y118.682 E268.62092
G1 X93.47 Y118.629 E268.63162
G1 X93.227 Y118.477 E268.64354
G1 X93.046 Y118.237 E268.65604
G1 X92.968 Y117.964 E268.66784
G1 X92.963 Y117.872 E268.67167
G1 X92.963 Y102.37 E269.31617
G1 X93.021 Y102.06 E269.32928
G1 X93.196 Y101.794 E269.34252
G1 X93.437 Y101.627 E269.35471
G1 X93.474 Y101.611 E269.35639
G1 X93.772 Y101.557 E269.36898
G1 X102.257 Y101.557 E269.72174
G1 X102.52 Y101.601 E269.73283
G1 X102.743 Y101.717 E269.74328
G1 X102.945 Y101.938 E269.75573
G1 X103.05 Y102.213 E269.76797
G1 X103.063 Y102.359 E269.77406
G1 X103.062 Y117.901 E270.42022
G1 X103.007 Y118.176 E270.43188
G1 X102.848 Y118.428 E270.44427
G1 X102.615 Y118.601 E270.45633
G0 F4800 X102.423 Y118.655
G0 X102.304 Y118.231
G0 X101.062 Y117.374
G0 X101.062 Y116.684
;TYPE:SKIN
G1 F1800 X100.963 Y116.684 E270.46045
G1 X100.963 Y103.557 E271.00621
G1 X101.063 Y103.557 E271.01037
G1 X101.062 Y116.684 E271.55612
G0 F4800 X101.462 Y117.084
G1 F1800 X100.563 Y117.084 E271.5935
G1 X100.563 Y103.157 E272.17252
G1 X101.463 Y103.157 E272.20993
G1 X101.462 Y117.084 E272.78895
G0 F4800 X101.462 Y117.374
G0 X96.835 Y117.308
G0 X95.753 Y116.682
G0 X95.063 Y116.682
G1 F1800 X94.963 Y116.682 E272.79311
G1 X94.963 Y103.557 E273.33878
G1 X95.063 Y103.557 E273.34294
G1 X95.063 Y116.682 E273.88861
G0 F4800 X95.463 Y117.082
G1 F1800 X94.563 Y117.082 E273.92603
G1 X94.563 Y103.157 E274.50497
G1 X95.463 Y103.157 E274.54238
G1 X95.463 Y117.082 E275.12132
G0 F4800 X95.463 Y117.672
G1 F1500 E268.62132
;MESH:Switch Raiser Omron Tilted.stl
G0 F4800 X101.68 Y117.302
G0 X102.843 Y114.67
G0 X105.17 Y114.672
G0 X106.15 Y114.672
;TYPE:WALL-INNER
G1 F1500 E275.12132
G1 F3000 X106.151 Y99.945 E275.7336
G1 X107.85 Y99.945 E275.80423
G1 X107.85 Y114.672 E276.41651
G1 X106.15 Y114.672 E276.48719
G0 F4800 X112.15 Y114.672
G1 F3000 X112.15 Y99.947 E277.09938
G1 X113.85 Y99.947 E277.17006
G1 X113.85 Y114.672 E277.78225
G1 X112.15 Y114.672 E277.85293
G0 F4800 X108.25 Y115.072
G1 F3000 X105.831 Y115.072 E277.9535
G1 X105.761 Y115.059 E277.95646
G1 X105.75 Y115.018 E277.95823
G1 X105.751 Y99.603 E278.59911
G1 X105.759 Y99.561 E278.60089
G1 X105.823 Y99.545 E278.60363
G1 X108.25 Y99.545 E278.70453
G1 X111.75 Y99.546 E278.85004
G1 X114.188 Y99.547 E278.9514
G1 X114.234 Y99.556 E278.95335
G1 X114.25 Y99.618 E278.95601
G1 X114.25 Y114.986 E279.59494
G1 X114.222 Y115.06 E279.59823
G1 X114.174 Y115.072 E279.60029
G1 X111.75 Y115.072 E279.70107
G1 X108.25 Y115.072 E279.84658
G0 F4800 X108.65 Y114.669
G1 F3000 X111.35 Y114.669 E279.95883
G1 X111.35 Y99.949 E280.57082
G1 X108.65 Y99.948 E280.68307
G1 X108.65 Y114.669 E281.2951
G0 F4800 X109.05 Y114.269
;TYPE:WALL-OUTER
G1 F3000 X110.95 Y114.269 E281.37409
G1 X110.95 Y100.349 E281.95282
G1 X109.05 Y100.348 E282.03181
G1 X109.05 Y114.269 E282.61058
G0 F4800 X109.25 Y114.269
G0 X109.25 Y114.709
G0 X108.25 Y115.069
;TYPE:WALL-INNER
G1 F3000 X111.75 Y115.069 E282.61167
G1 X111.75 Y99.549 E283.25692
G1 X108.25 Y99.548 E283.25806
G1 X108.25 Y115.069 E283.90334
G0 F4800 X105.611 Y115.439
G1 F3000 X105.48 Y115.358 E283.90975
G1 X105.398 Y115.248 E283.91545
G1 X105.35 Y115.071 E283.92308
G1 X105.351 Y99.567 E284.56766
G1 X105.382 Y99.41 E284.57431
G1 X105.466 Y99.276 E284.58089
G1 X105.573 Y99.195 E284.58647
G1 X105.774 Y99.145 E284.59508
G1 X114.226 Y99.147 E284.94647
G1 X114.388 Y99.178 E284.95333
G1 X114.514 Y99.256 E284.95949
G1 X114.599 Y99.366 E284.96527
G1 X114.65 Y99.567 E284.97389
G1 X114.65 Y115.024 E285.61652
G1 X114.615 Y115.218 E285.62471
G1 X114.44 Y115.418 E285.63576
G1 X114.222 Y115.472 E285.6451
G1 X105.793 Y115.472 E285.99554
G1 X105.611 Y115.439 E286.00323
G0 F4800 X105.465 Y115.82
;TYPE:WALL-OUTER
G1 F3000 X105.204 Y115.658 E286.016
G1 X105.033 Y115.426 E286.02798
G1 X104.954 Y115.148 E286.04
G1 X104.95 Y115.071 E286.0432
G1 X104.951 Y99.529 E286.68936
G1 X105.003 Y99.262 E286.70067
G1 X105.165 Y99.001 E286.71344
G1 X105.393 Y98.83 E286.72529
G1 X105.671 Y98.751 E286.73731
G1 X105.763 Y98.745 E286.74114
G1 X114.265 Y98.747 E287.09461
G1 X114.536 Y98.799 E287.10609
G1 X114.786 Y98.953 E287.11829
G1 X114.962 Y99.182 E287.1303
G1 X115.046 Y99.466 E287.14261
G1 X115.05 Y99.547 E287.14599
G1 X115.05 Y115.062 E287.79102
G1 X114.997 Y115.357 E287.80348
G1 X114.866 Y115.581 E287.81427
G1 X114.644 Y115.769 E287.82637
G1 X114.392 Y115.86 E287.83751
G1 X114.241 Y115.872 E287.8438
G1 X105.757 Y115.872 E288.19653
G1 X105.465 Y115.82 E288.20886
G0 F4800 X105.295 Y115.715
G0 X105.528 Y115.341
G0 X107.668 Y114.49
G0 X107.74 Y113.872
G0 X107.05 Y113.872
;TYPE:SKIN
G1 F1800 X106.95 Y113.872 E288.21302
G1 X106.951 Y100.745 E288.75877
G1 X107.05 Y100.745 E288.76289
G1 X107.05 Y113.872 E289.30865
G0 F4800 X107.45 Y114.272
G1 F1800 X106.55 Y114.272 E289.34607
G1 X106.551 Y100.345 E289.92508
G1 X107.45 Y100.345 E289.96246
G1 X107.45 Y114.272 E290.54148
G0 F4800 X107.74 Y114.272
G0 X108.822 Y114.497
G0 X113.668 Y114.49
G0 X113.74 Y113.872
G0 X113.05 Y113.872
G1 F1800 X112.95 Y113.872 E290.54563
G1 X112.95 Y100.747 E291.09131
G1 X113.05 Y100.747 E291.09546
G1 X113.05 Y113.872 E291.64114
G0 F4800 X113.45 Y114.272
G1 F1800 X112.55 Y114.272 E291.67856
G1 X112.55 Y100.347 E292.25749
G1 X113.45 Y100.347 E292.29491
G1 X113.45 Y114.272 E292.87384
G0 F4800 X113.45 Y114.862
G1 F1500 E286.37384
;MESH:Switch Raiser Omron Tilted.stl(2)
G0 F4800 X114.756 Y115.332
G0 X117.19 Y115.332
G0 X118.17 Y117.32
;TYPE:WALL-INNER
G1 F1500 E292.87384
G1 F3000 X118.17 Y102.595 E293.48604
G1 X119.87 Y102.595 E293.55671
G1 X119.87 Y117.32 E294.16891
G1 X118.17 Y117.32 E294.23959
G0 F4800 X124.17 Y117.322
G1 F3000 X124.17 Y102.595 E294.85186
G1 X125.87 Y102.595 E294.92254
G1 X125.869 Y117.322 E295.53482
G1 X124.17 Y117.322 E295.60546
G0 F4800 X120.27 Y117.721
G1 F3000 X117.826 Y117.72 E295.70707
G1 X117.77 Y117.666 E295.7103
G1 X117.77 Y102.282 E296.34989
G1 X117.788 Y102.213 E296.35286
G1 X117.85 Y102.195 E296.35554
G1 X120.27 Y102.195 E296.45615
G1 X123.77 Y102.195 E296.60167
G1 X126.17 Y102.195 E296.70145
G1 X126.257 Y102.221 E296.70522
G1 X126.27 Y102.264 E296.70709
G1 X126.269 Y117.662 E297.34726
G1 X126.193 Y117.722 E297.35129
G1 X123.77 Y117.722 E297.45203
G1 X120.27 Y117.721 E297.59754
G0 F4800 X120.67 Y117.318
G1 F3000 X123.37 Y117.319 E297.70979
G1 X123.37 Y102.598 E298.32182
G1 X120.67 Y102.598 E298.43407
G1 X120.67 Y117.318 E299.04606
G0 F4800 X121.07 Y116.918
;TYPE:WALL-OUTER
G1 F3000 X122.97 Y116.919 E299.12505
G1 X122.97 Y102.998 E299.70382
G1 X121.07 Y102.998 E299.78281
G1 X121.07 Y116.918 E300.36154
G0 F4800 X121.27 Y116.918
G0 X121.269 Y117.358
G0 X120.27 Y117.718
;TYPE:WALL-INNER
G1 F3000 X123.77 Y117.719 E300.36268
G1 X123.77 Y102.198 E301.00796
G1 X120.27 Y102.198 E301.00906
G1 X120.27 Y117.718 E301.6543
G0 F4800 X117.635 Y118.091
G1 F3000 X117.5 Y118.007 E301.66091
G1 X117.419 Y117.899 E301.66653
G1 X117.37 Y117.721 E301.6742
G1 X117.37 Y102.244 E302.31766
G1 X117.405 Y102.05 E302.32586
G1 X117.557 Y101.864 E302.33584
G1 X117.793 Y101.795 E302.34607
G1 X126.227 Y101.795 E302.69671
G1 X126.503 Y101.877 E302.70868
G1 X126.606 Y101.992 E302.7151
G1 X126.67 Y102.206 E302.72439
G1 X126.669 Y117.7 E303.36855
G1 X126.637 Y117.86 E303.37534
G1 X126.46 Y118.066 E303.38663
G1 X126.242 Y118.122 E303.39599
G1 X117.789 Y118.12 E303.74742
G1 X117.635 Y118.091 E303.75394
G0 F4800 X117.487 Y118.47
;TYPE:WALL-OUTER
G1 F3000 X117.224 Y118.306 E303.76682
G1 X117.056 Y118.081 E303.7785
G1 X116.974 Y117.797 E303.79079
G1 X116.97 Y117.721 E303.79395
G1 X116.97 Y102.206 E304.43899
G1 X117.023 Y101.911 E304.45145
G1 X117.153 Y101.687 E304.46222
G1 X117.347 Y101.516 E304.47297
G1 X117.625 Y101.409 E304.48535
G1 X117.779 Y101.395 E304.49178
G1 X126.263 Y101.395 E304.84451
G1 X126.526 Y101.439 E304.85559
G1 X126.752 Y101.556 E304.86617
G1 X126.954 Y101.781 E304.87874
G1 X127.057 Y102.051 E304.89076
G1 X127.07 Y102.197 E304.89685
G1 X127.069 Y117.739 E305.54301
G1 X127.015 Y118.01 E305.5545
G1 X126.859 Y118.262 E305.56682
G1 X126.654 Y118.422 E305.57764
G1 X126.415 Y118.507 E305.58818
G1 X126.259 Y118.522 E305.5947
G1 X117.752 Y118.52 E305.94838
G1 X117.487 Y118.47 E305.95959
G0 F4800 X117.317 Y118.364
G0 X117.551 Y117.99
G0 X119.688 Y117.138
G0 X119.76 Y116.52
G0 X119.07 Y116.52
;TYPE:SKIN
G1 F1800 X118.97 Y116.52 E305.96375
G1 X118.97 Y103.395 E306.50942
G1 X119.07 Y103.395 E306.51358
G1 X119.07 Y116.52 E307.05925
G0 F4800 X119.47 Y116.92
G1 F1800 X118.57 Y116.92 E307.09667
G1 X118.57 Y102.995 E307.6756
G1 X119.47 Y102.995 E307.71302
G1 X119.47 Y116.92 E308.29196
G0 F4800 X119.76 Y116.92
G0 X120.733 Y117.123
G0 X125.069 Y117.212
G0 X125.069 Y116.522
G1 F1800 X124.97 Y116.522 E308.29607
G1 X124.97 Y103.395 E308.84183
G1 X125.07 Y103.395 E308.84599
G1 X125.069 Y116.522 E309.39174
G0 F4800 X125.469 Y116.922
G1 F1800 X124.57 Y116.922 E309.42912
G1 X124.57 Y102.995 E310.00814
G1 X125.47 Y102.995 E310.04555
G1 X125.469 Y116.922 E310.62457
G0 F4800 X125.469 Y117.512
G1 F1500 E304.12457
;MESH:Switch Raiser Omron Tilted.stl(3)
G0 F4800 X118.655 Y118.301
G0 X118.653 Y120.737
G0 X118.653 Y121.718
;TYPE:WALL-INNER
G1 F1500 E310.62457
G1 F3000 X118.653 Y123.417 E310.69521
G1 X103.925 Y123.417 E311.30753
G1 X103.925 Y121.717 E311.37821
G1 X118.653 Y121.718 E311.99052
G0 F4800 X118.651 Y127.717
G1 F3000 X118.651 Y129.417 E312.0612
G1 X103.926 Y129.417 E312.6734
G1 X103.926 Y127.717 E312.74407
G1 X118.651 Y127.717 E313.35627
G0 F4800 X103.526 Y127.317
G1 F3000 X103.526 Y123.818 E313.50174
G1 X103.525 Y121.417 E313.60156
G1 X103.55 Y121.334 E313.60517
G1 X103.612 Y121.317 E313.60784
G1 X118.992 Y121.318 E314.24727
G1 X119.037 Y121.327 E314.24917
G1 X119.053 Y121.389 E314.25184
G1 X119.053 Y123.817 E314.35278
G1 X119.052 Y127.317 E314.49829
G1 X119.051 Y129.754 E314.59961
G1 X119.042 Y129.8 E314.60156
G1 X118.975 Y129.817 E314.60443
G1 X103.608 Y129.817 E315.24332
G1 X103.555 Y129.807 E315.24556
G1 X103.526 Y129.743 E315.24848
G1 X103.526 Y127.317 E315.34934
G0 F4800 X103.928 Y126.917
G1 F3000 X118.649 Y126.917 E315.96137
G1 X118.65 Y124.217 E316.07363
G1 X103.928 Y124.217 E316.6857
G1 X103.928 Y126.917 E316.79795
G0 F4800 X104.328 Y126.517
;TYPE:WALL-OUTER
G1 F3000 X118.249 Y126.517 E317.37672
G1 X118.25 Y124.617 E317.45571
G1 X104.328 Y124.617 E318.03452
G1 X104.328 Y126.517 E318.11351
G0 F4800 X104.528 Y126.517
G0 X104.528 Y126.957
G0 X103.528 Y127.317
;TYPE:WALL-INNER
G1 F3000 X119.049 Y127.317 E318.7588
G1 X119.05 Y123.817 E318.75993
G1 X103.528 Y123.817 E319.40526
G1 X103.528 Y127.317 E319.40601
G0 F4800 X103.384 Y130.182
G1 F3000 X103.245 Y130.091 E319.41292
G1 X103.126 Y129.83 E319.42485
G1 X103.125 Y121.356 E319.77716
G1 X103.208 Y121.084 E319.78898
G1 X103.318 Y120.984 E319.79516
G1 X103.559 Y120.917 E319.80556
G1 X119.03 Y120.918 E320.44877
G1 X119.19 Y120.95 E320.45555
G1 X119.32 Y121.03 E320.4619
G1 X119.401 Y121.138 E320.46751
G1 X119.453 Y121.341 E320.47622
G1 X119.451 Y129.793 E320.82762
G1 X119.419 Y129.96 E320.83469
G1 X119.34 Y130.085 E320.84083
G1 X119.233 Y130.165 E320.84639
G1 X119.023 Y130.217 E320.85538
G1 X103.574 Y130.217 E321.49768
G1 X103.384 Y130.182 E321.50571
G0 F4800 X103.233 Y130.562
;TYPE:WALL-OUTER
G1 F3000 X102.961 Y130.383 E321.51925
G1 X102.798 Y130.15 E321.53107
G1 X102.729 Y129.894 E321.54209
G1 X102.725 Y129.817 E321.5453
G1 X102.725 Y121.324 E321.8984
G1 X102.768 Y121.063 E321.90939
G1 X102.885 Y120.838 E321.91994
G1 X103.103 Y120.638 E321.93224
G1 X103.382 Y120.53 E321.94467
G1 X103.538 Y120.517 E321.95118
G1 X119.066 Y120.518 E322.59676
G1 X119.34 Y120.572 E322.60837
G1 X119.595 Y120.731 E322.62087
G1 X119.764 Y120.954 E322.6325
G1 X119.847 Y121.238 E322.6448
G1 X119.853 Y121.33 E322.64863
G1 X119.851 Y129.833 E323.00215
G1 X119.798 Y130.108 E323.01379
G1 X119.638 Y130.362 E323.02627
G1 X119.415 Y130.529 E323.03785
G1 X119.127 Y130.613 E323.05033
G1 X119.042 Y130.617 E323.05386
G1 X103.536 Y130.617 E323.69853
G1 X103.233 Y130.562 E323.71133
G0 F4800 X103.066 Y130.452
G0 X103.308 Y130.085
G0 X118.469 Y129.235
G0 X118.541 Y128.617
G0 X117.851 Y128.617
;TYPE:SKIN
G1 F1800 X104.726 Y128.617 E324.25701
G1 X104.726 Y128.517 E324.26116
G1 X117.851 Y128.517 E324.80684
G1 X117.851 Y128.617 E324.811
G0 F4800 X118.251 Y129.017
G1 F1800 X104.326 Y129.017 E325.38993
G1 X104.326 Y128.117 E325.42735
G1 X118.251 Y128.117 E326.00628
G1 X118.251 Y129.017 E326.0437
G0 F4800 X118.541 Y129.017
G0 X118.543 Y122.518
G0 X117.853 Y122.518
G1 F1800 X117.853 Y122.617 E326.04782
G1 X104.725 Y122.617 E326.59361
G1 X104.725 Y122.517 E326.59777
G1 X117.853 Y122.518 E327.14357
G0 F4800 X118.253 Y122.118
G1 F1800 X118.253 Y123.017 E327.18095
G1 X104.325 Y123.017 E327.76001
G1 X104.325 Y122.117 E327.79742
G1 X118.253 Y122.118 E328.37648
G0 F4800 X118.843 Y122.118
G1 F1500 E321.87648
;MESH:NONMESH
G0 F300 X118.843 Y122.118 Z1.25
G0 F4800 X118.509 Y121.922
G0 X103.543 Y120.736
G0 X102.241 Y118.465
G0 X94.345 Y117.3
G0 X94.243 Y116.383
;TIME_ELAPSED:310.437632
;LAYER:4
;TYPE:FILL
;MESH:Switch Raiser Omron Tilted.stl(1)
G1 F1500 E328.37648
G1 F3000 X94.636 Y116.714 E328.39784
G1 X95.037 Y117.165 E328.42293
G1 X95.277 Y117.389 E328.43658
G0 F4800 X99.191 Y117.295
G0 X100.243 Y116.223
G1 F3000 X100.25 Y116.223 E328.43687
G1 X100.651 Y116.376 E328.45472
G1 X101.052 Y116.714 E328.47652
G1 X101.453 Y117.165 E328.50161
G1 X101.695 Y117.391 E328.51538
G0 F4800 X101.862 Y117.471
;TYPE:WALL-INNER
G1 F3000 X100.163 Y117.471 E328.58602
G1 X100.163 Y102.743 E329.19833
G1 X101.863 Y102.743 E329.26901
G1 X101.862 Y117.471 E329.88133
G0 F4800 X95.863 Y117.469
G1 F3000 X94.163 Y117.469 E329.95201
G1 X94.163 Y102.743 E330.56424
G1 X95.863 Y102.743 E330.63492
G1 X95.863 Y117.469 E331.24716
G0 F4800 X99.763 Y117.871
G1 F3000 X96.263 Y117.87 E331.39267
G1 X93.821 Y117.869 E331.4942
G1 X93.776 Y117.86 E331.49611
G1 X93.763 Y117.808 E331.49833
G1 X93.763 Y102.414 E332.13834
G1 X93.771 Y102.362 E332.14053
G1 X93.842 Y102.343 E332.14359
G1 X96.263 Y102.343 E332.24424
G1 X99.763 Y102.343 E332.38975
G1 X102.188 Y102.343 E332.49057
G1 X102.251 Y102.355 E332.49324
G1 X102.263 Y102.399 E332.49513
G1 X102.262 Y117.811 E333.13589
G1 X102.253 Y117.855 E333.13776
G1 X102.189 Y117.871 E333.1405
G1 X99.763 Y117.871 E333.24136
G0 F4800 X99.363 Y117.467
G1 F3000 X99.363 Y102.746 E333.85339
G1 X96.663 Y102.746 E333.96564
G1 X96.663 Y117.466 E334.57763
G1 X99.363 Y117.467 E334.68988
G0 F4800 X98.963 Y117.067
;TYPE:WALL-OUTER
G1 F3000 X98.963 Y103.146 E335.26865
G1 X97.063 Y103.146 E335.34764
G1 X97.063 Y117.066 E335.92637
G1 X98.963 Y117.067 E336.00536
G0 F4800 X98.963 Y116.867
G0 X99.403 Y116.867
G0 X99.763 Y117.867
;TYPE:WALL-INNER
G1 F3000 X99.763 Y102.346 E336.65065
G1 X96.263 Y102.346 E336.65175
G1 X96.263 Y117.866 E337.29699
G1 X99.763 Y117.867 E337.29849
G0 F4800 X102.437 Y118.221
G1 F3000 X102.239 Y118.271 E337.30698
G1 X93.78 Y118.269 E337.65867
G1 X93.622 Y118.238 E337.66536
G1 X93.498 Y118.159 E337.67147
G1 X93.405 Y118.03 E337.67808
G1 X93.363 Y117.858 E337.68545
G1 X93.363 Y102.39 E338.32853
G1 X93.388 Y102.226 E338.33543
G1 X93.455 Y102.1 E338.34136
G1 X93.568 Y102.003 E338.34755
G1 X93.787 Y101.943 E338.35699
G1 X102.223 Y101.943 E338.70772
G1 X102.407 Y101.977 E338.7155
G1 X102.534 Y102.057 E338.72174
G1 X102.613 Y102.162 E338.7272
G1 X102.663 Y102.345 E338.73509
G1 X102.662 Y117.853 E339.37984
G1 X102.629 Y118.012 E339.38659
G1 X102.55 Y118.138 E339.39277
G1 X102.437 Y118.221 E339.3986
G0 F4800 X102.615 Y118.587
;TYPE:WALL-OUTER
G1 F3000 X102.341 Y118.665 E339.41045
G1 X102.25 Y118.671 E339.41424
G1 X93.742 Y118.669 E339.76796
G1 X93.47 Y118.615 E339.77949
G1 X93.219 Y118.456 E339.79184
G1 X93.038 Y118.204 E339.80474
G1 X92.968 Y117.949 E339.81573
G1 X92.963 Y117.858 E339.81952
G1 X92.963 Y102.358 E340.46394
G1 X93.002 Y102.098 E340.47487
G1 X93.137 Y101.846 E340.48675
G1 X93.364 Y101.651 E340.4992
G1 X93.641 Y101.553 E340.51141
G1 X93.769 Y101.543 E340.51675
G1 X102.257 Y101.543 E340.86964
G1 X102.557 Y101.598 E340.88232
G1 X102.809 Y101.758 E340.89473
G1 X102.978 Y101.982 E340.9064
G1 X103.059 Y102.267 E340.91871
G1 X103.063 Y102.345 E340.92196
G1 X103.062 Y117.894 E341.56841
G1 X103.007 Y118.162 E341.57979
G1 X102.848 Y118.414 E341.59218
G1 X102.615 Y118.587 E341.60424
G0 F4800 X102.423 Y118.641
G0 X102.304 Y118.217
G0 X101.752 Y114.92
G0 X101.062 Y114.919
;TYPE:SKIN
G1 F1800 X100.963 Y114.919 E341.60836
G1 X100.963 Y103.543 E342.08132
G1 X101.063 Y103.543 E342.08547
G1 X101.062 Y114.919 E342.55843
G0 F4800 X101.462 Y115.319
G1 F1800 X100.563 Y115.319 E342.59581
G1 X100.563 Y103.143 E343.10203
G1 X101.463 Y103.143 E343.13945
G1 X101.462 Y115.319 E343.64567
G0 F4800 X101.752 Y115.32
G0 X99.191 Y117.295
G0 X96.835 Y117.294
G0 X95.753 Y114.92
G0 X95.063 Y114.92
G1 F1800 X94.963 Y114.92 E343.64982
G1 X94.963 Y103.543 E344.12282
G1 X95.063 Y103.543 E344.12698
G1 X95.063 Y114.92 E344.59998
G0 F4800 X95.463 Y115.32
G1 F1800 X94.563 Y115.32 E344.6374
G1 X94.563 Y103.143 E345.14366
G1 X95.463 Y103.143 E345.18108
G1 X95.463 Y115.32 E345.68734
G0 F4800 X96.053 Y115.32
G1 F1500 E339.18734
;MESH:Switch Raiser Omron Tilted.stl
G0 F4800 X96.835 Y117.294
G0 X99.191 Y117.295
G0 X100.345 Y102.925
G0 X102.844 Y102.355
G0 X105.17 Y102.357
G0 X106.216 Y101.929
G0 X107.77 Y101.684
;TYPE:FILL
G1 F1500 E345.68734
G1 F3000 X107.468 Y101.429 E345.70377
G1 X107.067 Y100.978 E345.72886
G1 X106.666 Y100.603 E345.75169
G1 X106.265 Y100.359 E345.7712
G1 X106.231 Y100.347 E345.7727
G0 F4800 X108.822 Y100.134
G0 X110.73 Y100.134
G0 X112.23 Y100.211
G1 F3000 X112.28 Y100.218 E345.7748
G1 X112.681 Y100.359 E345.79247
G1 X113.082 Y100.603 E345.81199
G1 X113.483 Y100.978 E345.83481
G1 X113.77 Y101.301 E345.85278
G0 F4800 X113.85 Y99.961
;TYPE:WALL-INNER
G1 F3000 X113.85 Y114.686 E346.46497
G1 X112.15 Y114.686 E346.53565
G1 X112.15 Y99.961 E347.14785
G1 X113.85 Y99.961 E347.21852
G0 F4800 X107.85 Y99.959
G1 F3000 X107.85 Y114.686 E347.8308
G1 X106.15 Y114.686 E347.90148
G1 X106.151 Y99.959 E348.51376
G1 X107.85 Y99.959 E348.58439
G0 F4800 X108.25 Y115.086
G1 F3000 X105.83 Y115.086 E348.685
G1 X105.762 Y115.074 E348.68788
G1 X105.75 Y115.032 E348.68969
G1 X105.751 Y99.612 E349.33078
G1 X105.759 Y99.575 E349.33235
G1 X105.823 Y99.559 E349.3351
G1 X108.25 Y99.559 E349.436
G1 X111.75 Y99.56 E349.58151
G1 X114.195 Y99.561 E349.68316
G1 X114.235 Y99.569 E349.68486
G1 X114.25 Y99.629 E349.68743
G1 X114.25 Y115.002 E350.32657
G1 X114.237 Y115.073 E350.32957
G1 X114.182 Y115.086 E350.33192
G1 X111.75 Y115.086 E350.43303
G1 X108.25 Y115.086 E350.57854
G0 F4800 X108.65 Y114.683
G1 F3000 X111.35 Y114.683 E350.69079
G1 X111.35 Y99.963 E351.30278
G1 X108.65 Y99.962 E351.41503
G1 X108.65 Y114.683 E352.02706
G0 F4800 X109.05 Y114.283
;TYPE:WALL-OUTER
G1 F3000 X110.95 Y114.283 E352.10605
G1 X110.95 Y100.363 E352.68478
G1 X109.05 Y100.362 E352.76377
G1 X109.05 Y114.283 E353.34254
G0 F4800 X109.25 Y114.283
G0 X109.25 Y114.723
G0 X108.25 Y115.083
;TYPE:WALL-INNER
G1 F3000 X111.75 Y115.083 E353.34364
G1 X111.75 Y99.563 E353.98888
G1 X108.25 Y99.562 E353.99002
G1 X108.25 Y115.083 E354.63531
G0 F4800 X105.605 Y115.451
G1 F3000 X105.482 Y115.374 E354.64134
G1 X105.399 Y115.261 E354.64717
G1 X105.35 Y115.085 E354.65476
G1 X105.351 Y99.574 E355.29964
G1 X105.381 Y99.425 E355.30595
G1 X105.462 Y99.292 E355.31243
G1 X105.573 Y99.209 E355.31819
G1 X105.774 Y99.159 E355.3268
G1 X114.233 Y99.161 E355.67849
G1 X114.384 Y99.191 E355.68489
G1 X114.517 Y99.273 E355.69138
G1 X114.605 Y99.394 E355.6976
G1 X114.65 Y99.581 E355.7056
G1 X114.65 Y115.038 E356.34823
G1 X114.617 Y115.224 E356.35608
G1 X114.531 Y115.36 E356.36277
G1 X114.415 Y115.443 E356.3687
G1 X114.23 Y115.486 E356.3766
G1 X105.796 Y115.486 E356.72724
G1 X105.605 Y115.451 E356.73532
G0 F4800 X105.46 Y115.832
;TYPE:WALL-OUTER
G1 F3000 X105.204 Y115.672 E356.74787
G1 X105.035 Y115.443 E356.7597
G1 X104.954 Y115.162 E356.77186
G1 X104.95 Y115.085 E356.77506
G1 X104.951 Y99.536 E357.42152
G1 X105.003 Y99.276 E357.43254
G1 X105.161 Y99.019 E357.44508
G1 X105.393 Y98.844 E357.45716
G1 X105.671 Y98.765 E357.46918
G1 X105.763 Y98.759 E357.47301
G1 X114.271 Y98.761 E357.82673
G1 X114.534 Y98.813 E357.83788
G1 X114.794 Y98.973 E357.85057
G1 X114.969 Y99.214 E357.86295
G1 X115.046 Y99.481 E357.87451
G1 X115.05 Y99.561 E357.87784
G1 X115.05 Y115.076 E358.52288
G1 X114.997 Y115.371 E358.53534
G1 X114.827 Y115.64 E358.54857
G1 X114.586 Y115.812 E358.56088
G1 X114.302 Y115.884 E358.57306
G1 X114.244 Y115.886 E358.57547
G1 X105.757 Y115.886 E358.92832
G1 X105.46 Y115.832 E358.94087
G0 F4800 X105.29 Y115.726
G0 X105.524 Y115.352
G0 X107.668 Y114.504
G0 X107.74 Y113.886
G0 X107.05 Y113.886
;TYPE:SKIN
G1 F1800 X106.95 Y113.886 E358.94503
G1 X106.951 Y102.509 E359.41803
G1 X107.05 Y102.509 E359.42214
G1 X107.05 Y113.886 E359.89514
G0 F4800 X107.45 Y114.286
G1 F1800 X106.55 Y114.286 E359.93256
G1 X106.551 Y102.109 E360.43882
G1 X107.45 Y102.109 E360.4762
G1 X107.45 Y114.286 E360.98246
G0 F4800 X107.74 Y114.286
G0 X108.822 Y114.511
G0 X113.668 Y114.504
G0 X113.74 Y113.886
G0 X113.05 Y113.886
G1 F1800 X112.95 Y113.886 E360.98662
G1 X112.95 Y102.509 E361.45962
G1 X113.05 Y102.509 E361.46378
G1 X113.05 Y113.886 E361.93678
G0 F4800 X113.45 Y114.286
G1 F1800 X112.55 Y114.286 E361.97419
G1 X112.55 Y102.109 E362.48045
G1 X113.45 Y102.109 E362.51787
G1 X113.45 Y114.286 E363.02413
G0 F4800 X113.45 Y114.876
G1 F1500 E356.52413
;MESH:Switch Raiser Omron Tilted.stl(2)
G0 F4800 X114.789 Y115.29
G0 X117.19 Y115.29
G0 X118.25 Y116.426
;TYPE:FILL
G1 F1500 E363.02413
G1 F3000 X118.295 Y116.399 E363.02631
G1 X118.696 Y116.258 E363.04399
G1 X119.097 Y116.198 E363.06084
G1 X119.498 Y116.223 E363.07755
G1 X119.79 Y116.334 E363.09054
G0 F4800 X120.842 Y117.132
G0 X123.198 Y117.133
G0 X124.25 Y116.699
G1 F3000 X124.31 Y116.643 E363.09395
G1 X124.711 Y116.399 E363.11346
G1 X125.112 Y116.258 E363.13114
G1 X125.513 Y116.198 E363.14799
G1 X125.789 Y116.215 E363.15949
G0 F4800 X125.869 Y117.308
;TYPE:WALL-INNER
G1 F3000 X124.17 Y117.308 E363.23013
G1 X124.17 Y102.581 E363.8424
G1 X125.87 Y102.581 E363.91308
G1 X125.869 Y117.308 E364.52536
G0 F4800 X119.87 Y117.306
G1 F3000 X118.17 Y117.306 E364.59604
G1 X118.17 Y102.581 E365.20823
G1 X119.87 Y102.581 E365.27891
G1 X119.87 Y117.306 E365.8911
G0 F4800 X120.27 Y117.707
G1 F3000 X117.827 Y117.706 E365.99267
G1 X117.77 Y117.656 E365.99582
G1 X117.77 Y102.247 E366.63645
G1 X117.777 Y102.202 E366.63835
G1 X117.853 Y102.181 E366.64163
G1 X120.27 Y102.181 E366.74211
G1 X123.77 Y102.181 E366.88763
G1 X126.193 Y102.181 E366.98836
G1 X126.257 Y102.193 E366.99107
G1 X126.27 Y102.239 E366.99306
G1 X126.269 Y117.649 E367.63373
G1 X126.26 Y117.692 E367.63556
G1 X126.199 Y117.708 E367.63818
G1 X123.77 Y117.708 E367.73917
G1 X120.27 Y117.707 E367.88468
G0 F4800 X120.67 Y117.304
G1 F3000 X123.37 Y117.305 E367.99693
G1 X123.37 Y102.584 E368.60896
G1 X120.67 Y102.584 E368.72121
G1 X120.67 Y117.304 E369.3332
G0 F4800 X121.07 Y116.904
;TYPE:WALL-OUTER
G1 F3000 X122.97 Y116.905 E369.41219
G1 X122.97 Y102.984 E369.99096
G1 X121.07 Y102.984 E370.06995
G1 X121.07 Y116.904 E370.64868
G0 F4800 X121.27 Y116.904
G0 X121.269 Y117.344
G0 X120.27 Y117.704
;TYPE:WALL-INNER
G1 F3000 X123.77 Y117.705 E370.64981
G1 X123.77 Y102.184 E371.2951
G1 X120.27 Y102.184 E371.2962
G1 X120.27 Y117.704 E371.94144
G0 F4800 X117.632 Y118.076
G1 F3000 X117.504 Y117.996 E371.94772
G1 X117.412 Y117.868 E371.95427
G1 X117.37 Y117.707 E371.96119
G1 X117.37 Y102.22 E372.60506
G1 X117.394 Y102.062 E372.61171
G1 X117.467 Y101.93 E372.61798
G1 X117.569 Y101.844 E372.62353
G1 X117.797 Y101.781 E372.63336
G1 X126.228 Y101.781 E372.98388
G1 X126.416 Y101.816 E372.99183
G1 X126.539 Y101.894 E372.99789
G1 X126.62 Y102.002 E373.0035
G1 X126.67 Y102.183 E373.01131
G1 X126.669 Y117.691 E373.65605
G1 X126.637 Y117.846 E373.66263
G1 X126.557 Y117.976 E373.66898
G1 X126.452 Y118.055 E373.67444
G1 X126.253 Y118.108 E373.68301
G1 X117.787 Y118.106 E374.03498
G1 X117.632 Y118.076 E374.04154
G0 F4800 X117.485 Y118.455
;TYPE:WALL-OUTER
G1 F3000 X117.225 Y118.293 E374.05428
G1 X117.045 Y118.042 E374.06712
G1 X116.974 Y117.783 E374.07829
G1 X116.97 Y117.707 E374.08145
G1 X116.97 Y102.192 E374.72649
G1 X117.01 Y101.931 E374.73747
G1 X117.153 Y101.672 E374.74977
G1 X117.366 Y101.491 E374.76139
G1 X117.642 Y101.392 E374.77358
G1 X117.776 Y101.381 E374.77917
G1 X126.263 Y101.381 E375.13202
G1 X126.564 Y101.437 E375.14475
G1 X126.816 Y101.595 E375.15711
G1 X126.984 Y101.82 E375.16879
G1 X127.066 Y102.105 E375.18112
G1 X127.07 Y102.183 E375.18436
G1 X127.069 Y117.732 E375.83082
G1 X127.015 Y117.996 E375.84202
G1 X126.859 Y118.248 E375.85434
G1 X126.634 Y118.419 E375.86609
G1 X126.346 Y118.503 E375.87856
G1 X126.259 Y118.508 E375.88219
G1 X117.746 Y118.506 E376.23612
G1 X117.485 Y118.455 E376.24717
G0 F4800 X117.316 Y118.35
G0 X117.549 Y117.977
G0 X119.688 Y115.386
G0 X119.76 Y114.758
G0 X119.07 Y114.758
;TYPE:SKIN
G1 F1800 X118.97 Y114.758 E376.25133
G1 X118.97 Y103.381 E376.72433
G1 X119.07 Y103.381 E376.72849
G1 X119.07 Y114.758 E377.20149
G0 F4800 X119.47 Y115.158
G1 F1800 X118.57 Y115.158 E377.23891
G1 X118.57 Y102.981 E377.74517
G1 X119.47 Y102.981 E377.78258
G1 X119.47 Y115.158 E378.28885
G0 F4800 X119.76 Y115.158
G0 X120.842 Y117.132
G0 X123.198 Y117.133
G0 X125.687 Y115.385
G0 X125.759 Y114.758
G0 X125.069 Y114.757
G1 F1800 X124.97 Y114.757 E378.29296
G1 X124.97 Y103.381 E378.76592
G1 X125.07 Y103.381 E378.77008
G1 X125.069 Y114.757 E379.24304
G0 F4800 X125.469 Y115.157
G1 F1800 X124.57 Y115.157 E379.28041
G1 X124.57 Y102.981 E379.78663
G1 X125.47 Y102.981 E379.82405
G1 X125.469 Y115.157 E380.33027
G0 F4800 X126.059 Y115.158
G1 F1500 E373.83027
;MESH:Switch Raiser Omron Tilted.stl(3)
G0 F4800 X123.198 Y117.133
G0 X118.562 Y118.287
G0 X118.562 Y120.737
G0 X118.559 Y122.722
;TYPE:FILL
G1 F1500 E380.33027
G1 F3000 X118.295 Y122.815 E380.34191
G1 X117.894 Y123.059 E380.36142
G1 X117.597 Y123.337 E380.37834
G0 F4800 X118.464 Y124.389
G0 X118.557 Y129.139
G1 F3000 X118.295 Y129.231 E380.38988
G1 X118.121 Y129.337 E380.39835
G0 F4800 X118.637 Y129.417
;TYPE:WALL-INNER
G1 F3000 X103.911 Y129.417 E381.01059
G1 X103.911 Y127.717 E381.08126
G1 X118.637 Y127.717 E381.6935
G1 X118.637 Y129.417 E381.76418
G0 F4800 X118.639 Y123.417
G1 F3000 X103.911 Y123.417 E382.3765
G1 X103.911 Y121.717 E382.44717
G1 X118.639 Y121.717 E383.05949
G1 X118.639 Y123.417 E383.13017
G0 F4800 X104.086 Y124.389
G0 X103.511 Y127.317
G1 F3000 X103.511 Y123.817 E383.27568
G1 X103.511 Y121.4 E383.37617
G1 X103.524 Y121.33 E383.37913
G1 X103.574 Y121.317 E383.38128
G1 X118.952 Y121.317 E384.02062
G1 X119.023 Y121.33 E384.02362
G1 X119.039 Y121.392 E384.02629
G1 X119.039 Y123.817 E384.12711
G1 X119.038 Y127.317 E384.27262
G1 X119.037 Y129.764 E384.37435
G1 X119.029 Y129.803 E384.37601
G1 X118.951 Y129.817 E384.3793
G1 X103.583 Y129.817 E385.01823
G1 X103.529 Y129.809 E385.0205
G1 X103.511 Y129.744 E385.0233
G1 X103.511 Y127.317 E385.12421
G0 F4800 X103.914 Y126.917
G1 F3000 X118.635 Y126.917 E385.73623
G1 X118.636 Y124.217 E385.84849
G1 X103.914 Y124.217 E386.46056
G1 X103.914 Y126.917 E386.57281
G0 F4800 X104.314 Y126.517
;TYPE:WALL-OUTER
G1 F3000 X118.235 Y126.517 E387.15158
G1 X118.236 Y124.617 E387.23057
G1 X104.314 Y124.617 E387.80938
G1 X104.314 Y126.517 E387.88837
G0 F4800 X104.514 Y126.517
G0 X104.514 Y126.957
G0 X103.514 Y127.317
;TYPE:WALL-INNER
G1 F3000 X119.035 Y127.317 E388.53366
G1 X119.036 Y123.817 E388.5348
G1 X103.514 Y123.817 E389.18013
G1 X103.514 Y127.317 E389.18122
G0 F4800 X103.391 Y130.193
G1 F3000 X103.267 Y130.126 E389.18708
G1 X103.171 Y130.013 E389.19325
G1 X103.111 Y129.797 E389.20257
G1 X103.111 Y121.362 E389.55325
G1 X103.142 Y121.189 E389.56056
G1 X103.229 Y121.045 E389.56755
G1 X103.335 Y120.966 E389.57305
G1 X103.526 Y120.917 E389.58125
G1 X118.991 Y120.917 E390.22421
G1 X119.178 Y120.951 E390.23211
G1 X119.305 Y121.03 E390.23833
G1 X119.387 Y121.136 E390.2439
G1 X119.439 Y121.341 E390.25269
G1 X119.437 Y129.802 E390.60446
G1 X119.407 Y129.952 E390.61082
G1 X119.325 Y130.084 E390.61728
G1 X119.193 Y130.18 E390.62407
G1 X118.99 Y130.217 E390.63265
G1 X103.55 Y130.217 E391.27457
G1 X103.391 Y130.193 E391.28125
G0 F4800 X103.261 Y130.577
;TYPE:WALL-OUTER
G1 F3000 X103.011 Y130.442 E391.29306
G1 X102.819 Y130.217 E391.30536
G1 X102.721 Y129.94 E391.31758
G1 X102.711 Y129.817 E391.32271
G1 X102.711 Y121.324 E391.67581
G1 X102.761 Y121.046 E391.68755
G1 X102.926 Y120.772 E391.70085
G1 X103.155 Y120.602 E391.7127
G1 X103.43 Y120.522 E391.72461
G1 X103.524 Y120.517 E391.72852
G1 X119.025 Y120.517 E392.37298
G1 X119.326 Y120.572 E392.3857
G1 X119.576 Y120.727 E392.39793
G1 X119.75 Y120.954 E392.40982
G1 X119.833 Y121.238 E392.42212
G1 X119.839 Y121.33 E392.42596
G1 X119.837 Y129.838 E392.77968
G1 X119.785 Y130.102 E392.79087
G1 X119.624 Y130.362 E392.80358
G1 X119.383 Y130.537 E392.81596
G1 X119.326 Y130.563 E392.81857
G1 X119.028 Y130.617 E392.83116
G1 X103.522 Y130.617 E393.47582
G1 X103.261 Y130.577 E393.4868
G0 F4800 X103.085 Y130.482
G0 X103.295 Y130.095
G0 X116.088 Y129.307
G0 X116.088 Y128.617
;TYPE:SKIN
G1 F1800 X104.711 Y128.617 E393.9598
G1 X104.711 Y128.517 E393.96396
G1 X116.088 Y128.517 E394.43696
G1 X116.088 Y128.617 E394.44112
G0 F4800 X116.488 Y129.017
G1 F1800 X104.311 Y129.017 E394.94738
G1 X104.311 Y128.117 E394.9848
G1 X116.488 Y128.117 E395.49106
G1 X116.488 Y129.017 E395.52847
G0 F4800 X116.488 Y129.307
G0 X118.463 Y126.745
G0 X118.464 Y124.389
G0 X116.087 Y123.307
G0 X116.087 Y122.617
G1 F1800 X104.711 Y122.617 E396.00143
G1 X104.711 Y122.517 E396.00559
G1 X116.087 Y122.517 E396.47855
G1 X116.087 Y122.617 E396.48271
G0 F4800 X116.487 Y123.017
G1 F1800 X104.311 Y123.017 E396.98893
G1 X104.311 Y122.117 E397.02634
G1 X116.487 Y122.117 E397.53256
G1 X116.487 Y123.017 E397.56998
G0 F4800 X116.487 Y123.607
G1 F1500 E391.06998
;MESH:NONMESH
G0 F300 X116.487 Y123.607 Z1.5
G0 F4800 X116.715 Y123.235
G0 X116.715 Y121.899
G0 X103.535 Y120.736
G0 X102.516 Y118.388
G0 X100.345 Y115.547
G0 X99.191 Y102.918
G0 X94.163 Y102.73
;TIME_ELAPSED:371.558799
;LAYER:5
;TYPE:WALL-INNER
;MESH:Switch Raiser Omron Tilted.stl(1)
G1 F1500 E397.56998
G1 F3000 X95.863 Y102.73 E397.64066
G1 X95.863 Y117.455 E398.25285
G1 X94.163 Y117.455 E398.32353
G1 X94.163 Y102.73 E398.93573
G0 F4800 X100.163 Y102.73
G1 F3000 X101.863 Y102.73 E399.0064
G1 X101.863 Y117.457 E399.61868
G1 X100.163 Y117.457 E399.68936
G1 X100.163 Y102.73 E400.30164
G0 F4800 X99.763 Y117.857
G1 F3000 X96.263 Y117.856 E400.44715
G1 X93.81 Y117.855 E400.54913
G1 X93.763 Y117.791 E400.55243
G1 X93.763 Y102.406 E401.19207
G1 X93.771 Y102.349 E401.19446
G1 X93.843 Y102.33 E401.19756
G1 X96.263 Y102.33 E401.29817
G1 X99.763 Y102.33 E401.44368
G1 X102.185 Y102.33 E401.54438
G1 X102.254 Y102.364 E401.54758
G1 X102.263 Y102.399 E401.54908
G1 X102.263 Y117.771 E402.18817
G1 X102.25 Y117.841 E402.19113
G1 X102.189 Y117.857 E402.19375
G1 X99.763 Y117.857 E402.29461
G0 F4800 X99.363 Y117.453
G1 F3000 X99.363 Y102.732 E402.90664
G1 X96.663 Y102.732 E403.0189
G1 X96.663 Y117.452 E403.63088
G1 X99.363 Y117.453 E403.74313
G0 F4800 X98.963 Y117.053
;TYPE:WALL-OUTER
G1 F3000 X98.963 Y103.132 E404.3219
G1 X97.063 Y103.132 E404.4009
G1 X97.063 Y117.052 E404.97962
G1 X98.963 Y117.053 E405.05861
G0 F4800 X98.963 Y116.853
G0 X99.403 Y116.853
G0 X99.763 Y117.853
;TYPE:WALL-INNER
G1 F3000 X99.763 Y102.332 E405.7039
G1 X96.263 Y102.332 E405.70463
G1 X96.263 Y117.852 E406.34988
G1 X99.763 Y117.853 E406.35138
G0 F4800 X102.437 Y118.207
G1 F3000 X102.239 Y118.257 E406.35987
G1 X93.768 Y118.255 E406.71205
G1 X93.628 Y118.225 E406.718
G1 X93.49 Y118.137 E406.72481
G1 X93.413 Y118.033 E406.73019
G1 X93.363 Y117.844 E406.73832
G1 X93.363 Y102.375 E407.38144
G1 X93.387 Y102.212 E407.38829
G1 X93.452 Y102.089 E407.39408
G1 X93.561 Y101.992 E407.40014
G1 X93.789 Y101.93 E407.40997
G1 X102.221 Y101.93 E407.76053
G1 X102.411 Y101.964 E407.76855
G1 X102.615 Y102.153 E407.78012
G1 X102.663 Y102.35 E407.78855
G1 X102.663 Y117.807 E408.43117
G1 X102.629 Y117.997 E408.4392
G1 X102.551 Y118.122 E408.44532
G1 X102.437 Y118.207 E408.45124
G0 F4800 X102.615 Y118.573
;TYPE:WALL-OUTER
G1 F3000 X102.341 Y118.651 E408.46308
G1 X102.25 Y118.657 E408.46687
G1 X93.727 Y118.655 E408.82122
G1 X93.472 Y118.601 E408.83205
G1 X93.214 Y118.436 E408.84479
G1 X93.047 Y118.211 E408.85643
G1 X92.968 Y117.934 E408.86841
G1 X92.963 Y117.844 E408.87216
G1 X92.963 Y102.343 E409.51661
G1 X93.001 Y102.088 E409.52733
G1 X93.132 Y101.838 E409.53907
G1 X93.351 Y101.643 E409.55126
G1 X93.622 Y101.542 E409.56328
G1 X93.768 Y101.53 E409.56937
G1 X102.259 Y101.53 E409.92239
G1 X102.557 Y101.584 E409.93498
G1 X102.801 Y101.738 E409.94698
G1 X102.978 Y101.968 E409.95904
G1 X103.059 Y102.248 E409.97116
G1 X103.063 Y102.331 E409.97461
G1 X103.063 Y117.845 E410.61961
G1 X103.009 Y118.143 E410.6322
G1 X102.852 Y118.396 E410.64458
G1 X102.615 Y118.573 E410.65688
G0 F4800 X102.423 Y118.627
G0 X102.304 Y118.203
G0 X101.753 Y116.657
G0 X101.063 Y116.657
;TYPE:SKIN
G1 F1800 X100.963 Y116.657 E410.66104
G1 X100.963 Y103.53 E411.20679
G1 X101.063 Y103.53 E411.21095
G1 X101.063 Y116.657 E411.75671
G0 F4800 X101.463 Y117.057
G1 F1800 X100.563 Y117.057 E411.79413
G1 X100.563 Y103.13 E412.37314
G1 X101.463 Y103.13 E412.41056
G1 X101.463 Y117.057 E412.98958
G0 F4800 X101.753 Y117.057
G0 X96.835 Y117.28
G0 X95.753 Y116.655
G0 X95.063 Y116.655
G1 F1800 X94.963 Y116.655 E412.99374
G1 X94.963 Y103.53 E413.53941
G1 X95.063 Y103.53 E413.54357
G1 X95.063 Y116.655 E414.08924
G0 F4800 X95.463 Y117.055
G1 F1800 X94.563 Y117.055 E414.12666
G1 X94.563 Y103.13 E414.70559
G1 X95.463 Y103.13 E414.74301
G1 X95.463 Y117.055 E415.32195
G0 F4800 X95.463 Y117.645
G1 F1500 E408.82195
;MESH:Switch Raiser Omron Tilted.stl
G0 F4800 X101.681 Y117.275
G0 X102.843 Y114.7
G0 X105.17 Y114.7
G0 X106.15 Y114.7
;TYPE:WALL-INNER
G1 F1500 E415.32195
G1 F3000 X106.15 Y99.973 E415.93422
G1 X107.85 Y99.973 E416.0049
G1 X107.85 Y114.7 E416.61718
G1 X106.15 Y114.7 E416.68786
G0 F4800 X112.15 Y114.7
G1 F3000 X112.15 Y99.975 E417.30005
G1 X113.85 Y99.975 E417.37073
G1 X113.85 Y114.7 E417.98292
G1 X112.15 Y114.7 E418.0536
G0 F4800 X108.25 Y115.1
G1 F3000 X105.837 Y115.1 E418.15392
G1 X105.761 Y115.086 E418.15713
G1 X105.75 Y115.045 E418.1589
G1 X105.75 Y99.653 E418.79882
G1 X105.762 Y99.588 E418.80157
G1 X105.825 Y99.573 E418.80427
G1 X108.25 Y99.573 E418.90509
G1 X111.75 Y99.574 E419.0506
G1 X114.195 Y99.575 E419.15225
G1 X114.25 Y99.629 E419.15545
G1 X114.25 Y115.013 E419.79505
G1 X114.236 Y115.087 E419.79818
G1 X114.18 Y115.1 E419.80057
G1 X111.75 Y115.1 E419.9016
G1 X108.25 Y115.1 E420.04711
G0 F4800 X108.65 Y114.697
G1 F3000 X111.35 Y114.697 E420.15936
G1 X111.35 Y99.977 E420.77135
G1 X108.65 Y99.976 E420.8836
G1 X108.65 Y114.697 E421.49563
G0 F4800 X109.05 Y114.297
;TYPE:WALL-OUTER
G1 F3000 X110.95 Y114.297 E421.57462
G1 X110.95 Y100.377 E422.15335
G1 X109.05 Y100.376 E422.23234
G1 X109.05 Y114.297 E422.81111
G0 F4800 X109.25 Y114.297
G0 X109.25 Y114.737
G0 X108.25 Y115.097
;TYPE:WALL-INNER
G1 F3000 X111.75 Y115.097 E422.8122
G1 X111.75 Y99.577 E423.45745
G1 X108.25 Y99.576 E423.45858
G1 X108.25 Y115.097 E424.10387
G0 F4800 X105.605 Y115.465
G1 F3000 X105.482 Y115.388 E424.10991
G1 X105.399 Y115.275 E424.11574
G1 X105.35 Y115.099 E424.12333
G1 X105.35 Y99.619 E424.76691
G1 X105.384 Y99.433 E424.77478
G1 X105.463 Y99.306 E424.78099
G1 X105.574 Y99.222 E424.78678
G1 X105.777 Y99.173 E424.79546
G1 X114.239 Y99.175 E425.14727
G1 X114.387 Y99.206 E425.15356
G1 X114.517 Y99.287 E425.15993
G1 X114.6 Y99.396 E425.16562
G1 X114.65 Y99.575 E425.17335
G1 X114.65 Y115.05 E425.81673
G1 X114.612 Y115.251 E425.82523
G1 X114.536 Y115.369 E425.83107
G1 X114.414 Y115.457 E425.83732
G1 X114.224 Y115.5 E425.84542
G1 X105.799 Y115.5 E426.19569
G1 X105.605 Y115.465 E426.20389
G0 F4800 X105.46 Y115.846
;TYPE:WALL-OUTER
G1 F3000 X105.204 Y115.686 E426.21644
G1 X105.035 Y115.457 E426.22827
G1 X104.954 Y115.176 E426.24043
G1 X104.95 Y115.099 E426.24363
G1 X104.95 Y99.585 E426.88863
G1 X105.005 Y99.285 E426.90131
G1 X105.163 Y99.032 E426.91371
G1 X105.393 Y98.858 E426.9257
G1 X105.677 Y98.779 E426.93796
G1 X105.764 Y98.773 E426.94158
G1 X114.281 Y98.775 E427.29568
G1 X114.537 Y98.828 E427.30655
G1 X114.792 Y98.987 E427.31904
G1 X114.963 Y99.214 E427.33086
G1 X115.046 Y99.501 E427.34328
G1 X115.05 Y99.575 E427.34636
G1 X115.05 Y115.088 E427.99132
G1 X114.99 Y115.402 E428.00461
G1 X114.832 Y115.649 E428.0168
G1 X114.589 Y115.825 E428.02927
G1 X114.31 Y115.897 E428.04125
G1 X114.242 Y115.9 E428.04408
G1 X105.761 Y115.9 E428.39668
G1 X105.46 Y115.846 E428.40939
G0 F4800 X105.29 Y115.74
G0 X105.524 Y115.366
G0 X107.668 Y114.518
G0 X107.74 Y113.9
G0 X107.05 Y113.9
;TYPE:SKIN
G1 F1800 X106.95 Y113.9 E428.41355
G1 X106.95 Y100.773 E428.95931
G1 X107.05 Y100.773 E428.96346
G1 X107.05 Y113.9 E429.50922
G0 F4800 X107.45 Y114.3
G1 F1800 X106.55 Y114.3 E429.54664
G1 X106.55 Y100.373 E430.12566
G1 X107.45 Y100.373 E430.16307
G1 X107.45 Y114.3 E430.74209
G0 F4800 X107.74 Y114.3
G0 X108.822 Y114.525
G0 X113.668 Y114.518
G0 X113.74 Y113.9
G0 X113.05 Y113.9
G1 F1800 X112.95 Y113.9 E430.74625
G1 X112.95 Y100.775 E431.29192
G1 X113.05 Y100.775 E431.29608
G1 X113.05 Y113.9 E431.84176
G0 F4800 X113.45 Y114.3
G1 F1800 X112.55 Y114.3 E431.87917
G1 X112.55 Y100.375 E432.45811
G1 X113.45 Y100.375 E432.49553
G1 X113.45 Y114.3 E433.07446
G0 F4800 X113.45 Y114.89
G1 F1500 E426.57446
;MESH:Switch Raiser Omron Tilted.stl(2)
G0 F4800 X114.783 Y115.32
G0 X117.19 Y115.32
G0 X118.17 Y117.292
;TYPE:WALL-INNER
G1 F1500 E433.07446
G1 F3000 X118.17 Y102.567 E433.68665
G1 X119.87 Y102.567 E433.75733
G1 X119.87 Y117.292 E434.36953
G1 X118.17 Y117.292 E434.4402
G0 F4800 X124.17 Y117.294
G1 F3000 X124.17 Y102.567 E435.05248
G1 X125.87 Y102.567 E435.12316
G1 X125.87 Y117.294 E435.73544
G1 X124.17 Y117.294 E435.80611
G0 F4800 X120.27 Y117.693
G1 F3000 X117.809 Y117.692 E435.90843
G1 X117.77 Y117.642 E435.91107
G1 X117.77 Y102.233 E436.5517
G1 X117.776 Y102.188 E436.55359
G1 X117.854 Y102.167 E436.55694
G1 X120.27 Y102.167 E436.65739
G1 X123.77 Y102.167 E436.8029
G1 X126.191 Y102.167 E436.90356
G1 X126.256 Y102.179 E436.9063
G1 X126.27 Y102.237 E436.90879
G1 X126.27 Y117.609 E437.54788
G1 X126.257 Y117.679 E437.55084
G1 X126.2 Y117.694 E437.55329
G1 X123.77 Y117.694 E437.65432
G1 X120.27 Y117.693 E437.79983
G0 F4800 X120.67 Y117.29
G1 F3000 X123.37 Y117.291 E437.91208
G1 X123.37 Y102.57 E438.52411
G1 X120.67 Y102.57 E438.63636
G1 X120.67 Y117.29 E439.24835
G0 F4800 X121.07 Y116.89
;TYPE:WALL-OUTER
G1 F3000 X122.97 Y116.891 E439.32734
G1 X122.97 Y102.97 E439.90611
G1 X121.07 Y102.97 E439.9851
G1 X121.07 Y116.89 E440.56383
G0 F4800 X121.27 Y116.89
G0 X121.269 Y117.33
G0 X120.27 Y117.69
;TYPE:WALL-INNER
G1 F3000 X123.77 Y117.691 E440.56497
G1 X123.77 Y102.17 E441.21025
G1 X120.27 Y102.17 E441.21135
G1 X120.27 Y117.69 E441.85659
G0 F4800 X117.632 Y118.063
G1 F3000 X117.506 Y117.983 E441.8628
G1 X117.415 Y117.861 E441.86913
G1 X117.37 Y117.693 E441.87636
G1 X117.37 Y102.208 E442.52015
G1 X117.391 Y102.055 E442.52657
G1 X117.46 Y101.924 E442.53273
G1 X117.567 Y101.829 E442.53868
G1 X117.801 Y101.767 E442.54874
G1 X126.225 Y101.767 E442.89897
G1 X126.416 Y101.802 E442.90704
G1 X126.537 Y101.877 E442.91296
G1 X126.62 Y101.987 E442.91869
G1 X126.67 Y102.189 E442.92734
G1 X126.67 Y117.647 E443.57001
G1 X126.637 Y117.83 E443.57774
G1 X126.557 Y117.96 E443.58409
G1 X126.45 Y118.042 E443.58969
G1 X126.253 Y118.094 E443.59816
G1 X117.77 Y118.092 E443.95084
G1 X117.632 Y118.063 E443.95671
G0 F4800 X117.48 Y118.439
;TYPE:WALL-OUTER
G1 F3000 X117.228 Y118.28 E443.9691
G1 X117.05 Y118.041 E443.98149
G1 X116.974 Y117.767 E443.99331
G1 X116.97 Y117.693 E443.99639
G1 X116.97 Y102.18 E444.64134
G1 X117.005 Y101.931 E444.6518
G1 X117.139 Y101.676 E444.66377
G1 X117.357 Y101.48 E444.67596
G1 X117.628 Y101.38 E444.68797
G1 X117.778 Y101.367 E444.69423
G1 X126.259 Y101.367 E445.04683
G1 X126.564 Y101.423 E445.05972
G1 X126.811 Y101.577 E445.07182
G1 X126.984 Y101.806 E445.08376
G1 X127.066 Y102.089 E445.09601
G1 X127.07 Y102.169 E445.09934
G1 X127.07 Y117.683 E445.74433
G1 X127.018 Y117.974 E445.75662
G1 X126.859 Y118.233 E445.76926
G1 X126.634 Y118.405 E445.78103
G1 X126.346 Y118.489 E445.79351
G1 X126.259 Y118.494 E445.79713
G1 X117.729 Y118.492 E446.15176
G1 X117.48 Y118.439 E446.16235
G0 F4800 X117.311 Y118.332
G0 X117.546 Y117.96
G0 X119.688 Y117.11
G0 X119.76 Y116.492
G0 X119.07 Y116.492
;TYPE:SKIN
G1 F1800 X118.97 Y116.492 E446.16651
G1 X118.97 Y103.367 E446.71218
G1 X119.07 Y103.367 E446.71634
G1 X119.07 Y116.492 E447.26201
G0 F4800 X119.47 Y116.892
G1 F1800 X118.57 Y116.892 E447.29943
G1 X118.57 Y102.967 E447.87836
G1 X119.47 Y102.967 E447.91578
G1 X119.47 Y116.892 E448.49472
G0 F4800 X119.76 Y116.892
G0 X120.842 Y117.118
G0 X125.688 Y117.112
G0 X125.76 Y116.494
G0 X125.07 Y116.494
G1 F1800 X124.97 Y116.494 E448.49887
G1 X124.97 Y103.367 E449.04463
G1 X125.07 Y103.367 E449.04879
G1 X125.07 Y116.494 E449.59455
G0 F4800 X125.47 Y116.894
G1 F1800 X124.57 Y116.894 E449.63196
G1 X124.57 Y102.967 E450.21098
G1 X125.47 Y102.967 E450.2484
G1 X125.47 Y116.894 E450.82742
G0 F4800 X125.47 Y117.484
G1 F1500 E444.32742
;MESH:Switch Raiser Omron Tilted.stl(3)
G0 F4800 X118.627 Y118.273
G0 X118.627 Y120.737
G0 X118.625 Y121.717
;TYPE:WALL-INNER
G1 F1500 E450.82742
G1 F3000 X118.625 Y123.417 E450.89809
G1 X103.898 Y123.417 E451.51037
G1 X103.898 Y121.717 E451.58105
G1 X118.625 Y121.717 E452.19333
G0 F4800 X118.623 Y127.717
G1 F3000 X118.623 Y129.417 E452.264
G1 X103.898 Y129.417 E452.8762
G1 X103.898 Y127.717 E452.94688
G1 X118.623 Y127.717 E453.55907
G0 F4800 X103.498 Y127.317
G1 F3000 X103.498 Y123.817 E453.70458
G1 X103.498 Y121.389 E453.80553
G1 X103.509 Y121.33 E453.80802
G1 X103.56 Y121.317 E453.81021
G1 X118.935 Y121.317 E454.44943
G1 X119.01 Y121.33 E454.45259
G1 X119.025 Y121.389 E454.45512
G1 X119.025 Y123.817 E454.55607
G1 X119.024 Y127.317 E454.70158
G1 X119.023 Y129.774 E454.80373
G1 X118.948 Y129.817 E454.80733
G1 X103.563 Y129.817 E455.44696
G1 X103.518 Y129.811 E455.44885
G1 X103.498 Y129.74 E455.45191
G1 X103.498 Y127.317 E455.55265
G0 F4800 X103.9 Y126.917
G1 F3000 X118.621 Y126.917 E456.16468
G1 X118.622 Y124.217 E456.27693
G1 X103.9 Y124.217 E456.889
G1 X103.9 Y126.917 E457.00126
G0 F4800 X104.3 Y126.517
;TYPE:WALL-OUTER
G1 F3000 X118.221 Y126.517 E457.58002
G1 X118.222 Y124.617 E457.65902
G1 X104.3 Y124.617 E458.23783
G1 X104.3 Y126.517 E458.31682
G0 F4800 X104.5 Y126.517
G0 X104.5 Y126.957
G0 X103.5 Y127.317
;TYPE:WALL-INNER
G1 F3000 X119.021 Y127.317 E458.96211
G1 X119.022 Y123.817 E458.96324
G1 X103.5 Y123.817 E459.60857
G1 X103.5 Y127.317 E459.6093
G0 F4800 X103.385 Y130.196
G1 F3000 X103.256 Y130.128 E459.61536
G1 X103.16 Y130.02 E459.62137
G1 X103.098 Y129.795 E459.63107
G1 X103.098 Y121.356 E459.98193
G1 X103.131 Y121.177 E459.98949
G1 X103.212 Y121.047 E459.99586
G1 X103.321 Y120.966 E460.00151
G1 X103.512 Y120.917 E460.00971
G1 X118.973 Y120.917 E460.6525
G1 X119.162 Y120.951 E460.66048
G1 X119.29 Y121.029 E460.66672
G1 X119.373 Y121.138 E460.67241
G1 X119.425 Y121.341 E460.68112
G1 X119.423 Y129.814 E461.03339
G1 X119.393 Y129.956 E461.03942
G1 X119.313 Y130.082 E461.04563
G1 X119.199 Y130.168 E461.05157
G1 X118.995 Y130.217 E461.06029
G1 X103.538 Y130.217 E461.70292
G1 X103.385 Y130.196 E461.70934
G0 F4800 X103.261 Y130.582
;TYPE:WALL-OUTER
G1 F3000 X103.006 Y130.448 E461.72131
G1 X102.811 Y130.23 E461.73347
G1 X102.71 Y129.959 E461.7455
G1 X102.698 Y129.817 E461.75142
G1 X102.698 Y121.321 E462.10465
G1 X102.752 Y121.029 E462.11699
G1 X102.912 Y120.772 E462.12958
G1 X103.141 Y120.602 E462.14143
G1 X103.416 Y120.522 E462.15334
G1 X103.51 Y120.517 E462.15726
G1 X119.011 Y120.517 E462.80171
G1 X119.306 Y120.57 E462.81417
G1 X119.562 Y120.726 E462.82664
G1 X119.736 Y120.954 E462.83856
G1 X119.819 Y121.238 E462.85086
G1 X119.825 Y121.33 E462.8547
G1 X119.823 Y129.853 E463.20904
G1 X119.769 Y130.11 E463.21996
G1 X119.611 Y130.358 E463.23218
G1 X119.379 Y130.533 E463.24427
G1 X119.097 Y130.613 E463.25645
G1 X119.014 Y130.617 E463.25991
G1 X103.51 Y130.617 E463.90449
G1 X103.261 Y130.582 E463.91494
G0 F4800 X103.084 Y130.489
G0 X103.289 Y130.1
G0 X118.441 Y129.235
G0 X118.513 Y128.617
G0 X117.823 Y128.617
;TYPE:SKIN
G1 F1800 X104.698 Y128.617 E464.46062
G1 X104.698 Y128.517 E464.46477
G1 X117.823 Y128.517 E465.01045
G1 X117.823 Y128.617 E465.01461
G0 F4800 X118.223 Y129.017
G1 F1800 X104.298 Y129.017 E465.59354
G1 X104.298 Y128.117 E465.63096
G1 X118.223 Y128.117 E466.20989
G1 X118.223 Y129.017 E466.24731
G0 F4800 X118.513 Y129.017
G0 X118.515 Y122.617
G0 X117.825 Y122.617
G1 F1800 X104.698 Y122.617 E466.79307
G1 X104.698 Y122.517 E466.79722
G1 X117.825 Y122.517 E467.34298
G1 X117.825 Y122.617 E467.34714
G0 F4800 X118.225 Y123.017
G1 F1800 X104.298 Y123.017 E467.92616
G1 X104.298 Y122.117 E467.96357
G1 X118.225 Y122.117 E468.54259
G1 X118.225 Y123.017 E468.58001
G0 F4800 X118.225 Y123.607
G1 F1500 E462.08001
;MESH:NONMESH
G0 F300 X118.225 Y123.607 Z1.75
G0 F4800 X118.443 Y123.235
G0 X118.443 Y121.899
G0 X103.521 Y120.736
G0 X102.236 Y118.437
G0 X96.835 Y117.28
G0 X95.681 Y102.912
G0 X94.345 Y102.912
G0 X94.163 Y106.31
;TIME_ELAPSED:432.216119
;LAYER:6
;TYPE:WALL-INNER
;MESH:Switch Raiser Omron Tilted.stl(1)
G1 F1500 E468.58001
G1 X95.863 Y106.31 E468.65069
G1 X95.863 Y117.441 E469.11346
G1 X94.163 Y117.441 E469.18414
G1 X94.163 Y106.31 E469.64691
G0 F4800 X94.36 Y103.292
G0 X94.59 Y102.979
G0 X94.922 Y102.88
G0 X101.101 Y102.879
G0 X101.379 Y102.956
G0 X101.618 Y103.183
G0 X101.702 Y103.471
G0 X101.691 Y105.345
G0 X100.163 Y106.309
G1 F1500 X101.067 Y106.308 E469.6845
G1 X101.863 Y106.32 E469.71759
G1 X101.863 Y117.442 E470.17999
G1 X100.163 Y117.442 E470.25067
G1 X100.163 Y106.309 E470.71353
G0 F4800 X99.763 Y105.91
G1 F3000 X101.072 Y105.908 E470.76795
G1 X102.263 Y105.926 E470.81747
G1 X102.263 Y117.761 E471.30951
G1 X102.251 Y117.829 E471.31238
G1 X102.194 Y117.842 E471.31481
G1 X99.763 Y117.842 E471.41588
G1 X96.263 Y117.842 E471.5614
G1 X93.841 Y117.841 E471.66209
G1 X93.763 Y117.78 E471.66621
G1 X93.763 Y105.91 E472.1597
G1 X96.263 Y105.91 E472.26364
G1 X96.263 Y117.838 E472.75955
G1 X99.763 Y117.839 E472.76083
G1 X99.763 Y105.91 E473.25678
G0 F4800 X101.691 Y105.345
G0 X102.263 Y103.39
G1 F1500 X102.115 Y102.881 E473.27882
G1 X101.665 Y102.452 E473.30466
G1 X101.177 Y102.318 E473.3257
G1 X94.842 Y102.319 E473.58908
G1 X94.247 Y102.492 E473.61484
G1 X93.829 Y103.065 E473.64433
G1 X93.763 Y103.441 E473.6602
G1 X93.763 Y102.4 E473.70348
G1 X93.776 Y102.328 E473.70652
G1 X93.826 Y102.316 E473.70866
G1 X94.247 Y102.316 E473.72617
G1 X94.842 Y102.316 E473.73152
G1 X101.177 Y102.316 E473.73317
G1 X101.665 Y102.316 E473.73653
G1 X102.183 Y102.316 E473.75806
G1 X102.263 Y102.361 E473.76188
G1 X102.263 Y102.881 E473.7835
G1 X102.263 Y103.39 E473.78725
G0 F4800 X101.38 Y106.482
G0 X100.345 Y106.491
G0 X99.363 Y117.439
G1 F3000 X99.363 Y105.51 E474.2832
G1 X101.078 Y105.508 E474.3545
G1 X101.863 Y105.52 E474.38714
G1 X101.863 Y103.447 E474.47333
G1 X101.761 Y103.096 E474.48853
G1 X101.462 Y102.811 E474.5057
G1 X101.123 Y102.718 E474.52031
G1 X94.899 Y102.719 E474.77908
G1 X94.49 Y102.838 E474.79679
G1 X94.207 Y103.226 E474.81675
G1 X94.163 Y103.476 E474.82731
G1 X94.163 Y105.51 E474.91187
G1 X96.663 Y105.51 E475.01581
G1 X96.663 Y117.438 E475.51172
G1 X99.363 Y117.439 E475.62397
G0 F4800 X98.963 Y117.039
;TYPE:WALL-OUTER
G1 F3000 X98.963 Y105.11 E476.11992
G1 X101.084 Y105.108 E476.2081
G1 X101.463 Y105.114 E476.22386
G1 X101.463 Y103.504 E476.2908
G1 X101.407 Y103.311 E476.29915
G1 X101.259 Y103.17 E476.30765
G1 X101.069 Y103.118 E476.31584
G1 X94.956 Y103.119 E476.56999
G1 X94.733 Y103.184 E476.57965
G1 X94.585 Y103.387 E476.59009
G1 X94.563 Y103.511 E476.59533
G1 X94.563 Y105.11 E476.6618
G1 X97.063 Y105.11 E476.76574
G1 X97.063 Y117.038 E477.26165
G1 X98.963 Y117.039 E477.34064
G0 F4800 X98.963 Y116.839
G0 X99.403 Y116.839
G0 X102.43 Y118.197
;TYPE:WALL-INNER
G1 F3000 X102.241 Y118.242 E477.34872
G1 X93.76 Y118.241 E477.70132
G1 X93.496 Y118.13 E477.71323
G1 X93.406 Y118.006 E477.7196
G1 X93.363 Y117.83 E477.72713
G1 X93.363 Y102.361 E478.37026
G1 X93.397 Y102.174 E478.37816
G1 X93.477 Y102.046 E478.38443
G1 X93.592 Y101.962 E478.39035
G1 X93.777 Y101.916 E478.39828
G1 X102.219 Y101.916 E478.74926
G1 X102.41 Y101.95 E478.75732
G1 X102.613 Y102.134 E478.76871
G1 X102.663 Y102.308 E478.77624
G1 X102.663 Y117.797 E479.4202
G1 X102.629 Y117.981 E479.42798
G1 X102.545 Y118.114 E479.43452
G1 X102.43 Y118.197 E479.44041
G0 F4800 X102.606 Y118.564
;TYPE:WALL-OUTER
G1 F3000 X102.335 Y118.639 E479.4521
G1 X102.256 Y118.642 E479.45539
G1 X93.715 Y118.641 E479.81048
G1 X93.465 Y118.584 E479.82115
G1 X93.217 Y118.426 E479.83337
G1 X93.039 Y118.182 E479.84593
G1 X92.968 Y117.921 E479.85717
G1 X92.963 Y117.83 E479.86096
G1 X92.963 Y102.327 E480.5055
G1 X93.018 Y102.026 E480.51822
G1 X93.179 Y101.768 E480.53087
G1 X93.412 Y101.598 E480.54286
G1 X93.688 Y101.518 E480.5548
G1 X93.767 Y101.516 E480.55809
G1 X102.257 Y101.516 E480.91106
G1 X102.557 Y101.57 E480.92374
G1 X102.809 Y101.73 E480.93615
G1 X102.978 Y101.954 E480.94781
G1 X103.059 Y102.238 E480.96009
G1 X103.063 Y102.317 E480.96338
G1 X103.063 Y117.831 E481.60838
G1 X103.008 Y118.131 E481.62106
G1 X102.842 Y118.393 E481.63395
G1 X102.606 Y118.564 E481.64607
G0 F4800 X102.414 Y118.617
G0 X102.298 Y118.193
G0 X101.753 Y116.642
G0 X101.063 Y116.642
;TYPE:SKIN
G1 F1800 X100.963 Y116.642 E481.65023
G1 X100.963 Y107.108 E482.0466
G1 X101.063 Y107.108 E482.05076
G1 X101.063 Y116.642 E482.44714
G0 F4800 X101.463 Y117.042
G1 F1800 X100.563 Y117.042 E482.48456
G1 X100.563 Y106.709 E482.91415
G1 X101.061 Y106.708 E482.93486
G1 X101.463 Y106.714 E482.95157
G1 X101.463 Y117.042 E483.38096
G0 F4800 X101.753 Y117.042
G0 X96.835 Y117.266
G0 X95.753 Y116.641
G0 X95.063 Y116.641
G1 F1800 X94.963 Y116.641 E483.38512
G1 X94.963 Y107.11 E483.78137
G1 X95.063 Y107.11 E483.78553
G1 X95.063 Y116.641 E484.18178
G0 F4800 X95.463 Y117.041
G1 F1800 X94.563 Y117.041 E484.2192
G1 X94.563 Y106.71 E484.64871
G1 X95.463 Y106.71 E484.68613
G1 X95.463 Y117.041 E485.11564
G0 F4800 X95.753 Y117.041
G0 X94.345 Y117.259
G0 X93.829 Y105.708
G0 X93.703 Y105.582
;TYPE:SKIN
G1 F1800 X93.762 Y105.359 E485.12595
G1 X93.762 Y103.945 E485.1891
G1 X93.843 Y103.742 E485.19886
G0 F4800 X93.948 Y103.847
G0 X94.59 Y102.979
G0 X94.922 Y102.88
G0 X101.101 Y102.879
G0 X101.379 Y102.956
G0 X102.077 Y103.774
G0 X102.262 Y103.959
G1 F1800 X102.317 Y103.731 E485.20783
G1 X102.262 Y105.091 E485.25988
G1 X102.204 Y105.599 E485.27943
G0 F4800 X102.077 Y105.472
G1 F1500 E478.77943
;MESH:Switch Raiser Omron Tilted.stl
G0 F4800 X102.844 Y102.327
G0 X105.17 Y102.327
G0 X106.15 Y99.988
;TYPE:WALL-INNER
G1 F1500 E485.27943
G1 X107.85 Y99.988 E485.35011
G1 X107.85 Y111.12 E485.81292
G1 X106.959 Y111.121 E485.84996
G1 X106.15 Y111.101 E485.88361
G1 X106.15 Y99.988 E486.34563
G0 F4800 X112.15 Y99.989
G1 F1500 X113.85 Y99.989 E486.41631
G1 X113.85 Y111.12 E486.87908
G1 X112.15 Y111.119 E486.94976
G1 X112.15 Y99.989 E487.41249
G0 F4800 X111.75 Y99.591
G1 F3000 X108.25 Y99.59 E487.55801
G1 X108.25 Y111.519 E488.05396
G1 X106.95 Y111.521 E488.108
G1 X105.754 Y111.492 E488.15774
G1 X105.75 Y114.043 E488.15827
G1 X105.899 Y114.543 E488.17997
G1 X106.354 Y114.992 E488.20654
G1 X106.848 Y115.111 E488.22767
G1 X113.165 Y115.11 E488.4903
G1 X113.676 Y114.97 E488.51233
G1 X114.121 Y114.51 E488.53893
G1 X114.25 Y114.025 E488.5598
G1 X114.25 Y114.51 E488.56292
G1 X114.25 Y115.036 E488.58479
G1 X114.238 Y115.099 E488.58745
G1 X114.177 Y115.114 E488.59007
G1 X113.676 Y115.114 E488.6109
G1 X113.165 Y115.114 E488.61468
G1 X106.848 Y115.114 E488.61699
G1 X106.354 Y115.114 E488.62008
G1 X105.828 Y115.114 E488.64195
G1 X105.761 Y115.102 E488.64478
G1 X105.75 Y115.061 E488.64655
G1 X105.75 Y114.543 E488.66808
G1 X105.75 Y114.043 E488.68887
G1 X105.75 Y111.492 E488.6894
G1 X105.75 Y99.674 E489.18074
G1 X105.764 Y99.6 E489.18387
G1 X105.816 Y99.588 E489.18609
G1 X108.25 Y99.588 E489.28728
G1 X111.75 Y99.588 E489.28819
G1 X114.191 Y99.589 E489.38968
G1 X114.25 Y99.665 E489.39368
G1 X114.25 Y111.52 E489.88655
G1 X111.75 Y111.519 E489.99049
G1 X111.75 Y99.591 E490.4864
G0 F4800 X108.822 Y100.162
G0 X107.668 Y110.938
G0 X106.94 Y111.921
G1 F3000 X106.153 Y111.902 E490.51913
G1 X106.15 Y113.985 E490.60573
G1 X106.253 Y114.33 E490.6207
G1 X106.556 Y114.629 E490.63839
G1 X106.896 Y114.711 E490.65293
G1 X113.111 Y114.71 E490.91132
G1 X113.465 Y114.613 E490.92658
G1 X113.761 Y114.307 E490.94428
G1 X113.85 Y113.973 E490.95866
G1 X113.85 Y111.92 E491.04401
G1 X111.35 Y111.919 E491.14795
G1 X111.35 Y99.991 E491.64386
G1 X108.65 Y99.99 E491.75611
G1 X108.65 Y111.919 E492.25206
G1 X106.94 Y111.921 E492.32315
G0 F4800 X106.552 Y112.312
;TYPE:WALL-OUTER
G1 F3000 X106.55 Y113.927 E492.3903
G1 X106.607 Y114.117 E492.39854
G1 X106.758 Y114.266 E492.40736
G1 X106.944 Y114.311 E492.41532
G1 X113.057 Y114.31 E492.66947
G1 X113.253 Y114.256 E492.67792
G1 X113.401 Y114.103 E492.68677
G1 X113.45 Y113.92 E492.69465
G1 X113.45 Y112.32 E492.76117
G1 X110.95 Y112.319 E492.8651
G1 X110.95 Y100.391 E493.36101
G1 X109.05 Y100.39 E493.44001
G1 X109.05 Y112.319 E493.93596
G1 X106.931 Y112.321 E494.02405
G1 X106.552 Y112.312 E494.03982
G0 F4800 X106.552 Y112.512
G0 X106.112 Y112.511
G0 X105.604 Y115.479
;TYPE:WALL-INNER
G1 F3000 X105.482 Y115.402 E494.04581
G1 X105.397 Y115.287 E494.05176
G1 X105.35 Y115.113 E494.05925
G1 X105.35 Y99.636 E494.70271
G1 X105.387 Y99.441 E494.71096
G1 X105.468 Y99.314 E494.71723
G1 X105.576 Y99.234 E494.72281
G1 X105.771 Y99.188 E494.73114
G1 X114.244 Y99.189 E495.08341
G1 X114.435 Y99.242 E495.09165
G1 X114.618 Y99.45 E495.10317
G1 X114.65 Y99.627 E495.11065
G1 X114.65 Y115.071 E495.75273
G1 X114.615 Y115.259 E495.76068
G1 X114.536 Y115.385 E495.76687
G1 X114.433 Y115.462 E495.77221
G1 X114.228 Y115.514 E495.78101
G1 X105.794 Y115.514 E496.13165
G1 X105.604 Y115.479 E496.13968
G0 F4800 X105.456 Y115.858
;TYPE:WALL-OUTER
G1 F3000 X105.204 Y115.7 E496.15205
G1 X105.032 Y115.467 E496.16409
G1 X104.954 Y115.188 E496.17613
G1 X104.95 Y115.113 E496.17926
G1 X104.95 Y99.599 E496.82425
G1 X105.008 Y99.291 E496.83728
G1 X105.171 Y99.036 E496.84987
G1 X105.398 Y98.869 E496.86158
G1 X105.673 Y98.791 E496.87347
G1 X105.757 Y98.788 E496.87696
G1 X114.298 Y98.789 E497.23206
G1 X114.62 Y98.879 E497.24596
G1 X114.846 Y99.055 E497.25786
G1 X114.999 Y99.308 E497.27016
G1 X115.05 Y99.589 E497.28203
G1 X115.05 Y115.105 E497.92711
G1 X114.994 Y115.409 E497.93996
G1 X114.836 Y115.66 E497.95229
G1 X114.614 Y115.826 E497.96382
G1 X114.322 Y115.911 E497.97646
G1 X114.243 Y115.914 E497.97975
G1 X105.759 Y115.914 E498.33247
G1 X105.456 Y115.858 E498.34528
G0 F4800 X105.287 Y115.752
G0 X105.521 Y115.38
G0 X106.325 Y112.079
G0 X107.668 Y110.938
G0 X107.74 Y110.321
G0 X107.05 Y110.321
;TYPE:SKIN
G1 F1800 X106.95 Y110.32 E498.34944
G1 X106.95 Y100.788 E498.74574
G1 X107.05 Y100.788 E498.74989
G1 X107.05 Y110.321 E499.14623
G0 F4800 X106.969 Y110.721
G1 F1800 X106.55 Y110.711 E499.16365
G1 X106.55 Y100.388 E499.59283
G1 X107.45 Y100.388 E499.63025
G1 X107.45 Y110.72 E500.05981
G1 X106.969 Y110.721 E500.0798
G0 F4800 X106.969 Y111.011
G0 X106.325 Y112.079
G0 X106.311 Y113.961
G0 X106.396 Y114.243
G0 X106.638 Y114.481
G0 X106.916 Y114.55
G0 X113.089 Y114.549
G0 X113.379 Y114.468
G0 X113.615 Y114.224
G0 X113.689 Y113.951
G0 X113.678 Y112.092
G0 X113.049 Y111.009
G0 X113.05 Y110.32
G1 F1800 X112.95 Y110.319 E500.08396
G1 X112.95 Y100.789 E500.48017
G1 X113.05 Y100.789 E500.48433
G1 X113.05 Y110.32 E500.88058
G0 F4800 X113.45 Y110.72
G1 F1800 X112.55 Y110.719 E500.918
G1 X112.55 Y100.389 E501.34747
G1 X113.45 Y100.389 E501.38489
G1 X113.45 Y110.72 E501.8144
G0 F4800 X113.449 Y111.009
G0 X114.064 Y111.801
G0 X114.248 Y111.986
;TYPE:SKIN
G1 F1800 X114.349 Y111.804 E501.82206
G1 X114.248 Y112.551 E501.84981
G1 X114.236 Y113.67 E501.891
G1 X114.081 Y113.798 E501.8984
G0 F4800 X114.098 Y113.815
G1 F1500 E495.3984
;MESH:Switch Raiser Omron Tilted.stl(2)
G0 F4800 X114.786 Y115.329
G0 X117.19 Y115.329
G0 X118.17 Y117.278
;TYPE:WALL-INNER
G1 F1500 E501.8984
G1 X118.17 Y106.148 E502.36113
G1 X119.87 Y106.148 E502.4318
G1 X119.87 Y117.278 E502.89454
G1 X118.17 Y117.278 E502.96521
G0 F4800 X124.17 Y117.279
G1 F1500 X124.17 Y106.147 E503.42803
G1 X125.074 Y106.146 E503.46561
G1 X125.87 Y106.158 E503.49871
G1 X125.87 Y117.279 E503.96107
G1 X124.17 Y117.279 E504.03175
G0 F4800 X123.77 Y117.677
G1 F3000 X123.77 Y105.748 E504.5277
G1 X125.079 Y105.746 E504.58212
G1 X126.27 Y105.764 E504.63164
G1 X126.27 Y117.597 E505.1236
G1 X126.257 Y117.666 E505.12652
G1 X126.205 Y117.679 E505.12875
G1 X123.77 Y117.679 E505.22998
G1 X120.27 Y117.679 E505.37549
G1 X117.812 Y117.678 E505.47769
G1 X117.77 Y117.625 E505.4805
G1 X117.77 Y105.748 E505.97429
G1 X120.27 Y105.748 E506.07822
G1 X120.27 Y117.676 E506.57413
G1 X123.77 Y117.677 E506.57504
G0 F4800 X124.352 Y106.329
G0 X125.433 Y106.335
G0 X126.27 Y103.226
G1 F1500 X126.123 Y102.73 E506.59655
G1 X125.685 Y102.289 E506.62239
G1 X125.179 Y102.156 E506.64415
G1 X118.851 Y102.157 E506.90723
G1 X118.338 Y102.304 E506.92942
G1 X117.899 Y102.758 E506.95568
G1 X117.77 Y103.245 E506.97662
G1 X117.77 Y102.758 E506.97975
G1 X117.77 Y102.231 E507.00166
G1 X117.805 Y102.162 E507.00488
G1 X117.839 Y102.153 E507.00634
G1 X118.338 Y102.153 E507.02709
G1 X118.851 Y102.153 E507.03106
G1 X125.179 Y102.153 E507.03337
G1 X125.685 Y102.153 E507.0369
G1 X126.192 Y102.153 E507.05798
G1 X126.258 Y102.165 E507.06077
G1 X126.27 Y102.21 E507.0627
G1 X126.27 Y102.73 E507.08432
G1 X126.27 Y103.226 E507.08795
G0 F4800 X125.698 Y105.183
G0 X124.352 Y106.329
G0 X123.198 Y117.105
G0 X120.67 Y117.276
G1 F3000 X123.37 Y117.277 E507.2002
G1 X123.37 Y105.348 E507.69615
G1 X125.085 Y105.346 E507.76746
G1 X125.87 Y105.358 E507.8001
G1 X125.87 Y103.284 E507.88632
G1 X125.768 Y102.94 E507.90124
G1 X125.478 Y102.648 E507.91835
G1 X125.127 Y102.556 E507.93344
G1 X118.907 Y102.557 E508.19203
G1 X118.551 Y102.659 E508.20743
G1 X118.259 Y102.961 E508.2249
G1 X118.17 Y103.297 E508.23935
G1 X118.17 Y105.348 E508.32462
G1 X120.67 Y105.348 E508.42855
G1 X120.67 Y117.276 E508.92446
G0 F4800 X121.07 Y116.876
;TYPE:WALL-OUTER
G1 F3000 X122.97 Y116.877 E509.00346
G1 X122.97 Y104.948 E509.49941
G1 X125.091 Y104.946 E509.58759
G1 X125.47 Y104.952 E509.60335
G1 X125.47 Y103.342 E509.67028
G1 X125.413 Y103.15 E509.67861
G1 X125.271 Y103.007 E509.68699
G1 X125.076 Y102.956 E509.69537
G1 X118.963 Y102.957 E509.94952
G1 X118.764 Y103.014 E509.95812
G1 X118.619 Y103.164 E509.9668
G1 X118.57 Y103.349 E509.97475
G1 X118.57 Y104.948 E510.04123
G1 X121.07 Y104.948 E510.14517
G1 X121.07 Y116.876 E510.64108
G0 F4800 X121.27 Y116.876
G0 X121.269 Y117.316
G0 X117.63 Y118.048
;TYPE:WALL-INNER
G1 F3000 X117.502 Y117.967 E510.64738
G1 X117.417 Y117.851 E510.65335
G1 X117.37 Y117.679 E510.66077
G1 X117.37 Y102.197 E511.30443
G1 X117.405 Y102.006 E511.31251
G1 X117.591 Y101.803 E511.32395
G1 X117.788 Y101.753 E511.3324
G1 X126.226 Y101.753 E511.68322
G1 X126.416 Y101.788 E511.69125
G1 X126.534 Y101.861 E511.69702
G1 X126.621 Y101.976 E511.70301
G1 X126.67 Y102.155 E511.71073
G1 X126.67 Y117.634 E512.35427
G1 X126.635 Y117.821 E512.36218
G1 X126.553 Y117.951 E512.36857
G1 X126.44 Y118.034 E512.3744
G1 X126.255 Y118.079 E512.38231
G1 X117.772 Y118.078 E512.735
G1 X117.63 Y118.048 E512.74103
G0 F4800 X117.476 Y118.424
;TYPE:WALL-OUTER
G1 F3000 X117.225 Y118.265 E512.75338
G1 X117.051 Y118.029 E512.76557
G1 X116.974 Y117.756 E512.77737
G1 X116.97 Y117.679 E512.78057
G1 X116.97 Y102.163 E513.42565
G1 X117.026 Y101.857 E513.43859
G1 X117.186 Y101.606 E513.45096
G1 X117.411 Y101.439 E513.46261
G1 X117.703 Y101.355 E513.47524
G1 X117.777 Y101.353 E513.47832
G1 X126.261 Y101.353 E513.83104
G1 X126.564 Y101.409 E513.84385
G1 X126.809 Y101.561 E513.85584
G1 X126.984 Y101.792 E513.86789
G1 X127.066 Y102.076 E513.88018
G1 X127.07 Y102.155 E513.88347
G1 X127.07 Y117.669 E514.52847
G1 X127.014 Y117.969 E514.54115
G1 X126.849 Y118.231 E514.55403
G1 X126.62 Y118.399 E514.56583
G1 X126.343 Y118.477 E514.5778
G1 X126.265 Y118.479 E514.58104
G1 X117.731 Y118.478 E514.93585
G1 X117.476 Y118.424 E514.94668
G0 F4800 X117.307 Y118.317
G0 X117.543 Y117.946
G0 X119.688 Y117.096
G0 X119.76 Y116.478
G0 X119.07 Y116.478
;TYPE:SKIN
G1 F1800 X118.97 Y116.478 E514.95084
G1 X118.97 Y106.948 E515.34705
G1 X119.07 Y106.948 E515.35121
G1 X119.07 Y116.478 E515.74742
G0 F4800 X119.47 Y116.878
G1 F1800 X118.57 Y116.878 E515.78484
G1 X118.57 Y106.548 E516.21431
G1 X119.47 Y106.548 E516.25173
G1 X119.47 Y116.878 E516.6812
G0 F4800 X119.76 Y116.878
G0 X120.842 Y117.104
G0 X125.688 Y117.097
G0 X125.76 Y116.479
G0 X125.07 Y116.479
G1 F1800 X124.97 Y116.479 E516.68536
G1 X124.97 Y106.946 E517.08169
G1 X125.07 Y106.946 E517.08585
G1 X125.07 Y116.479 E517.48219
G0 F4800 X125.47 Y116.879
G1 F1800 X124.57 Y116.879 E517.5196
G1 X124.57 Y106.547 E517.94916
G1 X125.068 Y106.546 E517.96986
G1 X125.47 Y106.552 E517.98658
G1 X125.47 Y116.879 E518.41592
G0 F4800 X125.76 Y116.879
G0 X126.21 Y105.562
G0 X126.147 Y105.499
;TYPE:SKIN
G1 F1800 X126.269 Y105.338 E518.42404
G1 X126.269 Y103.641 E518.49221
G1 X126.391 Y103.481 E518.50029
G0 F4800 X126.329 Y103.419
G0 X125.393 Y102.793
G0 X125.107 Y102.717
G0 X118.93 Y102.718
G0 X117.954 Y103.529
G0 X117.92 Y103.495
G1 F1800 X117.769 Y103.626 E518.5081
G1 X117.769 Y105.324 E518.57442
G1 X117.646 Y105.484 E518.5823
G0 F4800 X117.584 Y105.421
G1 F1500 E512.0823
;MESH:Switch Raiser Omron Tilted.stl(3)
G0 F4800 X118.352 Y117.096
G0 X118.612 Y118.259
G0 X118.612 Y120.737
G0 X118.61 Y121.717
;TYPE:WALL-INNER
G1 F1500 E518.5823
G1 X118.61 Y123.417 E518.65298
G1 X107.477 Y123.417 E519.11584
G1 X107.476 Y122.514 E519.15338
G1 X107.488 Y121.717 E519.18652
G1 X118.61 Y121.717 E519.64892
G0 F4800 X118.609 Y127.717
G1 F1500 X118.609 Y129.417 E519.71959
G1 X107.478 Y129.417 E520.18237
G1 X107.478 Y127.717 E520.25304
G1 X118.609 Y127.717 E520.71582
G0 F4800 X119.007 Y127.317
G1 F3000 X119.008 Y123.817 E520.86133
G1 X107.078 Y123.817 E521.35732
G1 X107.076 Y122.508 E521.41174
G1 X107.094 Y121.317 E521.46127
G1 X104.556 Y121.317
G1 X104.057 Y121.464 E521.48289
G1 X103.617 Y121.904 E521.50876
G1 X103.486 Y122.409 E521.53045
G1 X103.487 Y128.736 E521.7935
G1 X103.632 Y129.241 E521.81534
G1 X104.073 Y129.687 E521.84142
G1 X104.577 Y129.817 E521.86306
G1 X104.073 Y129.817 E521.86633
G1 X103.561 Y129.817 E521.88762
G1 X103.495 Y129.805 E521.89041
G1 X103.484 Y129.763 E521.89222
G1 X103.484 Y129.241 E521.91392
G1 X103.484 Y128.736 E521.91772
G1 X103.484 Y122.409 E521.91937
G1 X103.484 Y121.904 E521.92278
G1 X103.484 Y121.398 E521.94382
G1 X103.496 Y121.332 E521.94661
G1 X103.552 Y121.317 E521.94902
G1 X104.057 Y121.317 E521.97002
G1 X104.556 Y121.317 E521.99076
G1 X107.094 Y121.317 E522.09628
G1 X118.925 Y121.317 E522.58816
G1 X118.997 Y121.33 E522.5912
G1 X119.01 Y121.383 E522.59347
G1 X119.01 Y123.817 E522.69466
G1 X119.01 Y127.317 E522.69557
G1 X119.009 Y129.742 E522.79639
G1 X118.982 Y129.806 E522.79928
G1 X118.936 Y129.817 E522.80125
G1 X107.078 Y129.817 E523.29424
G1 X107.078 Y127.317 E523.39818
G1 X119.007 Y127.317 E523.89413
G0 F4800 X107.66 Y127.899
G0 X106.678 Y129.417
G1 F3000 X106.678 Y126.917 E523.99807
G1 X118.607 Y126.917 E524.49402
G1 X118.608 Y124.217 E524.60627
G1 X106.678 Y124.217 E525.10226
G1 X106.676 Y122.502 E525.17357
G1 X106.688 Y121.717 E525.20621
G1 X104.614 Y121.717 E525.29243
G1 X104.268 Y121.819 E525.30743
G1 X103.977 Y122.11 E525.32454
G1 X103.886 Y122.46 E525.33958
G1 X103.887 Y128.68 E525.59817
G1 X103.988 Y129.032 E525.6134
G1 X104.28 Y129.327 E525.63065
G1 X104.628 Y129.417 E525.6456
G1 X106.678 Y129.417 E525.73083
G0 F4800 X106.278 Y129.017
;TYPE:WALL-OUTER
G1 F3000 X106.278 Y126.517 E525.83477
G1 X118.207 Y126.517 E526.33072
G1 X118.208 Y124.617 E526.40971
G1 X106.278 Y124.617 E526.9057
G1 X106.276 Y122.496 E526.99388
G1 X106.282 Y122.117 E527.00964
G1 X104.672 Y122.117 E527.07658
G1 X104.479 Y122.174 E527.08494
G1 X104.337 Y122.316 E527.09329
G1 X104.286 Y122.511 E527.10167
G1 X104.287 Y128.624 E527.35582
G1 X104.344 Y128.823 E527.36443
G1 X104.487 Y128.967 E527.37286
G1 X104.679 Y129.017 E527.38111
G1 X106.278 Y129.017 E527.44759
G0 F4800 X106.278 Y128.817
G0 X106.718 Y128.817
G0 X106.506 Y129.245
G0 X103.336 Y130.182
;TYPE:WALL-INNER
G1 F3000 X103.215 Y130.105 E527.45355
G1 X103.131 Y129.991 E527.45944
G1 X103.084 Y129.817 E527.46694
G1 X103.084 Y121.36 E527.81854
G1 X103.117 Y121.177 E527.82627
G1 X103.198 Y121.047 E527.83264
G1 X103.305 Y120.968 E527.83817
G1 X103.501 Y120.917 E527.84659
G1 X118.962 Y120.917 E528.48938
G1 X119.149 Y120.952 E528.49729
G1 X119.283 Y121.036 E528.50386
G1 X119.364 Y121.146 E528.50954
G1 X119.41 Y121.334 E528.51759
G1 X119.409 Y129.823 E528.87052
G1 X119.299 Y130.084 E528.8823
G1 X119.182 Y130.171 E528.88836
G1 X118.981 Y130.217 E528.89693
G1 X103.527 Y130.217 E529.53943
G1 X103.336 Y130.182 E529.54751
G0 F4800 X103.187 Y130.561
;TYPE:WALL-OUTER
G1 F3000 X102.936 Y130.401 E529.55988
G1 X102.766 Y130.169 E529.57184
G1 X102.686 Y129.885 E529.58411
G1 X102.684 Y129.817 E529.58694
G1 X102.684 Y121.324 E529.94003
G1 X102.736 Y121.032 E529.95236
G1 X102.898 Y120.772 E529.9651
G1 X103.127 Y120.602 E529.97696
G1 X103.408 Y120.522 E529.9891
G1 X103.496 Y120.517 E529.99277
G1 X118.997 Y120.517 E530.63723
G1 X119.299 Y120.573 E530.65
G1 X119.56 Y120.737 E530.66281
G1 X119.729 Y120.966 E530.67464
G1 X119.807 Y121.246 E530.68673
G1 X119.81 Y121.317 E530.68968
G1 X119.809 Y129.868 E531.04519
G1 X119.752 Y130.117 E531.05581
G1 X119.596 Y130.361 E531.06785
G1 X119.36 Y130.536 E531.08007
G1 X119.085 Y130.613 E531.09194
G1 X119 Y130.617 E531.09548
G1 X103.493 Y130.617 E531.74018
G1 X103.187 Y130.561 E531.75312
G0 F4800 X103.018 Y130.454
G0 X103.256 Y130.083
G0 X118.427 Y129.235
G0 X118.499 Y128.617
G0 X117.809 Y128.617
;TYPE:SKIN
G1 F1800 X108.278 Y128.617 E532.14937
G1 X108.278 Y128.517 E532.15353
G1 X117.809 Y128.517 E532.54978
G1 X117.809 Y128.617 E532.55394
G0 F4800 X118.209 Y129.017
G1 F1800 X107.878 Y129.017 E532.98345
G1 X107.878 Y128.117 E533.02087
G1 X118.209 Y128.117 E533.45038
G1 X118.209 Y129.017 E533.4878
G0 F4800 X118.499 Y129.017
G0 X118.428 Y121.899
G0 X117.81 Y121.827
G0 X117.81 Y122.517
G1 F1800 X117.81 Y122.617 E533.49196
G1 X108.276 Y122.617 E533.88833
G1 X108.276 Y122.517 E533.89249
G1 X117.81 Y122.517 E534.28887
G0 F4800 X118.21 Y122.117
G1 F1800 X118.21 Y123.017 E534.32629
G1 X107.877 Y123.017 E534.75588
G1 X107.876 Y122.52 E534.77655
G1 X107.882 Y122.117 E534.7933
G1 X118.21 Y122.117 E535.22269
G0 F4800 X118.21 Y121.827
G0 X106.894 Y121.319
G0 X106.8 Y121.225
;TYPE:SKIN
G1 F1800 X106.608 Y121.316 E535.23129
G1 X104.913 Y121.318 E535.29985
G1 X104.793 Y121.481 E535.30804
G0 F4800 X104.774 Y121.461
G0 X104.123 Y122.194
G0 X104.047 Y122.48
G0 X104.048 Y128.657
G0 X104.132 Y128.947
G0 X105.023 Y129.631
G0 X105.208 Y129.816
G1 F1800 X105.491 Y129.816 E535.32139
G1 X106.622 Y129.816 E535.37474
G1 X106.798 Y129.709 E535.38445
G0 F4800 X106.877 Y129.788
G0 X105.111 Y130.001
G0 X104.952 Y129.842
G1 F1800 X104.795 Y129.968 E535.39572
G0 F4800 X104.828 Y130.001
G1 F1500 E528.89572
;MESH:NONMESH
G0 F300 X104.828 Y130.001 Z2
G0 F4800 X104.132 Y128.947
G0 X102.903 Y121.343
G0 X101.931 Y120.715
G0 X102.248 Y119.507
G0 X102.248 Y118.423
G0 X96.835 Y117.266
G0 X95.681 Y106.492
G0 X94.345 Y106.492
G0 X94.163 Y110.814
;TIME_ELAPSED:500.405376
;LAYER:7
;TYPE:WALL-INNER
;MESH:Switch Raiser Omron Tilted.stl(1)
G1 F1500 E535.39572
G1 X95.863 Y110.815 E535.4664
G1 X95.863 Y117.429 E535.74137
G1 X94.163 Y117.429 E535.81205
G1 X94.163 Y110.814 E536.08707
G0 F4800 X96.823 Y110.814
G0 X96.835 Y117.252
G0 X99.191 Y117.253
G0 X100.163 Y110.814
G1 F1500 X101.127 Y110.813 E536.12715
G1 X101.863 Y110.827 E536.15775
G1 X101.863 Y117.428 E536.43219
G1 X100.163 Y117.428 E536.50287
G1 X100.163 Y110.814 E536.77785
G0 F4800 X99.763 Y110.415
G1 F3000 X101.134 Y110.413 E536.83485
G1 X102.263 Y110.435 E536.8818
G1 X102.262 Y103.312 E537.17794
G1 X102.012 Y102.706 E537.20519
G1 X101.449 Y102.35 E537.23288
G1 X101.125 Y102.304 E537.24649
G1 X94.84 Y102.305 E537.50779
G1 X94.34 Y102.447 E537.5294
G1 X93.903 Y102.887 E537.55518
G1 X93.763 Y103.387 E537.57677
G1 X93.763 Y102.887 E537.58026
G1 X93.763 Y102.391 E537.60088
G1 X93.776 Y102.317 E537.60401
G1 X93.84 Y102.301 E537.60675
G1 X94.34 Y102.301 E537.62754
G1 X94.84 Y102.301 E537.63127
G1 X101.449 Y102.301 E537.64036
G1 X102.181 Y102.302 E537.65855
G1 X102.252 Y102.316 E537.66156
G1 X102.263 Y102.355 E537.66324
G1 X102.263 Y103.312 E537.68053
G1 X102.263 Y110.435 E537.97667
G1 X102.263 Y117.747 E538.28067
G1 X102.25 Y117.816 E538.28359
G1 X102.198 Y117.828 E538.2858
G1 X99.763 Y117.828 E538.38704
G1 X96.264 Y117.828 E538.53251
G1 X93.83 Y117.829 E538.63371
G1 X93.763 Y117.749 E538.63804
G1 X93.763 Y110.414 E538.943
G1 X96.263 Y110.415 E539.04694
G1 X96.263 Y117.824 E539.35497
G1 X99.763 Y117.825 E539.3563
G1 X99.763 Y110.415 E539.66438
G0 F4800 X99.363 Y117.425
G1 F3000 X99.363 Y110.015 E539.97245
G1 X101.142 Y110.013 E540.04641
G1 X101.863 Y110.027 E540.07639
G1 X101.862 Y103.391 E540.35228
G1 X101.691 Y102.976 E540.37095
G1 X101.308 Y102.734 E540.38978
G1 X101.097 Y102.704 E540.39864
G1 X94.896 Y102.705 E540.65645
G1 X94.55 Y102.803 E540.6714
G1 X94.26 Y103.095 E540.68851
G1 X94.163 Y103.442 E540.70349
G1 X94.163 Y110.014 E540.97672
G1 X96.663 Y110.015 E541.08066
G1 X96.663 Y117.424 E541.38869
G1 X99.363 Y117.425 E541.50094
G0 F4800 X98.963 Y117.025
;TYPE:WALL-OUTER
G1 F3000 X98.963 Y109.615 E541.80902
G1 X101.15 Y109.613 E541.89994
G1 X101.463 Y109.619 E541.91296
G1 X101.462 Y103.47 E542.1686
G1 X101.37 Y103.246 E542.17867
G1 X101.167 Y103.118 E542.18865
G1 X101.069 Y103.104 E542.19276
G1 X94.951 Y103.105 E542.44712
G1 X94.76 Y103.159 E542.45537
G1 X94.617 Y103.303 E542.46381
G1 X94.563 Y103.497 E542.47218
G1 X94.563 Y109.614 E542.7265
G1 X97.063 Y109.615 E542.83043
G1 X97.063 Y117.024 E543.13846
G1 X98.963 Y117.025 E543.21746
G0 F4800 X98.963 Y116.825
G0 X99.403 Y116.825
G0 X102.424 Y118.187
;TYPE:WALL-INNER
G1 F3000 X102.24 Y118.228 E543.22529
G1 X93.803 Y118.229 E543.57606
G1 X93.651 Y118.206 E543.58246
G1 X93.427 Y118.032 E543.59425
G1 X93.363 Y117.804 E543.60409
G1 X93.363 Y102.353 E544.24647
G1 X93.398 Y102.16 E544.25463
G1 X93.476 Y102.033 E544.26082
G1 X93.582 Y101.953 E544.26634
G1 X93.793 Y101.901 E544.27538
G1 X102.22 Y101.902 E544.62573
G1 X102.413 Y101.939 E544.6339
G1 X102.527 Y102.01 E544.63949
G1 X102.616 Y102.129 E544.64566
G1 X102.663 Y102.302 E544.65312
G1 X102.663 Y117.781 E545.29666
G1 X102.628 Y117.971 E545.30469
G1 X102.553 Y118.092 E545.31061
G1 X102.424 Y118.187 E545.31727
G0 F4800 X102.6 Y118.553
;TYPE:WALL-OUTER
G1 F3000 X102.333 Y118.625 E545.32877
G1 X102.256 Y118.628 E545.33197
G1 X93.774 Y118.629 E545.68461
G1 X93.521 Y118.59 E545.69526
G1 X93.264 Y118.451 E545.7074
G1 X93.081 Y118.245 E545.71886
G1 X92.977 Y117.974 E545.73093
G1 X92.963 Y117.816 E545.73752
G1 X92.963 Y102.315 E546.38198
G1 X93.017 Y102.016 E546.39461
G1 X93.176 Y101.759 E546.40717
G1 X93.402 Y101.588 E546.41896
G1 X93.692 Y101.505 E546.4315
G1 X93.773 Y101.501 E546.43487
G1 X102.258 Y101.502 E546.78763
G1 X102.561 Y101.56 E546.80046
G1 X102.803 Y101.711 E546.81232
G1 X102.981 Y101.949 E546.82468
G1 X103.059 Y102.228 E546.83672
G1 X103.063 Y102.302 E546.8398
G1 X103.063 Y117.817 E547.48484
G1 X103.007 Y118.121 E547.49769
G1 X102.852 Y118.368 E547.50982
G1 X102.6 Y118.553 E547.52281
G0 F4800 X102.407 Y118.605
G0 X102.294 Y118.18
G0 X101.753 Y116.628
G0 X101.063 Y116.628
;TYPE:SKIN
G1 F1800 X100.963 Y116.628 E547.52697
G1 X100.963 Y111.613 E547.73547
G1 X101.063 Y111.613 E547.73963
G1 X101.063 Y116.628 E547.94813
G0 F4800 X101.463 Y117.028
G1 F1800 X100.563 Y117.028 E547.98554
G1 X100.563 Y111.214 E548.22726
G1 X101.119 Y111.213 E548.25038
G1 X101.463 Y111.219 E548.26468
G1 X101.463 Y117.028 E548.50619
G0 F4800 X101.753 Y117.028
G0 X96.835 Y117.252
G0 X95.753 Y111.615
G0 X95.063 Y111.615
G1 F1800 X95.063 Y116.629 E548.71465
G1 X94.963 Y116.629 E548.71881
G1 X94.963 Y111.614 E548.92731
G1 X95.063 Y111.615 E548.93146
G0 F4800 X95.463 Y111.215
G1 F1800 X95.463 Y117.029 E549.17318
G1 X94.563 Y117.029 E549.2106
G1 X94.563 Y111.214 E549.45236
G1 X95.463 Y111.215 E549.48978
G0 F4800 X95.753 Y111.215
G0 X93.947 Y109.981
G0 X93.831 Y110.097
;TYPE:SKIN
G1 F1800 X93.762 Y109.883 E549.49866
G1 X93.762 Y103.944 E549.73336
G1 X93.702 Y103.721 E549.74249
G0 F4800 X93.828 Y103.596
G1 F1500 E543.24249
;MESH:Switch Raiser Omron Tilted.stl
G0 F4800 X94.635 Y102.947
G0 X94.918 Y102.866
G0 X101.251 Y102.889
G0 X101.53 Y103.066
G0 X102.843 Y106.609
G0 X105.17 Y106.609
G0 X106.15 Y106.609
;TYPE:WALL-INNER
G1 F1500 E549.74249
G1 X106.15 Y100.002 E550.01718
G1 X107.85 Y100.002 E550.08786
G1 X107.85 Y106.615 E550.36279
G1 X106.872 Y106.616 E550.40345
G1 X106.15 Y106.609 E550.43347
G0 F4800 X108.809 Y106.61
G0 X108.822 Y100.176
G0 X111.178 Y100.177
G0 X112.15 Y106.614
G1 F1500 X112.15 Y100.001 E550.70841
G1 X113.85 Y100.001 E550.77909
G1 X113.85 Y106.622 E551.05435
G1 X113.057 Y106.614 E551.08733
G1 X112.15 Y106.614 E551.12503
G0 F4800 X111.75 Y107.014
G1 F3000 X111.75 Y99.605 E551.43306
G1 X108.25 Y99.604 E551.57858
G1 X108.25 Y107.014 E551.88665
G1 X106.869 Y107.016 E551.94406
G1 X105.75 Y107.005 E551.99059
G1 X105.751 Y114.118 E552.28631
G1 X105.992 Y114.703 E552.31262
G1 X106.515 Y115.068 E552.33913
G1 X106.882 Y115.125 E552.35457
G1 X113.171 Y115.124 E552.61604
G1 X113.666 Y114.989 E552.63737
G1 X114.11 Y114.542 E552.66357
G1 X114.25 Y114.044 E552.68507
G1 X114.25 Y114.542 E552.68855
G1 X114.25 Y115.04 E552.70926
G1 X114.216 Y115.119 E552.71283
G1 X114.175 Y115.129 E552.71459
G1 X113.666 Y115.129 E552.73575
G1 X113.171 Y115.129 E552.73933
G1 X106.515 Y115.129 E552.75
G1 X105.833 Y115.128 E552.76727
G1 X105.762 Y115.115 E552.77027
G1 X105.75 Y115.071 E552.77216
G1 X105.75 Y114.118 E552.78929
G1 X105.75 Y107.005 E553.08501
G1 X105.75 Y99.681 E553.38951
G1 X105.762 Y99.617 E553.39222
G1 X105.822 Y99.602 E553.39479
G1 X108.25 Y99.602 E553.49573
G1 X111.749 Y99.602 E553.49667
G1 X114.177 Y99.601 E553.59761
G1 X114.25 Y99.673 E553.60187
G1 X114.25 Y107.026 E553.90758
G1 X113.055 Y107.014 E553.95726
G1 X111.75 Y107.014 E554.01152
G0 F4800 X113.678 Y107.592
G0 X113.689 Y113.967
G0 X113.608 Y114.25
G0 X113.374 Y114.486
G0 X113.095 Y114.563
G0 X106.731 Y114.534
G0 X106.317 Y114.442
G1 F3000 X106.668 Y114.687 E554.02931
G1 X106.913 Y114.725 E554.03962
G1 X113.117 Y114.724 E554.29755
G1 X113.458 Y114.631 E554.31225
G1 X113.753 Y114.334 E554.32965
G1 X113.85 Y113.989 E554.34455
G1 X113.85 Y107.422 E554.61757
G1 X113.053 Y107.414 E554.65071
G1 X111.35 Y107.414 E554.72151
G1 X111.35 Y100.005 E555.02954
G1 X108.65 Y100.004 E555.1418
G1 X108.65 Y107.414 E555.44987
G1 X106.865 Y107.416 E555.52408
G1 X106.15 Y107.409 E555.55381
G1 X106.151 Y114.039 E555.82945
G1 X106.317 Y114.442 E555.84757
G0 F4800 X106.642 Y114.181
;TYPE:WALL-OUTER
G1 F3000 X106.821 Y114.306 E555.85665
G1 X106.944 Y114.325 E555.86182
G1 X113.063 Y114.324 E556.11622
G1 X113.25 Y114.273 E556.12428
G1 X113.396 Y114.126 E556.13289
G1 X113.45 Y113.934 E556.14119
G1 X113.45 Y107.818 E556.39546
G1 X113.051 Y107.814 E556.41205
G1 X110.95 Y107.814 E556.4994
G1 X110.95 Y100.405 E556.80743
G1 X109.05 Y100.404 E556.88642
G1 X109.05 Y107.814 E557.19449
G1 X106.861 Y107.816 E557.2855
G1 X106.55 Y107.813 E557.29843
G1 X106.551 Y113.96 E557.554
G1 X106.642 Y114.181 E557.56393
G0 F4800 X106.806 Y114.295
G0 X106.553 Y114.656
G0 X105.607 Y115.494
;TYPE:WALL-INNER
G1 F3000 X105.482 Y115.417 E557.57004
G1 X105.402 Y115.308 E557.57566
G1 X105.35 Y115.128 E557.58345
G1 X105.35 Y99.647 E558.22707
G1 X105.384 Y99.461 E558.23493
G1 X105.464 Y99.333 E558.24121
G1 X105.572 Y99.252 E558.24682
G1 X105.775 Y99.202 E558.25551
G1 X114.209 Y99.201 E558.60616
G1 X114.362 Y99.224 E558.61259
G1 X114.581 Y99.391 E558.62404
G1 X114.65 Y99.613 E558.63371
G1 X114.65 Y115.079 E559.27671
G1 X114.612 Y115.277 E559.28509
G1 X114.431 Y115.477 E559.2963
G1 X114.226 Y115.529 E559.3051
G1 X105.797 Y115.528 E559.65553
G1 X105.607 Y115.494 E559.66356
G0 F4800 X105.461 Y115.875
;TYPE:WALL-OUTER
G1 F3000 X105.207 Y115.717 E559.676
G1 X105.036 Y115.486 E559.68794
G1 X104.954 Y115.2 E559.70031
G1 X104.95 Y115.128 E559.70331
G1 X104.95 Y99.613 E560.34835
G1 X105.005 Y99.313 E560.36103
G1 X105.165 Y99.057 E560.37358
G1 X105.393 Y98.886 E560.38543
G1 X105.688 Y98.805 E560.39815
G1 X105.758 Y98.802 E560.40106
G1 X114.236 Y98.801 E560.75354
G1 X114.492 Y98.84 E560.7643
G1 X114.747 Y98.975 E560.7763
G1 X114.929 Y99.18 E560.7877
G1 X115.038 Y99.465 E560.80038
G1 X115.05 Y99.603 E560.80614
G1 X115.05 Y115.117 E561.45114
G1 X114.991 Y115.428 E561.4643
G1 X114.831 Y115.678 E561.47664
G1 X114.609 Y115.843 E561.48814
G1 X114.313 Y115.924 E561.5009
G1 X114.238 Y115.929 E561.50402
G1 X105.761 Y115.928 E561.85645
G1 X105.461 Y115.875 E561.86912
G0 F4800 X105.292 Y115.77
G0 X105.525 Y115.397
G0 X106.322 Y107.583
G0 X107.668 Y106.433
G0 X107.74 Y105.816
G0 X107.05 Y105.816
;TYPE:SKIN
G1 F1800 X106.95 Y105.816 E561.87328
G1 X106.95 Y100.802 E562.08174
G1 X107.05 Y100.802 E562.08589
G1 X107.05 Y105.816 E562.29435
G0 F4800 X106.876 Y106.216
G1 F1800 X106.55 Y106.213 E562.30791
G1 X106.55 Y100.402 E562.5495
G1 X107.45 Y100.402 E562.58692
G1 X107.45 Y106.215 E562.82859
G1 X106.876 Y106.216 E562.85246
G0 F4800 X106.876 Y106.506
G0 X108.81 Y106.31
G0 X108.822 Y100.176
G0 X111.178 Y100.177
G0 X112.332 Y106.432
G0 X113.668 Y106.438
G0 X113.74 Y105.814
G0 X113.05 Y105.814
G1 F1800 X112.95 Y105.814 E562.85661
G1 X112.95 Y100.801 E563.06503
G1 X113.05 Y100.801 E563.06919
G1 X113.05 Y105.814 E563.2776
G0 F4800 X113.059 Y106.214
G1 F1800 X112.55 Y106.214 E563.29877
G1 X112.55 Y100.401 E563.54044
G1 X113.45 Y100.401 E563.57786
G1 X113.45 Y106.218 E563.8197
G1 X113.059 Y106.214 E563.83596
G0 F4800 X113.058 Y106.504
G0 X114.24 Y107.224
G0 X114.152 Y107.312
;TYPE:SKIN
G1 F1800 X114.248 Y107.499 E563.84412
G1 X114.248 Y113.439 E564.07469
G1 X114.412 Y113.841 E564.09154
G0 F4800 X114.391 Y113.862
G1 F1500 E557.59154
;MESH:Switch Raiser Omron Tilted.stl(2)
G0 F4800 X114.83 Y110.652
G0 X117.19 Y110.652
G0 X118.17 Y110.652
;TYPE:WALL-INNER
G1 F1500 E564.09154
G1 X119.87 Y110.653 E564.16222
G1 X119.87 Y117.266 E564.43716
G1 X118.17 Y117.266 E564.50784
G1 X118.17 Y110.652 E564.78281
G0 F4800 X120.83 Y110.652
G0 X120.842 Y117.09
G0 X123.198 Y117.091
G0 X124.17 Y110.652
G1 F1500 X125.134 Y110.651 E564.82289
G1 X125.87 Y110.665 E564.8535
G1 X125.87 Y117.265 E565.12789
G1 X124.17 Y117.265 E565.19857
G1 X124.17 Y110.652 E565.47351
G0 F4800 X123.77 Y110.253
G1 F3000 X125.141 Y110.251 E565.53051
G1 X126.27 Y110.273 E565.57746
G1 X126.269 Y103.149 E565.87364
G1 X126.009 Y102.525 E565.90174
G1 X125.385 Y102.158 E565.93184
G1 X125.098 Y102.142 E565.94379
G1 X118.845 Y102.143 E566.20376
G1 X118.347 Y102.285 E566.22529
G1 X117.91 Y102.725 E566.25107
G1 X117.77 Y103.225 E566.27266
G1 X117.77 Y102.725 E566.27615
G1 X117.77 Y102.227 E566.29686
G1 X117.807 Y102.147 E566.30052
G1 X117.84 Y102.138 E566.30194
G1 X118.347 Y102.138 E566.32302
G1 X118.845 Y102.138 E566.3268
G1 X125.385 Y102.138 E566.33576
G1 X126.187 Y102.139 E566.35411
G1 X126.259 Y102.152 E566.35715
G1 X126.27 Y102.189 E566.35876
G1 X126.27 Y103.149 E566.37626
G1 X126.27 Y110.273 E566.67244
G1 X126.27 Y117.587 E566.97652
G1 X126.259 Y117.65 E566.97918
G1 X126.2 Y117.665 E566.98171
G1 X123.77 Y117.665 E567.08274
G1 X120.271 Y117.665 E567.22821
G1 X117.838 Y117.666 E567.32936
G1 X117.77 Y117.591 E567.33357
G1 X117.77 Y110.252 E567.63869
G1 X120.27 Y110.253 E567.74263
G1 X120.27 Y117.662 E568.05066
G1 X123.77 Y117.663 E568.05164
G1 X123.77 Y110.253 E568.35971
G0 F4800 X123.198 Y117.091
G0 X120.67 Y117.262
G1 F3000 X123.37 Y117.263 E568.47196
G1 X123.37 Y109.853 E568.78003
G1 X125.149 Y109.851 E568.85399
G1 X125.87 Y109.865 E568.88398
G1 X125.869 Y103.229 E569.15987
G1 X125.691 Y102.802 E569.1791
G1 X125.266 Y102.552 E569.1996
G1 X125.087 Y102.542 E569.20706
G1 X118.901 Y102.543 E569.46424
G1 X118.557 Y102.641 E569.47911
G1 X118.267 Y102.933 E569.49622
G1 X118.17 Y103.28 E569.5112
G1 X118.17 Y109.852 E569.78443
G1 X120.67 Y109.853 E569.88837
G1 X120.67 Y117.262 E570.1964
G0 F4800 X121.07 Y116.862
;TYPE:WALL-OUTER
G1 F3000 X122.97 Y116.863 E570.27539
G1 X122.97 Y109.453 E570.58346
G1 X125.157 Y109.451 E570.67439
G1 X125.47 Y109.457 E570.68741
G1 X125.469 Y103.309 E570.94301
G1 X125.373 Y103.079 E570.95337
G1 X125.147 Y102.946 E570.96427
G1 X125.076 Y102.942 E570.96723
G1 X118.957 Y102.943 E571.22163
G1 X118.767 Y102.997 E571.22984
G1 X118.624 Y103.141 E571.23828
G1 X118.57 Y103.335 E571.24665
G1 X118.57 Y109.452 E571.50097
G1 X121.07 Y109.453 E571.6049
G1 X121.07 Y116.862 E571.91293
G0 F4800 X121.27 Y116.862
G0 X121.269 Y117.302
G0 X117.654 Y118.042
;TYPE:WALL-INNER
G1 F3000 X117.435 Y117.871 E571.92449
G1 X117.37 Y117.647 E571.93418
G1 X117.37 Y102.189 E572.57685
G1 X117.405 Y101.995 E572.58505
G1 X117.589 Y101.79 E572.5965
G1 X117.79 Y101.738 E572.60513
G1 X126.223 Y101.739 E572.95573
G1 X126.414 Y101.773 E572.9638
G1 X126.536 Y101.849 E572.96978
G1 X126.621 Y101.965 E572.97576
G1 X126.67 Y102.134 E572.98307
G1 X126.67 Y117.621 E573.62695
G1 X126.636 Y117.807 E573.63481
G1 X126.555 Y117.936 E573.64114
G1 X126.454 Y118.012 E573.64639
G1 X126.253 Y118.065 E573.65504
G1 X117.81 Y118.066 E574.00606
G1 X117.654 Y118.042 E574.01262
G0 F4800 X117.522 Y118.426
;TYPE:WALL-OUTER
G1 F3000 X117.265 Y118.285 E574.02481
G1 X117.086 Y118.079 E574.03615
G1 X116.984 Y117.809 E574.04815
G1 X116.97 Y117.665 E574.05417
G1 X116.97 Y102.151 E574.69916
G1 X117.025 Y101.848 E574.71197
G1 X117.185 Y101.595 E574.72441
G1 X117.406 Y101.426 E574.73598
G1 X117.7 Y101.343 E574.74868
G1 X117.782 Y101.338 E574.75209
G1 X126.259 Y101.339 E575.10453
G1 X126.559 Y101.392 E575.11719
G1 X126.812 Y101.549 E575.12957
G1 X126.987 Y101.787 E575.14185
G1 X127.066 Y102.066 E575.15391
G1 X127.07 Y102.14 E575.15699
G1 X127.07 Y117.655 E575.80203
G1 X127.015 Y117.955 E575.81471
G1 X126.854 Y118.212 E575.82732
G1 X126.634 Y118.377 E575.83875
G1 X126.333 Y118.463 E575.85177
G1 X126.265 Y118.465 E575.85459
G1 X117.782 Y118.466 E576.20728
G1 X117.522 Y118.426 E576.21821
G0 F4800 X117.347 Y118.33
G0 X117.559 Y117.945
G0 X118.352 Y110.834
G0 X119.688 Y110.835
G0 X119.76 Y111.453
G0 X119.07 Y111.453
;TYPE:SKIN
G1 F1800 X119.07 Y116.466 E576.42663
G1 X118.97 Y116.466 E576.43079
G1 X118.97 Y111.452 E576.63925
G1 X119.07 Y111.453 E576.6434
G0 F4800 X119.47 Y111.053
G1 F1800 X119.47 Y116.866 E576.88508
G1 X118.57 Y116.866 E576.9225
G1 X118.57 Y111.052 E577.16422
G1 X119.47 Y111.053 E577.20163
G0 F4800 X119.76 Y111.053
G0 X120.842 Y117.09
G0 X125.688 Y117.083
G0 X125.76 Y116.465
G0 X125.07 Y116.465
G1 F1800 X124.97 Y116.465 E577.20579
G1 X124.97 Y111.451 E577.41425
G1 X125.07 Y111.451 E577.41841
G1 X125.07 Y116.465 E577.62686
G0 F4800 X125.47 Y116.865
G1 F1800 X124.57 Y116.865 E577.66428
G1 X124.57 Y111.052 E577.90596
G1 X125.126 Y111.051 E577.92907
G1 X125.47 Y111.057 E577.94338
G1 X125.47 Y116.865 E578.18485
G0 F4800 X125.76 Y116.865
G0 X120.842 Y117.09
G0 X119.688 Y110.835
G0 X117.953 Y110.017
G0 X117.936 Y110.034
;TYPE:SKIN
G1 F1800 X117.794 Y109.892 E578.19257
G1 X117.768 Y107.656 E578.2786
G1 X117.768 Y103.696 E578.43095
G1 X117.671 Y103.511 E578.43899
G0 F4800 X117.584 Y103.598
G1 F1500 E571.93899
;MESH:Switch Raiser Omron Tilted.stl(3)
G0 F4800 X118.352 Y117.084
G0 X118.596 Y118.265
G0 X118.596 Y120.737
G0 X118.596 Y121.717
;TYPE:WALL-INNER
G1 F1500 E578.43899
G1 X118.596 Y123.417 E578.50967
G1 X111.982 Y123.417 E578.78465
G1 X111.981 Y122.454 E578.82468
G1 X111.995 Y121.717 E578.85533
G1 X118.596 Y121.717 E579.12977
G0 F4800 X118.597 Y127.717
G1 F1500 X118.597 Y129.417 E579.20044
G1 X111.982 Y129.417 E579.47546
G1 X111.983 Y127.717 E579.54614
G1 X118.597 Y127.717 E579.82112
G0 F4800 X118.993 Y127.317
G1 F3000 X118.994 Y123.817 E579.96663
G1 X111.583 Y123.817 E580.27475
G1 X111.581 Y122.446 E580.33175
G1 X111.603 Y121.317 E580.37869
G1 X104.478 Y121.318 E580.67492
G1 X103.874 Y121.569 E580.70211
G1 X103.518 Y122.129 E580.7297
G1 X103.472 Y122.455 E580.74339
G1 X103.473 Y128.742 E581.00477
G1 X103.615 Y129.238 E581.02622
G1 X104.059 Y129.684 E581.05238
G1 X104.561 Y129.817 E581.07397
G1 X104.059 Y129.817 E581.07731
G1 X103.553 Y129.817 E581.09835
G1 X103.482 Y129.804 E581.10135
G1 X103.469 Y129.751 E581.10362
G1 X103.469 Y129.238 E581.12495
G1 X103.469 Y128.742 E581.12866
G1 X103.469 Y122.129 E581.24633
G1 X103.47 Y121.397 E581.26454
G1 X103.482 Y121.333 E581.26725
G1 X103.544 Y121.317 E581.26991
G1 X104.478 Y121.317 E581.28662
G1 X111.603 Y121.317 E581.58285
G1 X118.91 Y121.317 E581.88664
G1 X118.985 Y121.331 E581.88981
G1 X118.996 Y121.38 E581.8919
G1 X118.996 Y123.817 E581.99321
G1 X118.996 Y127.316 E581.99415
G1 X118.997 Y129.751 E582.09538
G1 X118.987 Y129.803 E582.09758
G1 X118.91 Y129.817 E582.10084
G1 X111.582 Y129.817 E582.4055
G1 X111.583 Y127.317 E582.50944
G1 X118.993 Y127.317 E582.81751
G0 F4800 X112.165 Y127.899
G0 X111.182 Y129.417
G1 F3000 X111.183 Y126.917 E582.92145
G1 X118.593 Y126.917 E583.22952
G1 X118.594 Y124.217 E583.34177
G1 X111.183 Y124.217 E583.64989
G1 X111.181 Y122.438 E583.72385
G1 X111.195 Y121.717 E583.75383
G1 X104.558 Y121.718 E584.02977
G1 X104.144 Y121.89 E584.0484
G1 X103.902 Y122.271 E584.06717
G1 X103.872 Y122.483 E584.07607
G1 X103.873 Y128.686 E584.33396
G1 X103.971 Y129.029 E584.34879
G1 X104.266 Y129.325 E584.36617
G1 X104.613 Y129.417 E584.38109
G1 X111.182 Y129.417 E584.6542
G0 F4800 X110.782 Y129.017
;TYPE:WALL-OUTER
G1 F3000 X110.783 Y126.517 E584.75814
G1 X118.193 Y126.517 E585.06621
G1 X118.194 Y124.617 E585.1452
G1 X110.783 Y124.617 E585.45332
G1 X110.781 Y122.43 E585.54424
G1 X110.787 Y122.117 E585.55726
G1 X104.638 Y122.118 E585.8129
G1 X104.414 Y122.211 E585.82299
G1 X104.286 Y122.413 E585.83293
G1 X104.272 Y122.511 E585.83704
G1 X104.273 Y128.63 E586.09144
G1 X104.327 Y128.82 E586.09965
G1 X104.473 Y128.966 E586.10824
G1 X104.665 Y129.017 E586.1165
G1 X110.782 Y129.017 E586.37081
G0 F4800 X110.782 Y128.817
G0 X111.222 Y128.818
G0 X111.01 Y129.245
G0 X103.324 Y130.181
;TYPE:WALL-INNER
G1 F3000 X103.198 Y130.101 E586.37702
G1 X103.117 Y129.992 E586.38266
G1 X103.069 Y129.798 E586.39097
G1 X103.07 Y121.359 E586.74183
G1 X103.106 Y121.17 E586.74982
G1 X103.171 Y121.062 E586.75506
G1 X103.293 Y120.969 E586.76144
G1 X103.493 Y120.917 E586.77003
G1 X118.944 Y120.917 E587.41241
G1 X119.141 Y120.953 E587.42074
G1 X119.257 Y121.025 E587.42641
G1 X119.356 Y121.16 E587.43337
G1 X119.396 Y121.334 E587.4408
G1 X119.397 Y129.778 E587.79186
G1 X119.374 Y129.93 E587.79825
G1 X119.302 Y130.063 E587.80454
G1 X119.159 Y130.179 E587.81219
G1 X118.948 Y130.217 E587.82111
G1 X103.516 Y130.217 E588.46269
G1 X103.324 Y130.181 E588.47082
G0 F4800 X103.174 Y130.56
;TYPE:WALL-OUTER
G1 F3000 X102.919 Y130.397 E588.4834
G1 X102.751 Y130.17 E588.49514
G1 X102.672 Y129.879 E588.50768
G1 X102.669 Y129.817 E588.51026
G1 X102.67 Y121.322 E588.86344
G1 X102.726 Y121.025 E588.876
G1 X102.869 Y120.789 E588.88747
G1 X103.112 Y120.603 E588.9002
G1 X103.405 Y120.522 E588.91284
G1 X103.482 Y120.517 E588.91604
G1 X118.983 Y120.517 E589.5605
G1 X119.285 Y120.572 E589.57326
G1 X119.534 Y120.726 E589.58543
G1 X119.724 Y120.987 E589.59886
G1 X119.793 Y121.246 E589.61
G1 X119.796 Y121.317 E589.61295
G1 X119.797 Y129.806 E589.96589
G1 X119.758 Y130.06 E589.97657
G1 X119.622 Y130.314 E589.98855
G1 X119.413 Y130.5 E590.00018
G1 X119.28 Y130.564 E590.00632
G1 X118.986 Y130.617 E590.01874
G1 X103.481 Y130.617 E590.66336
G1 X103.174 Y130.56 E590.67634
G0 F4800 X103.006 Y130.453
G0 X103.244 Y130.082
G0 X118.415 Y129.235
G0 X118.487 Y128.617
G0 X117.797 Y128.617
;TYPE:SKIN
G1 F1800 X112.782 Y128.617 E590.88484
G1 X112.783 Y128.517 E590.889
G1 X117.797 Y128.517 E591.09746
G1 X117.797 Y128.617 E591.10161
G0 F4800 X118.197 Y129.017
G1 F1800 X112.382 Y129.017 E591.34337
G1 X112.383 Y128.117 E591.38079
G1 X118.197 Y128.117 E591.62251
G1 X118.197 Y129.017 E591.65993
G0 F4800 X118.487 Y129.017
G0 X118.486 Y122.617
G0 X117.796 Y122.617
G1 F1800 X112.781 Y122.617 E591.86843
G1 X112.781 Y122.517 E591.87258
G1 X117.796 Y122.517 E592.08108
G1 X117.796 Y122.617 E592.08524
G0 F4800 X118.196 Y123.017
G1 F1800 X112.382 Y123.017 E592.32696
G1 X112.381 Y122.462 E592.35003
G1 X112.387 Y122.117 E592.36438
G1 X118.196 Y122.117 E592.60589
G1 X118.196 Y123.017 E592.64331
G0 F4800 X118.486 Y123.017
G0 X118.421 Y126.745
G0 X112.165 Y127.899
G0 X111.35 Y129.631
G0 X111.165 Y129.816
;TYPE:SKIN
G1 F1800 X110.882 Y129.816 E592.65476
G1 X104.942 Y129.816 E592.89517
G1 X104.811 Y129.664 E592.9033
G0 F4800 X104.845 Y129.631
G0 X111.263 Y130.001
G1 F1800 X111.382 Y129.882 E592.90679
G1 F1500 E586.40679
;MESH:NONMESH
G0 F300 X111.382 Y129.882 Z2.25
G0 F4800 X104.634 Y129.256
G0 X104.351 Y129.179
G0 X104.115 Y128.945
G0 X102.889 Y121.344
G0 X101.923 Y120.704
G0 X102.249 Y119.493
G0 X102.248 Y118.409
G0 X94.345 Y117.247
G0 X94.163 Y115.312
;TIME_ELAPSED:560.340892
;LAYER:8
;TYPE:WALL-INNER
;MESH:Switch Raiser Omron Tilted.stl(1)
G1 F1500 E592.90679
G1 X94.956 Y115.32 E592.93977
G1 X95.863 Y115.32 E592.97747
G1 X95.863 Y117.415 E593.06457
G1 X94.163 Y117.415 E593.13525
G1 X94.163 Y115.312 E593.22268
G0 F4800 X96.826 Y115.681
G0 X96.835 Y117.238
G0 X99.191 Y117.239
G0 X100.163 Y115.32
G1 F1500 X101.863 Y115.319 E593.29336
G1 X101.863 Y117.414 E593.38046
G1 X100.163 Y117.414 E593.45114
G1 X100.163 Y115.32 E593.5382
G0 F4800 X99.763 Y114.92
G1 F3000 X102.263 Y114.919 E593.64214
G1 X102.262 Y103.354 E594.12295
G1 X102.124 Y102.871 E594.14384
G1 X101.704 Y102.452 E594.1685
G1 X101.264 Y102.292 E594.18797
G1 X99.102 Y102.29 E594.27785
G1 X94.831 Y102.292 E594.45542
G1 X94.342 Y102.432 E594.47657
G1 X93.903 Y102.871 E594.50238
G1 X93.763 Y103.371 E594.52397
G1 X93.763 Y102.871 E594.52746
G1 X93.763 Y102.387 E594.54758
G1 X93.788 Y102.304 E594.55119
G1 X93.849 Y102.287 E594.55382
G1 X94.342 Y102.287 E594.57431
G1 X94.831 Y102.287 E594.57798
G1 X99.102 Y102.287 E594.57976
G1 X101.264 Y102.287 E594.58067
G1 X101.704 Y102.287 E594.58433
G1 X102.18 Y102.288 E594.60412
G1 X102.249 Y102.3 E594.60703
G1 X102.263 Y102.357 E594.60948
G1 X102.263 Y102.871 E594.63084
G1 X102.263 Y103.354 E594.63421
G1 X102.263 Y114.919 E595.11503
G1 X102.263 Y117.734 E595.23206
G1 X102.251 Y117.8 E595.23485
G1 X102.19 Y117.814 E595.23746
G1 X99.763 Y117.814 E595.33836
G1 X96.264 Y117.814 E595.48383
G1 X93.846 Y117.815 E595.58436
G1 X93.776 Y117.802 E595.58732
G1 X93.763 Y117.75 E595.58955
G1 X93.763 Y114.908 E595.7077
G1 X94.958 Y114.92 E595.75739
G1 X96.263 Y114.92 E595.81164
G1 X96.263 Y117.81 E595.9318
G1 X99.763 Y117.811 E595.93313
G1 X99.763 Y114.92 E596.05333
G0 F4800 X99.363 Y117.411
G1 F3000 X99.363 Y114.52 E596.17352
G1 X101.863 Y114.519 E596.27746
G1 X101.862 Y103.41 E596.73932
G1 X101.768 Y103.081 E596.75354
G1 X101.484 Y102.798 E596.77021
G1 X101.193 Y102.692 E596.78309
G1 X99.102 Y102.69 E596.87002
G1 X94.887 Y102.692 E597.04526
G1 X94.552 Y102.788 E597.05975
G1 X94.26 Y103.08 E597.07692
G1 X94.163 Y103.426 E597.09186
G1 X94.163 Y114.512 E597.55276
G1 X94.96 Y114.52 E597.5859
G1 X96.663 Y114.52 E597.6567
G1 X96.663 Y117.41 E597.77685
G1 X99.363 Y117.411 E597.88911
G0 F4800 X98.963 Y117.011
;TYPE:WALL-OUTER
G1 F3000 X98.963 Y114.12 E598.0093
G1 X101.463 Y114.119 E598.11324
G1 X101.462 Y103.466 E598.55614
G1 X101.412 Y103.291 E598.5637
G1 X101.264 Y103.144 E598.57238
G1 X101.122 Y103.092 E598.57866
G1 X99.102 Y103.09 E598.66265
G1 X94.943 Y103.092 E598.83556
G1 X94.762 Y103.144 E598.84339
G1 X94.617 Y103.289 E598.85191
G1 X94.563 Y103.481 E598.8602
G1 X94.563 Y114.116 E599.30236
G1 X94.962 Y114.12 E599.31895
G1 X97.063 Y114.12 E599.40629
G1 X97.063 Y117.01 E599.52645
G1 X98.963 Y117.011 E599.60544
G0 F4800 X98.963 Y116.811
G0 X99.403 Y116.811
G0 X102.435 Y118.167
;TYPE:WALL-INNER
G1 F3000 X102.235 Y118.214 E599.61398
G1 X93.809 Y118.215 E599.96429
G1 X93.622 Y118.18 E599.9722
G1 X93.494 Y118.099 E599.9785
G1 X93.412 Y117.99 E599.98417
G1 X93.363 Y117.802 E599.99225
G1 X93.363 Y102.327 E600.63562
G1 X93.446 Y102.054 E600.64749
G1 X93.556 Y101.954 E600.65367
G1 X93.794 Y101.887 E600.66395
G1 X102.218 Y101.888 E601.01418
G1 X102.411 Y101.923 E601.02233
G1 X102.529 Y101.997 E601.02812
G1 X102.613 Y102.109 E601.03394
G1 X102.663 Y102.308 E601.04247
G1 X102.663 Y117.769 E601.68527
G1 X102.628 Y117.957 E601.69322
G1 X102.549 Y118.083 E601.6994
G1 X102.435 Y118.167 E601.70529
G0 F4800 X102.615 Y118.531
;TYPE:WALL-OUTER
G1 F3000 X102.34 Y118.61 E601.71718
G1 X102.254 Y118.614 E601.72076
G1 X93.774 Y118.615 E602.07332
G1 X93.473 Y118.559 E602.08605
G1 X93.218 Y118.398 E602.09859
G1 X93.047 Y118.17 E602.11044
G1 X92.968 Y117.893 E602.12241
G1 X92.963 Y117.802 E602.1262
G1 X92.963 Y102.3 E602.7707
G1 X93.002 Y102.045 E602.78142
G1 X93.123 Y101.808 E602.79249
G1 X93.341 Y101.608 E602.80479
G1 X93.621 Y101.5 E602.81726
G1 X93.772 Y101.487 E602.82357
G1 X102.254 Y101.488 E603.17621
G1 X102.557 Y101.542 E603.189
G1 X102.806 Y101.699 E603.20124
G1 X102.977 Y101.927 E603.21309
G1 X103.059 Y102.208 E603.22526
G1 X103.063 Y102.288 E603.22859
G1 X103.063 Y117.803 E603.87363
G1 X103.007 Y118.107 E603.88648
G1 X102.847 Y118.36 E603.89892
G1 X102.615 Y118.531 E603.91091
G0 F4800 X102.423 Y118.586
G0 X102.303 Y118.163
G0 X101.753 Y116.614
G0 X101.063 Y116.614
;TYPE:SKIN
G1 F1800 X100.963 Y116.614 E603.91506
G1 X100.963 Y116.12 E603.9356
G1 X101.063 Y116.119 E603.93976
G1 X101.063 Y116.614 E603.96034
G0 F4800 X101.463 Y117.014
G1 F1800 X100.563 Y117.014 E603.99776
G1 X100.563 Y115.72 E604.05156
G1 X101.463 Y115.719 E604.08897
G1 X101.463 Y117.014 E604.14281
G0 F4800 X101.753 Y117.014
G0 X96.835 Y117.238
G0 X95.753 Y116.615
G0 X95.063 Y116.615
G1 F1800 X94.963 Y116.615 E604.14697
G1 X94.963 Y116.12 E604.16755
G1 X95.063 Y116.12 E604.17171
G1 X95.063 Y116.615 E604.19229
G0 F4800 X95.463 Y117.015
G1 F1800 X94.563 Y117.015 E604.22971
G1 X94.563 Y115.716 E604.28371
G1 X94.954 Y115.72 E604.29997
G1 X95.463 Y115.72 E604.32113
G1 X95.463 Y117.015 E604.37497
G0 F4800 X95.753 Y117.015
G0 X95.681 Y115.502
G0 X93.948 Y114.595
G0 X93.762 Y114.41
;TYPE:SKIN
G1 F1800 X93.762 Y114.127 E604.38634
G1 X93.762 Y103.945 E604.7953
G1 X93.803 Y103.702 E604.8052
G0 F4800 X93.658 Y103.557
G0 X93.577 Y114.508
G1 F1800 X93.776 Y114.706 E604.81104
G1 F1500 E598.31104
;MESH:Switch Raiser Omron Tilted.stl
G0 F4800 X94.324 Y103.448
G0 X94.405 Y103.165
G0 X94.637 Y102.932
G0 X102.844 Y102.298
G0 X105.17 Y102.298
G0 X106.15 Y102.103
;TYPE:WALL-INNER
G1 F1500 E604.81104
G1 X106.15 Y100.016 E604.8978
G1 X107.85 Y100.016 E604.96848
G1 X107.85 Y102.109 E605.0555
G1 X106.957 Y102.109 E605.09263
G1 X106.15 Y102.103 E605.12618
G0 F4800 X108.81 Y101.912
G0 X108.822 Y100.19
G0 X111.178 Y100.191
G0 X112.15 Y102.109
G1 F1500 X112.15 Y100.015 E605.21324
G1 X113.85 Y100.015 E605.28391
G1 X113.85 Y102.121 E605.37147
G1 X113.06 Y102.109 E605.40432
G1 X112.15 Y102.109 E605.44215
G0 F4800 X111.75 Y102.509
G1 F3000 X111.75 Y99.619 E605.5623
G1 X108.25 Y99.618 E605.70782
G1 X108.25 Y102.509 E605.82801
G1 X106.954 Y102.509 E605.88189
G1 X105.75 Y102.5 E605.93195
G1 X105.751 Y114.082 E606.41347
G1 X105.896 Y114.562 E606.43432
G1 X106.316 Y114.985 E606.4591
G1 X106.757 Y115.137 E606.4785
G1 X108.911 Y115.139 E606.56805
G1 X113.176 Y115.137 E606.74537
G1 X113.664 Y115.005 E606.76639
G1 X114.11 Y114.556 E606.7927
G1 X114.25 Y114.059 E606.81416
G1 X114.25 Y114.556 E606.81764
G1 X114.25 Y115.055 E606.83838
G1 X114.214 Y115.136 E606.84207
G1 X114.185 Y115.143 E606.84331
G1 X113.664 Y115.143 E606.86497
G1 X113.176 Y115.143 E606.86849
G1 X108.911 Y115.143 E606.87071
G1 X106.757 Y115.143 E606.87184
G1 X106.316 Y115.143 E606.87539
G1 X105.829 Y115.142 E606.89564
G1 X105.761 Y115.13 E606.89851
G1 X105.75 Y115.092 E606.90015
G1 X105.75 Y114.562 E606.92219
G1 X105.75 Y114.082 E606.92569
G1 X105.75 Y102.5 E607.40722
G1 X105.75 Y99.695 E607.52384
G1 X105.762 Y99.628 E607.52667
G1 X105.816 Y99.616 E607.52897
G1 X108.25 Y99.616 E607.63016
G1 X111.749 Y99.616 E607.63109
G1 X114.165 Y99.615 E607.73154
G1 X114.239 Y99.629 E607.73467
G1 X114.25 Y99.666 E607.73627
G1 X114.25 Y102.527 E607.85522
G1 X113.057 Y102.509 E607.90482
G1 X111.75 Y102.509 E607.95916
G0 F4800 X113.678 Y103.09
G0 X113.689 Y113.982
G0 X113.456 Y114.647
G1 F3000 X113.753 Y114.348 E607.97669
G1 X113.85 Y114.004 E607.99154
G1 X113.85 Y102.921 E608.45232
G1 X113.054 Y102.909 E608.48542
G1 X111.35 Y102.909 E608.55626
G1 X111.35 Y100.019 E608.67642
G1 X108.65 Y100.018 E608.78867
G1 X108.65 Y102.909 E608.90886
G1 X106.951 Y102.909 E608.9795
G1 X106.15 Y102.903 E609.0128
G1 X106.151 Y114.023 E609.47512
G1 X106.25 Y114.351 E609.48936
G1 X106.534 Y114.637 E609.50612
G1 X106.824 Y114.737 E609.51887
G1 X108.911 Y114.739 E609.60564
G1 X113.123 Y114.737 E609.78075
G1 X113.456 Y114.647 E609.7951
G0 F4800 X113.248 Y114.289
;TYPE:WALL-OUTER
G1 F3000 X113.396 Y114.14 E609.80383
G1 X113.45 Y113.949 E609.81208
G1 X113.45 Y103.315 E610.25419
G1 X113.051 Y103.309 E610.27078
G1 X110.95 Y103.309 E610.35813
G1 X110.95 Y100.419 E610.47828
G1 X109.05 Y100.418 E610.55727
G1 X109.05 Y103.309 E610.67747
G1 X106.948 Y103.309 E610.76486
G1 X106.55 Y103.306 E610.78141
G1 X106.551 Y113.964 E611.22451
G1 X106.604 Y114.14 E611.23216
G1 X106.752 Y114.289 E611.24089
G1 X106.891 Y114.337 E611.247
G1 X108.911 Y114.339 E611.33098
G1 X113.07 Y114.337 E611.50389
G1 X113.248 Y114.289 E611.51156
G0 F4800 X113.388 Y114.148
G0 X113.7 Y114.459
G0 X105.604 Y115.507
;TYPE:WALL-INNER
G1 F3000 X105.483 Y115.431 E611.5175
G1 X105.401 Y115.321 E611.5232
G1 X105.35 Y115.149 E611.53066
G1 X105.35 Y99.661 E612.17458
G1 X105.384 Y99.475 E612.18244
G1 X105.462 Y99.35 E612.18857
G1 X105.592 Y99.257 E612.19521
G1 X105.769 Y99.216 E612.20276
G1 X114.2 Y99.215 E612.55329
G1 X114.389 Y99.25 E612.56128
G1 X114.52 Y99.331 E612.56768
G1 X114.602 Y99.441 E612.57338
G1 X114.65 Y99.61 E612.58069
G1 X114.65 Y115.094 E613.22444
G1 X114.612 Y115.292 E613.23282
G1 X114.429 Y115.494 E613.24415
G1 X114.235 Y115.543 E613.25247
G1 X105.795 Y115.542 E613.60337
G1 X105.604 Y115.507 E613.61144
G0 F4800 X105.456 Y115.886
;TYPE:WALL-OUTER
G1 F3000 X105.207 Y115.731 E613.62363
G1 X105.037 Y115.503 E613.63546
G1 X104.954 Y115.218 E613.6478
G1 X104.95 Y115.142 E613.65096
G1 X104.95 Y99.627 E614.296
G1 X105.005 Y99.327 E614.30868
G1 X105.165 Y99.071 E614.32123
G1 X105.421 Y98.887 E614.33434
G1 X105.694 Y98.818 E614.34605
G1 X105.756 Y98.816 E614.34863
G1 X114.239 Y98.815 E614.70131
G1 X114.535 Y98.869 E614.71382
G1 X114.796 Y99.031 E614.72659
G1 X114.967 Y99.263 E614.73857
G1 X115.046 Y99.541 E614.75059
G1 X115.05 Y99.617 E614.75375
G1 X115.05 Y115.132 E615.39879
G1 X114.991 Y115.442 E615.41191
G1 X114.835 Y115.688 E615.42402
G1 X114.611 Y115.857 E615.43569
G1 X114.331 Y115.938 E615.4478
G1 X114.239 Y115.943 E615.45163
G1 X105.761 Y115.942 E615.80411
G1 X105.456 Y115.886 E615.817
G0 F4800 X105.287 Y115.781
G0 X105.52 Y115.408
G0 X106.332 Y100.198
G0 X106.95 Y100.126
G0 X106.95 Y100.816
;TYPE:SKIN
G1 F1800 X107.05 Y100.816 E615.82116
G1 X107.05 Y101.309 E615.84165
G1 X106.95 Y101.309 E615.84581
G1 X106.95 Y100.816 E615.86631
G0 F4800 X106.55 Y100.416
G1 F1800 X107.45 Y100.416 E615.90373
G1 X107.45 Y101.709 E615.95748
G1 X106.96 Y101.709 E615.97785
G1 X106.55 Y101.706 E615.9949
G1 X106.55 Y100.416 E616.04853
G0 F4800 X106.55 Y100.126
G0 X111.178 Y100.191
G0 X112.332 Y101.927
G0 X113.668 Y101.936
G0 X113.74 Y101.309
G0 X113.05 Y101.309
G1 F1800 X112.95 Y101.309 E616.05269
G1 X112.95 Y100.815 E616.07323
G1 X113.05 Y100.815 E616.07739
G1 X113.05 Y101.309 E616.09792
G0 F4800 X113.064 Y101.709
G1 F1800 X112.55 Y101.709 E616.11929
G1 X112.55 Y100.415 E616.17309
G1 X113.45 Y100.415 E616.21051
G1 X113.45 Y101.715 E616.26456
G1 X113.064 Y101.709 E616.28061
G0 F4800 X113.062 Y101.999
G0 X114.064 Y102.75
G0 X114.249 Y102.935
;TYPE:SKIN
G1 F1800 X114.379 Y102.783 E616.28825
G1 X114.249 Y103.501 E616.31613
G1 X114.249 Y113.683 E616.70521
G1 X114.093 Y113.81 E616.71289
G0 F4800 X114.122 Y113.839
G1 F1500 E610.21289
;MESH:Switch Raiser Omron Tilted.stl(2)
G0 F4800 X114.831 Y115.115
G0 X117.19 Y115.115
G0 X118.17 Y115.15
;TYPE:WALL-INNER
G1 F1500 E616.71289
G1 X118.963 Y115.158 E616.74586
G1 X119.87 Y115.158 E616.78357
G1 X119.87 Y117.252 E616.87063
G1 X118.17 Y117.252 E616.94131
G1 X118.17 Y115.15 E617.0287
G0 F4800 X120.833 Y115.519
G0 X120.842 Y117.076
G0 X123.198 Y117.077
G0 X124.17 Y115.158
G1 F1500 X125.87 Y115.157 E617.09938
G1 X125.87 Y117.251 E617.18644
G1 X124.17 Y117.251 E617.25711
G1 X124.17 Y115.158 E617.34413
G0 F4800 X123.77 Y114.758
G1 F3000 X126.27 Y114.757 E617.44807
G1 X126.269 Y103.186 E617.92913
G1 X126.124 Y102.704 E617.95006
G1 X125.712 Y102.292 E617.97428
G1 X125.271 Y102.13 E617.99382
G1 X123.109 Y102.128 E618.0837
G1 X118.838 Y102.13 E618.26127
G1 X118.349 Y102.27 E618.28242
G1 X117.91 Y102.709 E618.30823
G1 X117.77 Y103.209 E618.32982
G1 X117.77 Y102.709 E618.33331
G1 X117.77 Y102.226 E618.35339
G1 X117.796 Y102.14 E618.35712
G1 X117.854 Y102.124 E618.35963
G1 X118.349 Y102.124 E618.38021
G1 X118.838 Y102.124 E618.38393
G1 X123.109 Y102.124 E618.38615
G1 X125.271 Y102.124 E618.38728
G1 X125.712 Y102.124 E618.39105
G1 X126.191 Y102.125 E618.41096
G1 X126.258 Y102.137 E618.41379
G1 X126.27 Y102.176 E618.41549
G1 X126.27 Y102.704 E618.43744
G1 X126.27 Y103.186 E618.44096
G1 X126.27 Y114.757 E618.92203
G1 X126.27 Y117.573 E619.0391
G1 X126.258 Y117.64 E619.04193
G1 X126.21 Y117.651 E619.04398
G1 X123.77 Y117.651 E619.14543
G1 X120.271 Y117.651 E619.2909
G1 X117.855 Y117.652 E619.39134
G1 X117.782 Y117.638 E619.39443
G1 X117.77 Y117.598 E619.39617
G1 X117.77 Y114.746 E619.51474
G1 X118.965 Y114.758 E619.56443
G1 X120.27 Y114.758 E619.61868
G1 X120.27 Y117.648 E619.73883
G1 X123.77 Y117.649 E619.73981
G1 X123.77 Y114.758 E619.86
G0 F4800 X123.198 Y117.077
G0 X120.67 Y117.248
G1 F3000 X123.37 Y117.249 E619.97225
G1 X123.37 Y114.358 E620.09245
G1 X125.87 Y114.357 E620.19639
G1 X125.869 Y103.245 E620.65837
G1 X125.77 Y102.916 E620.67265
G1 X125.491 Y102.637 E620.68906
G1 X125.2 Y102.53 E620.70195
G1 X123.109 Y102.528 E620.78888
G1 X118.894 Y102.53 E620.96412
G1 X118.559 Y102.626 E620.97861
G1 X118.267 Y102.918 E620.99578
G1 X118.17 Y103.264 E621.01072
G1 X118.17 Y114.35 E621.47162
G1 X118.967 Y114.358 E621.50476
G1 X120.67 Y114.358 E621.57556
G1 X120.67 Y117.248 E621.69571
G0 F4800 X121.07 Y116.848
;TYPE:WALL-OUTER
G1 F3000 X122.97 Y116.849 E621.7747
G1 X122.97 Y113.958 E621.8949
G1 X125.47 Y113.957 E621.99884
G1 X125.469 Y103.304 E622.44174
G1 X125.416 Y103.127 E622.44942
G1 X125.271 Y102.982 E622.45794
G1 X125.129 Y102.93 E622.46423
G1 X123.109 Y102.928 E622.54821
G1 X118.95 Y102.93 E622.72112
G1 X118.769 Y102.982 E622.72895
G1 X118.624 Y103.127 E622.73748
G1 X118.57 Y103.319 E622.74577
G1 X118.57 Y113.954 E623.18792
G1 X118.969 Y113.958 E623.20451
G1 X121.07 Y113.958 E623.29186
G1 X121.07 Y116.848 E623.41201
G0 F4800 X121.27 Y116.848
G0 X121.269 Y117.288
G0 X117.631 Y118.017
;TYPE:WALL-INNER
G1 F3000 X117.498 Y117.935 E623.41851
G1 X117.422 Y117.833 E623.4238
G1 X117.37 Y117.657 E623.43143
G1 X117.37 Y102.168 E624.07539
G1 X117.452 Y101.894 E624.08728
G1 X117.564 Y101.79 E624.09363
G1 X117.798 Y101.724 E624.10374
G1 X126.225 Y101.725 E624.45409
G1 X126.416 Y101.76 E624.46217
G1 X126.539 Y101.838 E624.46822
G1 X126.619 Y101.945 E624.47378
G1 X126.67 Y102.119 E624.48131
G1 X126.67 Y117.607 E625.12523
G1 X126.636 Y117.793 E625.13309
G1 X126.558 Y117.918 E625.13922
G1 X126.426 Y118.012 E625.14595
G1 X126.252 Y118.051 E625.15337
G1 X117.82 Y118.052 E625.50393
G1 X117.631 Y118.017 E625.51192
G0 F4800 X117.485 Y118.398
;TYPE:WALL-OUTER
G1 F3000 X117.224 Y118.236 E625.52469
G1 X117.058 Y118.015 E625.53618
G1 X116.974 Y117.726 E625.5487
G1 X116.97 Y117.651 E625.55182
G1 X116.97 Y102.136 E626.19686
G1 X117.008 Y101.881 E626.20758
G1 X117.13 Y101.646 E626.21858
G1 X117.346 Y101.446 E626.23082
G1 X117.625 Y101.339 E626.24325
G1 X117.781 Y101.324 E626.24976
G1 X126.259 Y101.325 E626.60224
G1 X126.564 Y101.381 E626.61513
G1 X126.816 Y101.54 E626.62752
G1 X126.983 Y101.765 E626.63917
G1 X127.066 Y102.05 E626.65151
G1 X127.07 Y102.126 E626.65467
G1 X127.07 Y117.641 E627.29971
G1 X127.015 Y117.941 E627.31239
G1 X126.854 Y118.198 E627.325
G1 X126.599 Y118.38 E627.33802
G1 X126.331 Y118.449 E627.34953
G1 X126.264 Y118.451 E627.35232
G1 X117.781 Y118.452 E627.705
G1 X117.485 Y118.398 E627.71751
G0 F4800 X117.315 Y118.293
G0 X117.548 Y117.919
G0 X119.688 Y117.07
G0 X119.76 Y116.452
G0 X119.07 Y116.452
;TYPE:SKIN
G1 F1800 X118.97 Y116.452 E627.72167
G1 X118.97 Y115.958 E627.7422
G1 X119.07 Y115.958 E627.74636
G1 X119.07 Y116.452 E627.7669
G0 F4800 X119.47 Y116.852
G1 F1800 X118.57 Y116.852 E627.80432
G1 X118.57 Y115.554 E627.85828
G1 X118.961 Y115.558 E627.87454
G1 X119.47 Y115.558 E627.8957
G1 X119.47 Y116.852 E627.9495
G0 F4800 X119.76 Y116.852
G0 X120.842 Y117.076
G0 X125.688 Y117.069
G0 X125.76 Y116.451
G0 X125.07 Y116.451
G1 F1800 X124.97 Y116.451 E627.95366
G1 X124.97 Y115.958 E627.97415
G1 X125.07 Y115.957 E627.97831
G1 X125.07 Y116.451 E627.99885
G0 F4800 X125.47 Y116.851
G1 F1800 X124.57 Y116.851 E628.03627
G1 X124.57 Y115.558 E628.09002
G1 X125.47 Y115.557 E628.12744
G1 X125.47 Y116.851 E628.18124
G0 F4800 X125.76 Y116.851
G0 X120.842 Y117.076
G0 X120.833 Y115.717
G0 X117.941 Y114.547
G0 X117.762 Y114.368
;TYPE:SKIN
G1 F1800 X117.769 Y114.092 E628.19221
G1 X117.769 Y103.626 E628.608
G1 X117.9 Y103.475 E628.61594
G0 F4800 X117.954 Y103.529
G0 X117.584 Y114.472
G1 F1800 X117.655 Y114.544 E628.61804
G1 F1500 E622.11804
;MESH:Switch Raiser Omron Tilted.stl(3)
G0 F4800 X118.582 Y118.251
G0 X118.582 Y120.737
G0 X118.582 Y121.717
;TYPE:WALL-INNER
G1 F1500 E628.61804
G1 X118.582 Y123.417 E628.68872
G1 X116.488 Y123.417 E628.77578
G1 X116.487 Y121.717 E628.84646
G1 X118.582 Y121.717 E628.93356
G0 F4800 X118.583 Y127.717
G1 F1500 X118.583 Y129.417 E629.00423
G1 X116.48 Y129.417 E629.09167
G1 X116.488 Y128.624 E629.12464
G1 X116.488 Y127.717 E629.16235
G1 X118.583 Y127.717 E629.24945
G0 F4800 X118.979 Y127.317
G1 F3000 X118.98 Y123.817 E629.39496
G1 X116.088 Y123.817 E629.51519
G1 X116.087 Y121.317 E629.61913
G1 X104.516 Y121.318 E630.1002
G1 X104.035 Y121.463 E630.12108
G1 X103.62 Y121.876 E630.14543
G1 X103.46 Y122.317 E630.16493
G1 X103.458 Y124.478 E630.25477
G1 X103.46 Y128.749 E630.43234
G1 X103.6 Y129.236 E630.45341
G1 X104.043 Y129.682 E630.47954
G1 X104.543 Y129.817 E630.50108
G1 X104.043 Y129.817 E630.50444
G1 X103.555 Y129.817 E630.52473
G1 X103.47 Y129.792 E630.52841
G1 X103.455 Y129.743 E630.53054
G1 X103.455 Y129.236 E630.55162
G1 X103.455 Y128.749 E630.55526
G1 X103.455 Y124.478 E630.55704
G1 X103.455 Y122.317 E630.55794
G1 X103.455 Y121.876 E630.56161
G1 X103.456 Y121.398 E630.58149
G1 X103.468 Y121.333 E630.58423
G1 X103.528 Y121.317 E630.58682
G1 X104.035 Y121.317 E630.60789
G1 X104.516 Y121.317 E630.61141
G1 X116.087 Y121.317 E631.09248
G1 X118.896 Y121.317 E631.20926
G1 X118.969 Y121.33 E631.21234
G1 X118.982 Y121.374 E631.21425
G1 X118.982 Y123.817 E631.31582
G1 X118.982 Y127.316 E631.31675
G1 X118.983 Y129.733 E631.41724
G1 X118.97 Y129.804 E631.42024
G1 X118.896 Y129.817 E631.42336
G1 X116.076 Y129.817 E631.5406
G1 X116.088 Y128.622 E631.59029
G1 X116.088 Y127.317 E631.64454
G1 X118.979 Y127.317 E631.76474
G0 F4800 X116.67 Y127.899
G0 X115.68 Y129.417
G1 F3000 X115.688 Y128.62 E631.79788
G1 X115.688 Y126.917 E631.86868
G1 X118.579 Y126.917 E631.98887
G1 X118.58 Y124.217 E632.10112
G1 X115.688 Y124.217 E632.22136
G1 X115.687 Y121.717 E632.3253
G1 X104.575 Y121.718 E632.78728
G1 X104.246 Y121.817 E632.80157
G1 X103.966 Y122.096 E632.818
G1 X103.86 Y122.388 E632.83091
G1 X103.858 Y124.478 E632.91781
G1 X103.86 Y128.693 E633.09305
G1 X103.956 Y129.027 E633.10749
G1 X104.251 Y129.324 E633.1249
G1 X104.596 Y129.417 E633.13975
G1 X115.68 Y129.417 E633.60057
G0 F4800 X115.284 Y129.017
;TYPE:WALL-OUTER
G1 F3000 X115.288 Y128.618 E633.61716
G1 X115.288 Y126.517 E633.70451
G1 X118.179 Y126.517 E633.8247
G1 X118.18 Y124.617 E633.9037
G1 X115.288 Y124.617 E634.02393
G1 X115.287 Y122.117 E634.12787
G1 X104.634 Y122.118 E634.57077
G1 X104.457 Y122.171 E634.57845
G1 X104.312 Y122.316 E634.58698
G1 X104.26 Y122.459 E634.5933
G1 X104.258 Y124.478 E634.67724
G1 X104.26 Y128.637 E634.85016
G1 X104.312 Y128.818 E634.85799
G1 X104.459 Y128.966 E634.86666
G1 X104.649 Y129.017 E634.87484
G1 X115.284 Y129.017 E635.31699
G0 F4800 X115.286 Y128.817
G0 X115.726 Y128.822
G0 X115.51 Y129.245
G0 X103.223 Y130.135
;TYPE:WALL-INNER
G1 F3000 X103.122 Y130.025 E635.3232
G1 X103.055 Y129.803 E635.33284
G1 X103.056 Y121.362 E635.68377
G1 X103.089 Y121.177 E635.69159
G1 X103.169 Y121.049 E635.69786
G1 X103.274 Y120.97 E635.70333
G1 X103.476 Y120.917 E635.71201
G1 X118.93 Y120.917 E636.35451
G1 X119.126 Y120.953 E636.3628
G1 X119.251 Y121.031 E636.36892
G1 X119.331 Y121.138 E636.37448
G1 X119.382 Y121.317 E636.38221
G1 X119.383 Y129.767 E636.73352
G1 X119.348 Y129.958 E636.7416
G1 X119.268 Y130.087 E636.74791
G1 X119.145 Y130.179 E636.75429
G1 X118.934 Y130.217 E636.76321
G1 X103.498 Y130.217 E637.40496
G1 X103.223 Y130.135 E637.41689
G0 F4800 X103.216 Y130.58
;TYPE:WALL-OUTER
G1 F3000 X102.979 Y130.46 E637.42794
G1 X102.776 Y130.24 E637.44038
G1 X102.668 Y129.962 E637.45278
G1 X102.655 Y129.817 E637.45883
G1 X102.656 Y121.326 E637.81185
G1 X102.708 Y121.032 E637.82426
G1 X102.868 Y120.774 E637.83688
G1 X103.095 Y120.604 E637.84867
G1 X103.402 Y120.521 E637.8619
G1 X103.467 Y120.517 E637.8646
G1 X118.969 Y120.517 E638.5091
G1 X119.271 Y120.572 E638.52186
G1 X119.527 Y120.732 E638.53441
G1 X119.695 Y120.956 E638.54606
G1 X119.778 Y121.241 E638.5584
G1 X119.782 Y121.317 E638.56156
G1 X119.783 Y129.806 E638.91449
G1 X119.729 Y130.103 E638.92704
G1 X119.567 Y130.362 E638.93974
G1 X119.345 Y130.529 E638.95129
G1 X119.266 Y130.564 E638.95489
G1 X118.972 Y130.617 E638.96731
G1 X103.466 Y130.617 E639.61197
G1 X103.216 Y130.58 E639.62248
G0 F4800 X103.038 Y130.49
G0 X103.238 Y130.097
G0 X118.401 Y129.235
G0 X118.473 Y128.617
G0 X117.783 Y128.617
;TYPE:SKIN
G1 F1800 X117.288 Y128.617 E639.64306
G1 X117.288 Y128.517 E639.64721
G1 X117.783 Y128.517 E639.66779
G1 X117.783 Y128.617 E639.67195
G0 F4800 X118.183 Y129.017
G1 F1800 X116.884 Y129.017 E639.72596
G1 X116.888 Y128.626 E639.74221
G1 X116.888 Y128.117 E639.76338
G1 X118.183 Y128.117 E639.81722
G1 X118.183 Y129.017 E639.85463
G0 F4800 X118.473 Y129.017
G0 X118.472 Y122.617
G0 X117.782 Y122.617
G1 F1800 X117.288 Y122.617 E639.87517
G1 X117.287 Y122.517 E639.87933
G1 X117.782 Y122.517 E639.89991
G1 X117.782 Y122.617 E639.90407
G0 F4800 X118.182 Y123.017
G1 F1800 X116.888 Y123.017 E639.95787
G1 X116.887 Y122.117 E639.99528
G1 X118.182 Y122.117 E640.04912
G1 X118.182 Y123.017 E640.08654
G0 F4800 X118.472 Y123.017
G0 X118.407 Y126.745
G0 X117.225 Y126.751
G0 X115.772 Y129.631
G0 X115.824 Y129.683
;TYPE:SKIN
G1 F1800 X115.674 Y129.816 E640.09427
G1 X104.926 Y129.816 E640.50892
G1 X104.779 Y129.952 E640.51665
G0 F4800 X104.828 Y130.001
G1 F1500 E634.01665
;MESH:NONMESH
G0 F300 X104.828 Y130.001 Z2.5
G0 F4800 X104.1 Y128.943
G0 X102.875 Y121.345
G0 X101.903 Y120.715
G0 X102.246 Y119.479
G0 X102.245 Y118.395
G0 X101.701 Y103.433
G0 X101.624 Y103.166
G0 X101.395 Y102.938
G0 X93.776 Y102.287
;TIME_ELAPSED:610.403497
;LAYER:9
;TYPE:WALL-INNER
;MESH:Switch Raiser Omron Tilted.stl(1)
G1 F1500 E640.51665
G1 F3000 X93.837 Y102.273 E640.51925
G1 X94.781 Y102.273 E640.5585
G1 X99.246 Y102.273 E640.74413
G1 X101.236 Y102.273 E640.82687
G1 X101.674 Y102.274 E640.84508
G1 X102.218 Y102.275 E640.86769
G1 X102.263 Y102.344 E640.87112
G1 X102.263 Y102.84 E640.89174
G1 X102.263 Y103.333 E640.91224
G1 X102.263 Y116.709 E641.46835
G1 X102.263 Y117.188 E641.48826
G1 X102.263 Y117.721 E641.51042
G1 X102.232 Y117.791 E641.5136
G1 X102.197 Y117.8 E641.5151
G1 X101.699 Y117.8 E641.53581
G1 X101.192 Y117.8 E641.55689
G1 X94.847 Y117.8 E641.82068
G1 X94.371 Y117.8 E641.84047
G1 X93.848 Y117.801 E641.86222
G1 X93.776 Y117.788 E641.86526
G1 X93.763 Y117.736 E641.86749
G1 X93.763 Y117.241 E641.88807
G1 X93.763 Y116.735 E641.9091
G1 X93.918 Y117.241 E641.91396
G1 X94.37 Y117.672 E641.93993
G1 X94.847 Y117.797 E641.94418
G1 X101.192 Y117.797 E641.94616
G1 X101.699 Y117.649 E641.95094
G1 X102.139 Y117.188 E641.97743
G1 X102.263 Y116.709 E641.98103
G1 X102.262 Y103.333 E642.53714
G1 X102.116 Y102.84 E642.54165
G1 X101.674 Y102.422 E642.56694
G1 X101.236 Y102.278 E642.57181
G1 X99.246 Y102.276 E642.57264
G1 X94.781 Y102.278 E642.5745
G1 X94.184 Y102.516 E642.57886
G1 X93.831 Y103.025 E642.60461
G1 X93.763 Y103.396 E642.6203
G1 X93.763 Y102.359 E642.66341
G1 X93.776 Y102.287 E642.66645
G0 F4800 X94.324 Y116.65
G0 X94.412 Y116.937
G0 X94.652 Y117.164
G0 X101.484 Y117.295
G1 F3000 X101.778 Y116.987 E642.68415
G1 X101.863 Y116.658 E642.69828
G1 X101.862 Y103.391 E643.24986
G1 X101.763 Y103.057 E643.26434
G1 X101.464 Y102.774 E643.28146
G1 X101.172 Y102.678 E643.29424
G1 X99.246 Y102.676 E643.37431
G1 X94.858 Y102.678 E643.55674
G1 X94.444 Y102.843 E643.57527
G1 X94.209 Y103.182 E643.59242
G1 X94.163 Y103.432 E643.60299
G1 X94.163 Y116.675 E644.15357
G1 X94.27 Y117.024 E644.16875
G1 X94.571 Y117.311 E644.18604
G1 X94.899 Y117.397 E644.20013
G1 X101.135 Y117.397 E644.4594
G1 X101.484 Y117.295 E644.47451
G0 F4800 X101.269 Y116.941
;TYPE:WALL-OUTER
G1 F3000 X101.417 Y116.786 E644.48342
G1 X101.463 Y116.607 E644.49111
G1 X101.462 Y103.449 E645.03815
G1 X101.41 Y103.274 E645.04574
G1 X101.254 Y103.126 E645.05468
G1 X101.108 Y103.078 E645.06107
G1 X99.246 Y103.076 E645.13849
G1 X94.935 Y103.078 E645.31772
G1 X94.704 Y103.17 E645.32805
G1 X94.587 Y103.339 E645.3366
G1 X94.563 Y103.469 E645.3421
G1 X94.563 Y116.615 E645.88864
G1 X94.622 Y116.807 E645.89699
G1 X94.772 Y116.95 E645.90561
G1 X94.951 Y116.997 E645.9133
G1 X101.078 Y116.997 E646.16803
G1 X101.269 Y116.941 E646.17631
G0 F4800 X101.407 Y116.797
G0 X101.724 Y117.101
G0 X102.453 Y118.145
;TYPE:WALL-INNER
G1 F3000 X102.251 Y118.2 E646.18501
G1 X93.813 Y118.201 E646.53583
G1 X93.624 Y118.166 E646.54382
G1 X93.494 Y118.085 E646.55018
G1 X93.412 Y117.976 E646.55586
G1 X93.363 Y117.788 E646.56393
G1 X93.363 Y102.323 E647.20689
G1 X93.4 Y102.125 E647.21527
G1 X93.475 Y102.006 E647.22112
G1 X93.595 Y101.918 E647.2273
G1 X93.791 Y101.873 E647.23566
G1 X102.26 Y101.875 E647.58776
G1 X102.405 Y101.905 E647.59392
G1 X102.533 Y101.987 E647.60024
G1 X102.615 Y102.098 E647.60598
G1 X102.663 Y102.294 E647.61437
G1 X102.663 Y117.755 E648.25716
G1 X102.628 Y117.945 E648.26519
G1 X102.453 Y118.145 E648.27624
G0 F4800 X102.642 Y118.504
;TYPE:WALL-OUTER
G1 F3000 X102.362 Y118.594 E648.28847
G1 X102.257 Y118.6 E648.29284
G1 X93.774 Y118.601 E648.64552
G1 X93.478 Y118.547 E648.65803
G1 X93.218 Y118.384 E648.67079
G1 X93.047 Y118.156 E648.68264
G1 X92.968 Y117.879 E648.69461
G1 X92.963 Y117.788 E648.6984
G1 X92.963 Y102.286 E649.3429
G1 X93.021 Y101.976 E649.35601
G1 X93.178 Y101.728 E649.36822
G1 X93.415 Y101.553 E649.38047
G1 X93.687 Y101.477 E649.39221
G1 X93.772 Y101.473 E649.39574
G1 X102.304 Y101.475 E649.75046
G1 X102.557 Y101.528 E649.76121
G1 X102.809 Y101.688 E649.77362
G1 X102.981 Y101.92 E649.78563
G1 X103.059 Y102.194 E649.79747
G1 X103.063 Y102.274 E649.8008
G1 X103.063 Y117.789 E650.44584
G1 X103.007 Y118.093 E650.45869
G1 X102.848 Y118.345 E650.47108
G1 X102.642 Y118.504 E650.4819
G0 F4800 X102.452 Y118.565
G0 X102.319 Y118.146
G0 X94.652 Y117.164
G0 X93.947 Y116.487
G0 X93.927 Y116.506
;TYPE:SKIN
G1 F1800 X93.77 Y116.381 E650.48965
G1 X93.762 Y110.449 E650.71879
G1 X93.762 Y103.944 E650.97007
G1 X93.699 Y103.723 E650.97894
G0 F4800 X93.577 Y103.846
G1 F1500 E644.47894
;MESH:Switch Raiser Omron Tilted.stl
G0 F4800 X94.55 Y102.976
G0 X102.474 Y101.735
G0 X105.17 Y101.735
G0 X105.75 Y100.718
;TYPE:WALL-INNER
G1 F1500 E650.97894
G1 F3000 X105.751 Y114.109 E651.53568
G1 X105.918 Y114.614 E651.55779
G1 X106.377 Y115.037 E651.58374
G1 X106.848 Y115.152 E651.6039
G1 X113.177 Y115.151 E651.86703
G1 X113.679 Y115.013 E651.88867
G1 X114.121 Y114.546 E651.91541
G1 X114.25 Y114.068 E651.93599
G1 X114.25 Y114.546 E651.93906
G1 X114.25 Y115.078 E651.96118
G1 X114.238 Y115.143 E651.96393
G1 X114.183 Y115.157 E651.96629
G1 X113.679 Y115.157 E651.98724
G1 X113.177 Y115.157 E651.99101
G1 X106.848 Y115.157 E651.99464
G1 X106.377 Y115.157 E651.9976
G1 X105.835 Y115.156 E652.02014
G1 X105.76 Y115.143 E652.0233
G1 X105.75 Y115.106 E652.02489
G1 X105.75 Y114.614 E652.04535
G1 X105.75 Y114.109 E652.04958
G1 X105.75 Y100.718 E652.60632
G1 X105.75 Y100.241 E652.62615
G1 X105.75 Y99.709 E652.64827
G1 X105.762 Y99.645 E652.65097
G1 X105.826 Y99.63 E652.65371
G1 X106.309 Y99.63 E652.67379
G1 X106.817 Y99.63 E652.69491
G1 X113.167 Y99.63 E652.95891
G1 X113.645 Y99.63 E652.97878
G1 X114.168 Y99.629 E653.00053
G1 X114.239 Y99.642 E653.00353
G1 X114.25 Y99.68 E653.00517
G1 X114.25 Y100.189 E653.02633
G1 X114.25 Y100.696 E653.04741
G1 X114.095 Y100.189 E653.05228
G1 X113.646 Y99.761 E653.07807
G1 X113.167 Y99.632 E653.08242
G1 X106.817 Y99.632 E653.08375
G1 X106.309 Y99.786 E653.08867
G1 X105.878 Y100.241 E653.11473
G1 X105.75 Y100.718 E653.11844
G0 F4800 X106.312 Y114.019
G0 X106.405 Y114.299
G0 X106.651 Y114.526
G0 X113.465 Y114.657
G1 F3000 X113.761 Y114.344 E653.13635
G1 X113.85 Y114.015 E653.15052
G1 X113.85 Y100.756 E653.70176
G1 X113.743 Y100.406 E653.71698
G1 X113.444 Y100.121 E653.73415
G1 X113.114 Y100.032 E653.74836
G1 X106.876 Y100.032 E654.00771
G1 X106.526 Y100.138 E654.02291
G1 X106.238 Y100.442 E654.04032
G1 X106.15 Y100.771 E654.05448
G1 X106.151 Y114.045 E654.60635
G1 X106.265 Y114.39 E654.62146
G1 X106.572 Y114.673 E654.63882
G1 X106.896 Y114.752 E654.65268
G1 X113.123 Y114.751 E654.91157
G1 X113.465 Y114.657 E654.92632
G0 F4800 X113.251 Y114.301
;TYPE:WALL-OUTER
G1 F3000 X113.401 Y114.142 E654.9354
G1 X113.45 Y113.962 E654.94316
G1 X113.45 Y100.816 E655.48971
G1 X113.391 Y100.623 E655.4981
G1 X113.242 Y100.481 E655.50665
G1 X113.061 Y100.432 E655.51445
G1 X106.935 Y100.432 E655.76914
G1 X106.743 Y100.49 E655.77748
G1 X106.598 Y100.643 E655.78624
G1 X106.55 Y100.823 E655.79399
G1 X106.551 Y113.981 E656.34103
G1 X106.612 Y114.166 E656.34913
G1 X106.767 Y114.309 E656.3579
G1 X106.944 Y114.352 E656.36547
G1 X113.069 Y114.351 E656.62012
G1 X113.251 Y114.301 E656.62797
G0 F4800 X113.388 Y114.156
G0 X113.707 Y114.458
G0 X105.609 Y115.522
;TYPE:WALL-INNER
G1 F3000 X105.479 Y115.442 E656.63431
G1 X105.4 Y115.335 E656.63984
G1 X105.35 Y115.162 E656.64733
G1 X105.35 Y99.675 E657.29121
G1 X105.384 Y99.489 E657.29907
G1 X105.464 Y99.36 E657.30538
G1 X105.576 Y99.277 E657.31117
G1 X105.778 Y99.23 E657.3198
G1 X114.203 Y99.229 E657.67007
G1 X114.396 Y99.265 E657.67823
G1 X114.518 Y99.342 E657.68423
G1 X114.602 Y99.455 E657.69008
G1 X114.65 Y99.624 E657.69738
G1 X114.65 Y115.112 E658.3413
G1 X114.616 Y115.298 E658.34916
G1 X114.536 Y115.426 E658.35544
G1 X114.427 Y115.508 E658.36111
G1 X114.235 Y115.557 E658.36935
G1 X105.797 Y115.556 E658.72016
G1 X105.609 Y115.522 E658.7281
G0 F4800 X105.463 Y115.903
;TYPE:WALL-OUTER
G1 F3000 X105.204 Y115.742 E658.74078
G1 X105.034 Y115.513 E658.75264
G1 X104.954 Y115.232 E658.76478
G1 X104.95 Y115.156 E658.76795
G1 X104.95 Y99.641 E659.41299
G1 X105.005 Y99.341 E659.42567
G1 X105.165 Y99.085 E659.43822
G1 X105.395 Y98.912 E659.45018
G1 X105.674 Y98.834 E659.46223
G1 X105.759 Y98.83 E659.46577
G1 X114.239 Y98.829 E659.81832
G1 X114.544 Y98.886 E659.83122
G1 X114.796 Y99.045 E659.84361
G1 X114.967 Y99.277 E659.85559
G1 X115.046 Y99.555 E659.86761
G1 X115.05 Y99.631 E659.87077
G1 X115.05 Y115.146 E660.51581
G1 X114.995 Y115.446 E660.52849
G1 X114.835 Y115.702 E660.54104
G1 X114.607 Y115.873 E660.55289
G1 X114.331 Y115.952 E660.56483
G1 X114.239 Y115.957 E660.56866
G1 X105.761 Y115.956 E660.92113
G1 X105.463 Y115.903 E660.93372
G0 F4800 X105.293 Y115.798
G0 X105.527 Y115.424
G0 X113.101 Y114.59
G0 X114.064 Y113.906
;TYPE:SKIN
G1 F1800 X114.093 Y113.877 E660.93457
G0 F4800 X114.277 Y113.693
G1 F1800 X114.248 Y113.438 E660.94472
G1 X114.248 Y101.276 E661.42596
G1 X114.213 Y101.029 E661.43583
G0 F4800 X114.064 Y101.178
G0 X114.433 Y113.82
G1 F1800 X114.37 Y113.883 E661.43768
G1 F1500 E654.93768
;MESH:Switch Raiser Omron Tilted.stl(2)
G0 F4800 X114.787 Y115.365
G0 X117.19 Y115.365
G0 X117.77 Y116.573
;TYPE:WALL-INNER
G1 F1500 E661.43768
G1 F3000 X117.924 Y117.076 E661.45956
G1 X118.376 Y117.508 E661.48555
G1 X118.855 Y117.635 E661.50615
G1 X125.199 Y117.635 E661.76991
G1 X125.709 Y117.487 E661.79198
G1 X126.141 Y117.031 E661.8181
G1 X126.27 Y116.551 E661.82189
G1 X126.269 Y103.133 E662.37975
G1 X126.025 Y102.523 E662.40706
G1 X125.494 Y102.173 E662.4335
G1 X125.142 Y102.115 E662.44833
G1 X118.791 Y102.116 E662.71238
G1 X118.193 Y102.351 E662.73909
G1 X117.838 Y102.861 E662.76493
G1 X117.77 Y103.235 E662.78073
G1 X117.77 Y102.199 E662.8238
G1 X117.784 Y102.123 E662.82701
G1 X117.836 Y102.11 E662.82924
G1 X118.791 Y102.11 E662.84641
G1 X125.494 Y102.11 E662.85747
G1 X126.169 Y102.111 E662.87454
G1 X126.255 Y102.137 E662.87828
G1 X126.27 Y102.189 E662.88053
G1 X126.27 Y103.133 E662.89715
G1 X126.27 Y116.551 E663.45501
G1 X126.27 Y117.031 E663.4581
G1 X126.27 Y117.559 E663.48005
G1 X126.258 Y117.626 E663.48288
G1 X126.219 Y117.636 E663.48455
G1 X125.709 Y117.636 E663.50575
G1 X125.199 Y117.636 E663.50957
G1 X118.856 Y117.636 E663.51021
G1 X118.377 Y117.637 E663.51377
G1 X117.849 Y117.638 E663.53572
G1 X117.784 Y117.611 E663.53865
G1 X117.77 Y117.563 E663.54073
G1 X117.77 Y117.076 E663.56097
G1 X117.77 Y116.573 E663.56482
G0 F4800 X118.578 Y117.148
G1 F3000 X118.907 Y117.235 E663.57897
G1 X125.142 Y117.235 E663.83819
G1 X125.493 Y117.133 E663.85339
G1 X125.781 Y116.829 E663.8708
G1 X125.87 Y116.498 E663.88505
G1 X125.869 Y103.21 E664.4375
G1 X125.7 Y102.788 E664.4564
G1 X125.345 Y102.554 E664.47408
G1 X125.109 Y102.515 E664.48402
G1 X118.867 Y102.516 E664.74353
G1 X118.452 Y102.679 E664.76207
G1 X118.216 Y103.018 E664.77924
G1 X118.17 Y103.271 E664.78994
G1 X118.17 Y116.513 E665.34047
G1 X118.276 Y116.859 E665.35552
G1 X118.578 Y117.148 E665.3729
G0 F4800 X118.78 Y116.788
;TYPE:WALL-OUTER
G1 F3000 X118.959 Y116.835 E665.38059
G1 X125.085 Y116.835 E665.63528
G1 X125.277 Y116.779 E665.6436
G1 X125.421 Y116.627 E665.6523
G1 X125.47 Y116.445 E665.66014
G1 X125.469 Y103.287 E666.20718
G1 X125.375 Y103.053 E666.21767
G1 X125.196 Y102.935 E666.22658
G1 X125.076 Y102.915 E666.23164
G1 X118.943 Y102.916 E666.48662
G1 X118.711 Y103.007 E666.49698
G1 X118.594 Y103.175 E666.50549
G1 X118.57 Y103.307 E666.51107
G1 X118.57 Y116.453 E667.05762
G1 X118.628 Y116.642 E667.06584
G1 X118.78 Y116.788 E667.0746
G0 F4800 X118.959 Y116.835
G0 X118.974 Y116.835
G0 X118.974 Y117.275
G0 X117.64 Y118.008
;TYPE:WALL-INNER
G1 F3000 X117.435 Y117.844 E667.08551
G1 X117.37 Y117.619 E667.09525
G1 X117.37 Y102.16 E667.73796
G1 X117.404 Y101.973 E667.74586
G1 X117.486 Y101.841 E667.75232
G1 X117.598 Y101.757 E667.75814
G1 X117.787 Y101.71 E667.76624
G1 X126.229 Y101.711 E668.11722
G1 X126.507 Y101.797 E668.12932
G1 X126.603 Y101.903 E668.13526
G1 X126.67 Y102.129 E668.14506
G1 X126.67 Y117.593 E668.78798
G1 X126.636 Y117.779 E668.79584
G1 X126.556 Y117.907 E668.80212
G1 X126.446 Y117.989 E668.80782
G1 X126.273 Y118.036 E668.81528
G1 X117.817 Y118.038 E669.16683
G1 X117.64 Y118.008 E669.1743
G0 F4800 X117.506 Y118.392
;TYPE:WALL-OUTER
G1 F3000 X117.252 Y118.247 E669.18646
G1 X117.086 Y118.051 E669.19714
G1 X116.984 Y117.781 E669.20914
G1 X116.97 Y117.637 E669.21515
G1 X116.97 Y102.122 E669.86019
G1 X117.023 Y101.827 E669.87265
G1 X117.185 Y101.566 E669.88542
G1 X117.417 Y101.392 E669.89748
G1 X117.694 Y101.315 E669.90943
G1 X117.781 Y101.31 E669.91306
G1 X126.259 Y101.311 E670.26553
G1 X126.513 Y101.351 E670.27622
G1 X126.753 Y101.473 E670.28741
G1 X126.949 Y101.689 E670.29954
G1 X127.056 Y101.967 E670.31192
G1 X127.07 Y102.112 E670.31798
G1 X127.07 Y117.627 E670.96302
G1 X127.015 Y117.927 E670.9757
G1 X126.855 Y118.183 E670.98825
G1 X126.625 Y118.355 E671.00019
G1 X126.325 Y118.436 E671.01311
G1 X117.781 Y118.438 E671.36833
G1 X117.506 Y118.392 E671.37992
G0 F4800 X117.333 Y118.293
G0 X117.551 Y117.912
G0 X117.831 Y116.362
G0 X117.892 Y116.3
;TYPE:SKIN
G1 F1800 X117.768 Y116.141 E671.38772
G1 X117.768 Y103.696 E671.86938
G1 X117.666 Y103.515 E671.87742
G0 F4800 X117.749 Y103.433
G1 F1500 E665.37742
;MESH:Switch Raiser Omron Tilted.stl(3)
G0 F4800 X117.881 Y118.237
G0 X117.881 Y120.737
G0 X117.881 Y121.317
;TYPE:WALL-INNER
G1 F1500 E671.87742
G1 F3000 X104.489 Y121.318 E672.43419
G1 X103.987 Y121.483 E672.45616
G1 X103.588 Y121.91 E672.48046
G1 X103.446 Y122.345 E672.49948
G1 X103.444 Y124.334 E672.58218
G1 X103.446 Y128.794 E672.7676
G1 X103.685 Y129.404 E672.79484
G1 X104.221 Y129.757 E672.82152
G1 X104.569 Y129.817 E672.8362
G1 X103.529 Y129.817 E672.87944
G1 X103.452 Y129.803 E672.8827
G1 X103.441 Y129.762 E672.88446
G1 X103.441 Y128.794 E672.9019
G1 X103.441 Y124.334 E672.90375
G1 X103.441 Y122.345 E672.90458
G1 X103.442 Y121.91 E672.90841
G1 X103.443 Y121.383 E672.93032
G1 X103.48 Y121.325 E672.93318
G1 X103.525 Y121.317 E672.93508
G1 X103.987 Y121.317 E672.95429
G1 X104.489 Y121.317 E672.95844
G1 X117.881 Y121.317 E673.51522
G1 X118.361 Y121.317 E673.53517
G1 X118.882 Y121.317 E673.55683
G1 X118.955 Y121.33 E673.55992
G1 X118.968 Y121.374 E673.56182
G1 X118.968 Y121.872 E673.58253
G1 X118.968 Y122.381 E673.60369
G1 X118.968 Y128.734 E673.86782
G1 X118.968 Y129.215 E673.88782
G1 X118.969 Y129.733 E673.90935
G1 X118.956 Y129.804 E673.91235
G1 X118.882 Y129.817 E673.91548
G1 X118.402 Y129.817 E673.93543
G1 X117.898 Y129.817 E673.95639
G1 X118.402 Y129.669 E673.96098
G1 X118.837 Y129.216 E673.98709
G1 X118.966 Y128.734 E673.99141
G1 X118.966 Y122.381 E673.99274
G1 X118.811 Y121.872 E673.99773
G1 X118.361 Y121.446 E674.02349
G1 X117.881 Y121.317 E674.02728
G0 F4800 X104.579 Y121.879
G0 X104.299 Y121.972
G0 X104.084 Y122.202
G0 X104.011 Y129.14
G1 F3000 X104.371 Y129.377 E674.0452
G1 X104.603 Y129.417 E674.05499
G1 X117.84 Y129.417 E674.60532
G1 X118.187 Y129.315 E674.62036
G1 X118.477 Y129.013 E674.63777
G1 X118.566 Y128.681 E674.65206
G1 X118.566 Y122.441 E674.91149
G1 X118.459 Y122.09 E674.92674
G1 X118.159 Y121.806 E674.94392
G1 X117.828 Y121.717 E674.95817
G1 X104.553 Y121.718 E675.51008
G1 X104.209 Y121.831 E675.52513
G1 X103.941 Y122.118 E675.54146
G1 X103.846 Y122.409 E675.55418
G1 X103.844 Y124.334 E675.63422
G1 X103.846 Y128.719 E675.81652
G1 X104.011 Y129.14 E675.83532
G0 F4800 X104.337 Y128.876
;TYPE:WALL-OUTER
G1 F3000 X104.521 Y128.997 E675.84448
G1 X104.637 Y129.017 E675.84937
G1 X117.782 Y129.017 E676.39588
G1 X117.972 Y128.961 E676.40411
G1 X118.117 Y128.81 E676.41282
G1 X118.166 Y128.628 E676.42065
G1 X118.166 Y122.501 E676.67538
G1 X118.107 Y122.308 E676.68377
G1 X117.957 Y122.166 E676.69236
G1 X117.775 Y122.117 E676.7002
G1 X104.617 Y122.118 E677.24724
G1 X104.431 Y122.179 E677.25538
G1 X104.294 Y122.326 E677.26374
G1 X104.246 Y122.473 E677.27016
G1 X104.244 Y124.334 E677.34754
G1 X104.246 Y128.644 E677.52673
G1 X104.337 Y128.876 E677.53709
G0 F4800 X104.504 Y128.986
G0 X104.262 Y129.353
G0 X103.303 Y130.183
;TYPE:WALL-INNER
G1 F3000 X103.172 Y130.102 E677.54349
G1 X103.089 Y129.992 E677.54922
G1 X103.041 Y129.817 E677.55676
G1 X103.043 Y121.33 E677.90961
G1 X103.095 Y121.133 E677.91808
G1 X103.298 Y120.951 E677.92942
G1 X103.487 Y120.917 E677.9374
G1 X118.916 Y120.917 E678.57886
G1 X119.112 Y120.953 E678.58715
G1 X119.237 Y121.031 E678.59328
G1 X119.317 Y121.138 E678.59883
G1 X119.368 Y121.317 E678.60657
G1 X119.369 Y129.767 E678.95788
G1 X119.334 Y129.958 E678.96595
G1 X119.254 Y130.087 E678.97226
G1 X119.131 Y130.179 E678.97865
G1 X118.92 Y130.217 E678.98756
G1 X103.49 Y130.217 E679.62907
G1 X103.303 Y130.183 E679.63697
G0 F4800 X103.157 Y130.564
;TYPE:WALL-OUTER
G1 F3000 X102.896 Y130.402 E679.64974
G1 X102.726 Y130.174 E679.66156
G1 X102.645 Y129.894 E679.67368
G1 X102.641 Y129.817 E679.67689
G1 X102.643 Y121.276 E680.03198
G1 X102.728 Y120.956 E680.04575
G1 X102.904 Y120.725 E680.05782
G1 X103.152 Y120.572 E680.06994
G1 X103.453 Y120.517 E680.08266
G1 X118.955 Y120.517 E680.72715
G1 X119.257 Y120.572 E680.73992
G1 X119.513 Y120.732 E680.75247
G1 X119.681 Y120.956 E680.76411
G1 X119.764 Y121.241 E680.77645
G1 X119.768 Y121.317 E680.77961
G1 X119.769 Y129.806 E681.13255
G1 X119.715 Y130.103 E681.1451
G1 X119.553 Y130.362 E681.1578
G1 X119.331 Y130.529 E681.16935
G1 X119.252 Y130.564 E681.17294
G1 X118.958 Y130.617 E681.18536
G1 X103.452 Y130.617 E681.83002
G1 X103.157 Y130.564 E681.84248
G0 F4800 X102.987 Y130.459
G0 X103.22 Y130.085
G0 X104.757 Y130.001
G0 X104.942 Y129.816
;TYPE:SKIN
G1 F1800 X104.812 Y129.663 E681.85021
G1 X105.508 Y129.816 E681.87762
G1 X117.387 Y129.816 E682.33455
G1 X117.588 Y129.897 E682.34289
G0 F4800 X117.692 Y129.794
G1 F1500 E675.84289
;MESH:NONMESH
G0 F300 X117.692 Y129.794 Z2.75
G0 F4800 X104.432 Y129.224
G0 X104.143 Y129.033
G0 X104.034 Y128.755
G0 X103.474 Y120.736
G0 X102.539 Y118.308
G0 X101.239 Y117.786
;TIME_ELAPSED:645.302893
;LAYER:10
;TYPE:WALL-INNER
;MESH:Switch Raiser Omron Tilted.stl(1)
G1 F1500 E682.34289
G1 F3000 X94.855 Y117.786 E682.6083
G1 X94.436 Y117.786 E682.62572
G1 X93.84 Y117.787 E682.6505
G1 X93.778 Y117.776 E682.65312
G1 X93.763 Y117.714 E682.65577
G1 X93.763 Y117.292 E682.67332
G1 X93.763 Y116.739 E682.69631
G1 X93.763 Y103.005 E683.2673
G1 X93.763 Y102.345 E683.29474
G1 X93.777 Y102.273 E683.29779
G1 X93.837 Y102.259 E683.30035
G1 X94.795 Y102.259 E683.34018
G1 X99.39 Y102.259 E683.53122
G1 X101.539 Y102.26 E683.62056
G1 X102.211 Y102.261 E683.6485
G1 X102.263 Y102.329 E683.65206
G1 X102.263 Y103.265 E683.69097
G1 X102.263 Y117.049 E684.26405
G1 X102.263 Y117.707 E684.2914
G1 X102.251 Y117.771 E684.29411
G1 X102.189 Y117.786 E684.29676
G1 X101.789 Y117.786 E684.31339
G1 X101.239 Y117.786 E684.33626
G0 F4800 X101.169 Y117.382
G1 F3000 X101.541 Y117.248 E684.3527
G1 X101.816 Y116.883 E684.3717
G1 X101.863 Y116.63 E684.3824
G1 X101.862 Y103.345 E684.93472
G1 X101.695 Y102.944 E684.95278
G1 X101.37 Y102.715 E684.96931
G1 X101.166 Y102.664 E684.97805
G1 X99.39 Y102.662 E685.05189
G1 X94.867 Y102.664 E685.23993
G1 X94.451 Y102.819 E685.25839
G1 X94.21 Y103.167 E685.27599
G1 X94.164 Y103.379 E685.28501
G1 X94.163 Y116.672 E685.83767
G1 X94.295 Y117.054 E685.85447
G1 X94.616 Y117.315 E685.87167
G1 X94.902 Y117.383 E685.88389
G1 X101.169 Y117.382 E686.14445
G0 F4800 X101.293 Y116.912
;TYPE:WALL-OUTER
G1 F3000 X101.44 Y116.717 E686.1546
G1 X101.463 Y116.593 E686.15984
G1 X101.462 Y103.425 E686.7073
G1 X101.37 Y103.204 E686.71726
G1 X101.201 Y103.085 E686.72585
G1 X101.117 Y103.064 E686.72945
G1 X99.39 Y103.062 E686.80125
G1 X94.939 Y103.064 E686.9863
G1 X94.708 Y103.15 E686.99655
G1 X94.584 Y103.329 E687.0056
G1 X94.564 Y103.422 E687.00956
G1 X94.563 Y116.605 E687.55764
G1 X94.636 Y116.816 E687.56692
G1 X94.797 Y116.947 E687.57555
G1 X94.949 Y116.983 E687.58205
G1 X101.099 Y116.982 E687.83774
G1 X101.293 Y116.912 E687.84631
G0 F4800 X101.413 Y116.753
G0 X101.763 Y117.018
G0 X101.789 Y117.584
;TYPE:WALL-INNER
G1 F3000 X102.192 Y117.049 E687.86339
G1 X102.263 Y116.667 E687.87605
G1 X102.262 Y103.265 E688.13934
G1 X102.02 Y102.684 E688.14333
G1 X101.539 Y102.345 E688.15795
G1 X101.215 Y102.264 E688.16568
G1 X99.39 Y102.262
G1 X94.795 Y102.264 E688.1676
G1 X94.194 Y102.488 E688.17111
G1 X93.836 Y103.005 E688.19725
G1 X93.764 Y103.336 E688.20786
G1 X93.763 Y116.739 E688.43496
G1 X93.954 Y117.292 E688.45929
G1 X94.435 Y117.683 E688.48506
G1 X94.855 Y117.783 E688.48809
G1 X101.239 Y117.782 E688.49042
G1 X101.789 Y117.584 E688.49748
G0 F4800 X102.438 Y118.138
G1 F3000 X102.235 Y118.186 E688.50616
G1 X93.805 Y118.187 E688.85663
G1 X93.626 Y118.154 E688.8642
G1 X93.495 Y118.072 E688.87063
G1 X93.412 Y117.96 E688.87642
G1 X93.363 Y117.762 E688.8849
G1 X93.363 Y102.308 E689.52741
G1 X93.4 Y102.112 E689.5357
G1 X93.475 Y101.992 E689.54158
G1 X93.595 Y101.904 E689.54777
G1 X93.791 Y101.859 E689.55613
G1 X102.252 Y101.861 E689.9079
G1 X102.404 Y101.892 E689.91435
G1 X102.532 Y101.973 E689.92064
G1 X102.616 Y102.086 E689.9265
G1 X102.663 Y102.281 E689.93484
G1 X102.663 Y117.741 E690.57759
G1 X102.628 Y117.931 E690.58562
G1 X102.551 Y118.053 E690.59162
G1 X102.438 Y118.138 E690.5975
G0 F4800 X102.62 Y118.501
;TYPE:WALL-OUTER
G1 F3000 X102.34 Y118.582 E690.60962
G1 X102.254 Y118.586 E690.61319
G1 X93.77 Y118.587 E690.96592
G1 X93.478 Y118.533 E690.97826
G1 X93.218 Y118.37 E690.99102
G1 X93.046 Y118.139 E691.003
G1 X92.968 Y117.849 E691.01548
G1 X92.963 Y117.773 E691.01865
G1 X92.963 Y102.273 E691.66306
G1 X93.021 Y101.962 E691.67622
G1 X93.178 Y101.714 E691.68842
G1 X93.415 Y101.539 E691.70067
G1 X93.687 Y101.463 E691.71241
G1 X93.772 Y101.459 E691.71595
G1 X102.293 Y101.461 E692.07021
G1 X102.558 Y101.515 E692.08145
G1 X102.808 Y101.674 E692.09377
G1 X102.981 Y101.906 E692.1058
G1 X103.059 Y102.18 E692.11765
G1 X103.063 Y102.261 E692.12102
G1 X103.063 Y117.775 E692.76602
G1 X103.007 Y118.079 E692.77887
G1 X102.848 Y118.331 E692.79126
G1 X102.62 Y118.501 E692.80308
G0 F4800 X102.428 Y118.556
G0 X102.307 Y118.133
G0 X102.265 Y117.979
G1 F1500 E686.30308
;MESH:Switch Raiser Omron Tilted.stl
G0 F4800 X102.843 Y114.164
G0 X105.17 Y114.164
G0 X105.75 Y114.164
;TYPE:WALL-INNER
G1 F1500 E692.80308
G1 F3000 X105.75 Y100.38 E693.37615
G1 X105.75 Y99.723 E693.40347
G1 X105.762 Y99.657 E693.40626
G1 X105.82 Y99.644 E693.40873
G1 X106.223 Y99.644 E693.42548
G1 X106.769 Y99.644 E693.44818
G1 X113.158 Y99.644 E693.7138
G1 X113.587 Y99.644 E693.73164
G1 X114.169 Y99.643 E693.75584
G1 X114.238 Y99.656 E693.75876
G1 X114.25 Y99.698 E693.76057
G1 X114.25 Y100.148 E693.77928
G1 X114.25 Y100.691 E693.80186
G1 X114.25 Y114.134 E694.36075
G1 X114.25 Y114.598 E694.38004
G1 X114.249 Y115.113 E694.40145
G1 X114.24 Y115.155 E694.40324
G1 X114.178 Y115.17 E694.40589
G1 X113.666 Y115.17 E694.42718
G1 X113.183 Y115.17 E694.44726
G1 X108.623 Y115.17 E694.63684
G1 X106.479 Y115.169 E694.72598
G1 X105.803 Y115.168 E694.75408
G1 X105.75 Y115.113 E694.75726
G1 X105.75 Y114.164 E694.79671
G0 F4800 X106.151 Y114.084
G1 F3000 X106.317 Y114.484 E694.81472
G1 X106.648 Y114.715 E694.8315
G1 X106.846 Y114.765 E694.83999
G1 X108.623 Y114.767 E694.91387
G1 X113.129 Y114.765 E695.10121
G1 X113.457 Y114.674 E695.11536
G1 X113.747 Y114.383 E695.13244
G1 X113.849 Y114.07 E695.14613
G1 X113.85 Y100.758 E695.69958
G1 X113.721 Y100.383 E695.71606
G1 X113.403 Y100.116 E695.73333
G1 X113.111 Y100.046 E695.74581
G1 X106.842 Y100.047 E696.00644
G1 X106.471 Y100.184 E696.02289
G1 X106.197 Y100.546 E696.04176
G1 X106.15 Y100.801 E696.05254
G1 X106.151 Y114.084 E696.60479
G0 F4800 X106.642 Y114.223
;TYPE:WALL-OUTER
G1 F3000 X106.817 Y114.345 E696.61365
G1 X106.896 Y114.365 E696.61704
G1 X108.623 Y114.367 E696.68884
G1 X113.075 Y114.365 E696.87394
G1 X113.248 Y114.317 E696.8814
G1 X113.396 Y114.168 E696.89013
G1 X113.449 Y114.006 E696.89722
G1 X113.45 Y100.825 E697.44522
G1 X113.379 Y100.618 E697.45432
G1 X113.218 Y100.483 E697.46305
G1 X113.064 Y100.446 E697.46964
G1 X106.914 Y100.447 E697.72533
G1 X106.719 Y100.519 E697.73397
G1 X106.573 Y100.712 E697.74403
G1 X106.55 Y100.837 E697.74931
G1 X106.551 Y114.004 E698.29673
G1 X106.642 Y114.223 E698.30659
G0 F4800 X106.806 Y114.337
G0 X106.553 Y114.698
G0 X105.992 Y114.745
;TYPE:WALL-INNER
G1 F3000 X106.479 Y115.085 E698.32133
G1 X106.796 Y115.165 E698.32889
G1 X108.623 Y115.167
G1 X113.183 Y115.165 E698.33079
G1 X113.666 Y115.031 E698.33501
G1 X114.098 Y114.598 E698.36044
G1 X114.249 Y114.134 E698.3649
G1 X114.25 Y100.691 E698.3656
G1 X114.063 Y100.148 E698.38948
G1 X113.588 Y99.749 E698.41527
G1 X113.158 Y99.646 E698.41844
G1 X106.77 Y99.647 E698.42008
G1 X106.223 Y99.849 E698.42724
G1 X105.821 Y100.38 E698.44422
G1 X105.75 Y100.764 E698.45696
G1 X105.751 Y114.164 E698.72161
G1 X105.992 Y114.745 E698.72538
G0 F4800 X105.606 Y115.536
G1 F3000 X105.484 Y115.46 E698.73136
G1 X105.399 Y115.346 E698.73727
G1 X105.35 Y115.169 E698.74491
G1 X105.35 Y99.689 E699.38849
G1 X105.384 Y99.503 E699.39635
G1 X105.465 Y99.374 E699.40268
G1 X105.577 Y99.289 E699.40853
G1 X105.778 Y99.244 E699.41709
G1 X114.206 Y99.243 E699.76749
G1 X114.396 Y99.279 E699.77553
G1 X114.518 Y99.356 E699.78153
G1 X114.601 Y99.469 E699.78736
G1 X114.65 Y99.645 E699.79495
G1 X114.649 Y115.157 E700.43987
G1 X114.617 Y115.31 E700.44636
G1 X114.535 Y115.441 E700.45279
G1 X114.427 Y115.522 E700.4584
G1 X114.223 Y115.57 E700.46711
G1 X105.762 Y115.568 E700.81888
G1 X105.606 Y115.536 E700.8255
G0 F4800 X105.456 Y115.914
;TYPE:WALL-OUTER
G1 F3000 X105.21 Y115.761 E700.83755
G1 X105.034 Y115.527 E700.84972
G1 X104.954 Y115.245 E700.86191
G1 X104.95 Y115.169 E700.86507
G1 X104.95 Y99.655 E701.51007
G1 X105.005 Y99.355 E701.52275
G1 X105.165 Y99.099 E701.5353
G1 X105.393 Y98.927 E701.54717
G1 X105.655 Y98.849 E701.55854
G1 X105.759 Y98.844 E701.56287
G1 X114.243 Y98.843 E701.91559
G1 X114.544 Y98.9 E701.92833
G1 X114.796 Y99.059 E701.94072
G1 X114.967 Y99.291 E701.9527
G1 X115.046 Y99.571 E701.96479
G1 X115.05 Y99.645 E701.96788
G1 X115.049 Y115.201 E702.61462
G1 X114.995 Y115.46 E702.62562
G1 X114.834 Y115.717 E702.63823
G1 X114.607 Y115.887 E702.65002
G1 X114.331 Y115.966 E702.66195
G1 X114.241 Y115.97 E702.6657
G1 X105.721 Y115.968 E703.01992
G1 X105.456 Y115.914 E703.03116
G0 F4800 X105.286 Y115.809
G0 X105.519 Y115.435
G0 X105.611 Y115.294
G1 F1500 E696.53116
;MESH:Switch Raiser Omron Tilted.stl(2)
G0 F4800 X114.232 Y115.751
G0 X114.992 Y116.661
G0 X116.105 Y115.753
G0 X117.19 Y115.753
G0 X117.77 Y116.577
;TYPE:WALL-INNER
G1 F1500 E703.03116
G1 F3000 X117.77 Y103.133 E703.5901
G1 X117.77 Y102.669 E703.60939
G1 X117.771 Y102.149 E703.63101
G1 X117.846 Y102.097 E703.6348
G1 X118.347 Y102.097 E703.65563
G1 X118.829 Y102.097 E703.67567
G1 X123.397 Y102.097 E703.86559
G1 X125.54 Y102.098 E703.95468
G1 X126.222 Y102.099 E703.98304
G1 X126.27 Y102.147 E703.98586
G1 X126.27 Y103.101 E704.02552
G1 X126.27 Y116.877 E704.59826
G1 X126.27 Y117.545 E704.62603
G1 X126.258 Y117.61 E704.62878
G1 X126.2 Y117.623 E704.63125
G1 X125.267 Y117.623 E704.67004
G1 X118.865 Y117.623 E704.93621
G1 X118.436 Y117.623 E704.95404
G1 X117.851 Y117.624 E704.97836
G1 X117.782 Y117.611 E704.98128
G1 X117.77 Y117.569 E704.9831
G1 X117.77 Y117.119 E705.00181
G1 X117.77 Y116.577 E705.02434
G0 F4800 X118.17 Y116.51
G1 F3000 X118.299 Y116.884 E705.04079
G1 X118.619 Y117.153 E705.05817
G1 X118.911 Y117.221 E705.07063
G1 X125.186 Y117.22 E705.33152
G1 X125.589 Y117.051 E705.34969
G1 X125.823 Y116.718 E705.36661
G1 X125.87 Y116.468 E705.37718
G1 X125.869 Y103.182 E705.92955
G1 X125.695 Y102.771 E705.94811
G1 X125.373 Y102.553 E705.96427
G1 X125.175 Y102.502 E705.97277
G1 X123.397 Y102.5 E706.0467
G1 X118.887 Y102.502 E706.2342
G1 X118.558 Y102.599 E706.24846
G1 X118.274 Y102.884 E706.26519
G1 X118.171 Y103.197 E706.27889
G1 X118.17 Y116.51 E706.83238
G0 F4800 X118.641 Y116.649
;TYPE:WALL-OUTER
G1 F3000 X118.803 Y116.785 E706.84117
G1 X118.957 Y116.821 E706.84775
G1 X125.106 Y116.82 E707.10339
G1 X125.328 Y116.727 E707.1134
G1 X125.446 Y116.559 E707.12193
G1 X125.47 Y116.431 E707.12735
G1 X125.469 Y103.263 E707.67481
G1 X125.373 Y103.036 E707.68506
G1 X125.206 Y102.923 E707.69344
G1 X125.124 Y102.902 E707.69696
G1 X123.397 Y102.9 E707.76876
G1 X118.945 Y102.902 E707.95385
G1 X118.769 Y102.954 E707.96148
G1 X118.624 Y103.099 E707.97001
G1 X118.571 Y103.261 E707.97709
G1 X118.57 Y116.443 E708.52514
G1 X118.641 Y116.649 E708.5342
G0 F4800 X118.794 Y116.777
G0 X118.51 Y117.114
G0 X118.435 Y117.521
;TYPE:WALL-INNER
G1 F3000 X118.865 Y117.621 E708.53724
G1 X125.267 Y117.62 E708.53891
G1 X125.85 Y117.375 E708.54331
G1 X126.2 Y116.877 E708.55818
G1 X126.27 Y116.505 E708.57041
G1 X126.269 Y103.101 E708.82677
G1 X126.017 Y102.506 E708.83139
G1 X125.54 Y102.183 E708.8455
G1 X125.226 Y102.102 E708.853
G1 X123.397 Y102.1
G1 X118.829 Y102.102 E708.85491
G1 X118.347 Y102.244 E708.85939
G1 X117.924 Y102.669 E708.88432
G1 X117.771 Y103.133 E708.88887
G1 X117.77 Y116.577 E708.88957
G1 X117.957 Y117.119 E708.91341
G1 X118.435 Y117.521 E708.93937
G0 F4800 X117.624 Y117.988
G1 F3000 X117.502 Y117.911 E708.94537
G1 X117.42 Y117.802 E708.95104
G1 X117.37 Y117.623 E708.95877
G1 X117.371 Y102.108 E709.60381
G1 X117.401 Y101.963 E709.60996
G1 X117.485 Y101.828 E709.61657
G1 X117.595 Y101.746 E709.62228
G1 X117.798 Y101.697 E709.63096
G1 X126.261 Y101.699 E709.98281
G1 X126.405 Y101.728 E709.98892
G1 X126.54 Y101.812 E709.99553
G1 X126.621 Y101.922 E710.00121
G1 X126.67 Y102.09 E710.00848
G1 X126.67 Y117.579 E710.65244
G1 X126.636 Y117.765 E710.6603
G1 X126.556 Y117.893 E710.66658
G1 X126.443 Y117.978 E710.67246
G1 X126.245 Y118.023 E710.6809
G1 X117.814 Y118.024 E711.03142
G1 X117.624 Y117.988 E711.03946
G0 F4800 X117.476 Y118.367
;TYPE:WALL-OUTER
G1 F3000 X117.224 Y118.208 E711.05185
G1 X117.057 Y117.984 E711.06346
G1 X116.974 Y117.695 E711.07596
G1 X116.97 Y117.623 E711.07896
G1 X116.971 Y102.066 E711.72575
G1 X117.023 Y101.813 E711.73649
G1 X117.185 Y101.552 E711.74926
G1 X117.413 Y101.382 E711.76108
G1 X117.694 Y101.301 E711.77324
G1 X117.779 Y101.297 E711.77678
G1 X126.299 Y101.299 E712.131
G1 X126.555 Y101.35 E712.14185
G1 X126.816 Y101.512 E712.15462
G1 X126.987 Y101.744 E712.1666
G1 X127.066 Y102.02 E712.17854
G1 X127.07 Y102.099 E712.18183
G1 X127.07 Y117.613 E712.82683
G1 X127.015 Y117.913 E712.83951
G1 X126.855 Y118.169 E712.85206
G1 X126.627 Y118.34 E712.86391
G1 X126.361 Y118.419 E712.87544
G1 X126.261 Y118.423 E712.8796
G1 X117.777 Y118.424 E713.23233
G1 X117.476 Y118.367 E713.24506
G0 F4800 X117.307 Y118.26
G0 X117.542 Y117.888
G0 X117.632 Y117.751
G1 F1500 E706.74506
;MESH:Switch Raiser Omron Tilted.stl(3)
G0 F4800 X117.799 Y118.205
G0 X117.799 Y120.737
G0 X117.834 Y121.317
;TYPE:WALL-INNER
G1 F1500 E713.24506
G1 F3000 X104.431 Y121.318 E713.8023
G1 X103.848 Y121.563 E713.82859
G1 X103.515 Y122.041 E713.85281
G1 X103.432 Y122.361 E713.86655
G1 X103.43 Y124.19 E713.94259
G1 X103.432 Y128.758 E714.13251
G1 X103.574 Y129.238 E714.15332
G1 X104.003 Y129.67 E714.17863
G1 X104.468 Y129.816 E714.19889
G1 X104.003 Y129.816 E714.20224
G1 X103.48 Y129.816 E714.22399
G1 X103.427 Y129.762 E714.22713
G1 X103.427 Y129.238 E714.24892
G1 X103.427 Y128.758 E714.25255
G1 X103.427 Y124.19 E714.25446
G1 X103.428 Y122.041 E714.29458
G1 X103.429 Y121.365 E714.31292
G1 X103.494 Y121.317 E714.31628
G1 X104.431 Y121.317 E714.33315
G1 X118.218 Y121.317 E714.34184
G1 X118.868 Y121.317 E714.36886
G1 X118.941 Y121.33 E714.37194
G1 X118.952 Y121.369 E714.37363
G1 X118.952 Y121.79 E714.39113
G1 X118.952 Y122.337 E714.41387
G1 X118.953 Y128.723 E714.67937
G1 X118.954 Y129.151 E714.69717
G1 X118.955 Y129.741 E714.7217
G1 X118.944 Y129.8 E714.72419
G1 X118.876 Y129.817 E714.72711
G1 X118.457 Y129.817 E714.74453
G1 X117.905 Y129.817 E714.76748
G1 X118.457 Y129.629 E714.77393
G1 X118.851 Y129.152 E714.79966
G1 X118.952 Y128.724 E714.80269
G1 X118.951 Y122.338 E714.8034
G1 X118.746 Y121.79 E714.81057
G1 X118.218 Y121.388 E714.83816
G1 X117.834 Y121.317 E714.847
G0 F4800 X118.39 Y122.439
G0 X118.391 Y128.657
G0 X118.221 Y129.287
G1 F3000 X118.483 Y128.969 E714.86413
G1 X118.552 Y128.677 E714.8766
G1 X118.551 Y122.41 E715.13716
G1 X118.412 Y122.038 E715.15367
G1 X118.052 Y121.764 E715.17248
G1 X117.797 Y121.717 E715.18326
G1 X104.512 Y121.718 E715.73558
G1 X104.11 Y121.887 E715.75371
G1 X103.884 Y122.211 E715.77014
G1 X103.832 Y122.412 E715.77877
G1 X103.83 Y124.19 E715.85269
G1 X103.832 Y128.7 E716.04019
G1 X103.929 Y129.028 E716.05441
G1 X104.217 Y129.318 E716.0714
G1 X104.529 Y129.416 E716.085
G1 X117.839 Y129.417 E716.63837
G1 X118.221 Y129.287 E716.65514
G0 F4800 X117.984 Y128.945
;TYPE:WALL-OUTER
G1 F3000 X118.115 Y128.786 E716.66371
G1 X118.152 Y128.63 E716.67037
G1 X118.151 Y122.482 E716.92598
G1 X118.078 Y122.286 E716.93467
G1 X117.886 Y122.14 E716.9447
G1 X117.761 Y122.117 E716.94999
G1 X104.593 Y122.118 E717.49745
G1 X104.372 Y122.211 E717.50742
G1 X104.253 Y122.381 E717.51604
G1 X104.232 Y122.463 E717.51956
G1 X104.23 Y124.19 E717.59136
G1 X104.232 Y128.642 E717.77646
G1 X104.284 Y128.818 E717.78409
G1 X104.431 Y128.966 E717.79276
G1 X104.59 Y129.016 E717.79969
G1 X117.773 Y129.017 E718.34777
G1 X117.984 Y128.945 E718.35704
G0 F4800 X118.111 Y128.791
G0 X118.449 Y129.07
G0 X117.934 Y129.22
G0 X103.293 Y130.186
;TYPE:WALL-INNER
G1 F3000 X103.158 Y130.102 E718.36365
G1 X103.076 Y129.992 E718.36936
G1 X103.027 Y129.817 E718.37691
G1 X103.029 Y121.326 E718.72993
G1 X103.058 Y121.182 E718.73603
G1 X103.141 Y121.05 E718.74252
G1 X103.254 Y120.965 E718.74839
G1 X103.442 Y120.917 E718.75646
G1 X118.902 Y120.917 E719.39921
G1 X119.098 Y120.953 E719.4075
G1 X119.223 Y121.031 E719.41362
G1 X119.302 Y121.136 E719.41909
G1 X119.352 Y121.311 E719.42665
G1 X119.355 Y129.776 E719.77859
G1 X119.322 Y129.955 E719.78616
G1 X119.24 Y130.087 E719.79262
G1 X119.135 Y130.166 E719.79808
G1 X118.924 Y130.217 E719.8071
G1 X103.438 Y130.216 E720.45094
G1 X103.293 Y130.186 E720.45709
G0 F4800 X103.143 Y130.564
;TYPE:WALL-OUTER
G1 F3000 X102.882 Y130.402 E720.46986
G1 X102.712 Y130.174 E720.48169
G1 X102.631 Y129.893 E720.49385
G1 X102.627 Y129.817 E720.49701
G1 X102.629 Y121.288 E720.85161
G1 X102.68 Y121.032 E720.86246
G1 X102.842 Y120.773 E720.87516
G1 X103.074 Y120.6 E720.88719
G1 X103.347 Y120.522 E720.899
G1 X103.44 Y120.517 E720.90287
G1 X118.941 Y120.517 E721.54732
G1 X119.243 Y120.572 E721.56009
G1 X119.499 Y120.732 E721.57264
G1 X119.667 Y120.956 E721.58428
G1 X119.752 Y121.253 E721.59712
G1 X119.755 Y129.81 E721.95288
G1 X119.701 Y130.103 E721.96527
G1 X119.539 Y130.362 E721.97797
G1 X119.317 Y130.529 E721.98952
G1 X119.026 Y130.613 E722.00211
G1 X118.943 Y130.617 E722.00556
G1 X103.396 Y130.616 E722.65193
G1 X103.143 Y130.564 E722.66267
G0 F4800 X102.973 Y130.459
G0 X103.206 Y130.085
G0 X104.665 Y129.838
G0 X104.746 Y129.919
;TYPE:SKIN
G1 F1800 X104.925 Y129.815 E722.67074
G1 X117.37 Y129.815 E723.15546
G1 X117.59 Y129.753 E723.16436
G0 F4800 X117.712 Y129.875
G1 F1500 E716.66436
;MESH:NONMESH
G0 F300 X117.712 Y129.875 Z3
G0 F4800 X104.553 Y129.255
G0 X104.304 Y129.176
G0 X104.073 Y128.943
G0 X103.451 Y120.736
G0 X102.244 Y118.366
G0 X94.689 Y117.166
G0 X94.434 Y116.957
G0 X94.345 Y116.705
G0 X93.774 Y102.258
;TIME_ELAPSED:678.787684
;LAYER:11
;TYPE:WALL-INNER
;MESH:Switch Raiser Omron Tilted.stl(1)
G1 F1500 E723.16436
G1 X93.826 Y102.245 E723.16659
G1 X94.342 Y102.245 E723.18804
G1 X94.837 Y102.245 E723.20862
G1 X101.177 Y102.245 E723.47221
G1 X101.68 Y102.245 E723.49312
G1 X102.207 Y102.246 E723.51503
G1 X102.263 Y102.299 E723.51823
G1 X102.263 Y102.833 E723.54043
G1 X102.263 Y103.334 E723.56126
G1 X102.127 Y102.833 E723.56541
G1 X101.68 Y102.387 E723.59166
G1 X101.177 Y102.249 E723.59609
G1 X94.837 Y102.248 E723.5984
G1 X94.342 Y102.393 E723.60296
G1 X93.903 Y102.83 E723.62872
G1 X93.764 Y103.327 E723.65017
G1 X93.764 Y102.83 E723.65362
G1 X93.764 Y102.308 E723.67532
G1 X93.774 Y102.258 E723.67744
G0 F4800 X93.764 Y116.748
G1 F1500 X93.996 Y117.335 E723.70368
G1 X94.493 Y117.694 E723.72917
G1 X94.847 Y117.769 E723.74421
G1 X101.243 Y117.769 E724.01013
G1 X101.833 Y117.541 E724.03643
G1 X102.197 Y117.015 E724.06302
G1 X102.263 Y116.652 E724.07836
G1 X102.263 Y117.185 E724.09816
G1 X102.263 Y117.692 E724.11924
G1 X102.251 Y117.758 E724.12203
G1 X102.193 Y117.772 E724.12451
G1 X101.243 Y117.772 E724.14114
G1 X94.494 Y117.772 E724.15054
G1 X93.848 Y117.773 E724.17739
G1 X93.776 Y117.76 E724.18044
G1 X93.763 Y117.71 E724.18258
G1 X93.764 Y116.748 E724.19953
G0 F4800 X94.907 Y117.208
G0 X101.574 Y117.212
G1 F3000 X101.819 Y116.858 E724.21743
G1 X101.863 Y116.616 E724.22766
G1 X101.863 Y103.387 E724.77765
G1 X101.769 Y103.041 E724.79256
G1 X101.472 Y102.745 E724.80999
G1 X101.123 Y102.649 E724.82504
G1 X94.894 Y102.648 E725.08401
G1 X94.552 Y102.748 E725.09883
G1 X94.26 Y103.039 E725.11597
G1 X94.163 Y103.385 E725.13091
G1 X94.164 Y116.672 E725.68332
G1 X94.325 Y117.079 E725.70151
G1 X94.659 Y117.32 E725.71864
G1 X94.889 Y117.369 E725.72841
G1 X101.168 Y117.369 E725.98946
G1 X101.574 Y117.212 E726.00756
G0 F4800 X101.315 Y116.883
;TYPE:WALL-OUTER
G1 F3000 X101.441 Y116.701 E726.01676
G1 X101.463 Y116.58 E726.02188
G1 X101.463 Y103.44 E726.56817
G1 X101.411 Y103.249 E726.5764
G1 X101.264 Y103.103 E726.58502
G1 X101.069 Y103.049 E726.59343
G1 X94.951 Y103.048 E726.84779
G1 X94.762 Y103.103 E726.85597
G1 X94.617 Y103.248 E726.8645
G1 X94.563 Y103.44 E726.87279
G1 X94.564 Y116.596 E727.41975
G1 X94.654 Y116.823 E727.4299
G1 X94.825 Y116.946 E727.43866
G1 X94.932 Y116.969 E727.44321
G1 X101.093 Y116.969 E727.69936
G1 X101.315 Y116.883 E727.70925
G0 F4800 X101.429 Y116.719
G0 X101.79 Y116.969
G0 X102.436 Y118.125
;TYPE:WALL-INNER
G1 F3000 X102.243 Y118.172 E727.71751
G1 X93.813 Y118.173 E728.06799
G1 X93.624 Y118.138 E728.07598
G1 X93.496 Y118.058 E728.08226
G1 X93.411 Y117.945 E728.08814
G1 X93.363 Y117.761 E728.09604
G1 X93.364 Y102.267 E728.74021
G1 X93.398 Y102.1 E728.74729
G1 X93.477 Y101.976 E728.75341
G1 X93.587 Y101.894 E728.75911
G1 X93.778 Y101.845 E728.76731
G1 X102.248 Y101.846 E729.11945
G1 X102.404 Y101.878 E729.12607
G1 X102.531 Y101.957 E729.13229
G1 X102.616 Y102.072 E729.13823
G1 X102.663 Y102.247 E729.14577
G1 X102.663 Y117.727 E729.78935
G1 X102.628 Y117.916 E729.79734
G1 X102.551 Y118.038 E729.80334
G1 X102.436 Y118.125 E729.80934
G0 F4800 X102.62 Y118.487
;TYPE:WALL-OUTER
G1 F3000 X102.345 Y118.569 E729.82127
G1 X102.257 Y118.572 E729.82493
G1 X93.774 Y118.573 E730.17761
G1 X93.478 Y118.519 E730.19012
G1 X93.219 Y118.357 E730.20282
G1 X93.046 Y118.125 E730.21485
G1 X92.968 Y117.852 E730.22666
G1 X92.963 Y117.761 E730.23045
G1 X92.964 Y102.228 E730.87623
G1 X93.021 Y101.948 E730.88811
G1 X93.178 Y101.7 E730.90032
G1 X93.407 Y101.53 E730.91217
G1 X93.682 Y101.45 E730.92408
G1 X93.774 Y101.445 E730.92791
G1 X102.289 Y101.446 E731.28192
G1 X102.554 Y101.5 E731.29317
G1 X102.808 Y101.66 E731.30565
G1 X102.981 Y101.892 E731.31768
G1 X103.059 Y102.168 E731.3296
G1 X103.063 Y102.247 E731.33289
G1 X103.063 Y117.762 E731.97793
G1 X103.007 Y118.065 E731.99074
G1 X102.852 Y118.312 E732.00286
G1 X102.62 Y118.487 E732.01495
G0 F4800 X102.428 Y118.544
G0 X102.303 Y118.121
G0 X102.193 Y116.444
G0 X102.32 Y116.316
;TYPE:SKIN
G1 F1800 X102.262 Y116.091 E732.024
G1 X102.262 Y103.929 E732.49794
G1 X102.091 Y103.534 E732.51471
G0 F4800 X102.106 Y103.52
G0 X101.388 Y102.89
G0 X101.101 Y102.81
G0 X94.918 Y102.809
G0 X94.637 Y102.891
G0 X93.948 Y103.758
G0 X93.763 Y103.942
G1 F1800 X93.729 Y103.693 E732.52399
G1 X93.605 Y103.535 E732.53141
G1 X93.763 Y104.508 E732.56781
G1 X93.763 Y116.388 E733.00645
G1 X93.922 Y116.512 E733.01389
G0 F4800 X93.896 Y116.538
G1 F1500 E726.51389
;MESH:Switch Raiser Omron Tilted.stl
G0 F4800 X94.726 Y117.169
G0 X101.137 Y117.208
G0 X101.404 Y117.103
G0 X102.843 Y115.128
G0 X105.17 Y115.128
G0 X105.75 Y115.128
;TYPE:WALL-INNER
G1 F1500 E733.01389
G1 X105.75 Y114.597 E733.03597
G1 X105.75 Y114.1 E733.05663
G1 X105.89 Y114.597 E733.0609
G1 X106.338 Y115.05 E733.08739
G1 X106.842 Y115.18 E733.10902
G1 X113.169 Y115.181 E733.37207
G1 X113.664 Y115.046 E733.3934
G1 X114.11 Y114.597 E733.41971
G1 X114.249 Y114.103 E733.44105
G1 X114.249 Y114.597 E733.44447
G1 X114.249 Y115.126 E733.46647
G1 X114.24 Y115.169 E733.46829
G1 X114.178 Y115.184 E733.47094
G1 X113.664 Y115.184 E733.49231
G1 X113.169 Y115.184 E733.4958
G1 X106.842 Y115.184 E733.4981
G1 X106.338 Y115.184 E733.50159
G1 X105.813 Y115.183 E733.52342
G1 X105.762 Y115.173 E733.52558
G1 X105.75 Y115.128 E733.52751
G0 F4800 X105.75 Y100.777
G1 F1500 X105.75 Y99.742 E733.57054
G1 X105.763 Y99.672 E733.5735
G1 X105.823 Y99.657 E733.57608
G1 X106.72 Y99.657 E733.61337
G1 X113.524 Y99.657 E733.89625
G1 X114.162 Y99.656 E733.92277
G1 X114.239 Y99.671 E733.92603
G1 X114.25 Y99.711 E733.92776
G1 X114.249 Y100.681 E733.96808
G1 X114.02 Y100.099 E733.97087
G1 X113.525 Y99.735 E733.99642
G1 X113.163 Y99.66 E734.00833
G1 X106.72 Y99.662 E734.12712
G1 X106.17 Y99.905 E734.13128
G1 X105.817 Y100.41 E734.1569
G1 X105.75 Y100.777 E734.17241
G0 F4800 X106.311 Y114.023
G0 X106.545 Y114.69
G1 F3000 X106.893 Y114.78 E734.18736
G1 X113.115 Y114.781 E734.44604
G1 X113.456 Y114.688 E734.46073
G1 X113.753 Y114.389 E734.47825
G1 X113.85 Y114.045 E734.49311
G1 X113.849 Y100.757 E735.04556
G1 X113.69 Y100.353 E735.06361
G1 X113.358 Y100.109 E735.08074
G1 X113.122 Y100.06 E735.09076
G1 X106.805 Y100.062 E735.35339
G1 X106.434 Y100.226 E735.37026
G1 X106.195 Y100.568 E735.38761
G1 X106.15 Y100.813 E735.39796
G1 X106.15 Y114.045 E735.94808
G1 X106.247 Y114.389 E735.96294
G1 X106.545 Y114.69 E735.98055
G0 F4800 X106.752 Y114.33
;TYPE:WALL-OUTER
G1 F3000 X106.944 Y114.38 E735.9888
G1 X113.061 Y114.381 E736.24312
G1 X113.248 Y114.33 E736.25118
G1 X113.396 Y114.181 E736.25991
G1 X113.45 Y113.99 E736.26816
G1 X113.449 Y100.833 E736.81516
G1 X113.36 Y100.607 E736.82526
G1 X113.191 Y100.483 E736.83398
G1 X113.081 Y100.46 E736.83865
G1 X106.89 Y100.462 E737.09604
G1 X106.698 Y100.547 E737.10477
G1 X106.573 Y100.726 E737.11385
G1 X106.55 Y100.85 E737.11909
G1 X106.55 Y113.99 E737.66539
G1 X106.604 Y114.181 E737.67364
G1 X106.752 Y114.33 E737.68237
G0 F4800 X106.944 Y114.38
G0 X106.946 Y114.38
G0 X106.945 Y114.82
G0 X105.608 Y115.551
;TYPE:WALL-INNER
G1 F3000 X105.481 Y115.471 E737.68861
G1 X105.399 Y115.361 E737.69432
G1 X105.35 Y115.183 E737.70199
G1 X105.35 Y99.704 E738.34553
G1 X105.383 Y99.522 E738.35322
G1 X105.465 Y99.387 E738.35979
G1 X105.573 Y99.306 E738.3654
G1 X105.773 Y99.257 E738.37396
G1 X114.2 Y99.256 E738.72432
G1 X114.394 Y99.293 E738.73253
G1 X114.52 Y99.372 E738.73871
G1 X114.6 Y99.478 E738.74423
G1 X114.65 Y99.658 E738.752
G1 X114.649 Y115.166 E739.39675
G1 X114.617 Y115.324 E739.40345
G1 X114.535 Y115.455 E739.40988
G1 X114.427 Y115.536 E739.41549
G1 X114.222 Y115.584 E739.42424
G1 X105.772 Y115.583 E739.77555
G1 X105.608 Y115.551 E739.7825
G0 F4800 X105.456 Y115.928
;TYPE:WALL-OUTER
G1 F3000 X105.205 Y115.77 E739.79483
G1 X105.034 Y115.541 E739.80671
G1 X104.954 Y115.259 E739.8189
G1 X104.95 Y115.183 E739.82206
G1 X104.95 Y99.668 E740.4671
G1 X105.002 Y99.377 E740.47939
G1 X105.163 Y99.113 E740.49225
G1 X105.393 Y98.941 E740.50419
G1 X105.676 Y98.86 E740.51643
G1 X105.758 Y98.857 E740.51984
G1 X114.237 Y98.856 E740.87235
G1 X114.544 Y98.914 E740.88534
G1 X114.795 Y99.072 E740.89767
G1 X114.963 Y99.296 E740.90931
G1 X115.046 Y99.582 E740.9217
G1 X115.05 Y99.658 E740.92486
G1 X115.049 Y115.205 E741.57123
G1 X114.995 Y115.474 E741.58264
G1 X114.834 Y115.731 E741.59524
G1 X114.607 Y115.901 E741.60703
G1 X114.326 Y115.98 E741.61917
G1 X114.241 Y115.984 E741.62271
G1 X105.734 Y115.983 E741.97639
G1 X105.456 Y115.928 E741.98817
G0 F4800 X105.287 Y115.822
G0 X105.522 Y115.449
G0 X105.565 Y113.92
G0 X105.749 Y113.736
;TYPE:SKIN
G1 F1800 X105.912 Y113.855 E741.99589
G1 X105.749 Y113.17 E742.02283
G1 X105.748 Y104.685 E742.34742
G1 X105.748 Y101.291 E742.47726
G1 X105.67 Y101.086 E742.48565
G0 F4800 X105.777 Y100.98
G0 X106.541 Y100.357
G0 X106.84 Y100.223
G0 X113.29 Y100.26
G0 X114.064 Y100.896
G0 X114.083 Y100.876
G1 F1800 X114.224 Y101.018 E742.4933
G1 X114.248 Y103.539 E742.58971
G1 X114.248 Y113.722 E742.9791
G1 X114.386 Y113.867 E742.98675
G0 F4800 X114.339 Y113.914
G1 F1500 E736.48675
;MESH:Switch Raiser Omron Tilted.stl(2)
G0 F4800 X114.788 Y115.393
G0 X117.19 Y115.395
G0 X117.771 Y116.586
;TYPE:WALL-INNER
G1 F1500 E742.98675
G1 X117.999 Y117.164 E743.01259
G1 X118.495 Y117.532 E743.03826
G1 X118.858 Y117.607 E743.05367
G1 X125.298 Y117.605 E743.32142
G1 X125.849 Y117.362 E743.34646
G1 X126.203 Y116.859 E743.37203
G1 X126.27 Y116.49 E743.38762
G1 X126.27 Y117.014 E743.4073
G1 X126.27 Y117.532 E743.42884
G1 X126.258 Y117.595 E743.43151
G1 X126.197 Y117.61 E743.43412
G1 X125.298 Y117.61 E743.45062
G1 X118.496 Y117.61 E743.46091
G1 X117.858 Y117.611 E743.48743
G1 X117.783 Y117.597 E743.49061
G1 X117.77 Y117.552 E743.49255
G1 X117.771 Y116.586 E743.50959
G0 F4800 X117.771 Y103.165
G1 F1500 X117.771 Y102.668 E743.53025
G1 X117.771 Y102.136 E743.55237
G1 X117.779 Y102.098 E743.55399
G1 X117.844 Y102.083 E743.55676
G1 X118.349 Y102.083 E743.57776
G1 X118.845 Y102.083 E743.59838
G1 X125.185 Y102.083 E743.86196
G1 X125.687 Y102.083 E743.88283
G1 X126.212 Y102.084 E743.90466
G1 X126.255 Y102.093 E743.90649
G1 X126.27 Y102.153 E743.90906
G1 X126.27 Y102.668 E743.93047
G1 X126.27 Y103.168 E743.95126
G1 X126.13 Y102.668 E743.95554
G1 X125.687 Y102.227 E743.98153
G1 X125.185 Y102.087 E743.98604
G1 X118.845 Y102.086 E743.98835
G1 X118.349 Y102.229 E743.99287
G1 X117.91 Y102.668 E744.01868
G1 X117.771 Y103.165 E744.02291
G0 F4800 X118.329 Y116.911
G1 F3000 X118.662 Y117.158 E744.04015
G1 X118.899 Y117.207 E744.05021
G1 X125.214 Y117.205 E744.31276
G1 X125.586 Y117.041 E744.32966
G1 X125.825 Y116.701 E744.34694
G1 X125.87 Y116.454 E744.35738
G1 X125.87 Y103.223 E744.90746
G1 X125.773 Y102.877 E744.9224
G1 X125.479 Y102.584 E744.93966
G1 X125.13 Y102.487 E744.95472
G1 X118.902 Y102.486 E745.21365
G1 X118.559 Y102.585 E745.22849
G1 X118.267 Y102.877 E745.24566
G1 X118.17 Y103.223 E745.2606
G1 X118.171 Y116.51 E745.81301
G1 X118.329 Y116.911 E745.83092
G0 F4800 X118.659 Y116.658
;TYPE:WALL-OUTER
G1 F3000 X118.829 Y116.784 E745.83972
G1 X118.94 Y116.807 E745.84444
G1 X125.13 Y116.805 E746.10179
G1 X125.323 Y116.72 E746.11055
G1 X125.447 Y116.543 E746.11954
G1 X125.47 Y116.418 E746.12482
G1 X125.47 Y103.278 E746.67112
G1 X125.416 Y103.086 E746.67941
G1 X125.271 Y102.941 E746.68794
G1 X125.076 Y102.887 E746.69635
G1 X118.959 Y102.886 E746.95067
G1 X118.769 Y102.941 E746.95889
G1 X118.624 Y103.086 E746.96741
G1 X118.57 Y103.278 E746.97571
G1 X118.571 Y116.434 E747.52267
G1 X118.659 Y116.658 E747.53267
G0 F4800 X118.82 Y116.777
G0 X118.557 Y117.131
G0 X117.626 Y117.974
;TYPE:WALL-INNER
G1 F3000 X117.501 Y117.896 E747.5388
G1 X117.421 Y117.788 E747.54439
G1 X117.37 Y117.61 E747.55209
G1 X117.371 Y102.099 E748.19696
G1 X117.401 Y101.95 E748.20328
G1 X117.485 Y101.814 E748.20992
G1 X117.596 Y101.731 E748.21569
G1 X117.798 Y101.683 E748.22432
G1 X126.25 Y101.684 E748.57571
G1 X126.41 Y101.716 E748.5825
G1 X126.539 Y101.797 E748.58883
G1 X126.623 Y101.91 E748.59468
G1 X126.67 Y102.104 E748.60298
G1 X126.67 Y117.566 E749.24582
G1 X126.636 Y117.751 E749.25364
G1 X126.559 Y117.875 E749.2597
G1 X126.445 Y117.962 E749.26567
G1 X126.243 Y118.01 E749.2743
G1 X117.82 Y118.011 E749.62449
G1 X117.626 Y117.974 E749.6327
G0 F4800 X117.476 Y118.353
;TYPE:WALL-OUTER
G1 F3000 X117.225 Y118.195 E749.64503
G1 X117.057 Y117.97 E749.6567
G1 X116.974 Y117.685 E749.66904
G1 X116.97 Y117.61 E749.67217
G1 X116.971 Y102.063 E750.31854
G1 X117.023 Y101.799 E750.32972
G1 X117.185 Y101.538 E750.34249
G1 X117.416 Y101.366 E750.35447
G1 X117.694 Y101.287 E750.36648
G1 X117.779 Y101.283 E750.37002
G1 X126.286 Y101.284 E750.7237
G1 X126.56 Y101.338 E750.73531
G1 X126.816 Y101.498 E750.74786
G1 X126.987 Y101.73 E750.75984
G1 X127.066 Y102.003 E750.77166
G1 X127.07 Y102.085 E750.77507
G1 X127.07 Y117.6 E751.42011
G1 X127.015 Y117.899 E751.43275
G1 X126.859 Y118.15 E751.44504
G1 X126.627 Y118.326 E751.45715
G1 X126.348 Y118.406 E751.46921
G1 X126.262 Y118.41 E751.47279
G1 X117.783 Y118.411 E751.82531
G1 X117.476 Y118.353 E751.8383
G0 F4800 X117.307 Y118.247
G0 X117.542 Y117.874
G0 X117.82 Y116.373
G0 X117.887 Y116.306
;TYPE:SKIN
G1 F1800 X117.769 Y116.141 E751.84619
G1 X117.769 Y103.696 E752.3305
G1 X117.697 Y103.484 E752.33921
G0 F4800 X117.811 Y103.371
G0 X118.644 Y102.729
G0 X118.926 Y102.647
G0 X125.108 Y102.648
G0 X125.395 Y102.728
G0 X126.084 Y103.583
G0 X126.193 Y103.473
G1 F1800 X126.269 Y103.681 E752.34775
G1 X126.269 Y115.843 E752.81673
G1 X126.416 Y116.262 E752.83385
G0 F4800 X126.454 Y116.225
G1 F1500 E746.33385
;MESH:Switch Raiser Omron Tilted.stl(3)
G0 F4800 X125.48 Y116.911
G0 X118.926 Y118.21
G0 X118.909 Y120.736
G0 X118.926 Y121.33
;TYPE:WALL-INNER
G1 F1500 E752.83385
G1 F3000 X118.941 Y121.388 E752.83635
G1 X118.941 Y122.291 E752.87389
G1 X118.941 Y129.093 E753.15668
G1 X118.942 Y129.736 E753.18342
G1 X118.93 Y129.8 E753.18612
G1 X118.862 Y129.817 E753.18904
G1 X117.917 Y129.816 E753.22832
G1 X118.497 Y129.587 E753.23143
G1 X118.863 Y129.094 E753.25696
G1 X118.938 Y128.727 E753.26553
G1 X118.936 Y122.291
G1 X118.692 Y121.736 E753.26978
G1 X118.188 Y121.384 E753.29534
G1 X117.821 Y121.317 E753.31085
G1 X104.498 Y121.317
G1 X103.998 Y121.457 E753.33244
G1 X103.557 Y121.9 E753.35843
G1 X103.417 Y122.402 E753.3801
G1 X103.416 Y128.742 E753.64368
G1 X103.559 Y129.236 E753.66506
G1 X104.002 Y129.682 E753.6912
G1 X104.499 Y129.816 E753.7126
G1 X104.002 Y129.816 E753.71593
G1 X103.468 Y129.816 E753.73813
G1 X103.413 Y129.756 E753.74152
G1 X103.413 Y129.236 E753.76313
G1 X103.413 Y128.742 E753.7668
G1 X103.413 Y122.402 E753.76911
G1 X103.413 Y121.9 E753.77283
G1 X103.414 Y121.372 E753.79478
G1 X103.48 Y121.317 E753.79835
G1 X103.998 Y121.317 E753.81989
G1 X104.498 Y121.317 E753.84068
G1 X118.188 Y121.317 E753.84831
G1 X118.854 Y121.317 E753.876
G1 X118.926 Y121.33 E753.87904
G0 F4800 X104.575 Y121.878
G0 X104.292 Y121.959
G0 X104.058 Y122.192
G0 X103.978 Y122.479
G0 X103.977 Y128.661
G0 X104.21 Y129.324
G1 F3000 X104.555 Y129.417 E753.89389
G1 X117.841 Y129.416 E754.44626
G1 X118.244 Y129.257 E754.46427
G1 X118.489 Y128.927 E754.48136
G1 X118.538 Y128.687 E754.49154
G1 X118.536 Y122.375 E754.75397
G1 X118.371 Y122 E754.771
G1 X118.03 Y121.762 E754.78829
G1 X117.785 Y121.717 E754.79864
G1 X104.553 Y121.717 E755.34877
G1 X104.207 Y121.814 E755.36371
G1 X103.914 Y122.108 E755.38096
G1 X103.817 Y122.457 E755.39602
G1 X103.816 Y128.685 E755.65495
G1 X103.915 Y129.027 E755.66976
G1 X104.21 Y129.324 E755.68716
G0 F4800 X104.418 Y128.966
;TYPE:WALL-OUTER
G1 F3000 X104.608 Y129.017 E755.69534
G1 X117.765 Y129.016 E756.24234
G1 X117.991 Y128.927 E756.25244
G1 X118.115 Y128.76 E756.26109
G1 X118.138 Y128.647 E756.26588
G1 X118.136 Y122.459 E756.52315
G1 X118.05 Y122.264 E756.53201
G1 X117.872 Y122.14 E756.54103
G1 X117.748 Y122.117 E756.54627
G1 X104.608 Y122.117 E757.09257
G1 X104.416 Y122.171 E757.10086
G1 X104.271 Y122.316 E757.10939
G1 X104.217 Y122.511 E757.1178
G1 X104.216 Y128.628 E757.37212
G1 X104.271 Y128.818 E757.38034
G1 X104.418 Y128.966 E757.38901
G0 F4800 X104.608 Y129.017
G0 X104.612 Y129.017
G0 X104.611 Y129.457
G0 X103.28 Y130.186
;TYPE:WALL-INNER
G1 F3000 X103.144 Y130.102 E757.39566
G1 X103.061 Y129.992 E757.40139
G1 X103.013 Y129.806 E757.40937
G1 X103.014 Y121.331 E757.76172
G1 X103.046 Y121.177 E757.76826
G1 X103.125 Y121.05 E757.77448
G1 X103.24 Y120.965 E757.78043
G1 X103.428 Y120.917 E757.78849
G1 X118.89 Y120.917 E758.43133
G1 X119.081 Y120.951 E758.43939
G1 X119.204 Y121.026 E758.44538
G1 X119.291 Y121.14 E758.45135
G1 X119.341 Y121.337 E758.4598
G1 X119.342 Y129.77 E758.8104
G1 X119.308 Y129.955 E758.81822
G1 X119.226 Y130.086 E758.82464
G1 X119.121 Y130.166 E758.83013
G1 X118.912 Y130.217 E758.83908
G1 X103.429 Y130.216 E759.48279
G1 X103.28 Y130.186 E759.4891
G0 F4800 X103.129 Y130.564
;TYPE:WALL-OUTER
G1 F3000 X102.868 Y130.402 E759.50188
G1 X102.698 Y130.174 E759.5137
G1 X102.618 Y129.897 E759.52569
G1 X102.613 Y129.806 E759.52948
G1 X102.614 Y121.289 E759.88357
G1 X102.668 Y121.027 E759.89469
G1 X102.828 Y120.773 E759.90717
G1 X103.06 Y120.6 E759.91921
G1 X103.333 Y120.522 E759.93101
G1 X103.426 Y120.517 E759.93488
G1 X118.928 Y120.517 E760.57938
G1 X119.223 Y120.57 E760.59184
G1 X119.476 Y120.722 E760.60411
G1 X119.653 Y120.956 E760.61631
G1 X119.737 Y121.236 E760.62846
G1 X119.741 Y121.317 E760.63184
G1 X119.742 Y129.804 E760.98468
G1 X119.687 Y130.103 E760.99732
G1 X119.525 Y130.362 E761.01002
G1 X119.305 Y130.529 E761.02151
G1 X119.016 Y130.613 E761.03402
G1 X118.931 Y130.617 E761.03756
G1 X103.393 Y130.616 E761.68355
G1 X103.129 Y130.564 E761.69474
G0 F4800 X102.959 Y130.459
G0 X103.192 Y130.085
G0 X104.706 Y129.769
G0 X104.775 Y129.7
;TYPE:SKIN
G1 F1800 X104.943 Y129.815 E761.70266
G1 X117.388 Y129.815 E762.18669
G1 X117.596 Y129.89 E762.19529
G0 F4800 X117.706 Y129.78
G0 X118.338 Y128.859
G0 X118.375 Y122.409
G0 X118.267 Y122.166
G0 X117.5 Y121.501
G0 X117.556 Y121.445
G1 F1800 X117.402 Y121.315 E762.2031
G1 X104.957 Y121.315 E762.68542
G1 X104.778 Y121.212 E762.69343
G0 F4800 X104.86 Y121.13
G1 F1500 E756.19343
;MESH:NONMESH
G0 F300 X104.86 Y121.13 Z3.25
G0 F4800 X103.437 Y120.736
G0 X102.249 Y118.352
G0 X94.726 Y117.169
G0 X94.459 Y116.975
G0 X94.351 Y116.705
G0 X93.774 Y102.244
;TIME_ELAPSED:716.670378
;LAYER:12
;TYPE:WALL-INNER
;MESH:Switch Raiser Omron Tilted.stl(1)
G1 F1500 E762.69343
G1 F3000 X93.826 Y102.231 E762.69565
G1 X94.321 Y102.231 E762.71623
G1 X94.842 Y102.231 E762.73789
G1 X99.68 Y102.231 E762.93903
G1 X101.255 Y102.231 E763.00452
G1 X101.7 Y102.231 E763.02302
G1 X102.191 Y102.232 E763.04343
G1 X102.252 Y102.243 E763.04601
G1 X102.263 Y102.285 E763.04781
G1 X102.263 Y102.821 E763.0701
G1 X102.263 Y103.324 E763.09101
G1 X102.13 Y102.821 E763.09506
G1 X101.7 Y102.394 E763.12026
G1 X101.255 Y102.236 E763.12507
G1 X99.68 Y102.234 E763.12572
G1 X94.842 Y102.234 E763.12723
G1 X94.321 Y102.382 E763.13208
G1 X93.901 Y102.826 E763.15749
G1 X93.763 Y103.316 E763.16165
G1 X93.764 Y116.715 E763.71872
G1 X93.934 Y117.224 E763.74103
G1 X94.389 Y117.636 E763.76655
G1 X94.847 Y117.756 E763.78623
G1 X101.282 Y117.754 E764.05377
G1 X101.88 Y117.482 E764.08108
G1 X102.206 Y116.968 E764.10639
G1 X102.263 Y116.633 E764.12051
G1 X102.263 Y117.669 E764.14882
G1 X102.248 Y117.747 E764.15213
G1 X102.2 Y117.758 E764.15417
G1 X101.282 Y117.758 E764.17156
G1 X94.847 Y117.758 E764.17357
G1 X94.39 Y117.758 E764.17679
G1 X93.847 Y117.759 E764.19936
G1 X93.778 Y117.746 E764.20228
G1 X93.763 Y117.683 E764.20497
G1 X93.763 Y117.224 E764.22406
G1 X93.763 Y116.715 E764.22839
G1 X93.763 Y103.316 E764.78545
G1 X93.763 Y102.826 E764.78882
G1 X93.763 Y102.301 E764.81065
G1 X93.774 Y102.244 E764.81306
G0 F4800 X94.325 Y116.623
G0 X94.42 Y116.906
G0 X94.664 Y117.128
G0 X101.606 Y117.167
G1 F3000 X101.825 Y116.822 E764.83005
G1 X101.863 Y116.599 E764.83946
G1 X101.863 Y103.376 E765.38921
G1 X101.771 Y103.028 E765.40417
G1 X101.482 Y102.741 E765.4211
G1 X101.186 Y102.636 E765.43416
G1 X99.679 Y102.634 E765.49682
G1 X94.898 Y102.634 E765.69559
G1 X94.536 Y102.737 E765.71123
G1 X94.259 Y103.029 E765.72797
G1 X94.163 Y103.371 E765.74274
G1 X94.164 Y116.65 E766.29481
G1 X94.28 Y116.998 E766.31006
G1 X94.585 Y117.274 E766.32716
G1 X94.898 Y117.356 E766.34062
G1 X101.195 Y117.354 E766.60242
G1 X101.606 Y117.167 E766.62119
G0 F4800 X101.332 Y116.852
;TYPE:WALL-OUTER
G1 F3000 X101.444 Y116.675 E766.6299
G1 X101.463 Y116.565 E766.63454
G1 X101.463 Y103.428 E767.18071
G1 X101.412 Y103.235 E767.18901
G1 X101.264 Y103.088 E767.19768
G1 X101.117 Y103.036 E767.20417
G1 X99.678 Y103.034 E767.26399
G1 X94.954 Y103.034 E767.46039
G1 X94.751 Y103.092 E767.46917
G1 X94.617 Y103.233 E767.47726
G1 X94.563 Y103.426 E767.48559
G1 X94.564 Y116.585 E768.03268
G1 X94.626 Y116.772 E768.04087
G1 X94.781 Y116.912 E768.04955
G1 X94.949 Y116.956 E768.05677
G1 X101.108 Y116.954 E768.31283
G1 X101.332 Y116.852 E768.32307
G0 F4800 X101.439 Y116.683
G0 X101.81 Y116.918
G0 X102.432 Y118.114
;TYPE:WALL-INNER
G1 F3000 X102.247 Y118.158 E768.33097
G1 X93.81 Y118.159 E768.68174
G1 X93.618 Y118.123 E768.68986
G1 X93.492 Y118.041 E768.69611
G1 X93.41 Y117.928 E768.70192
G1 X93.363 Y117.728 E768.71046
G1 X93.363 Y102.263 E769.35342
G1 X93.398 Y102.086 E769.36092
G1 X93.477 Y101.962 E769.36703
G1 X93.587 Y101.88 E769.37274
G1 X93.778 Y101.831 E769.38094
G1 X102.228 Y101.832 E769.73225
G1 X102.408 Y101.866 E769.73986
G1 X102.53 Y101.943 E769.74586
G1 X102.616 Y102.059 E769.75186
G1 X102.663 Y102.233 E769.75936
G1 X102.663 Y117.708 E770.40273
G1 X102.624 Y117.911 E770.41133
G1 X102.55 Y118.027 E770.41705
G1 X102.432 Y118.114 E770.42314
G0 F4800 X102.61 Y118.479
;TYPE:WALL-OUTER
G1 F3000 X102.332 Y118.556 E770.43514
G1 X102.258 Y118.558 E770.43821
G1 X93.773 Y118.559 E770.79098
G1 X93.466 Y118.501 E770.80397
G1 X93.211 Y118.336 E770.8166
G1 X93.042 Y118.103 E770.82856
G1 X92.966 Y117.811 E770.84111
G1 X92.963 Y117.747 E770.84377
G1 X92.963 Y102.228 E771.48898
G1 X93.021 Y101.934 E771.50143
G1 X93.178 Y101.686 E771.51364
G1 X93.407 Y101.516 E771.52549
G1 X93.682 Y101.436 E771.5374
G1 X93.774 Y101.431 E771.54123
G1 X102.265 Y101.432 E771.89425
G1 X102.556 Y101.487 E771.90656
G1 X102.808 Y101.646 E771.91895
G1 X102.981 Y101.878 E771.93098
G1 X103.059 Y102.155 E771.94294
G1 X103.063 Y102.233 E771.94619
G1 X103.063 Y117.748 E772.59123
G1 X103.003 Y118.06 E772.60444
G1 X102.847 Y118.305 E772.61651
G1 X102.61 Y118.479 E772.62874
G0 F4800 X102.417 Y118.532
G0 X102.301 Y118.108
G0 X102.291 Y116.433
G0 X102.184 Y116.326
;TYPE:SKIN
G1 F1800 X102.262 Y116.122 E772.63704
G1 X102.262 Y103.959 E773.09954
G1 X102.413 Y103.544 E773.11633
G1 X102.093 Y103.507 E773.12858
G0 F4800 X102.077 Y103.492
G1 F1500 E766.62858
;MESH:Switch Raiser Omron Tilted.stl
G0 F4800 X102.844 Y102.243
G0 X105.17 Y102.243
G0 X105.75 Y100.795
;TYPE:WALL-INNER
G1 F1500 E773.12858
G1 F3000 X105.75 Y99.744 E773.17227
G1 X105.758 Y99.69 E773.17454
G1 X105.83 Y99.671 E773.17764
G1 X106.728 Y99.671 E773.21497
G1 X113.169 Y99.671 E773.48276
G1 X113.627 Y99.671 E773.5018
G1 X114.163 Y99.67 E773.52409
G1 X114.239 Y99.685 E773.52731
G1 X114.25 Y99.724 E773.52899
G1 X114.25 Y100.209 E773.54916
G1 X114.25 Y100.717 E773.57028
G1 X114.25 Y114.116 E774.12734
G1 X114.25 Y114.616 E774.14813
G1 X114.25 Y115.124 E774.16925
G1 X114.238 Y115.183 E774.17175
G1 X114.177 Y115.198 E774.17436
G1 X113.657 Y115.198 E774.19598
G1 X113.16 Y115.198 E774.21665
G1 X108.333 Y115.198 E774.41733
G1 X106.765 Y115.198 E774.48252
G1 X106.332 Y115.198 E774.50052
G1 X105.822 Y115.197 E774.52172
G1 X105.75 Y115.148 E774.52535
G1 X105.75 Y114.641 E774.54642
G1 X105.75 Y114.122 E774.568
G1 X105.909 Y114.641 E774.57306
G1 X106.332 Y115.049 E774.5975
G1 X106.765 Y115.193 E774.60175
G1 X108.333 Y115.195 E774.6024
G1 X113.16 Y115.195 E774.60391
G1 X113.657 Y115.066 E774.60794
G1 X114.108 Y114.616 E774.63442
G1 X114.25 Y114.116 E774.63875
G1 X114.249 Y100.717 E775.19581
G1 X114.082 Y100.209 E775.20116
G1 X113.628 Y99.797 E775.22665
G1 X113.169 Y99.673 E775.23069
G1 X106.728 Y99.675 E775.23271
G1 X106.133 Y99.95 E775.23958
G1 X105.81 Y100.455 E775.2498
G1 X105.75 Y100.795 E775.26415
G0 F4800 X106.311 Y114.037
G0 X106.403 Y114.337
G0 X106.63 Y114.557
G0 X113.451 Y114.706
G1 F3000 X113.752 Y114.406 E775.28182
G1 X113.85 Y114.06 E775.29677
G1 X113.849 Y100.781 E775.84885
G1 X113.735 Y100.434 E775.86403
G1 X113.431 Y100.158 E775.8811
G1 X113.116 Y100.073 E775.89467
G1 X106.816 Y100.075 E776.15659
G1 X106.407 Y100.264 E776.17532
G1 X106.19 Y100.603 E776.19206
G1 X106.15 Y100.83 E776.20164
G1 X106.15 Y114.062 E776.75176
G1 X106.261 Y114.425 E776.76754
G1 X106.544 Y114.698 E776.78389
G1 X106.83 Y114.793 E776.79642
G1 X108.334 Y114.795 E776.85895
G1 X113.109 Y114.795 E777.05747
G1 X113.451 Y114.706 E777.07216
G0 F4800 X113.245 Y114.346
;TYPE:WALL-OUTER
G1 F3000 X113.396 Y114.196 E777.08101
G1 X113.45 Y114.005 E777.08927
G1 X113.449 Y100.845 E777.6364
G1 X113.388 Y100.659 E777.64453
G1 X113.234 Y100.519 E777.65319
G1 X113.063 Y100.473 E777.66055
G1 X106.904 Y100.475 E777.91661
G1 X106.681 Y100.578 E777.92682
G1 X106.57 Y100.751 E777.93537
G1 X106.55 Y100.865 E777.94018
G1 X106.55 Y114.002 E778.48635
G1 X106.613 Y114.209 E778.49535
G1 X106.756 Y114.347 E778.50361
G1 X106.895 Y114.393 E778.5097
G1 X108.335 Y114.395 E778.56957
G1 X113.058 Y114.395 E778.76593
G1 X113.245 Y114.346 E778.77396
G0 F4800 X113.387 Y114.205
G0 X113.697 Y114.518
G0 X105.606 Y115.563
;TYPE:WALL-INNER
G1 F3000 X105.482 Y115.486 E778.78003
G1 X105.398 Y115.371 E778.78595
G1 X105.35 Y115.204 E778.79318
G1 X105.35 Y99.714 E779.43718
G1 X105.373 Y99.557 E779.44377
G1 X105.438 Y99.434 E779.44956
G1 X105.552 Y99.332 E779.45592
G1 X105.778 Y99.271 E779.46565
G1 X114.201 Y99.27 E779.81584
G1 X114.394 Y99.307 E779.82401
G1 X114.518 Y99.384 E779.83007
G1 X114.605 Y99.502 E779.83617
G1 X114.65 Y99.673 E779.84352
G1 X114.65 Y115.164 E780.48756
G1 X114.616 Y115.339 E780.49497
G1 X114.535 Y115.468 E780.50131
G1 X114.426 Y115.55 E780.50698
G1 X114.222 Y115.598 E780.51569
G1 X105.783 Y115.597 E780.86654
G1 X105.606 Y115.563 E780.87404
G0 F4800 X105.456 Y115.942
;TYPE:WALL-OUTER
G1 F3000 X105.205 Y115.784 E780.88637
G1 X105.033 Y115.551 E780.89841
G1 X104.954 Y115.273 E780.91042
G1 X104.95 Y115.197 E780.91359
G1 X104.95 Y99.682 E781.55863
G1 X104.987 Y99.434 E781.56905
G1 X105.117 Y99.183 E781.5808
G1 X105.342 Y98.983 E781.59332
G1 X105.612 Y98.883 E781.60529
G1 X105.757 Y98.871 E781.61134
G1 X114.238 Y98.87 E781.96394
G1 X114.544 Y98.928 E781.97689
G1 X114.794 Y99.085 E781.98916
G1 X114.97 Y99.324 E782.0015
G1 X115.046 Y99.596 E782.01324
G1 X115.05 Y99.673 E782.01645
G1 X115.05 Y115.205 E782.66219
G1 X114.995 Y115.487 E782.67414
G1 X114.835 Y115.743 E782.68669
G1 X114.607 Y115.915 E782.69856
G1 X114.326 Y115.994 E782.7107
G1 X114.241 Y115.998 E782.71424
G1 X105.745 Y115.997 E783.06746
G1 X105.456 Y115.942 E783.07969
G0 F4800 X105.287 Y115.836
G0 X105.522 Y115.463
G0 X105.72 Y113.923
G0 X105.642 Y113.845
;TYPE:SKIN
G1 F1800 X105.749 Y113.669 E783.08769
G1 X105.748 Y104.9 E783.42844
G1 X105.748 Y101.223 E783.57133
G1 X105.871 Y101.063 E783.57917
G0 F4800 X105.809 Y101.001
G1 F1500 E777.07917
;MESH:Switch Raiser Omron Tilted.stl(2)
G0 F4800 X106.518 Y100.391
G0 X106.852 Y100.236
G0 X113.094 Y100.234
G0 X113.352 Y100.303
G0 X114.83 Y102.139
G0 X117.19 Y102.139
G0 X117.77 Y102.139
;TYPE:WALL-INNER
G1 F1500 E783.57917
G1 F3000 X117.781 Y102.084 E783.5815
G1 X117.844 Y102.069 E783.58419
G1 X118.351 Y102.069 E783.60527
G1 X118.851 Y102.069 E783.62606
G1 X123.687 Y102.069 E783.82712
G1 X125.259 Y102.069 E783.89247
G1 X125.702 Y102.069 E783.91089
G1 X126.2 Y102.07 E783.9316
G1 X126.256 Y102.081 E783.93397
G1 X126.27 Y102.139 E783.93645
G1 X126.27 Y102.656 E783.95794
G1 X126.27 Y103.158 E783.97881
G1 X126.133 Y102.656 E783.98299
G1 X125.702 Y102.227 E784.00828
G1 X125.259 Y102.074 E784.01287
G1 X123.687 Y102.072 E784.01352
G1 X118.851 Y102.072 E784.01504
G1 X118.351 Y102.212 E784.01948
G1 X117.909 Y102.656 E784.04553
G1 X117.77 Y103.156 E784.04975
G1 X117.771 Y116.552 E784.60669
G1 X117.939 Y117.059 E784.6289
G1 X118.396 Y117.474 E784.65456
G1 X118.855 Y117.594 E784.67428
G1 X125.292 Y117.592 E784.9419
G1 X125.885 Y117.317 E784.96908
G1 X126.21 Y116.815 E784.99394
G1 X126.27 Y116.473 E785.00838
G1 X126.27 Y117.508 E785.03697
G1 X126.256 Y117.583 E785.04014
G1 X126.198 Y117.596 E785.04262
G1 X125.292 Y117.596 E785.05984
G1 X118.855 Y117.596 E785.06185
G1 X118.397 Y117.596 E785.06507
G1 X117.857 Y117.597 E785.08752
G1 X117.781 Y117.582 E785.09074
G1 X117.77 Y117.542 E785.09247
G1 X117.77 Y117.059 E785.11255
G1 X117.77 Y116.552 E785.11683
G1 X117.77 Y103.156 E785.67377
G1 X117.77 Y102.656 E785.67723
G1 X117.77 Y102.139 E785.69873
G0 F4800 X118.332 Y116.46
G0 X118.592 Y117.112
G1 F3000 X118.906 Y117.194 E785.71222
G1 X125.204 Y117.192 E785.97406
G1 X125.612 Y117.003 E785.99275
G1 X125.83 Y116.666 E786.00944
G1 X125.87 Y116.438 E786.01907
G1 X125.87 Y103.212 E786.56894
G1 X125.775 Y102.864 E786.58394
G1 X125.485 Y102.575 E786.60096
G1 X125.192 Y102.474 E786.61384
G1 X123.686 Y102.472 E786.67645
G1 X118.906 Y102.472 E786.87518
G1 X118.56 Y102.569 E786.89012
G1 X118.266 Y102.864 E786.90744
G1 X118.17 Y103.21 E786.92237
G1 X118.171 Y116.487 E787.47436
G1 X118.286 Y116.834 E787.48956
G1 X118.592 Y117.112 E787.50675
G0 F4800 X118.788 Y116.75
;TYPE:WALL-OUTER
G1 F3000 X118.957 Y116.794 E787.51401
G1 X125.116 Y116.792 E787.77007
G1 X125.339 Y116.689 E787.78028
G1 X125.45 Y116.517 E787.78879
G1 X125.47 Y116.403 E787.7936
G1 X125.47 Y103.266 E788.33978
G1 X125.417 Y103.072 E788.34814
G1 X125.268 Y102.923 E788.3569
G1 X125.125 Y102.874 E788.36318
G1 X123.685 Y102.872 E788.42305
G1 X118.961 Y102.872 E788.61945
G1 X118.769 Y102.926 E788.62775
G1 X118.623 Y103.072 E788.63633
G1 X118.57 Y103.264 E788.64461
G1 X118.571 Y116.422 E789.19166
G1 X118.633 Y116.609 E789.19985
G1 X118.788 Y116.75 E789.20856
G0 F4800 X118.957 Y116.794
G0 X118.983 Y116.794
G0 X118.982 Y117.234
G0 X117.626 Y117.96
;TYPE:WALL-INNER
G1 F3000 X117.504 Y117.883 E789.21456
G1 X117.413 Y117.758 E789.22099
G1 X117.37 Y117.595 E789.22799
G1 X117.37 Y102.101 E789.87216
G1 X117.402 Y101.933 E789.87927
G1 X117.485 Y101.8 E789.88579
G1 X117.596 Y101.717 E789.89155
G1 X117.798 Y101.669 E789.90018
G1 X126.238 Y101.67 E790.25108
G1 X126.412 Y101.703 E790.25844
G1 X126.539 Y101.783 E790.26468
G1 X126.623 Y101.896 E790.27053
G1 X126.67 Y102.091 E790.27887
G1 X126.67 Y117.548 E790.9215
G1 X126.632 Y117.745 E790.92984
G1 X126.557 Y117.865 E790.93572
G1 X126.44 Y117.951 E790.94176
G1 X126.245 Y117.996 E790.95008
G1 X117.819 Y117.997 E791.30039
G1 X117.626 Y117.96 E791.30856
G0 F4800 X117.476 Y118.339
;TYPE:WALL-OUTER
G1 F3000 X117.225 Y118.181 E791.3209
G1 X117.046 Y117.934 E791.33358
G1 X116.974 Y117.671 E791.34491
G1 X116.97 Y117.595 E791.34808
G1 X116.97 Y102.063 E791.99382
G1 X117.023 Y101.785 E792.00559
G1 X117.185 Y101.524 E792.01836
G1 X117.416 Y101.352 E792.03033
G1 X117.694 Y101.273 E792.04235
G1 X117.779 Y101.269 E792.04589
G1 X126.275 Y101.27 E792.39911
G1 X126.56 Y101.324 E792.41117
G1 X126.816 Y101.484 E792.42372
G1 X126.987 Y101.716 E792.4357
G1 X127.066 Y101.99 E792.44756
G1 X127.07 Y102.071 E792.45093
G1 X127.07 Y117.586 E793.09597
G1 X127.011 Y117.895 E793.10905
G1 X126.854 Y118.143 E793.12125
G1 X126.617 Y118.318 E793.1335
G1 X126.33 Y118.393 E793.14583
G1 X126.263 Y118.396 E793.14862
G1 X117.782 Y118.397 E793.50122
G1 X117.476 Y118.339 E793.51417
G0 F4800 X117.307 Y118.233
G0 X117.542 Y117.86
G0 X125.168 Y117.031
G0 X125.438 Y116.906
G0 X126.084 Y116.184
G0 X126.123 Y116.223
;TYPE:SKIN
G1 F1800 X126.269 Y116.086 E793.52191
G1 X126.269 Y103.641 E794.0032
G1 X126.362 Y103.451 E794.01138
G0 F4800 X126.454 Y103.544
G1 F1500 E787.51138
;MESH:Switch Raiser Omron Tilted.stl(3)
G0 F4800 X125.677 Y116.605
G0 X125.502 Y116.876
G0 X125.232 Y117.001
G0 X117.189 Y117.584
G0 X116.268 Y118.314
G0 X117.189 Y119.652
G0 X117.189 Y120.737
G0 X104.564 Y121.878
G0 X104.277 Y121.958
G0 X104.049 Y122.185
G0 X103.965 Y122.424
G0 X103.963 Y128.657
G0 X104.49 Y129.817
;TYPE:WALL-INNER
G1 F1500 E794.01138
G1 F3000 X103.987 Y129.817 E794.03229
G1 X103.472 Y129.817 E794.0537
G1 X103.415 Y129.806 E794.05612
G1 X103.399 Y129.739 E794.05898
G1 X103.399 Y129.234 E794.07998
G1 X103.399 Y128.735 E794.10072
G1 X103.399 Y123.9 E794.30174
G1 X103.399 Y122.328 E794.36709
G1 X103.399 Y121.877 E794.38584
G1 X103.4 Y121.39 E794.40609
G1 X103.411 Y121.332 E794.40855
G1 X103.468 Y121.317 E794.411
G1 X103.985 Y121.317 E794.43249
G1 X104.488 Y121.317 E794.4534
G1 X118.145 Y121.317 E795.0212
G1 X118.842 Y121.317 E795.05017
G1 X118.914 Y121.33 E795.05322
G1 X118.927 Y121.385 E795.05557
G1 X118.927 Y122.297 E795.09348
G1 X118.927 Y128.736 E795.36118
G1 X118.927 Y129.194 E795.38023
G1 X118.928 Y129.731 E795.40255
G1 X118.914 Y129.803 E795.4056
G1 X118.851 Y129.817 E795.40828
G1 X118.386 Y129.817 E795.42762
G1 X117.877 Y129.817 E795.44878
G1 X104.49 Y129.817 E796.00535
G0 F4800 X104.542 Y129.417
G1 F3000 X117.815 Y129.416 E796.55717
G1 X118.162 Y129.305 E796.57232
G1 X118.44 Y128.998 E796.58954
G1 X118.525 Y128.683 E796.6031
G1 X118.523 Y122.385 E796.86494
G1 X118.333 Y121.975 E796.88373
G1 X117.996 Y121.757 E796.90042
G1 X117.768 Y121.717 E796.91004
G1 X104.542 Y121.717 E797.45991
G1 X104.193 Y121.813 E797.47496
G1 X103.909 Y122.096 E797.49163
G1 X103.804 Y122.396 E797.50485
G1 X103.802 Y123.901 E797.56742
G1 X103.802 Y128.68 E797.7661
G1 X103.899 Y129.026 E797.78104
G1 X104.195 Y129.325 E797.79854
G1 X104.542 Y129.417 E797.81346
G0 F4800 X104.403 Y128.966
;TYPE:WALL-OUTER
G1 F3000 X104.594 Y129.017 E797.82168
G1 X117.753 Y129.016 E798.36877
G1 X117.938 Y128.957 E798.37684
G1 X118.079 Y128.801 E798.38558
G1 X118.125 Y128.63 E798.39295
G1 X118.123 Y122.473 E798.64892
G1 X118.019 Y122.248 E798.65923
G1 X117.847 Y122.137 E798.66774
G1 X117.733 Y122.117 E798.67255
G1 X104.596 Y122.117 E799.21872
G1 X104.401 Y122.171 E799.22714
G1 X104.256 Y122.315 E799.23563
G1 X104.204 Y122.464 E799.24219
G1 X104.202 Y123.902 E799.30198
G1 X104.202 Y128.625 E799.49834
G1 X104.256 Y128.818 E799.50667
G1 X104.403 Y128.966 E799.51534
G0 F4800 X104.594 Y129.017
G0 X104.597 Y129.017
G0 X104.596 Y129.457
G0 X103.987 Y129.684
;TYPE:WALL-INNER
G1 F3000 X104.49 Y129.817 E799.5194
G1 X117.877 Y129.816 E800.07597
G1 X118.386 Y129.653 E800.08119
G1 X118.801 Y129.195 E800.10688
G1 X118.925 Y128.736 E800.11093
G1 X118.923 Y122.297 E800.11294
G1 X118.647 Y121.702 E800.11967
G1 X118.145 Y121.377 E800.13311
G1 X117.803 Y121.317 E800.14396
G1 X104.488 Y121.317 E800.37715
G1 X103.985 Y121.455 E800.39883
G1 X103.562 Y121.877 E800.42367
G1 X103.404 Y122.328 E800.4285
G1 X103.402 Y123.9 E800.42915
G1 X103.402 Y128.735 E800.43066
G1 X103.542 Y129.234 E800.4351
G1 X103.987 Y129.684 E800.46141
G0 F4800 X103.256 Y130.183
G1 F3000 X103.131 Y130.104 E800.46756
G1 X103.049 Y129.994 E800.47326
G1 X102.999 Y129.787 E800.48212
G1 X103 Y121.353 E800.83276
G1 X103.034 Y121.173 E800.84038
G1 X103.113 Y121.048 E800.84653
G1 X103.218 Y120.969 E800.85199
G1 X103.414 Y120.917 E800.86042
G1 X118.877 Y120.917 E801.5033
G1 X119.07 Y120.953 E801.51146
G1 X119.196 Y121.032 E801.51764
G1 X119.281 Y121.146 E801.52355
G1 X119.327 Y121.335 E801.53164
G1 X119.328 Y129.768 E801.88224
G1 X119.291 Y129.964 E801.89054
G1 X119.214 Y130.084 E801.89646
G1 X119.091 Y130.174 E801.9028
G1 X118.897 Y130.217 E801.91106
G1 X103.433 Y130.217 E802.55398
G1 X103.256 Y130.183 E802.56147
G0 F4800 X103.107 Y130.562
;TYPE:WALL-OUTER
G1 F3000 X102.854 Y130.402 E802.57392
G1 X102.684 Y130.174 E802.58574
G1 X102.603 Y129.889 E802.59806
G1 X102.599 Y129.806 E802.60152
G1 X102.6 Y121.315 E802.95453
G1 X102.655 Y121.025 E802.9668
G1 X102.814 Y120.773 E802.97919
G1 X103.036 Y120.605 E802.99077
G1 X103.319 Y120.522 E803.00303
G1 X103.412 Y120.517 E803.0069
G1 X118.914 Y120.517 E803.6514
G1 X119.218 Y120.574 E803.66426
G1 X119.472 Y120.732 E803.67669
G1 X119.646 Y120.968 E803.68888
G1 X119.724 Y121.249 E803.70101
G1 X119.727 Y121.317 E803.70384
G1 X119.728 Y129.806 E804.05677
G1 X119.669 Y130.115 E804.06985
G1 X119.511 Y130.362 E804.08204
G1 X119.268 Y130.54 E804.09456
G1 X119.001 Y130.613 E804.10607
G1 X118.916 Y130.617 E804.10961
G1 X103.393 Y130.617 E804.75498
G1 X103.107 Y130.562 E804.76709
G0 F4800 X102.938 Y130.455
G0 X103.173 Y130.084
G0 X103.965 Y122.424
G0 X104.813 Y121.501
G0 X104.756 Y121.444
;TYPE:SKIN
G1 F1800 X104.911 Y121.316 E804.77486
G1 X117.356 Y121.316 E805.25625
G1 X117.529 Y121.206 E805.26418
G0 F4800 X117.454 Y121.131
G1 F1500 E798.76418
;MESH:NONMESH
G0 F300 X117.454 Y121.131 Z3.5
G0 F4800 X103.423 Y120.736
G0 X102.253 Y118.338
G0 X94.664 Y117.128
G0 X94.42 Y116.906
G0 X93.775 Y102.23
;TIME_ELAPSED:752.821901
;LAYER:13
;TYPE:WALL-INNER
;MESH:Switch Raiser Omron Tilted.stl(1)
G1 F1500 E805.26418
G1 F3000 X93.826 Y102.217 E805.26637
G1 X94.378 Y102.217 E805.28932
G1 X94.86 Y102.217 E805.30936
G1 X101.176 Y102.217 E805.57195
G1 X101.678 Y102.217 E805.59282
G1 X102.175 Y102.217 E805.61348
G1 X102.263 Y102.273 E805.61782
G1 X102.263 Y102.807 E805.64002
G1 X102.263 Y103.31 E805.66093
G1 X102.13 Y102.807 E805.66499
G1 X101.678 Y102.358 E805.69148
G1 X101.176 Y102.221 E805.69587
G1 X94.86 Y102.22 E805.69817
G1 X94.378 Y102.336 E805.70167
G1 X93.905 Y102.797 E805.72913
G1 X93.763 Y103.303 E805.73352
G1 X93.764 Y116.75 E806.29258
G1 X94.012 Y117.323 E806.31854
G1 X94.509 Y117.67 E806.34374
G1 X94.873 Y117.742 E806.35917
G1 X101.259 Y117.74 E806.62466
G1 X101.844 Y117.5 E806.65095
G1 X102.196 Y116.987 E806.67682
G1 X102.263 Y116.625 E806.69212
G1 X102.263 Y117.658 E806.73507
G1 X102.25 Y117.73 E806.73811
G1 X102.195 Y117.744 E806.74047
G1 X101.259 Y117.744 E806.75734
G1 X94.51 Y117.744 E806.89046
G1 X93.852 Y117.745 E806.91781
G1 X93.77 Y117.708 E806.92155
G1 X93.763 Y117.681 E806.92271
G1 X93.763 Y116.75 E806.93966
G1 X93.763 Y103.303 E807.49873
G1 X93.763 Y102.797 E807.50232
G1 X93.763 Y102.295 E807.52319
G1 X93.775 Y102.23 E807.52593
G0 F4800 X94.325 Y116.633
G0 X94.464 Y116.953
G0 X94.734 Y117.142
G0 X101.582 Y117.175
G1 F3000 X101.818 Y116.831 E807.54328
G1 X101.863 Y116.588 E807.55355
G1 X101.863 Y103.362 E808.10343
G1 X101.771 Y103.014 E808.11839
G1 X101.471 Y102.716 E808.13597
G1 X101.122 Y102.621 E808.15101
G1 X94.907 Y102.62 E808.4094
G1 X94.578 Y102.699 E808.42347
G1 X94.261 Y103.008 E808.44187
G1 X94.163 Y103.358 E808.45698
G1 X94.164 Y116.667 E809.01031
G1 X94.334 Y117.06 E809.02811
G1 X94.669 Y117.294 E809.0451
G1 X94.912 Y117.342 E809.05539
G1 X101.18 Y117.34 E809.31599
G1 X101.582 Y117.175 E809.33405
G0 F4800 X101.32 Y116.85
;TYPE:WALL-OUTER
G1 F3000 X101.44 Y116.675 E809.34288
G1 X101.463 Y116.551 E809.34812
G1 X101.463 Y103.414 E809.89429
G1 X101.412 Y103.221 E809.90259
G1 X101.264 Y103.074 E809.91126
G1 X101.069 Y103.021 E809.91967
G1 X94.954 Y103.02 E810.1739
G1 X94.778 Y103.062 E810.18142
G1 X94.617 Y103.219 E810.19077
G1 X94.563 Y103.413 E810.19914
G1 X94.564 Y116.584 E810.74673
G1 X94.656 Y116.797 E810.75637
G1 X94.829 Y116.918 E810.76515
G1 X94.951 Y116.942 E810.77032
G1 X101.101 Y116.94 E811.02601
G1 X101.32 Y116.85 E811.03585
G0 F4800 X101.433 Y116.685
G0 X101.796 Y116.935
G0 X102.437 Y118.096
;TYPE:WALL-INNER
G1 F3000 X102.242 Y118.144 E811.0442
G1 X93.811 Y118.145 E811.39472
G1 X93.606 Y118.103 E811.40342
G1 X93.412 Y117.92 E811.41451
G1 X93.363 Y117.732 E811.42259
G1 X93.363 Y102.261 E812.0658
G1 X93.397 Y102.076 E812.07362
G1 X93.477 Y101.947 E812.07993
G1 X93.587 Y101.866 E812.08561
G1 X93.778 Y101.817 E812.0938
G1 X102.213 Y101.817 E812.44449
G1 X102.407 Y101.852 E812.45269
G1 X102.613 Y102.036 E812.46417
G1 X102.663 Y102.219 E812.47206
G1 X102.663 Y117.696 E813.11552
G1 X102.628 Y117.889 E813.12367
G1 X102.55 Y118.013 E813.12976
G1 X102.437 Y118.096 E813.13559
G0 F4800 X102.612 Y118.464
;TYPE:WALL-OUTER
G1 F3000 X102.312 Y118.542 E813.14848
G1 X102.257 Y118.544 E813.15077
G1 X93.772 Y118.545 E813.50353
G1 X93.451 Y118.48 E813.51715
G1 X93.218 Y118.329 E813.52869
G1 X93.048 Y118.1 E813.54055
G1 X92.968 Y117.824 E813.5525
G1 X92.963 Y117.732 E813.55633
G1 X92.963 Y102.226 E814.20099
G1 X93.018 Y101.928 E814.21359
G1 X93.178 Y101.672 E814.22614
G1 X93.407 Y101.502 E814.238
G1 X93.682 Y101.422 E814.24991
G1 X93.774 Y101.417 E814.25374
G1 X102.252 Y101.417 E814.60621
G1 X102.554 Y101.472 E814.61897
G1 X102.809 Y101.633 E814.63151
G1 X102.976 Y101.854 E814.64303
G1 X103.059 Y102.14 E814.65541
G1 X103.063 Y102.219 E814.6587
G1 X103.063 Y117.734 E815.30373
G1 X103.009 Y118.034 E815.31641
G1 X102.847 Y118.291 E815.32904
G1 X102.612 Y118.464 E815.34117
G0 F4800 X102.418 Y118.514
G0 X102.308 Y118.087
G0 X102.217 Y116.419
G0 X102.332 Y116.304
;TYPE:SKIN
G1 F1800 X102.262 Y116.09 E815.3499
G1 X102.262 Y103.928 E815.82152
G1 X102.094 Y103.532 E815.8382
G0 F4800 X102.11 Y103.516
G1 F1500 E809.3382
;MESH:Switch Raiser Omron Tilted.stl
G0 F4800 X102.844 Y102.229
G0 X105.17 Y102.229
G0 X105.75 Y100.805
;TYPE:WALL-INNER
G1 F1500 E815.8382
G1 F3000 X105.75 Y99.769 E815.88128
G1 X105.772 Y99.701 E815.88425
G1 X105.83 Y99.685 E815.88675
G1 X106.75 Y99.685 E815.925
G1 X113.508 Y99.685 E816.20596
G1 X114.163 Y99.684 E816.23319
G1 X114.238 Y99.699 E816.23637
G1 X114.25 Y99.739 E816.23811
G1 X114.25 Y100.688 E816.27757
G1 X114.25 Y114.127 E816.83629
G1 X114.25 Y114.626 E816.85704
G1 X114.25 Y115.135 E816.8782
G1 X114.238 Y115.198 E816.88087
G1 X114.177 Y115.212 E816.88347
G1 X113.662 Y115.212 E816.90488
G1 X113.163 Y115.212 E816.92563
G1 X106.844 Y115.212 E817.18834
G1 X106.34 Y115.212 E817.20929
G1 X105.828 Y115.212 E817.23058
G1 X105.761 Y115.2 E817.23341
G1 X105.75 Y115.162 E817.23506
G1 X105.75 Y114.626 E817.25734
G1 X105.75 Y114.127 E817.27809
G1 X105.89 Y114.626 E817.28236
G1 X106.34 Y115.079 E817.30891
G1 X106.844 Y115.208 E817.31304
G1 X113.163 Y115.209 E817.31534
G1 X113.662 Y115.077 E817.3195
G1 X114.11 Y114.626 E817.34593
G1 X114.25 Y114.127 E817.35021
G1 X114.249 Y100.688 E817.90894
G1 X114.01 Y100.114 E817.9124
G1 X113.509 Y99.76 E817.9379
G1 X113.139 Y99.687 E817.9465
G1 X106.75 Y99.689
G1 X106.167 Y99.934 E817.95117
G1 X105.82 Y100.434 E817.97647
G1 X105.75 Y100.805 E817.99217
G0 F4800 X106.311 Y114.049
G0 X106.546 Y114.719
G1 F3000 X106.894 Y114.808 E818.0071
G1 X113.111 Y114.809 E818.26558
G1 X113.455 Y114.718 E818.28037
G1 X113.753 Y114.418 E818.29795
G1 X113.85 Y114.072 E818.31289
G1 X113.849 Y100.768 E818.86601
G1 X113.685 Y100.374 E818.88375
G1 X113.348 Y100.136 E818.9009
G1 X113.1 Y100.087 E818.91141
G1 X106.831 Y100.089 E819.17205
G1 X106.429 Y100.258 E819.19018
G1 X106.197 Y100.592 E819.20708
G1 X106.15 Y100.842 E819.21766
G1 X106.15 Y114.072 E819.7677
G1 X106.247 Y114.418 E819.78264
G1 X106.546 Y114.719 E819.80028
G0 F4800 X106.752 Y114.359
;TYPE:WALL-OUTER
G1 F3000 X106.944 Y114.408 E819.80852
G1 X113.059 Y114.409 E820.06275
G1 X113.248 Y114.359 E820.07088
G1 X113.396 Y114.21 E820.07961
G1 X113.45 Y114.017 E820.08794
G1 X113.449 Y100.848 E820.63544
G1 X113.36 Y100.634 E820.64508
G1 X113.187 Y100.512 E820.65388
G1 X113.061 Y100.487 E820.65922
G1 X106.912 Y100.489 E820.91487
G1 X106.691 Y100.582 E820.92483
G1 X106.574 Y100.75 E820.93335
G1 X106.55 Y100.879 E820.9388
G1 X106.55 Y114.017 E821.48502
G1 X106.604 Y114.21 E821.49335
G1 X106.752 Y114.359 E821.50208
G0 F4800 X106.944 Y114.408
G0 X106.946 Y114.408
G0 X106.945 Y114.848
G0 X105.604 Y115.577
;TYPE:WALL-INNER
G1 F3000 X105.482 Y115.5 E821.50808
G1 X105.398 Y115.387 E821.51393
G1 X105.35 Y115.218 E821.52123
G1 X105.35 Y99.73 E822.16515
G1 X105.385 Y99.538 E822.17326
G1 X105.547 Y99.349 E822.18361
G1 X105.774 Y99.285 E822.19342
G1 X114.203 Y99.284 E822.54386
G1 X114.394 Y99.321 E822.55195
G1 X114.52 Y99.4 E822.55813
G1 X114.6 Y99.507 E822.56368
G1 X114.65 Y99.687 E822.57145
G1 X114.65 Y115.17 E823.21516
G1 X114.616 Y115.353 E823.2229
G1 X114.535 Y115.482 E823.22923
G1 X114.426 Y115.564 E823.2349
G1 X114.222 Y115.612 E823.24361
G1 X105.794 Y115.612 E823.59401
G1 X105.604 Y115.577 E823.60204
G0 F4800 X105.456 Y115.956
;TYPE:WALL-OUTER
G1 F3000 X105.204 Y115.797 E823.61443
G1 X105.033 Y115.565 E823.62641
G1 X104.954 Y115.287 E823.63843
G1 X104.95 Y115.211 E823.64159
G1 X104.95 Y99.696 E824.28663
G1 X105.005 Y99.396 E824.29931
G1 X105.132 Y99.179 E824.30976
G1 X105.341 Y98.998 E824.32126
G1 X105.626 Y98.895 E824.33386
G1 X105.756 Y98.885 E824.33928
G1 X114.241 Y98.884 E824.69204
G1 X114.544 Y98.942 E824.70487
G1 X114.795 Y99.1 E824.7172
G1 X114.964 Y99.325 E824.7289
G1 X115.046 Y99.61 E824.74123
G1 X115.05 Y99.687 E824.74443
G1 X115.05 Y115.207 E825.38968
G1 X114.995 Y115.501 E825.40212
G1 X114.835 Y115.757 E825.41467
G1 X114.607 Y115.929 E825.42654
G1 X114.326 Y116.008 E825.43868
G1 X114.241 Y116.012 E825.44221
G1 X105.759 Y116.012 E825.79485
G1 X105.456 Y115.956 E825.80767
G0 F4800 X105.287 Y115.849
G0 X105.522 Y115.477
G0 X105.565 Y113.92
G0 X105.749 Y113.735
;TYPE:SKIN
G1 F1800 X105.749 Y113.452 E825.81887
G1 X105.749 Y101.29 E826.30032
G1 X105.658 Y101.098 E826.30873
G0 F4800 X105.565 Y101.192
G0 X105.934 Y113.834
G1 F1800 X105.858 Y113.909 E826.31095
G1 F1500 E819.81095
;MESH:Switch Raiser Omron Tilted.stl(2)
G0 F4800 X106.63 Y114.573
G0 X114.787 Y115.42
G0 X117.19 Y115.42
G0 X117.77 Y116.584
;TYPE:WALL-INNER
G1 F1500 E826.31095
G1 F3000 X117.77 Y103.143 E826.86976
G1 X117.77 Y102.636 E826.89084
G1 X117.77 Y102.131 E826.91183
G1 X117.781 Y102.07 E826.91441
G1 X117.844 Y102.055 E826.9171
G1 X118.386 Y102.055 E826.93963
G1 X118.867 Y102.055 E826.95963
G1 X125.182 Y102.055 E827.22218
G1 X125.687 Y102.055 E827.24318
G1 X126.192 Y102.055 E827.26417
G1 X126.258 Y102.067 E827.26696
G1 X126.27 Y102.108 E827.26874
G1 X126.27 Y102.642 E827.29094
G1 X126.27 Y103.144 E827.31181
G1 X126.133 Y102.642 E827.31599
G1 X125.687 Y102.196 E827.34221
G1 X125.182 Y102.059 E827.34662
G1 X118.867 Y102.058 E827.34893
G1 X118.386 Y102.174 E827.35242
G1 X117.909 Y102.636 E827.38003
G1 X117.77 Y103.143 E827.3843
G1 X117.771 Y116.584 E827.94311
G1 X118.012 Y117.152 E827.96877
G1 X118.512 Y117.508 E827.99429
G1 X118.883 Y117.58 E828.01
G1 X125.27 Y117.578 E828.27554
G1 X125.853 Y117.333 E828.30183
G1 X126.2 Y116.833 E828.32713
G1 X126.27 Y116.463 E828.34279
G1 X126.27 Y117.504 E828.38607
G1 X126.258 Y117.567 E828.38873
G1 X126.198 Y117.582 E828.39131
G1 X125.27 Y117.582 E828.40817
G1 X118.513 Y117.582 E828.41791
G1 X117.853 Y117.583 E828.44535
G1 X117.77 Y117.529 E828.44947
G1 X117.77 Y116.584 E828.46661
G0 F4800 X118.336 Y116.892
G1 F3000 X118.673 Y117.132 E828.48381
G1 X118.921 Y117.18 E828.49431
G1 X125.189 Y117.178 E828.7549
G1 X125.591 Y117.009 E828.77303
G1 X125.823 Y116.675 E828.78994
G1 X125.87 Y116.426 E828.80048
G1 X125.87 Y103.198 E829.35043
G1 X125.775 Y102.85 E829.36543
G1 X125.479 Y102.554 E829.38283
G1 X125.129 Y102.459 E829.39791
G1 X118.914 Y102.458 E829.6563
G1 X118.586 Y102.537 E829.67033
G1 X118.266 Y102.847 E829.68885
G1 X118.17 Y103.197 E829.70394
G1 X118.171 Y116.503 E830.25714
G1 X118.336 Y116.892 E830.27471
G0 F4800 X118.66 Y116.632
;TYPE:WALL-OUTER
G1 F3000 X118.834 Y116.756 E830.28359
G1 X118.959 Y116.78 E830.28888
G1 X125.108 Y116.778 E830.54453
G1 X125.329 Y116.685 E830.5545
G1 X125.446 Y116.517 E830.56301
G1 X125.47 Y116.389 E830.56842
G1 X125.47 Y103.252 E831.11459
G1 X125.417 Y103.058 E831.12296
G1 X125.271 Y102.912 E831.13154
G1 X125.076 Y102.859 E831.13994
G1 X118.961 Y102.858 E831.39417
G1 X118.786 Y102.9 E831.40166
G1 X118.623 Y103.058 E831.41109
G1 X118.57 Y103.251 E831.41941
G1 X118.571 Y116.422 E831.967
G1 X118.66 Y116.632 E831.97648
G0 F4800 X118.823 Y116.748
G0 X118.566 Y117.107
G0 X117.614 Y117.943
;TYPE:WALL-INNER
G1 F3000 X117.42 Y117.758 E831.98763
G1 X117.37 Y117.588 E831.995
G1 X117.37 Y102.096 E832.63908
G1 X117.404 Y101.912 E832.64686
G1 X117.483 Y101.787 E832.65301
G1 X117.596 Y101.703 E832.65886
G1 X117.798 Y101.655 E832.66749
G1 X126.227 Y101.655 E833.01793
G1 X126.41 Y101.689 E833.02567
G1 X126.541 Y101.771 E833.03209
G1 X126.618 Y101.874 E833.03744
G1 X126.67 Y102.05 E833.04507
G1 X126.67 Y117.538 E833.68899
G1 X126.636 Y117.723 E833.69681
G1 X126.556 Y117.851 E833.70308
G1 X126.45 Y117.931 E833.7086
G1 X126.249 Y117.982 E833.71722
G1 X117.817 Y117.983 E834.06779
G1 X117.614 Y117.943 E834.07639
G0 F4800 X117.462 Y118.32
;TYPE:WALL-OUTER
G1 F3000 X117.232 Y118.173 E834.08774
G1 X117.057 Y117.942 E834.09978
G1 X116.974 Y117.657 E834.11213
G1 X116.97 Y117.581 E834.11529
G1 X116.97 Y102.061 E834.76054
G1 X117.025 Y101.763 E834.77313
G1 X117.185 Y101.51 E834.78558
G1 X117.416 Y101.338 E834.79755
G1 X117.694 Y101.259 E834.80957
G1 X117.779 Y101.255 E834.81311
G1 X126.261 Y101.255 E835.16575
G1 X126.56 Y101.31 E835.17839
G1 X126.816 Y101.471 E835.19096
G1 X126.982 Y101.692 E835.20245
G1 X127.066 Y101.981 E835.21496
G1 X127.07 Y102.057 E835.21813
G1 X127.07 Y117.572 E835.86317
G1 X127.015 Y117.871 E835.87581
G1 X126.855 Y118.127 E835.88836
G1 X126.627 Y118.298 E835.90021
G1 X126.318 Y118.38 E835.9135
G1 X126.264 Y118.382 E835.91574
G1 X117.779 Y118.383 E836.26851
G1 X117.462 Y118.32 E836.28195
G0 F4800 X117.293 Y118.212
G0 X117.531 Y117.84
G0 X125.155 Y117.017
G0 X125.422 Y116.905
G0 X126.084 Y116.029
G0 X126.269 Y115.844
;TYPE:SKIN
G1 F1800 X126.269 Y115.561 E836.29322
G1 X126.269 Y103.681 E836.76638
G1 X126.207 Y103.46 E836.77552
G0 F4800 X126.33 Y103.337
G0 X126.454 Y115.942
G0 X126.299 Y116.096
G1 F1800 X126.428 Y116.25 E836.7861
G0 F4800 X126.454 Y116.225
G1 F1500 E830.2861
;MESH:Switch Raiser Omron Tilted.stl(3)
G0 F4800 X125.485 Y116.878
G0 X117.799 Y118.164
G0 X117.799 Y120.737
G0 X104.55 Y121.878
G0 X104.263 Y121.958
G0 X104.029 Y122.192
G0 X103.95 Y122.479
G0 X103.949 Y128.654
G0 X104.477 Y129.817
;TYPE:WALL-INNER
G1 F1500 E836.7861
G1 F3000 X103.967 Y129.817 E836.80731
G1 X103.461 Y129.817 E836.82834
G1 X103.399 Y129.805 E836.83097
G1 X103.385 Y129.753 E836.83321
G1 X103.385 Y129.199 E836.85624
G1 X103.385 Y128.72 E836.87616
G1 X103.385 Y122.405 E837.1387
G1 X103.385 Y121.9 E837.1597
G1 X103.385 Y121.396 E837.18065
G1 X103.422 Y121.326 E837.18394
G1 X103.455 Y121.317 E837.18537
G1 X103.971 Y121.317 E837.20682
G1 X104.473 Y121.317 E837.22769
G1 X118.182 Y121.317 E837.79764
G1 X118.827 Y121.317 E837.82446
G1 X118.901 Y121.331 E837.82759
G1 X118.913 Y121.373 E837.82941
G1 X118.913 Y121.776 E837.84616
G1 X118.913 Y122.332 E837.86928
G1 X118.913 Y129.079 E838.14978
G1 X118.914 Y129.724 E838.1766
G1 X118.898 Y129.804 E838.17999
G1 X118.826 Y129.817 E838.18303
G1 X117.912 Y129.817 E838.22103
G1 X104.477 Y129.817 E838.7796
G0 F4800 X104.529 Y129.417
G1 F3000 X117.831 Y129.416 E839.33263
G1 X118.225 Y129.249 E839.35042
G1 X118.462 Y128.918 E839.36735
G1 X118.511 Y128.667 E839.37798
G1 X118.509 Y122.406 E839.63828
G1 X118.364 Y122.027 E839.65515
G1 X118.016 Y121.766 E839.67324
G1 X117.757 Y121.717 E839.6842
G1 X104.528 Y121.717 E840.23419
G1 X104.179 Y121.814 E840.24925
G1 X103.884 Y122.108 E840.26657
G1 X103.789 Y122.458 E840.28165
G1 X103.788 Y128.673 E840.54004
G1 X103.866 Y129 E840.55401
G1 X104.178 Y129.324 E840.57271
G1 X104.529 Y129.417 E840.58781
G0 F4800 X104.389 Y128.966
;TYPE:WALL-OUTER
G1 F3000 X104.581 Y129.017 E840.59607
G1 X117.75 Y129.016 E841.14357
G1 X117.965 Y128.925 E841.15328
G1 X118.086 Y128.756 E841.16192
G1 X118.111 Y128.628 E841.16734
G1 X118.109 Y122.48 E841.42295
G1 X118.032 Y122.278 E841.43193
G1 X117.85 Y122.142 E841.44138
G1 X117.719 Y122.117 E841.44692
G1 X104.582 Y122.117 E841.9931
G1 X104.387 Y122.171 E842.00151
G1 X104.242 Y122.316 E842.01004
G1 X104.189 Y122.511 E842.01844
G1 X104.188 Y128.626 E842.27267
G1 X104.23 Y128.801 E842.28015
G1 X104.389 Y128.966 E842.28968
G0 F4800 X104.581 Y129.017
G0 X104.583 Y129.017
G0 X104.582 Y129.457
G0 X103.967 Y129.682
;TYPE:WALL-INNER
G1 F3000 X104.477 Y129.817 E842.29384
G1 X117.912 Y129.816 E842.8524
G1 X118.485 Y129.573 E842.85657
G1 X118.838 Y129.08 E842.88178
G1 X118.911 Y128.706 E842.89415
G1 X118.909 Y122.332 E843.01525
G1 X118.696 Y121.776 E843.02298
G1 X118.182 Y121.39 E843.03932
G1 X117.795 Y121.317 E843.04826
G1 X104.473 Y121.317
G1 X103.971 Y121.457 E843.06992
G1 X103.526 Y121.9 E843.09603
G1 X103.389 Y122.405 E843.10044
G1 X103.388 Y128.72 E843.10274
G1 X103.502 Y129.199 E843.10618
G1 X103.967 Y129.682 E843.13405
G0 F4800 X103.242 Y130.183
G1 F3000 X103.117 Y130.104 E843.1402
G1 X103.034 Y129.992 E843.14599
G1 X102.985 Y129.806 E843.15399
G1 X102.985 Y121.362 E843.50505
G1 X103.019 Y121.176 E843.51291
G1 X103.204 Y120.969 E843.52445
G1 X103.402 Y120.917 E843.53296
G1 X118.861 Y120.917 E844.17568
G1 X119.057 Y120.953 E844.18396
G1 X119.183 Y121.031 E844.19012
G1 X119.263 Y121.14 E844.19574
G1 X119.313 Y121.319 E844.20347
G1 X119.314 Y129.765 E844.55461
G1 X119.271 Y129.975 E844.56353
G1 X119.199 Y130.087 E844.56906
G1 X119.076 Y130.179 E844.57545
G1 X118.864 Y130.217 E844.5844
G1 X103.426 Y130.217 E845.22624
G1 X103.242 Y130.183 E845.23402
G0 F4800 X103.093 Y130.562
;TYPE:WALL-OUTER
G1 F3000 X102.84 Y130.402 E845.24646
G1 X102.67 Y130.174 E845.25829
G1 X102.59 Y129.899 E845.27019
G1 X102.585 Y129.806 E845.27407
G1 X102.585 Y121.328 E845.62654
G1 X102.64 Y121.027 E845.63926
G1 X102.801 Y120.772 E845.6518
G1 X103.022 Y120.605 E845.66332
G1 X103.306 Y120.522 E845.67562
G1 X103.398 Y120.517 E845.67945
G1 X118.9 Y120.517 E846.32395
G1 X119.202 Y120.572 E846.33671
G1 X119.458 Y120.732 E846.34926
G1 X119.628 Y120.961 E846.36112
G1 X119.711 Y121.259 E846.37398
G1 X119.713 Y121.317 E846.37639
G1 X119.714 Y129.804 E846.72924
G1 X119.648 Y130.13 E846.74307
G1 X119.497 Y130.363 E846.75461
G1 X119.276 Y130.529 E846.7661
G1 X119.197 Y130.564 E846.7697
G1 X118.902 Y130.617 E846.78216
G1 X103.391 Y130.617 E847.42703
G1 X103.093 Y130.562 E847.43963
G0 F4800 X102.924 Y130.455
G0 X103.159 Y130.084
G0 X103.95 Y122.479
G0 X104.772 Y121.501
G0 X104.957 Y121.316
;TYPE:SKIN
G1 F1800 X104.767 Y121.223 E847.44772
G1 X105.806 Y121.316 E847.48763
G1 X117.402 Y121.316 E847.93131
G1 X117.542 Y121.459 E847.93897
G0 F4800 X117.584 Y121.417
G1 F1500 E841.43897
;MESH:NONMESH
G0 F300 X117.584 Y121.417 Z3.75
G0 F4800 X103.409 Y120.736
G0 X102.249 Y118.324
G0 X94.734 Y117.142
G0 X94.464 Y116.953
G0 X94.352 Y116.694
G0 X93.792 Y102.231
;TIME_ELAPSED:788.731959
;LAYER:14
;TYPE:WALL-INNER
;MESH:Switch Raiser Omron Tilted.stl(1)
G1 F1500 E847.93897
G1 X93.854 Y102.214 E847.94164
G1 X94.325 Y102.214 E847.96122
G1 X94.802 Y102.214 E847.98106
G1 X94.325 Y102.361 E847.98544
G1 X93.891 Y102.811 E848.01143
G1 X93.766 Y103.281 E848.03165
G1 X93.767 Y102.811 E848.03455
G1 X93.769 Y102.291 E848.05617
G1 X93.792 Y102.231 E848.05884
G0 F4800 X101.216 Y102.214
G1 F1500 X101.671 Y102.214 E848.07775
G1 X102.157 Y102.214 E848.09796
G1 X102.256 Y102.273 E848.10275
G1 X102.258 Y102.778 E848.12375
G1 X102.261 Y103.285 E848.14483
G1 X102.121 Y102.779 E848.14904
G1 X101.671 Y102.345 E848.17503
G1 X101.216 Y102.214 E848.17873
G0 F4800 X94.915 Y102.767
G0 X94.629 Y102.855
G0 X94.397 Y103.097
G0 X93.763 Y116.647
G1 F1500 X93.903 Y117.148 E848.20036
G1 X94.348 Y117.593 E848.22652
G1 X94.843 Y117.728 E848.24785
G1 X101.248 Y117.726 E848.51414
G1 X101.843 Y117.487 E848.5408
G1 X102.199 Y116.972 E848.56683
G1 X102.262 Y116.612 E848.58202
G1 X102.262 Y117.68 E848.62643
G1 X102.255 Y117.715 E848.62791
G1 X102.188 Y117.73 E848.63076
G1 X101.248 Y117.73 E848.64755
G1 X94.843 Y117.73 E848.64956
G1 X94.349 Y117.73 E848.65344
G1 X93.844 Y117.731 E848.67444
G1 X93.781 Y117.712 E848.67717
G1 X93.763 Y117.65 E848.67986
G1 X93.763 Y117.148 E848.70073
G1 X93.763 Y116.647 E848.70423
G0 F4800 X94.64 Y117.09
G0 X101.582 Y117.161
G1 F3000 X101.82 Y116.817 E848.72162
G1 X101.863 Y116.572 E848.73196
G1 X101.863 Y103.345 E849.28188
G1 X101.765 Y102.991 E849.29715
G1 X101.465 Y102.702 E849.31447
G1 X101.131 Y102.606 E849.32892
G1 X94.89 Y102.606 E849.58839
G1 X94.541 Y102.713 E849.60356
G1 X94.251 Y103.014 E849.62094
G1 X94.163 Y103.346 E849.63522
G1 X94.163 Y116.592 E850.18592
G1 X94.26 Y116.939 E850.2009
G1 X94.556 Y117.235 E850.21831
G1 X94.897 Y117.328 E850.233
G1 X101.171 Y117.326 E850.49384
G1 X101.582 Y117.161 E850.51226
G0 F4800 X101.321 Y116.835
;TYPE:WALL-OUTER
G1 F3000 X101.441 Y116.661 E850.52105
G1 X101.463 Y116.537 E850.52628
G1 X101.463 Y103.399 E851.0725
G1 X101.409 Y103.203 E851.08095
G1 X101.259 Y103.059 E851.08959
G1 X101.075 Y103.006 E851.09755
G1 X94.95 Y103.006 E851.3522
G1 X94.757 Y103.065 E851.36059
G1 X94.611 Y103.217 E851.36935
G1 X94.563 Y103.398 E851.37714
G1 X94.563 Y116.537 E851.9234
G1 X94.617 Y116.73 E851.93173
G1 X94.764 Y116.877 E851.94037
G1 X94.951 Y116.928 E851.94843
G1 X101.094 Y116.926 E852.20383
G1 X101.321 Y116.835 E852.21399
G0 F4800 X101.434 Y116.671
G0 X101.796 Y116.922
G0 X102.434 Y118.084
;TYPE:WALL-INNER
G1 F3000 X102.235 Y118.13 E852.22249
G1 X93.807 Y118.131 E852.57288
G1 X93.615 Y118.095 E852.581
G1 X93.431 Y117.941 E852.59098
G1 X93.363 Y117.706 E852.60115
G1 X93.364 Y104.243 E853.16088
G1 X93.369 Y102.256 E853.24349
G1 X93.401 Y102.074 E853.25117
G1 X93.565 Y101.878 E853.26179
G1 X93.799 Y101.814 E853.27188
G1 X97.872 Y101.816 E853.44121
G1 X102.221 Y101.814 E853.62203
G1 X102.504 Y101.907 E853.63441
G1 X102.58 Y101.989 E853.63906
G1 X102.656 Y102.203 E853.6485
G1 X102.661 Y103.003 E853.68176
G1 X102.663 Y104.86 E853.75897
G1 X102.662 Y117.721 E854.29366
G1 X102.632 Y117.868 E854.2999
G1 X102.549 Y117.999 E854.30635
G1 X102.434 Y118.084 E854.31229
G0 F4800 X102.614 Y118.449
;TYPE:WALL-OUTER
G1 F3000 X102.34 Y118.526 E854.32413
G1 X102.254 Y118.53 E854.32771
G1 X93.772 Y118.531 E854.68035
G1 X93.47 Y118.475 E854.69312
G1 X93.255 Y118.347 E854.70352
G1 X93.083 Y118.15 E854.71439
G1 X92.977 Y117.877 E854.72657
G1 X92.963 Y117.718 E854.7332
G1 X92.964 Y104.243 E855.29343
G1 X92.969 Y102.221 E855.37749
G1 X93.019 Y101.936 E855.38952
G1 X93.15 Y101.708 E855.40046
G1 X93.362 Y101.525 E855.4121
G1 X93.648 Y101.425 E855.4247
G1 X93.777 Y101.414 E855.43008
G1 X97.872 Y101.416 E855.60033
G1 X102.249 Y101.414 E855.7823
G1 X102.497 Y101.452 E855.79274
G1 X102.752 Y101.585 E855.80469
G1 X102.924 Y101.771 E855.81522
G1 X103.043 Y102.07 E855.8286
G1 X103.056 Y102.182 E855.83329
G1 X103.061 Y103.003 E855.86743
G1 X103.063 Y104.86 E855.94463
G1 X103.062 Y117.762 E856.48103
G1 X103.009 Y118.02 E856.49198
G1 X102.848 Y118.276 E856.50456
G1 X102.614 Y118.449 E856.51666
G0 F4800 X102.422 Y118.503
G0 X102.303 Y118.078
G0 X102.268 Y116.41
G0 X102.172 Y116.315
;TYPE:SKIN
G1 F1800 X102.262 Y116.121 E856.52498
G1 X102.262 Y103.676 E857.00918
G1 X102.395 Y103.526 E857.01698
G0 F4800 X102.343 Y103.475
G0 X100.976 Y102.39
G0 X100.795 Y102.209
G1 F1800 X100.96 Y102.091 E857.02445
G1 X100.229 Y102.209 E857.05175
G1 X95.149 Y102.22 E857.23903
G1 X95.021 Y102.375 E857.24644
G0 F4800 X95.006 Y102.36
G0 X93.88 Y103.497
G0 X93.914 Y103.53
G1 F1800 X93.763 Y103.663 E857.25422
G1 X93.763 Y116.107 E857.73557
G1 X93.694 Y116.321 E857.74426
G0 F4800 X93.81 Y116.437
G1 F1500 E851.24426
;MESH:Switch Raiser Omron Tilted.stl
G0 F4800 X94.64 Y117.09
G0 X94.919 Y117.167
G0 X101.14 Y117.165
G0 X101.41 Y117.056
G0 X102.843 Y115.136
G0 X105.157 Y115.125
G0 X105.757 Y115.138
;TYPE:WALL-INNER
G1 F1500 E857.74426
G1 X105.755 Y114.657 E857.76426
G1 X105.752 Y114.153 E857.78522
G1 X105.899 Y114.656 E857.78966
G1 X106.35 Y115.092 E857.81574
G1 X106.796 Y115.213 E857.83495
G1 X106.35 Y115.213 E857.83762
G1 X105.803 Y115.213 E857.86036
G1 X105.757 Y115.138 E857.86402
G0 F4800 X113.207 Y115.215
G1 F1500 X113.679 Y115.075 E857.88449
G1 X114.119 Y114.626 E857.91063
G1 X114.247 Y114.146 E857.93128
G1 X114.246 Y114.626 E857.93432
G1 X114.244 Y115.137 E857.95556
G1 X114.231 Y115.201 E857.95828
G1 X114.171 Y115.215 E857.96084
G1 X113.679 Y115.215 E857.98129
G1 X113.207 Y115.215 E857.98456
G0 F4800 X106.906 Y114.662
G0 X106.637 Y114.587
G0 X106.396 Y114.355
G0 X105.751 Y100.78
G1 F1500 X105.751 Y100.285 E858.00514
G1 X105.751 Y99.749 E858.02743
G1 X105.825 Y99.699 E858.03114
G1 X106.32 Y99.699 E858.05172
G1 X106.798 Y99.699 E858.07159
G1 X113.172 Y99.699 E858.33659
G1 X113.667 Y99.699 E858.35717
G1 X114.167 Y99.698 E858.37796
G1 X114.236 Y99.711 E858.38088
G1 X114.25 Y99.767 E858.38328
G1 X114.25 Y100.282 E858.40469
G1 X114.25 Y100.783 E858.42552
G1 X114.11 Y100.282 E858.42981
G1 X113.668 Y99.84 E858.4558
G1 X113.172 Y99.701 E858.46064
G1 X106.798 Y99.703 E858.46264
G1 X106.32 Y99.85 E858.46723
G1 X105.89 Y100.285 E858.49266
G1 X105.751 Y100.78 E858.49688
G0 F4800 X106.311 Y114.065
G0 X106.396 Y114.355
G0 X106.637 Y114.587
G0 X113.466 Y114.721
G1 F3000 X113.76 Y114.421 E858.51434
G1 X113.85 Y114.084 E858.52884
G1 X113.85 Y100.839 E859.07951
G1 X113.753 Y100.491 E859.09453
G1 X113.459 Y100.197 E859.11181
G1 X113.117 Y100.101 E859.12658
G1 X106.858 Y100.103 E859.3868
G1 X106.534 Y100.203 E859.4009
G1 X106.247 Y100.493 E859.41786
G1 X106.15 Y100.838 E859.43276
G1 X106.15 Y114.089 E859.98367
G1 X106.253 Y114.442 E859.99896
G1 X106.554 Y114.733 E860.01637
G1 X106.885 Y114.823 E860.03063
G1 X113.121 Y114.823 E860.28989
G1 X113.466 Y114.721 E860.30485
G0 F4800 X113.253 Y114.367
;TYPE:WALL-OUTER
G1 F3000 X113.401 Y114.216 E860.31364
G1 X113.45 Y114.032 E860.32156
G1 X113.45 Y100.894 E860.86777
G1 X113.396 Y100.7 E860.87614
G1 X113.25 Y100.554 E860.88473
G1 X113.062 Y100.501 E860.89285
G1 X106.919 Y100.503 E861.14824
G1 X106.748 Y100.556 E861.15569
G1 X106.604 Y100.701 E861.16418
G1 X106.55 Y100.893 E861.17247
G1 X106.55 Y114.032 E861.71873
G1 X106.607 Y114.228 E861.72722
G1 X106.758 Y114.374 E861.73595
G1 X106.938 Y114.423 E861.74371
G1 X113.063 Y114.423 E861.99835
G1 X113.253 Y114.367 E862.00659
G0 F4800 X113.393 Y114.224
G0 X113.707 Y114.533
G0 X114.413 Y115.57
;TYPE:WALL-INNER
G1 F3000 X114.217 Y115.615 E862.01495
G1 X105.754 Y115.613 E862.3668
G1 X105.601 Y115.576 E862.37334
G1 X105.474 Y115.488 E862.37977
G1 X105.395 Y115.367 E862.38578
G1 X105.357 Y115.178 E862.39379
G1 X105.352 Y114.224 E862.43345
G1 X105.35 Y112.57 E862.50222
G1 X105.351 Y99.712 E863.03679
G1 X105.383 Y99.56 E863.04325
G1 X105.464 Y99.429 E863.04965
G1 X105.572 Y99.348 E863.05527
G1 X105.778 Y99.299 E863.06407
G1 X114.204 Y99.298 E863.41438
G1 X114.391 Y99.333 E863.42229
G1 X114.52 Y99.414 E863.42863
G1 X114.601 Y99.521 E863.4342
G1 X114.65 Y99.72 E863.44273
G1 X114.649 Y113.399 E864.01143
G1 X114.644 Y115.179 E864.08544
G1 X114.605 Y115.369 E864.0935
G1 X114.53 Y115.486 E864.09928
G1 X114.413 Y115.57 E864.10527
G0 F4800 X114.584 Y115.94
;TYPE:WALL-OUTER
G1 F3000 X114.298 Y116.012 E864.11753
G1 X114.236 Y116.015 E864.12011
G1 X105.704 Y116.013 E864.47483
G1 X105.434 Y115.947 E864.48638
G1 X105.183 Y115.773 E864.49908
G1 X105.018 Y115.523 E864.51153
G1 X104.957 Y115.217 E864.52451
G1 X104.952 Y114.224 E864.56579
G1 X104.95 Y112.57 E864.63456
G1 X104.951 Y99.668 E865.17096
G1 X105.005 Y99.41 E865.18192
G1 X105.165 Y99.154 E865.19447
G1 X105.39 Y98.985 E865.20617
G1 X105.674 Y98.903 E865.21846
G1 X105.759 Y98.899 E865.222
G1 X114.241 Y98.898 E865.57464
G1 X114.54 Y98.954 E865.58728
G1 X114.795 Y99.114 E865.5998
G1 X114.964 Y99.339 E865.6115
G1 X115.046 Y99.619 E865.62363
G1 X115.05 Y99.701 E865.62704
G1 X115.049 Y113.4 E866.19658
G1 X115.044 Y115.221 E866.27229
G1 X114.982 Y115.523 E866.28511
G1 X114.826 Y115.764 E866.29704
G1 X114.584 Y115.94 E866.30948
G0 F4800 X114.39 Y115.988
G0 X114.284 Y115.56
G0 X113.014 Y115.276
G0 X112.894 Y115.156
;TYPE:SKIN
G1 F1800 X112.672 Y115.217 E866.31853
G1 X107.298 Y115.217 E866.52973
G1 X107.096 Y115.299 E866.5383
G0 F4800 X107.195 Y115.397
G0 X105.934 Y113.854
G0 X105.749 Y113.669
G1 F1800 X105.749 Y113.386 E866.54951
G1 X105.749 Y101.224 E867.03139
G1 X105.865 Y101.057 E867.03945
G0 F4800 X105.934 Y101.126
G0 X106.621 Y100.346
G0 X106.883 Y100.264
G0 X113.095 Y100.262
G0 X114.064 Y101.053
G0 X114.248 Y101.238
G1 F1800 X114.248 Y101.52 E867.05061
G1 X114.247 Y113.682 E867.53207
G1 X114.143 Y113.861 E867.54026
G0 F4800 X114.064 Y113.781
G0 X113.379 Y114.578
G0 X113.097 Y114.662
G0 X106.906 Y114.662
G0 X105.747 Y113.95
G1 F1800 X105.566 Y113.768 E867.5456
G0 F4800 X106.311 Y100.86
G0 X106.392 Y100.577
G0 X106.621 Y100.346
G0 X106.883 Y100.264
G0 X113.095 Y100.262
G0 X114.433 Y101.14
G1 F1800 X114.275 Y100.981 E867.55026
G1 F1500 E861.05026
;MESH:Switch Raiser Omron Tilted.stl(2)
G0 F4800 X114.83 Y102.062
G0 X117.195 Y102.07
G0 X117.789 Y102.064
;TYPE:WALL-INNER
G1 F1500 E867.55026
G1 X117.836 Y102.052 E867.55228
G1 X118.33 Y102.052 E867.57281
G1 X118.809 Y102.052 E867.59273
G1 X118.33 Y102.199 E867.59713
G1 X117.898 Y102.652 E867.62315
G1 X117.773 Y103.12 E867.64329
G1 X117.774 Y102.652 E867.64617
G1 X117.776 Y102.129 E867.66792
G1 X117.789 Y102.064 E867.67067
G0 F4800 X125.221 Y102.052
G1 F1500 X125.689 Y102.052 E867.69013
G1 X126.181 Y102.052 E867.71059
G1 X126.256 Y102.086 E867.71401
G1 X126.263 Y102.115 E867.71525
G1 X126.264 Y102.621 E867.73629
G1 X126.266 Y103.111 E867.75666
G1 X126.128 Y102.622 E867.76074
G1 X125.689 Y102.182 E867.78658
G1 X125.221 Y102.052 E867.79033
G0 F4800 X118.922 Y102.605
G0 X118.634 Y102.693
G0 X118.404 Y102.936
G0 X117.77 Y116.485
G1 F1500 X117.91 Y116.983 E867.81183
G1 X118.355 Y117.431 E867.83808
G1 X118.85 Y117.566 E867.85942
G1 X125.221 Y117.564 E868.12429
G1 X125.697 Y117.418 E868.14499
G1 X126.13 Y116.982 E868.17054
G1 X126.269 Y116.488 E868.19187
G1 X126.269 Y116.982 E868.1953
G1 X126.269 Y117.522 E868.21775
G1 X126.204 Y117.568 E868.22106
G1 X125.697 Y117.568 E868.24214
G1 X125.221 Y117.568 E868.24577
G1 X118.85 Y117.568 E868.24776
G1 X118.356 Y117.568 E868.25165
G1 X117.848 Y117.569 E868.27277
G1 X117.783 Y117.557 E868.27552
G1 X117.77 Y117.511 E868.27751
G1 X117.77 Y116.983 E868.29946
G1 X117.77 Y116.485 E868.30293
G0 F4800 X118.563 Y117.073
G1 F3000 X118.904 Y117.166 E868.31763
G1 X125.161 Y117.164 E868.57777
G1 X125.484 Y117.065 E868.59181
G1 X125.773 Y116.774 E868.60886
G1 X125.87 Y116.43 E868.62372
G1 X125.87 Y103.181 E869.17455
G1 X125.771 Y102.831 E869.18967
G1 X125.48 Y102.539 E869.20681
G1 X125.136 Y102.444 E869.22165
G1 X118.897 Y102.444 E869.48104
G1 X118.547 Y102.551 E869.49625
G1 X118.258 Y102.854 E869.51366
G1 X118.17 Y103.184 E869.52786
G1 X118.17 Y116.43 E870.07857
G1 X118.267 Y116.775 E870.09347
G1 X118.563 Y117.073 E870.11093
G0 F4800 X118.771 Y116.715
;TYPE:WALL-OUTER
G1 F3000 X118.958 Y116.766 E870.11899
G1 X125.101 Y116.764 E870.37438
G1 X125.271 Y116.712 E870.38177
G1 X125.416 Y116.566 E870.39033
G1 X125.47 Y116.375 E870.39858
G1 X125.47 Y103.237 E870.9448
G1 X125.414 Y103.04 E870.95331
G1 X125.271 Y102.896 E870.96175
G1 X125.082 Y102.844 E870.9699
G1 X118.957 Y102.844 E871.22454
G1 X118.764 Y102.903 E871.23294
G1 X118.618 Y103.056 E871.24173
G1 X118.57 Y103.236 E871.24947
G1 X118.57 Y116.375 E871.79573
G1 X118.624 Y116.567 E871.80402
G1 X118.771 Y116.715 E871.81269
G0 F4800 X118.958 Y116.766
G0 X118.965 Y116.766
G0 X118.964 Y117.206
G0 X117.629 Y117.935
;TYPE:WALL-INNER
G1 F3000 X117.519 Y117.871 E871.81798
G1 X117.42 Y117.743 E871.82471
G1 X117.37 Y117.567 E871.83232
G1 X117.371 Y103.869 E872.40182
G1 X117.376 Y102.088 E872.47586
G1 X117.415 Y101.897 E872.48397
G1 X117.489 Y101.783 E872.48962
G1 X117.611 Y101.696 E872.49585
G1 X117.788 Y101.652 E872.50343
G1 X121.879 Y101.654 E872.67351
G1 X126.216 Y101.652 E872.85382
G1 X126.405 Y101.687 E872.86182
G1 X126.613 Y101.867 E872.87325
G1 X126.663 Y102.067 E872.88182
G1 X126.67 Y104.699 E872.99125
G1 X126.669 Y117.561 E873.52599
G1 X126.639 Y117.704 E873.53206
G1 X126.559 Y117.833 E873.53837
G1 X126.419 Y117.933 E873.54553
G1 X126.242 Y117.968 E873.55303
G1 X117.813 Y117.969 E873.90347
G1 X117.629 Y117.935 E873.91125
G0 F4800 X117.485 Y118.315
;TYPE:WALL-OUTER
G1 F3000 X117.252 Y118.178 E873.92248
G1 X117.057 Y117.928 E873.93566
G1 X116.974 Y117.643 E873.94801
G1 X116.97 Y117.567 E873.95117
G1 X116.971 Y103.868 E874.52071
G1 X116.976 Y102.047 E874.59642
G1 X117.038 Y101.744 E874.60927
G1 X117.196 Y101.501 E874.62133
G1 X117.44 Y101.327 E874.63378
G1 X117.727 Y101.255 E874.64609
G1 X117.784 Y101.252 E874.64846
G1 X121.879 Y101.254 E874.81871
G1 X126.255 Y101.252 E875.00064
G1 X126.551 Y101.306 E875.01315
G1 X126.803 Y101.461 E875.02545
G1 X126.971 Y101.675 E875.03676
G1 X127.053 Y101.922 E875.04758
G1 X127.063 Y102.047 E875.0528
G1 X127.07 Y104.699 E875.16306
G1 X127.069 Y117.6 E875.69942
G1 X127.015 Y117.857 E875.71033
G1 X126.855 Y118.113 E875.72289
G1 X126.592 Y118.301 E875.73633
G1 X126.346 Y118.364 E875.74688
G1 X126.261 Y118.368 E875.75042
G1 X117.779 Y118.369 E876.10306
G1 X117.485 Y118.315 E876.11549
G0 F4800 X117.313 Y118.214
G0 X117.537 Y117.835
G0 X117.705 Y116.291
G0 X117.644 Y116.23
;TYPE:SKIN
G1 F1800 X117.769 Y116.072 E876.12331
G1 X117.77 Y103.628 E876.6066
G1 X117.848 Y103.423 E876.61512
G0 F4800 X117.742 Y103.317
G0 X119.007 Y102.036
G0 X119.103 Y102.132
G1 F1800 X119.301 Y102.048 E876.62351
G1 X124.675 Y102.048 E876.83312
G1 X124.894 Y101.984 E876.84202
G0 F4800 X124.778 Y101.868
G0 X126.228 Y103.318
G0 X126.339 Y103.429
G1 F1800 X126.268 Y103.64 E876.85071
G1 X126.269 Y110.147 E877.10465
G1 X126.269 Y116.086 E877.33642
G1 X126.127 Y116.228 E877.34425
G0 F4800 X126.171 Y116.272
G1 F1500 E870.84425
;MESH:Switch Raiser Omron Tilted.stl(3)
G0 F4800 X125.398 Y116.923
G0 X118.884 Y118.168
G0 X118.865 Y120.736
G0 X118.884 Y121.33
;TYPE:WALL-INNER
G1 F1500 E877.34425
G1 X118.898 Y121.386 E877.34665
G1 X118.898 Y122.304 E877.38482
G1 X118.898 Y128.74 E877.6524
G1 X118.899 Y129.235 E877.67298
G1 X118.9 Y129.734 E877.69372
G1 X118.876 Y129.802 E877.69672
G1 X118.806 Y129.817 E877.6997
G1 X118.31 Y129.817 E877.72032
G1 X117.808 Y129.817 E877.74119
G1 X118.31 Y129.684 E877.74524
G1 X118.755 Y129.236 E877.77149
G1 X118.897 Y128.741 E877.77639
G1 X118.895 Y122.304 E877.77775
G1 X118.646 Y121.733 E877.78227
G1 X118.149 Y121.384 E877.80752
G1 X117.777 Y121.317 E877.82324
G1 X118.813 Y121.317 E877.86631
G1 X118.884 Y121.33 E877.86931
G0 F4800 X104.44 Y121.321
G1 F1500 X103.948 Y121.462 E877.89059
G1 X103.51 Y121.9 E877.91634
G1 X103.382 Y122.366 E877.93643
G1 X103.382 Y121.9 E877.9394
G1 X103.382 Y121.416 E877.95952
G1 X103.398 Y121.335 E877.96295
G1 X103.456 Y121.324 E877.96541
G1 X103.947 Y121.323 E877.98582
G1 X104.44 Y121.321 E877.98924
G0 F4800 X104.013 Y122.192
G0 X103.935 Y122.473
G0 X103.935 Y128.665
G0 X104.454 Y129.814
G1 F1500 X103.984 Y129.814 E878.00878
G1 X103.455 Y129.812 E878.03077
G1 X103.398 Y129.803 E878.03317
G1 X103.382 Y129.742 E878.03579
G1 X103.382 Y129.256 E878.056
G1 X103.382 Y128.778 E878.07587
G1 X103.529 Y129.256 E878.08026
G1 X103.984 Y129.693 E878.10649
G1 X104.454 Y129.814 E878.10995
G0 F4800 X104.186 Y129.332
G1 F3000 X104.515 Y129.417 E878.12408
G1 X117.756 Y129.417 E878.67458
G1 X118.103 Y129.325 E878.6895
G1 X118.399 Y129.027 E878.70697
G1 X118.497 Y128.685 E878.72176
G1 X118.495 Y122.388 E878.98356
G1 X118.324 Y121.996 E879.00134
G1 X117.991 Y121.762 E879.01826
G1 X117.741 Y121.717 E879.02882
G1 X104.511 Y121.717 E879.57886
G1 X104.158 Y121.818 E879.59412
G1 X103.868 Y122.108 E879.61117
G1 X103.774 Y122.451 E879.62596
G1 X103.774 Y128.69 E879.88535
G1 X103.881 Y129.039 E879.90052
G1 X104.186 Y129.332 E879.91811
G0 F4800 X104.387 Y128.971
;TYPE:WALL-OUTER
G1 F3000 X104.566 Y129.017 E879.92579
G1 X117.704 Y129.017 E880.47201
G1 X117.896 Y128.966 E880.48026
G1 X118.043 Y128.818 E880.48894
G1 X118.097 Y128.629 E880.49711
G1 X118.095 Y122.472 E880.75309
G1 X118.002 Y122.259 E880.76275
G1 X117.833 Y122.14 E880.77134
G1 X117.705 Y122.117 E880.77675
G1 X104.567 Y122.117 E881.32296
G1 X104.368 Y122.174 E881.33157
G1 X104.226 Y122.316 E881.33992
G1 X104.174 Y122.505 E881.34807
G1 X104.174 Y128.63 E881.60272
G1 X104.233 Y128.823 E881.61111
G1 X104.387 Y128.971 E881.61999
G0 F4800 X104.566 Y129.017
G0 X104.582 Y129.017
G0 X104.582 Y129.457
G0 X103.261 Y130.186
;TYPE:WALL-INNER
G1 F3000 X103.126 Y130.108 E881.62647
G1 X103.033 Y129.989 E881.63275
G1 X102.982 Y129.79 E881.64129
G1 X102.984 Y125.709 E881.81096
G1 X102.982 Y121.375 E881.99115
G1 X103.026 Y121.16 E882.00027
G1 X103.092 Y121.059 E882.00529
G1 X103.236 Y120.96 E882.01255
G1 X103.418 Y120.924 E882.02026
G1 X106.03 Y120.917 E882.12886
G1 X118.847 Y120.917 E882.66173
G1 X119.043 Y120.953 E882.67001
G1 X119.167 Y121.03 E882.67608
G1 X119.249 Y121.142 E882.68185
G1 X119.298 Y121.334 E882.69009
G1 X119.3 Y129.771 E883.04086
G1 X119.264 Y129.962 E883.04894
G1 X119.093 Y130.164 E883.05994
G1 X118.85 Y130.217 E883.07028
G1 X105.198 Y130.216 E883.63787
G1 X103.423 Y130.212 E883.71166
G1 X103.261 Y130.186 E883.71849
G0 F4800 X103.124 Y130.569
;TYPE:WALL-OUTER
G1 F3000 X102.86 Y130.417 E883.73115
G1 X102.672 Y130.176 E883.74386
G1 X102.591 Y129.919 E883.75506
G1 X102.582 Y129.812 E883.75953
G1 X102.584 Y125.709 E883.93011
G1 X102.582 Y121.334 E884.112
G1 X102.649 Y121.005 E884.12596
G1 X102.801 Y120.774 E884.13746
G1 X103.077 Y120.584 E884.15139
G1 X103.381 Y120.524 E884.16427
G1 X106.029 Y120.517 E884.27436
G1 X118.886 Y120.517 E884.80889
G1 X119.188 Y120.572 E884.82165
G1 X119.444 Y120.732 E884.83421
G1 X119.618 Y120.969 E884.84643
G1 X119.698 Y121.284 E884.85994
G1 X119.7 Y129.806 E885.21425
G1 X119.644 Y130.107 E885.22697
G1 X119.51 Y130.332 E885.23786
G1 X119.316 Y130.5 E885.24853
G1 X119.183 Y130.564 E885.25467
G1 X118.888 Y130.617 E885.26713
G1 X105.198 Y130.616 E885.83629
G1 X103.389 Y130.612 E885.9115
G1 X103.124 Y130.569 E885.92266
G0 F4800 X102.951 Y130.469
G0 X103.171 Y130.088
G0 X104.653 Y129.826
G0 X104.739 Y129.912
;TYPE:SKIN
G1 F1800 X104.925 Y129.815 E885.9308
G1 X117.37 Y129.815 E886.41346
G1 X117.533 Y129.696 E886.42128
G0 F4800 X117.598 Y129.761
G0 X118.255 Y128.942
G0 X118.336 Y128.662
G0 X118.334 Y122.422
G0 X118.221 Y122.164
G0 X117.54 Y121.5
G0 X117.355 Y121.315
G1 F1800 X117.517 Y121.194 E886.42903
G1 X116.79 Y121.315 E886.45727
G1 X104.912 Y121.317 E886.91244
G1 X104.727 Y121.415 E886.92046
G0 F4800 X104.642 Y121.33
G0 X103.325 Y122.559
G0 X103.442 Y122.675
G1 F1800 X103.378 Y122.894 E886.92944
G1 X103.378 Y128.268 E887.14092
G1 X103.298 Y128.471 E887.14951
G0 F4800 X103.197 Y128.37
G1 F1500 E880.64951
;MESH:NONMESH
G0 F300 X103.197 Y128.37 Z4
G0 F4800 X102.801 Y121.355
G0 X101.855 Y120.663
G0 X102.246 Y119.395
G0 X102.245 Y118.311
G0 X94.64 Y117.09
G0 X94.405 Y116.854
G0 X93.852 Y102.243
;TIME_ELAPSED:828.204462
;LAYER:15
;TYPE:WALL-INNER
;MESH:Switch Raiser Omron Tilted.stl(1)
G1 F1500 E887.14951
G1 X94.669 Y102.243 E887.18348
G1 X94.282 Y102.378 E887.20052
G1 X93.898 Y102.791 E887.22396
G1 X93.795 Y103.159 E887.23985
G1 X93.803 Y102.311 E887.26472
G1 X93.852 Y102.243 E887.26821
G0 F4800 X101.38 Y102.245
G1 F1500 X102.198 Y102.246 E887.30222
G1 X102.224 Y102.306 E887.30494
G1 X102.232 Y103.162 E887.34053
G1 X102.131 Y102.779 E887.35699
G1 X101.668 Y102.322 E887.38404
G1 X101.38 Y102.245 E887.39643
G0 F4800 X94.911 Y102.753
G0 X94.598 Y102.862
G0 X94.402 Y103.073
G0 X93.763 Y116.632
G1 F1500 X93.902 Y117.131 E887.41797
G1 X94.347 Y117.576 E887.44413
G1 X94.841 Y117.714 E887.46546
G1 X101.178 Y117.713 E887.72892
G1 X101.676 Y117.58 E887.75035
G1 X102.135 Y117.121 E887.77734
G1 X102.262 Y116.628 E887.7985
G1 X102.262 Y117.121 E887.80163
G1 X102.262 Y117.656 E887.82387
G1 X102.216 Y117.716 E887.82701
G1 X101.676 Y117.716 E887.84946
G1 X101.178 Y117.716 E887.85293
G1 X94.841 Y117.716 E887.85458
G1 X94.348 Y117.716 E887.85854
G1 X93.867 Y117.717 E887.87854
G1 X93.778 Y117.69 E887.8824
G1 X93.763 Y117.638 E887.88465
G1 X93.763 Y117.131 E887.90573
G1 X93.763 Y116.632 E887.90919
G0 F4800 X94.64 Y117.075
G0 X101.469 Y117.221
G1 F3000 X101.775 Y116.915 E887.92718
G1 X101.863 Y116.574 E887.94182
G1 X101.863 Y103.333 E888.49232
G1 X101.772 Y102.987 E888.50719
G1 X101.462 Y102.681 E888.5253
G1 X101.13 Y102.592 E888.53959
G1 X94.884 Y102.592 E888.79927
G1 X94.507 Y102.723 E888.81587
G1 X94.257 Y102.992 E888.83113
G1 X94.163 Y103.327 E888.8456
G1 X94.163 Y116.577 E889.39647
G1 X94.259 Y116.922 E889.41136
G1 X94.556 Y117.219 E889.42882
G1 X94.896 Y117.314 E889.4435
G1 X101.125 Y117.313 E889.70247
G1 X101.469 Y117.221 E889.71727
G0 F4800 X101.262 Y116.862
;TYPE:WALL-OUTER
G1 F3000 X101.415 Y116.709 E889.72627
G1 X101.463 Y116.523 E889.73426
G1 X101.463 Y103.385 E890.28047
G1 X101.413 Y103.195 E890.28864
G1 X101.256 Y103.04 E890.29781
G1 X101.077 Y102.992 E890.30552
G1 X94.951 Y102.992 E890.56021
G1 X94.732 Y103.068 E890.56984
G1 X94.616 Y103.193 E890.57693
G1 X94.563 Y103.382 E890.58509
G1 X94.563 Y116.523 E891.13143
G1 X94.616 Y116.714 E891.13967
G1 X94.764 Y116.862 E891.14838
G1 X94.951 Y116.914 E891.15645
G1 X101.072 Y116.913 E891.41093
G1 X101.262 Y116.862 E891.41911
G0 F4800 X101.403 Y116.721
G0 X101.714 Y117.032
G0 X102.451 Y118.063
;TYPE:WALL-INNER
G1 F3000 X102.276 Y118.116 E891.42671
G1 X93.807 Y118.117 E891.77881
G1 X93.532 Y118.034 E891.79075
G1 X93.429 Y117.922 E891.79708
G1 X93.363 Y117.692 E891.80703
G1 X93.364 Y108.624 E892.18403
G1 X93.368 Y107.008 E892.25121
G1 X93.381 Y104.621 E892.35046
G1 X93.403 Y102.267 E892.44833
G1 X93.444 Y102.068 E892.45678
G1 X93.631 Y101.883 E892.46771
G1 X93.807 Y101.843 E892.47522
G1 X102.252 Y101.845 E892.82632
G1 X102.411 Y101.889 E892.83318
G1 X102.585 Y102.072 E892.84368
G1 X102.624 Y102.264 E892.85182
G1 X102.646 Y104.783 E892.95655
G1 X102.659 Y107.044 E893.05056
G1 X102.663 Y109.36 E893.14684
G1 X102.662 Y117.694 E893.49333
G1 X102.63 Y117.856 E893.5002
G1 X102.451 Y118.063 E893.51157
G0 F4800 X102.64 Y118.422
;TYPE:WALL-OUTER
G1 F3000 X102.358 Y118.511 E893.52387
G1 X102.294 Y118.516 E893.52654
G1 X93.772 Y118.517 E893.88084
G1 X93.505 Y118.473 E893.89209
G1 X93.284 Y118.356 E893.90249
G1 X93.083 Y118.136 E893.91488
G1 X92.977 Y117.863 E893.92705
G1 X92.963 Y117.704 E893.93369
G1 X92.964 Y108.624 E894.31119
G1 X92.968 Y107.006 E894.37846
G1 X92.981 Y104.617 E894.47778
G1 X93.003 Y102.223 E894.57732
G1 X93.068 Y101.909 E894.59065
G1 X93.225 Y101.678 E894.60226
G1 X93.466 Y101.51 E894.61448
G1 X93.764 Y101.443 E894.62718
G1 X102.308 Y101.445 E894.98239
G1 X102.59 Y101.523 E894.99456
G1 X102.822 Y101.701 E895.00672
G1 X102.962 Y101.917 E895.01742
G1 X103.024 Y102.222 E895.03036
G1 X103.046 Y104.781 E895.13675
G1 X103.059 Y107.043 E895.2308
G1 X103.063 Y109.359 E895.32708
G1 X103.062 Y117.735 E895.67532
G1 X103.009 Y118.006 E895.6868
G1 X102.852 Y118.258 E895.69914
G1 X102.64 Y118.422 E895.71029
G0 F4800 X102.449 Y118.482
G0 X102.318 Y118.062
G0 X102.217 Y116.42
G0 X102.332 Y116.305
;TYPE:SKIN
G1 F1800 X102.262 Y116.091 E895.71901
G1 X102.259 Y106.76 E896.08041
G1 X102.247 Y103.66 E896.20048
G1 X102.172 Y103.453 E896.20901
G0 F4800 X102.268 Y103.358
G0 X101.186 Y102.176
G0 X101.086 Y102.276
G1 F1800 X100.863 Y102.217 E896.21697
G1 X95.206 Y102.216 E896.41237
G1 X94.979 Y102.161 E896.42044
G0 F4800 X94.876 Y102.265
G0 X93.947 Y103.476
G0 X93.775 Y103.648
G1 F1800 X93.774 Y103.932 E896.43153
G1 X93.763 Y110.448 E896.68604
G1 X93.762 Y116.105 E896.90699
G1 X93.831 Y116.319 E896.91577
G0 F4800 X93.947 Y116.204
G0 X93.606 Y103.534
G1 F1800 X93.782 Y103.358 E896.92095
G1 F1500 E890.42095
;MESH:Switch Raiser Omron Tilted.stl
G0 F4800 X94.598 Y102.862
G0 X102.49 Y101.722
G0 X105.17 Y101.724
G0 X105.751 Y100.792
;TYPE:WALL-INNER
G1 F1500 E896.92095
G1 X105.751 Y100.298 E896.94148
G1 X105.751 Y99.772 E896.96335
G1 X105.82 Y99.713 E896.96713
G1 X106.334 Y99.713 E896.9885
G1 X106.831 Y99.713 E897.00916
G1 X113.173 Y99.713 E897.27283
G1 X113.669 Y99.713 E897.29345
G1 X114.167 Y99.712 E897.31416
G1 X114.238 Y99.725 E897.31716
G1 X114.25 Y99.77 E897.31909
G1 X114.25 Y100.3 E897.34113
G1 X114.25 Y100.798 E897.36183
G1 X114.111 Y100.3 E897.36607
G1 X113.67 Y99.857 E897.39206
G1 X113.173 Y99.715 E897.397
G1 X106.831 Y99.716 E897.39865
G1 X106.334 Y99.855 E897.40304
G1 X105.889 Y100.298 E897.42915
G1 X105.751 Y100.792 E897.4333
G0 F4800 X105.781 Y114.267
G1 F1500 X105.887 Y114.648 E897.44974
G1 X106.333 Y115.103 E897.47623
G1 X106.641 Y115.186 E897.48949
G1 X105.859 Y115.186 E897.51113
G1 X105.789 Y115.142 E897.51456
G1 X105.781 Y114.267 E897.55094
G0 F4800 X106.791 Y114.635
G0 X113.358 Y115.186
G1 F1500 X113.666 Y115.103 E897.56421
G1 X114.111 Y114.649 E897.59064
G1 X114.219 Y114.269 E897.60706
G1 X114.21 Y115.149 E897.64365
G1 X114.155 Y115.185 E897.64638
G1 X113.358 Y115.186 E897.67952
G0 F4800 X113.457 Y114.745
G1 F3000 X113.754 Y114.442 E897.69716
G1 X113.85 Y114.104 E897.71176
G1 X113.85 Y100.853 E898.26268
G1 X113.754 Y100.508 E898.27757
G1 X113.46 Y100.213 E898.29488
G1 X113.117 Y100.115 E898.30971
G1 X106.886 Y100.116 E898.56877
G1 X106.542 Y100.212 E898.58362
G1 X106.246 Y100.507 E898.60099
G1 X106.15 Y100.85 E898.6158
G1 X106.15 Y114.1 E899.16667
G1 X106.245 Y114.442 E899.18143
G1 X106.542 Y114.745 E899.19907
G1 X106.883 Y114.837 E899.21375
G1 X113.114 Y114.837 E899.4728
G1 X113.457 Y114.745 E899.48757
G0 F4800 X113.248 Y114.387
;TYPE:WALL-OUTER
G1 F3000 X113.397 Y114.235 E899.49642
G1 X113.45 Y114.048 E899.5045
G1 X113.45 Y100.907 E900.05084
G1 X113.397 Y100.716 E900.05908
G1 X113.25 Y100.569 E900.06772
G1 X113.061 Y100.515 E900.07589
G1 X106.941 Y100.516 E900.33033
G1 X106.75 Y100.569 E900.33858
G1 X106.603 Y100.716 E900.34722
G1 X106.55 Y100.905 E900.35538
G1 X106.55 Y114.045 E900.90168
G1 X106.603 Y114.235 E900.90988
G1 X106.752 Y114.387 E900.91873
G1 X106.936 Y114.437 E900.92665
G1 X113.061 Y114.437 E901.1813
G1 X113.248 Y114.387 E901.18935
G0 F4800 X113.388 Y114.244
G0 X113.703 Y114.554
G0 X105.52 Y115.484
;TYPE:WALL-INNER
G1 F3000 X105.429 Y115.357 E901.19585
G1 X105.389 Y115.192 E901.2029
G1 X105.367 Y112.646 E901.30876
G1 X105.354 Y110.385 E901.40276
G1 X105.35 Y108.07 E901.49901
G1 X105.351 Y99.733 E901.84562
G1 X105.383 Y99.574 E901.85236
G1 X105.56 Y99.369 E901.86362
G1 X105.768 Y99.313 E901.87258
G1 X114.204 Y99.312 E902.22331
G1 X114.394 Y99.348 E902.23135
G1 X114.512 Y99.42 E902.23709
G1 X114.601 Y99.537 E902.24321
G1 X114.65 Y99.715 E902.25088
G1 X114.649 Y108.805 E902.6288
G1 X114.646 Y110.421 E902.69598
G1 X114.633 Y112.809 E902.79527
G1 X114.61 Y115.197 E902.89455
G1 X114.575 Y115.349 E902.90104
G1 X114.485 Y115.477 E902.90754
G1 X114.239 Y115.585 E902.91871
G1 X111.417 Y115.587 E903.03604
G1 X105.786 Y115.586 E903.27015
G1 X105.52 Y115.484 E903.28199
G0 F4800 X105.465 Y115.925
;TYPE:WALL-OUTER
G1 F3000 X105.239 Y115.778 E903.2932
G1 X105.061 Y115.53 E903.30589
G1 X104.993 Y115.266 E903.31723
G1 X104.989 Y115.204 E903.31981
G1 X104.967 Y112.649 E903.42604
G1 X104.954 Y110.387 E903.52008
G1 X104.95 Y108.071 E903.61637
G1 X104.951 Y99.695 E903.96461
G1 X105.005 Y99.424 E903.97609
G1 X105.161 Y99.172 E903.98842
G1 X105.371 Y99.009 E903.99947
G1 X105.649 Y98.92 E904.0116
G1 X105.759 Y98.913 E904.01619
G1 X114.241 Y98.912 E904.36883
G1 X114.54 Y98.968 E904.38147
G1 X114.786 Y99.12 E904.3935
G1 X114.964 Y99.353 E904.40569
G1 X115.046 Y99.638 E904.41802
G1 X115.05 Y99.715 E904.42122
G1 X115.049 Y108.805 E904.79914
G1 X115.046 Y110.423 E904.86641
G1 X115.033 Y112.813 E904.96577
G1 X115.01 Y115.243 E905.06681
G1 X114.946 Y115.516 E905.07846
G1 X114.767 Y115.772 E905.09145
G1 X114.517 Y115.932 E905.10379
G1 X114.284 Y115.985 E905.11373
G1 X111.417 Y115.987 E905.23292
G1 X105.74 Y115.986 E905.46894
G1 X105.465 Y115.925 E905.48066
G0 F4800 X105.297 Y115.816
G0 X105.538 Y115.447
G0 X106.842 Y115.189
G0 X106.911 Y115.12
;TYPE:SKIN
G1 F1800 X107.103 Y115.21 E905.48794
G1 X112.76 Y115.21 E905.68226
G1 X113.014 Y115.238 E905.69104
G0 F4800 X113.146 Y115.107
G0 X114.189 Y114.064
G0 X114.297 Y113.955
G1 F1800 X114.236 Y113.734 E905.69989
G1 X114.248 Y107.216 E905.9515
G1 X114.248 Y101.276 E906.1808
G1 X114.153 Y101.089 E906.1889
G0 F4800 X114.242 Y101
G0 X113.375 Y100.357
G0 X113.094 Y100.276
G0 X106.909 Y100.277
G0 X105.933 Y101.107
G0 X105.749 Y101.291
G1 F1800 X105.663 Y101.093 E906.19708
G1 X105.749 Y102.139 E906.23686
G1 X105.753 Y110.903 E906.56906
G1 X105.763 Y113.721 E906.67588
G1 X105.812 Y113.955 E906.68494
G0 F4800 X105.691 Y114.076
G1 F1500 E900.18494
;MESH:Switch Raiser Omron Tilted.stl(2)
G0 F4800 X106.627 Y114.6
G0 X114.742 Y115.425
G0 X117.19 Y115.427
G0 X117.77 Y116.471
;TYPE:WALL-INNER
G1 F1500 E906.68494
G1 X117.916 Y116.987 E906.70723
G1 X118.405 Y117.439 E906.73492
G1 X118.856 Y117.552 E906.75425
G1 X125.185 Y117.551 E907.01738
G1 X125.685 Y117.416 E907.03891
G1 X126.131 Y116.967 E907.06522
G1 X126.269 Y116.476 E907.08643
G1 X126.269 Y116.967 E907.0898
G1 X126.269 Y117.495 E907.11175
G1 X126.223 Y117.553 E907.11483
G1 X125.685 Y117.553 E907.1372
G1 X125.185 Y117.553 E907.14067
G1 X118.857 Y117.553 E907.14163
G1 X118.406 Y117.554 E907.14464
G1 X117.845 Y117.555 E907.16797
G1 X117.782 Y117.541 E907.17065
G1 X117.77 Y117.497 E907.17255
G1 X117.77 Y116.987 E907.19375
G1 X117.77 Y116.471 E907.19751
G0 F4800 X117.801 Y102.999
G1 F1500 X117.81 Y102.118 E907.23413
G1 X117.853 Y102.081 E907.23649
G1 X118.667 Y102.081 E907.27034
G1 X118.347 Y102.172 E907.28417
G1 X117.906 Y102.619 E907.31027
G1 X117.801 Y102.999 E907.32666
G0 F4800 X118.813 Y102.632
G0 X125.374 Y102.081
G1 F1500 X126.159 Y102.081 E907.3593
G1 X126.23 Y102.137 E907.36306
G1 X126.238 Y102.999 E907.3989
G1 X126.134 Y102.62 E907.41524
G1 X125.694 Y102.174 E907.43079
G1 X125.374 Y102.081 E907.44464
G0 F4800 X118.926 Y102.591
G0 X118.644 Y102.672
G0 X118.409 Y102.909
G0 X118.27 Y116.77
G1 F3000 X118.601 Y117.076 E907.46338
G1 X118.905 Y117.152 E907.47641
G1 X125.132 Y117.151 E907.7353
G1 X125.477 Y117.058 E907.75016
G1 X125.774 Y116.759 E907.76768
G1 X125.87 Y116.418 E907.78241
G1 X125.87 Y103.169 E908.33324
G1 X125.776 Y102.827 E908.34798
G1 X125.482 Y102.529 E908.36539
G1 X125.141 Y102.43 E908.38015
G1 X118.903 Y102.43 E908.63949
G1 X118.558 Y102.528 E908.6544
G1 X118.264 Y102.826 E908.67181
G1 X118.17 Y103.165 E908.68643
G1 X118.17 Y116.416 E909.23735
G1 X118.27 Y116.77 E909.25264
G0 F4800 X118.624 Y116.553
;TYPE:WALL-OUTER
G1 F3000 X118.797 Y116.713 E909.26244
G1 X118.954 Y116.752 E909.26916
G1 X125.079 Y116.751 E909.52381
G1 X125.269 Y116.7 E909.53199
G1 X125.417 Y116.551 E909.54072
G1 X125.47 Y116.363 E909.54884
G1 X125.47 Y103.223 E910.09514
G1 X125.418 Y103.033 E910.10333
G1 X125.271 Y102.884 E910.11203
G1 X125.084 Y102.83 E910.12012
G1 X118.959 Y102.83 E910.37477
G1 X118.769 Y102.884 E910.38298
G1 X118.622 Y103.033 E910.39169
G1 X118.57 Y103.22 E910.39976
G1 X118.57 Y116.361 E910.9461
G1 X118.624 Y116.553 E910.95439
G0 F4800 X118.771 Y116.689
G0 X118.472 Y117.011
G0 X117.648 Y117.927
;TYPE:WALL-INNER
G1 F3000 X117.497 Y117.837 E910.9617
G1 X117.421 Y117.734 E910.96702
G1 X117.37 Y117.553 E910.97484
G1 X117.371 Y108.462 E911.3528
G1 X117.374 Y106.846 E911.41998
G1 X117.387 Y104.459 E911.51922
G1 X117.41 Y102.069 E911.61859
G1 X117.447 Y101.915 E911.62518
G1 X117.538 Y101.787 E911.63171
G1 X117.65 Y101.714 E911.63726
G1 X117.812 Y101.681 E911.64414
G1 X126.235 Y101.681 E911.99433
G1 X126.497 Y101.783 E912.00601
G1 X126.595 Y101.921 E912.01305
G1 X126.63 Y102.099 E912.02059
G1 X126.653 Y104.621 E912.12545
G1 X126.666 Y106.881 E912.21941
G1 X126.67 Y109.198 E912.31574
G1 X126.669 Y117.535 E912.66235
G1 X126.637 Y117.693 E912.66906
G1 X126.458 Y117.9 E912.68043
G1 X126.281 Y117.953 E912.68811
G1 X117.815 Y117.955 E913.04009
G1 X117.648 Y117.927 E913.04713
G0 F4800 X117.51 Y118.31
;TYPE:WALL-OUTER
G1 F3000 X117.224 Y118.139 E913.06098
G1 X117.057 Y117.914 E913.07263
G1 X116.974 Y117.629 E913.08497
G1 X116.97 Y117.553 E913.08814
G1 X116.971 Y108.462 E913.4661
G1 X116.974 Y106.844 E913.53337
G1 X116.987 Y104.455 E913.63269
G1 X117.01 Y102.019 E913.73397
G1 X117.076 Y101.746 E913.74565
G1 X117.254 Y101.494 E913.75848
G1 X117.498 Y101.337 E913.77054
G1 X117.771 Y101.281 E913.78213
G1 X126.28 Y101.281 E914.13589
G1 X126.548 Y101.34 E914.1473
G1 X126.779 Y101.488 E914.1587
G1 X126.97 Y101.758 E914.17245
G1 X127.03 Y102.06 E914.18526
G1 X127.053 Y104.619 E914.29165
G1 X127.066 Y106.88 E914.38565
G1 X127.07 Y109.197 E914.48198
G1 X127.069 Y117.573 E914.83022
G1 X127.015 Y117.843 E914.84167
G1 X126.855 Y118.099 E914.85422
G1 X126.646 Y118.26 E914.86518
G1 X126.37 Y118.348 E914.87723
G1 X126.29 Y118.353 E914.88056
G1 X117.779 Y118.355 E915.23441
G1 X117.51 Y118.31 E915.24575
G0 F4800 X117.339 Y118.208
G0 X117.565 Y117.831
G0 X117.62 Y116.29
G0 X117.786 Y116.123
;TYPE:SKIN
G1 F1800 X117.937 Y116.255 E915.25325
G1 X117.769 Y115.575 E915.27947
G1 X117.774 Y105.388 E915.66072
G1 X117.781 Y103.401 E915.73508
G1 X117.661 Y103.237 E915.74269
G0 F4800 X117.612 Y103.287
G0 X118.967 Y102.215
G0 X119.127 Y102.055
G1 F1800 X118.933 Y101.966 E915.74979
G1 X119.976 Y102.055 E915.78461
G1 X124.784 Y102.055 E915.94456
G1 X125.049 Y102.072 E915.95339
G0 F4800 X125.192 Y101.93
G0 X126.176 Y103.208
G0 X126.13 Y103.254
G1 F1800 X126.254 Y103.413 E915.96081
G1 X126.268 Y109.621 E916.18927
G1 X126.268 Y115.844 E916.41827
G1 X126.295 Y116.099 E916.42771
G1 X126.419 Y116.258 E916.43513
G0 F4800 X126.452 Y116.226
G1 F1500 E909.93513
;MESH:Switch Raiser Omron Tilted.stl(3)
G0 F4800 X125.393 Y116.913
G0 X118.872 Y118.154
G0 X118.88 Y120.737
G0 X118.872 Y121.327
;TYPE:WALL-INNER
G1 F1500 E916.43513
G1 X118.885 Y121.378 E916.43732
G1 X118.885 Y121.898 E916.45893
G1 X118.885 Y122.398 E916.47972
G1 X118.885 Y128.742 E916.74348
G1 X118.885 Y129.235 E916.76397
G1 X118.886 Y129.736 E916.7848
G1 X118.873 Y129.804 E916.78768
G1 X118.798 Y129.817 E916.79084
G1 X118.294 Y129.817 E916.8118
G1 X117.795 Y129.817 E916.83254
G1 X118.294 Y129.685 E916.83654
G1 X118.74 Y129.236 E916.86286
G1 X118.883 Y128.742 E916.86785
G1 X118.882 Y122.398 E916.8695
G1 X118.742 Y121.898 E916.87394
G1 X118.3 Y121.456 E916.89993
G1 X117.806 Y121.318 E916.92125
G1 X118.3 Y121.318 E916.92465
G1 X118.826 Y121.318 E916.94652
G1 X118.872 Y121.327 E916.94847
G0 F4800 X104.329 Y121.349
G1 F1500 X103.947 Y121.454 E916.96494
G1 X103.502 Y121.894 E916.99096
G1 X103.412 Y122.209 E917.00458
G1 X103.412 Y121.417 E917.0375
G1 X103.469 Y121.357 E917.04095
G1 X104.329 Y121.349 E917.0767
G0 F4800 X103.921 Y122.47
G0 X103.921 Y128.661
G0 X104.33 Y129.786
G1 F1500 X103.471 Y129.778 E917.11242
G1 X103.411 Y129.725 E917.11574
G1 X103.411 Y128.919 E917.14925
G1 X103.502 Y129.236 E917.16297
G1 X103.949 Y129.685 E917.18931
G1 X104.33 Y129.786 E917.20569
G0 F4800 X104.156 Y129.326
G1 F3000 X104.497 Y129.417 E917.22037
G1 X117.743 Y129.417 E917.77107
G1 X118.087 Y129.326 E917.78587
G1 X118.384 Y129.027 E917.80339
G1 X118.483 Y128.685 E917.81819
G1 X118.482 Y122.453 E918.07729
G1 X118.385 Y122.107 E918.09223
G1 X118.091 Y121.813 E918.10951
G1 X117.748 Y121.717 E918.12432
G1 X104.499 Y121.717 E918.67515
G1 X104.154 Y121.812 E918.69003
G1 X103.858 Y122.105 E918.70734
G1 X103.76 Y122.446 E918.72209
G1 X103.76 Y128.684 E918.98144
G1 X103.858 Y129.027 E918.99627
G1 X104.156 Y129.326 E919.01382
G0 F4800 X104.363 Y128.967
;TYPE:WALL-OUTER
G1 F3000 X104.55 Y129.017 E919.02187
G1 X117.691 Y129.017 E919.56821
G1 X117.88 Y128.967 E919.57634
G1 X118.028 Y128.818 E919.58507
G1 X118.083 Y128.628 E919.59329
G1 X118.082 Y122.508 E919.84773
G1 X118.028 Y122.316 E919.85602
G1 X117.882 Y122.17 E919.86461
G1 X117.693 Y122.117 E919.87277
G1 X104.553 Y122.117 E920.41907
G1 X104.361 Y122.17 E920.42735
G1 X104.214 Y122.316 E920.43596
G1 X104.16 Y122.503 E920.44405
G1 X104.16 Y128.628 E920.6987
G1 X104.214 Y128.818 E920.70691
G1 X104.363 Y128.967 E920.71567
G0 F4800 X104.55 Y129.017
G0 X104.557 Y129.017
G0 X104.557 Y129.457
G0 X103.257 Y130.145
;TYPE:WALL-INNER
G1 F3000 X103.138 Y130.072 E920.72148
G1 X103.014 Y129.827 E920.73289
G1 X103.011 Y129.795 E920.73423
G1 X103.012 Y121.347 E921.08546
G1 X103.1 Y121.104 E921.0962
G1 X103.254 Y120.992 E921.10412
G1 X103.429 Y120.957 E921.11154
G1 X105.953 Y120.934 E921.21648
G1 X108.215 Y120.922 E921.31052
G1 X110.528 Y120.917 E921.40669
G1 X118.864 Y120.918 E921.75326
G1 X119.024 Y120.95 E921.76004
G1 X119.154 Y121.031 E921.76641
G1 X119.237 Y121.143 E921.7722
G1 X119.285 Y121.328 E921.78015
G1 X119.286 Y129.771 E922.13117
G1 X119.251 Y129.959 E922.13912
G1 X119.17 Y130.087 E922.14542
G1 X119.048 Y130.179 E922.15177
G1 X118.836 Y130.217 E922.16072
G1 X109.792 Y130.216 E922.53673
G1 X108.176 Y130.213 E922.60392
G1 X105.789 Y130.2 E922.70316
G1 X103.432 Y130.178 E922.80115
G1 X103.257 Y130.145 E922.80856
G0 F4800 X103.111 Y130.524
;TYPE:WALL-OUTER
G1 F3000 X102.866 Y130.375 E922.82048
G1 X102.694 Y130.147 E922.83235
G1 X102.618 Y129.901 E922.84306
G1 X102.611 Y129.816 E922.8466
G1 X102.612 Y121.307 E923.20037
G1 X102.668 Y121.046 E923.21147
G1 X102.8 Y120.828 E923.22206
G1 X103.089 Y120.617 E923.23694
G1 X103.39 Y120.557 E923.2497
G1 X105.949 Y120.534 E923.35609
G1 X108.213 Y120.522 E923.45022
G1 X110.527 Y120.517 E923.54643
G1 X118.9 Y120.518 E923.89453
G1 X119.174 Y120.572 E923.90615
G1 X119.43 Y120.732 E923.9187
G1 X119.601 Y120.963 E923.93065
G1 X119.68 Y121.236 E923.94246
G1 X119.685 Y121.328 E923.94629
G1 X119.686 Y129.806 E924.29877
G1 X119.63 Y130.108 E924.31154
G1 X119.469 Y130.363 E924.32407
G1 X119.248 Y130.529 E924.33556
G1 X119.169 Y130.564 E924.33916
G1 X118.874 Y130.617 E924.35162
G1 X109.792 Y130.616 E924.7292
G1 X108.174 Y130.613 E924.79647
G1 X105.785 Y130.6 E924.8958
G1 X103.391 Y130.578 E924.99533
G1 X103.111 Y130.524 E925.00719
G0 F4800 X102.94 Y130.42
G0 X103.169 Y130.045
G0 X104.507 Y129.969
G0 X104.676 Y129.8
;TYPE:SKIN
G1 F1800 X104.956 Y129.803 E925.0181
G1 X111.448 Y129.815 E925.27104
G1 X117.387 Y129.816 E925.50244
G1 X117.543 Y129.943 E925.51027
G0 F4800 X117.601 Y129.885
G0 X118.24 Y128.943
G0 X118.322 Y128.661
G0 X118.321 Y122.475
G0 X117.5 Y121.501
G0 X117.545 Y121.455
G1 F1800 X117.402 Y121.316 E925.51783
G1 X107.499 Y121.319 E925.89289
G1 X104.945 Y121.327 E925.98962
G1 X104.528 Y121.179 E926.00638
G0 F4800 X104.51 Y121.198
G0 X103.544 Y122.446
G0 X103.385 Y122.605
G1 F1800 X103.269 Y122.438 E926.01295
G1 X103.385 Y123.171 E926.03692
G1 X103.385 Y128.545 E926.21053
G1 X103.527 Y128.685 E926.21697
G0 F4800 X103.544 Y128.669
G1 F1500 E919.71697
;MESH:NONMESH
G0 F300 X103.544 Y128.669 Z4.25
G0 F4800 X102.831 Y121.332
G0 X101.866 Y120.722
G0 X102.292 Y119.381
G0 X102.291 Y118.297
G0 X94.64 Y117.075
G0 X94.403 Y116.838
G0 X93.869 Y102.318
;TIME_ELAPSED:866.725369
;LAYER:16
;TYPE:WALL-INNER
;MESH:Switch Raiser Omron Tilted.stl(1)
G1 F1500 E926.21697
G1 X93.902 Y102.304 E926.21846
G1 X94.468 Y102.302 E926.24199
G1 X94.193 Y102.419
G1 X93.859 Y102.886 E926.26586
G1 X93.869 Y102.318 E926.27607
G0 F4800 X101.597 Y102.302
G1 F1500 X102.122 Y102.302 E926.2979
G1 X102.157 Y102.315 E926.29945
G1 X102.168 Y102.946 E926.32569
G1 X102.012 Y102.595 E926.32912
G1 X101.597 Y102.302 E926.3373
G0 F4800 X94.87 Y102.741
G0 X94.558 Y102.874
G0 X94.36 Y103.152
G0 X93.763 Y116.619
G1 F1500 X93.903 Y117.119 E926.35889
G1 X94.348 Y117.562 E926.38499
G1 X94.841 Y117.7 E926.40628
G1 X101.178 Y117.699 E926.66974
G1 X101.674 Y117.566 E926.69109
G1 X102.128 Y117.115 E926.71769
G1 X102.263 Y116.615 E926.73923
G1 X102.263 Y117.115 E926.74259
G1 X102.263 Y117.63 E926.764
G1 X102.252 Y117.691 E926.76658
G1 X102.208 Y117.702 E926.76846
G1 X101.674 Y117.702 E926.79066
G1 X101.178 Y117.702 E926.79412
G1 X94.841 Y117.702 E926.79577
G1 X94.348 Y117.702 E926.79926
G1 X93.833 Y117.702 E926.82067
G1 X93.777 Y117.691 E926.82305
G1 X93.763 Y117.639 E926.82528
G1 X93.763 Y117.119 E926.8469
G1 X93.763 Y116.619 E926.8504
G0 F4800 X94.64 Y117.061
G0 X101.468 Y117.207
G1 F3000 X101.77 Y116.907 E926.86809
G1 X101.863 Y116.562 E926.88295
G1 X101.862 Y103.244 E927.43665
G1 X101.691 Y102.858 E927.4542
G1 X101.361 Y102.625 E927.47099
G1 X101.109 Y102.578 E927.48165
G1 X94.837 Y102.58 E927.74241
G1 X94.453 Y102.743 E927.75976
G1 X94.207 Y103.087 E927.77734
G1 X94.163 Y103.336 E927.78785
G1 X94.163 Y116.564 E928.33781
G1 X94.26 Y116.91 E928.35275
G1 X94.556 Y117.205 E928.37012
G1 X94.896 Y117.3 E928.3848
G1 X101.125 Y117.299 E928.64377
G1 X101.468 Y117.207 E928.65853
G0 F4800 X101.262 Y116.848
;TYPE:WALL-OUTER
G1 F3000 X101.412 Y116.699 E928.66732
G1 X101.463 Y116.509 E928.6755
G1 X101.462 Y103.329 E929.22346
G1 X101.37 Y103.121 E929.23292
G1 X101.202 Y103.002 E929.24148
G1 X101.072 Y102.978 E929.24697
G1 X94.918 Y102.98 E929.50283
G1 X94.713 Y103.067 E929.51209
G1 X94.585 Y103.246 E929.52124
G1 X94.563 Y103.371 E929.52651
G1 X94.563 Y116.509 E930.07273
G1 X94.617 Y116.701 E930.08102
G1 X94.764 Y116.848 E930.08966
G1 X94.951 Y116.9 E930.09773
G1 X101.072 Y116.899 E930.35221
G1 X101.262 Y116.848 E930.36039
G0 F4800 X101.404 Y116.707
G0 X101.713 Y117.019
G0 X102.436 Y118.056
;TYPE:WALL-INNER
G1 F3000 X102.259 Y118.102 E930.368
G1 X93.793 Y118.102 E930.71997
G1 X93.622 Y118.069 E930.72721
G1 X93.494 Y117.988 E930.73351
G1 X93.414 Y117.881 E930.73906
G1 X93.363 Y117.69 E930.74728
G1 X93.363 Y113.858 E930.9066
G1 X93.368 Y111.507 E931.00434
G1 X93.381 Y109.155 E931.10213
G1 X93.397 Y107.36 E931.17676
G1 X93.434 Y104.352 E931.30183
G1 X93.469 Y102.28 E931.38798
G1 X93.498 Y102.131 E931.39429
G1 X93.575 Y102.011 E931.40022
G1 X93.818 Y101.904 E931.41126
G1 X94.51 Y101.902 E931.44003
G1 X98.184 Y101.904 E931.59278
G1 X102.157 Y101.902 E931.75796
G1 X102.335 Y101.935 E931.76548
G1 X102.452 Y102.011 E931.77128
G1 X102.523 Y102.117 E931.77659
G1 X102.556 Y102.266 E931.78293
G1 X102.592 Y104.349 E931.86955
G1 X102.625 Y106.834 E931.97287
G1 X102.646 Y109.153 E932.06929
G1 X102.659 Y111.504 E932.16703
G1 X102.663 Y113.859 E932.26494
G1 X102.663 Y117.667 E932.42326
G1 X102.63 Y117.842 E932.43066
G1 X102.549 Y117.972 E932.43703
G1 X102.436 Y118.056 E932.44288
G0 F4800 X102.62 Y118.418
;TYPE:WALL-OUTER
G1 F3000 X102.358 Y118.497 E932.45426
G1 X102.261 Y118.502 E932.4583
G1 X93.755 Y118.502 E932.81194
G1 X93.473 Y118.448 E932.82388
G1 X93.218 Y118.287 E932.83641
G1 X93.05 Y118.063 E932.84805
G1 X92.968 Y117.782 E932.86022
G1 X92.963 Y117.69 E932.86405
G1 X92.963 Y113.858 E933.02337
G1 X92.968 Y111.505 E933.1212
G1 X92.981 Y109.151 E933.21907
G1 X92.997 Y107.355 E933.29374
G1 X93.034 Y104.345 E933.41889
G1 X93.07 Y102.235 E933.50663
G1 X93.12 Y101.98 E933.51743
G1 X93.279 Y101.73 E933.52975
G1 X93.509 Y101.569 E933.54142
G1 X93.768 Y101.504 E933.55252
G1 X94.509 Y101.502 E933.58333
G1 X98.184 Y101.504 E933.73612
G1 X102.194 Y101.502 E933.90283
G1 X102.486 Y101.557 E933.91519
G1 X102.738 Y101.72 E933.92766
G1 X102.898 Y101.958 E933.93959
G1 X102.955 Y102.219 E933.95069
G1 X102.992 Y104.344 E934.03906
G1 X103.025 Y106.83 E934.14242
G1 X103.046 Y109.151 E934.23892
G1 X103.059 Y111.503 E934.33671
G1 X103.063 Y113.858 E934.43462
G1 X103.063 Y117.704 E934.59451
G1 X103.009 Y117.992 E934.6067
G1 X102.848 Y118.248 E934.61927
G1 X102.62 Y118.418 E934.63109
G0 F4800 X102.429 Y118.475
G0 X102.303 Y118.053
G0 X102.271 Y116.413
G0 X102.174 Y116.316
;TYPE:SKIN
G1 F1800 X102.262 Y116.122 E934.63885
G1 X102.254 Y109.042 E934.89679
G1 X102.219 Y103.35 E935.10416
G1 X102.316 Y103.165 E935.11177
G0 F4800 X102.356 Y103.205
G0 X101.403 Y102.251
G0 X101.335 Y102.183
G1 F1800 X101.119 Y102.25 E935.11767
G1 X96.017 Y102.24 E935.25075
G1 X94.885 Y102.239 E935.28028
G1 X94.709 Y102.346 E935.28565
G0 F4800 X94.746 Y102.383
G0 X93.953 Y103.287
G0 X93.833 Y103.167
G1 F1800 X93.807 Y103.423 E935.29498
G1 X93.771 Y109.61 E935.51943
G1 X93.762 Y116.107 E935.75512
G1 X93.681 Y116.309 E935.76302
G0 F4800 X93.785 Y116.413
G1 F1500 E929.26302
;MESH:Switch Raiser Omron Tilted.stl
G0 F4800 X94.64 Y117.061
G0 X94.919 Y117.139
G0 X101.103 Y117.138
G0 X101.384 Y117.061
G0 X102.843 Y115.108
G0 X105.256 Y115.066
G0 X105.856 Y115.108
;TYPE:WALL-INNER
G1 F1500 E935.76302
G1 X105.845 Y114.482 E935.78905
G1 X106 Y114.832
G1 X106.417 Y115.127 E935.81028
G1 X105.898 Y115.127 E935.81941
G1 X105.856 Y115.108 E935.82092
G0 F4800 X113.547 Y115.127
G1 F1500 X113.818 Y115.013 E935.83315
G1 X114.154 Y114.544 E935.85713
G1 X114.145 Y115.102 E935.86676
G1 X114.091 Y115.127 E935.86924
G1 X113.547 Y115.127 E935.88093
G0 F4800 X106.721 Y114.653
G0 X106.451 Y114.463
G0 X106.339 Y114.211
G0 X105.75 Y100.811
G1 F1500 X105.75 Y100.311 E935.90172
G1 X105.75 Y99.801 E935.92293
G1 X105.761 Y99.742 E935.92542
G1 X105.825 Y99.727 E935.92815
G1 X106.334 Y99.727 E935.94931
G1 X106.831 Y99.727 E935.96998
G1 X113.173 Y99.727 E936.23365
G1 X113.669 Y99.727 E936.25427
G1 X114.167 Y99.726 E936.27497
G1 X114.238 Y99.739 E936.27797
G1 X114.25 Y99.781 E936.27979
G1 X114.25 Y100.311 E936.30183
G1 X114.25 Y100.81 E936.32257
G1 X114.11 Y100.311 E936.32685
G1 X113.67 Y99.871 E936.35272
G1 X113.173 Y99.729 E936.35765
G1 X106.831 Y99.73 E936.35931
G1 X106.334 Y99.869 E936.3637
G1 X105.89 Y100.311 E936.38975
G1 X105.75 Y100.811 E936.39403
G0 F4800 X106.312 Y114.15
G0 X106.451 Y114.463
G0 X106.721 Y114.653
G0 X113.559 Y114.688
G1 F3000 X113.806 Y114.344 E936.41164
G1 X113.85 Y114.095 E936.42215
G1 X113.85 Y100.866 E936.97215
G1 X113.753 Y100.52 E936.98709
G1 X113.46 Y100.227 E937.00431
G1 X113.117 Y100.129 E937.01914
G1 X106.886 Y100.13 E937.2782
G1 X106.542 Y100.226 E937.29305
G1 X106.247 Y100.52 E937.31036
G1 X106.15 Y100.866 E937.3253
G1 X106.151 Y114.184 E937.879
G1 X106.321 Y114.569 E937.8965
G1 X106.656 Y114.806 E937.91356
G1 X106.905 Y114.851 E937.92408
G1 X113.177 Y114.849 E938.18484
G1 X113.559 Y114.688 E938.20207
G0 F4800 X113.3 Y114.363
;TYPE:WALL-OUTER
G1 F3000 X113.428 Y114.185 E938.21119
G1 X113.45 Y114.06 E938.21647
G1 X113.45 Y100.921 E938.76272
G1 X113.396 Y100.729 E938.77101
G1 X113.25 Y100.583 E938.7796
G1 X113.061 Y100.529 E938.78777
G1 X106.941 Y100.53 E939.04221
G1 X106.75 Y100.583 E939.05045
G1 X106.604 Y100.729 E939.05904
G1 X106.55 Y100.921 E939.06733
G1 X106.551 Y114.1 E939.61525
G1 X106.642 Y114.306 E939.62461
G1 X106.815 Y114.428 E939.63341
G1 X106.941 Y114.451 E939.63874
G1 X113.096 Y114.449 E939.89463
G1 X113.3 Y114.363 E939.90383
G0 F4800 X113.416 Y114.201
G0 X113.773 Y114.459
G0 X114.154 Y115.527
;TYPE:WALL-INNER
G1 F3000 X105.825 Y115.527 E940.25011
G1 X105.572 Y115.431 E940.26136
G1 X105.5 Y115.332 E940.26645
G1 X105.457 Y115.158 E940.27391
G1 X105.421 Y113.079 E940.36035
G1 X105.388 Y110.594 E940.46368
G1 X105.367 Y108.275 E940.56009
G1 X105.354 Y105.925 E940.6578
G1 X105.35 Y103.571 E940.75567
G1 X105.35 Y99.761 E940.91407
G1 X105.384 Y99.586 E940.92148
G1 X105.464 Y99.458 E940.92775
G1 X105.573 Y99.376 E940.93342
G1 X105.778 Y99.327 E940.94219
G1 X114.204 Y99.326 E941.2925
G1 X114.391 Y99.361 E941.30041
G1 X114.52 Y99.442 E941.30674
G1 X114.602 Y99.552 E941.31245
G1 X114.65 Y99.729 E941.32007
G1 X114.649 Y104.768 E941.52957
G1 X114.646 Y105.923 E941.57759
G1 X114.633 Y108.275 E941.67537
G1 X114.617 Y110.07 E941.75
G1 X114.58 Y113.077 E941.87503
G1 X114.544 Y115.149 E941.96119
G1 X114.504 Y115.332 E941.96898
G1 X114.405 Y115.448 E941.97532
G1 X114.154 Y115.527 E941.98626
G0 F4800 X114.407 Y115.896
;TYPE:WALL-OUTER
G1 F3000 X114.177 Y115.927 E941.9959
G1 X105.78 Y115.927 E942.34501
G1 X105.517 Y115.869 E942.35621
G1 X105.296 Y115.73 E942.36706
G1 X105.129 Y115.503 E942.37878
G1 X105.058 Y115.211 E942.39127
G1 X105.021 Y113.086 E942.47963
G1 X104.988 Y110.599 E942.58304
G1 X104.967 Y108.279 E942.6795
G1 X104.954 Y105.927 E942.77728
G1 X104.95 Y103.572 E942.87519
G1 X104.95 Y99.725 E943.03513
G1 X105.005 Y99.438 E943.04728
G1 X105.165 Y99.182 E943.05983
G1 X105.393 Y99.011 E943.07168
G1 X105.674 Y98.931 E943.08383
G1 X105.759 Y98.927 E943.08737
G1 X114.241 Y98.926 E943.44001
G1 X114.54 Y98.982 E943.45265
G1 X114.795 Y99.142 E943.46517
G1 X114.967 Y99.374 E943.47718
G1 X115.046 Y99.652 E943.48919
G1 X115.05 Y99.729 E943.4924
G1 X115.049 Y104.768 E943.7019
G1 X115.046 Y105.925 E943.75
G1 X115.033 Y108.279 E943.84787
G1 X115.017 Y110.075 E943.92254
G1 X114.98 Y113.084 E944.04765
G1 X114.943 Y115.194 E944.13539
G1 X114.881 Y115.483 E944.14768
G1 X114.849 Y115.544 E944.15054
G1 X114.658 Y115.768 E944.16278
G1 X114.407 Y115.896 E944.17449
G0 F4800 X114.209 Y115.922
G0 X114.152 Y115.486
G0 X113.207 Y115.186
;TYPE:SKIN
G1 F1800 X112.924 Y115.186 E944.18215
G1 X106.982 Y115.185 E944.34292
G1 X106.727 Y115.212 E944.34986
G0 F4800 X106.825 Y115.31
G0 X105.8 Y114.285
G0 X105.727 Y114.212
G1 F1800 X105.792 Y113.994 E944.35812
G1 X105.756 Y107.736 E944.58522
G1 X105.749 Y101.223 E944.82157
G1 X105.883 Y101.075 E944.82882
G0 F4800 X105.935 Y101.126
G0 X106.626 Y100.37
G0 X106.909 Y100.291
G0 X113.094 Y100.29
G0 X114.064 Y101.054
G0 X114.248 Y101.238
G1 F1800 X114.248 Y101.52 E944.83932
G1 X114.238 Y108.581 E945.10235
G1 X114.203 Y114.203 E945.31177
G0 F4800 X114.343 Y114.343
G0 X114.433 Y101.14
G1 F1800 X114.298 Y101.005 E945.31574
G1 F1500 E938.81574
;MESH:Switch Raiser Omron Tilted.stl(2)
G0 F4800 X114.83 Y102.155
G0 X117.295 Y102.2
G0 X117.875 Y102.157
;TYPE:WALL-INNER
G1 F1500 E945.31574
G1 X117.882 Y102.142 E945.31643
G1 X118.474 Y102.14 E945.34104
G1 X118.201 Y102.256
G1 X117.866 Y102.725 E945.365
G1 X117.875 Y102.157 E945.37525
G0 F4800 X125.602 Y102.14
G1 F1500 X126.122 Y102.14 E945.39687
G1 X126.164 Y102.155 E945.39872
G1 X126.176 Y102.789 E945.42509
G1 X126.016 Y102.43 E945.42868
G1 X125.602 Y102.14 E945.43721
G0 F4800 X118.876 Y102.579
G0 X118.567 Y102.711
G0 X118.367 Y102.989
G0 X117.77 Y116.457
G1 F1500 X117.91 Y116.954 E945.45868
G1 X118.345 Y117.393 E945.48437
G1 X118.845 Y117.538 E945.50601
G1 X125.185 Y117.537 E945.7696
G1 X125.685 Y117.402 E945.79113
G1 X126.13 Y116.956 E945.81733
G1 X126.27 Y116.459 E945.83879
G1 X126.27 Y116.956 E945.84226
G1 X126.27 Y117.465 E945.86343
G1 X126.258 Y117.525 E945.86597
G1 X126.197 Y117.54 E945.86858
G1 X125.685 Y117.54 E945.88987
G1 X125.185 Y117.54 E945.89339
G1 X118.845 Y117.54 E945.89504
G1 X118.346 Y117.54 E945.89925
G1 X117.853 Y117.541 E945.91975
G1 X117.782 Y117.528 E945.92275
G1 X117.77 Y117.484 E945.92464
G1 X117.77 Y116.954 E945.94668
G1 X117.77 Y116.457 E945.95015
G0 F4800 X118.556 Y117.038
G1 F3000 X118.902 Y117.138 E945.96512
G1 X125.132 Y117.137 E946.22414
G1 X125.477 Y117.044 E946.23899
G1 X125.773 Y116.747 E946.25643
G1 X125.87 Y116.404 E946.27124
G1 X125.869 Y103.082 E946.82511
G1 X125.696 Y102.694 E946.84277
G1 X125.365 Y102.463 E946.85955
G1 X125.116 Y102.416 E946.87009
G1 X118.843 Y102.418 E947.13089
G1 X118.461 Y102.58 E947.14814
G1 X118.214 Y102.925 E947.16578
G1 X118.17 Y103.174 E947.17629
G1 X118.17 Y116.402 E947.72625
G1 X118.267 Y116.746 E947.74111
G1 X118.556 Y117.038 E947.75819
G0 F4800 X118.767 Y116.683
;TYPE:WALL-OUTER
G1 F3000 X118.958 Y116.738 E947.76645
G1 X125.079 Y116.737 E948.02093
G1 X125.269 Y116.686 E948.02911
G1 X125.416 Y116.538 E948.03779
G1 X125.47 Y116.348 E948.046
G1 X125.469 Y103.167 E948.594
G1 X125.376 Y102.958 E948.60351
G1 X125.207 Y102.84 E948.61208
G1 X125.079 Y102.816 E948.61749
G1 X118.924 Y102.818 E948.87339
G1 X118.721 Y102.904 E948.88256
G1 X118.592 Y103.084 E948.89176
G1 X118.57 Y103.209 E948.89704
G1 X118.57 Y116.347 E949.44325
G1 X118.624 Y116.538 E949.45151
G1 X118.767 Y116.683 E949.45997
G0 F4800 X118.958 Y116.738
G0 X118.96 Y116.738
G0 X118.959 Y117.178
G0 X117.624 Y117.905
;TYPE:WALL-INNER
G1 F3000 X117.501 Y117.827 E949.46603
G1 X117.421 Y117.72 E949.47158
G1 X117.37 Y117.539 E949.4794
G1 X117.371 Y112.499 E949.68894
G1 X117.374 Y111.344 E949.73696
G1 X117.387 Y108.993 E949.8347
G1 X117.403 Y107.198 E949.90933
G1 X117.44 Y104.19 E950.0344
G1 X117.476 Y102.114 E950.12072
G1 X117.503 Y101.975 E950.12661
G1 X117.608 Y101.82 E950.13439
G1 X117.807 Y101.742 E950.14328
G1 X118.516 Y101.74 E950.17276
G1 X122.19 Y101.742 E950.32551
G1 X126.16 Y101.74 E950.49056
G1 X126.355 Y101.777 E950.49881
G1 X126.529 Y101.956 E950.50919
G1 X126.563 Y102.107 E950.51562
G1 X126.578 Y102.883 E950.54789
G1 X126.602 Y104.419 E950.61176
G1 X126.631 Y106.673 E950.70548
G1 X126.653 Y108.99 E950.80181
G1 X126.666 Y111.343 E950.89964
G1 X126.67 Y113.697 E950.99751
G1 X126.67 Y117.503 E951.15574
G1 X126.636 Y117.681 E951.16328
G1 X126.555 Y117.81 E951.16961
G1 X126.446 Y117.892 E951.17528
G1 X126.242 Y117.94 E951.18399
G1 X117.816 Y117.941 E951.53431
G1 X117.624 Y117.905 E951.54243
G0 F4800 X117.476 Y118.284
;TYPE:WALL-OUTER
G1 F3000 X117.224 Y118.125 E951.55482
G1 X117.057 Y117.9 E951.56647
G1 X116.974 Y117.615 E951.57881
G1 X116.97 Y117.539 E951.58197
G1 X116.971 Y112.499 E951.79151
G1 X116.974 Y111.342 E951.83961
G1 X116.987 Y108.989 E951.93744
G1 X117.003 Y107.193 E952.01211
G1 X117.04 Y104.183 E952.13726
G1 X117.077 Y102.073 E952.225
G1 X117.125 Y101.82 E952.23571
G1 X117.317 Y101.536 E952.24996
G1 X117.397 Y101.473 E952.25419
G1 X117.687 Y101.355 E952.26721
G1 X117.782 Y101.342 E952.27119
G1 X118.515 Y101.34 E952.30167
G1 X122.19 Y101.342 E952.45446
G1 X126.2 Y101.34 E952.62117
G1 X126.506 Y101.399 E952.63413
G1 X126.72 Y101.535 E952.64467
G1 X126.903 Y101.791 E952.65776
G1 X126.962 Y102.057 E952.66908
G1 X126.978 Y102.877 E952.70318
G1 X127.002 Y104.414 E952.76709
G1 X127.031 Y106.669 E952.86085
G1 X127.053 Y108.988 E952.95727
G1 X127.066 Y111.342 E953.05514
G1 X127.07 Y113.696 E953.153
G1 X127.07 Y117.542 E953.3129
G1 X127.015 Y117.829 E953.32505
G1 X126.855 Y118.085 E953.3376
G1 X126.627 Y118.257 E953.34948
G1 X126.346 Y118.336 E953.36161
G1 X126.261 Y118.34 E953.36515
G1 X117.779 Y118.341 E953.71779
G1 X117.476 Y118.284 E953.73061
G0 F4800 X117.307 Y118.177
G0 X117.542 Y117.805
G0 X117.681 Y116.267
G0 X117.632 Y116.218
;TYPE:SKIN
G1 F1800 X117.769 Y116.072 E953.7378
G1 X117.779 Y108.728 E954.00157
G1 X117.814 Y103.106 E954.2035
G1 X117.964 Y102.973 E954.2107
G0 F4800 X117.945 Y102.954
G0 X118.89 Y102.202
G0 X118.766 Y102.078
G1 F1800 X119.049 Y102.078 E954.21811
G1 X124.988 Y102.077 E954.37367
G1 X125.262 Y102.069 E954.38085
G0 F4800 X125.377 Y102.184
G0 X126.185 Y102.992
G0 X126.275 Y103.082
G1 F1800 X126.227 Y103.317 E954.38956
G1 X126.263 Y109.858 E954.62694
G1 X126.268 Y116.086 E954.85296
G1 X126.11 Y116.211 E954.86027
G0 F4800 X126.137 Y116.238
G1 F1500 E948.36027
;MESH:Switch Raiser Omron Tilted.stl(3)
G0 F4800 X125.393 Y116.899
G0 X118.857 Y118.14
G0 X118.853 Y120.736
G0 X118.857 Y121.329
;TYPE:WALL-INNER
G1 F1500 E954.86027
G1 X118.871 Y121.379 E954.86243
G1 X118.871 Y121.898 E954.88401
G1 X118.871 Y122.398 E954.9048
G1 X118.871 Y128.742 E955.16855
G1 X118.871 Y129.235 E955.18905
G1 X118.872 Y129.736 E955.20988
G1 X118.86 Y129.801 E955.21262
G1 X118.794 Y129.817 E955.21545
G1 X118.283 Y129.817 E955.23669
G1 X117.784 Y129.817 E955.25744
G1 X118.283 Y129.682 E955.26151
G1 X118.726 Y129.236 E955.28764
G1 X118.869 Y128.742 E955.29263
G1 X118.868 Y122.398 E955.29429
G1 X118.728 Y121.898 E955.29873
G1 X118.287 Y121.457 E955.32466
G1 X117.787 Y121.317 E955.34624
G1 X118.287 Y121.317 E955.34974
G1 X118.795 Y121.317 E955.37086
G1 X118.857 Y121.329 E955.37348
G0 F4800 X104.118 Y121.411
G1 F1500 X103.763 Y121.569 E955.38964
G1 X103.471 Y121.98 E955.4106
G1 X103.471 Y121.443 E955.41986
G1 X103.479 Y121.424 E955.42072
G1 X104.118 Y121.411 E955.43027
G0 F4800 X103.907 Y122.487
G0 X103.909 Y128.711
G0 X104.054 Y129.721
G1 F1500 X103.493 Y129.712 E955.4536
G1 X103.471 Y129.693 E955.45481
G1 X103.471 Y129.115 E955.47884
G1 X103.586 Y129.386 E955.48056
G1 X104.054 Y129.721 E955.4912
G0 F4800 X103.91 Y129.126
G1 F3000 X104.258 Y129.375 E955.509
G1 X104.505 Y129.417 E955.51941
G1 X117.73 Y129.417 E956.06924
G1 X118.075 Y129.324 E956.0841
G1 X118.37 Y129.027 E956.1015
G1 X118.469 Y128.685 E956.1163
G1 X118.468 Y122.453 E956.3754
G1 X118.371 Y122.107 E956.39034
G1 X118.078 Y121.814 E956.40757
G1 X117.732 Y121.717 E956.42251
G1 X104.412 Y121.718 E956.97629
G1 X104.026 Y121.89 E956.99386
G1 X103.791 Y122.221 E957.01074
G1 X103.746 Y122.472 E957.02134
G1 X103.748 Y128.744 E957.2821
G1 X103.91 Y129.126 E957.29935
G0 F4800 X104.234 Y128.866
;TYPE:WALL-OUTER
G1 F3000 X104.416 Y128.996 E957.30865
G1 X104.539 Y129.017 E957.31383
G1 X117.677 Y129.017 E957.86005
G1 X117.867 Y128.966 E957.86823
G1 X118.014 Y128.818 E957.8769
G1 X118.069 Y128.628 E957.88512
G1 X118.068 Y122.508 E958.13956
G1 X118.014 Y122.316 E958.14786
G1 X117.869 Y122.171 E958.15638
G1 X117.677 Y122.117 E958.16467
G1 X104.497 Y122.118 E958.71263
G1 X104.289 Y122.211 E958.72211
G1 X104.169 Y122.38 E958.73072
G1 X104.146 Y122.508 E958.73613
G1 X104.148 Y128.663 E958.99203
G1 X104.234 Y128.866 E959.00119
G0 F4800 X104.397 Y128.982
G0 X104.14 Y129.341
G0 X103.276 Y130.074
;TYPE:WALL-INNER
G1 F3000 X103.108 Y129.906 E959.01107
G1 X103.071 Y129.739 E959.01818
G1 X103.071 Y121.394 E959.36513
G1 X103.113 Y121.221 E959.37253
G1 X103.281 Y121.059 E959.38223
G1 X103.433 Y121.025 E959.38871
G1 X104.216 Y121.009 E959.42127
G1 X105.752 Y120.985 E959.48513
G1 X108.004 Y120.956 E959.57877
G1 X110.324 Y120.934 E959.67523
G1 X113.897 Y120.919 E959.82378
G1 X115.029 Y120.917 E959.87084
G1 X118.832 Y120.917 E960.02895
G1 X119.012 Y120.951 E960.03657
G1 X119.14 Y121.031 E960.04284
G1 X119.221 Y121.138 E960.04842
G1 X119.271 Y121.328 E960.05659
G1 X119.272 Y129.771 E960.40761
G1 X119.237 Y129.959 E960.41556
G1 X119.156 Y130.087 E960.42186
G1 X119.052 Y130.165 E960.42726
G1 X118.841 Y130.217 E960.4363
G1 X113.829 Y130.216 E960.64467
G1 X112.675 Y130.213 E960.69265
G1 X110.323 Y130.2 E960.79043
G1 X108.528 Y130.184 E960.86506
G1 X105.521 Y130.147 E960.99009
G1 X103.448 Y130.111 E961.07629
G1 X103.276 Y130.074 E961.0836
G0 F4800 X103.117 Y130.449
;TYPE:WALL-OUTER
G1 F3000 X102.898 Y130.302 E961.09457
G1 X102.737 Y130.073 E961.10621
G1 X102.673 Y129.806 E961.11762
G1 X102.671 Y129.754 E961.11979
G1 X102.671 Y121.344 E961.46943
G1 X102.742 Y121.052 E961.48193
G1 X102.897 Y120.834 E961.49305
G1 X103.119 Y120.686 E961.50414
G1 X103.387 Y120.626 E961.51556
G1 X104.208 Y120.609 E961.5497
G1 X105.746 Y120.585 E961.61365
G1 X107.999 Y120.556 E961.70733
G1 X110.32 Y120.534 E961.80383
G1 X113.895 Y120.519 E961.95246
G1 X115.027 Y120.517 E961.99952
G1 X118.87 Y120.517 E962.1593
G1 X119.16 Y120.572 E962.17157
G1 X119.416 Y120.732 E962.18412
G1 X119.584 Y120.956 E962.19576
G1 X119.666 Y121.236 E962.20789
G1 X119.671 Y121.328 E962.21172
G1 X119.672 Y129.806 E962.56419
G1 X119.616 Y130.108 E962.57696
G1 X119.455 Y130.363 E962.5895
G1 X119.234 Y130.529 E962.60099
G1 X118.945 Y130.613 E962.61351
G1 X118.86 Y130.617 E962.61704
G1 X113.829 Y130.616 E962.82621
G1 X112.673 Y130.613 E962.87427
G1 X110.319 Y130.6 E962.97214
G1 X108.523 Y130.584 E963.04681
G1 X105.514 Y130.547 E963.17192
G1 X103.404 Y130.51 E963.25966
G1 X103.117 Y130.449 E963.27186
G0 F4800 X102.951 Y130.338
G0 X103.197 Y129.972
G0 X103.456 Y128.911
G0 X103.37 Y128.826
;TYPE:SKIN
G1 F1800 X103.409 Y128.582 E963.27849
G1 X103.408 Y122.359 E963.44548
G0 F4800 X103.285 Y122.236
G0 X104.289 Y121.26
G0 X104.409 Y121.38
G1 F1800 X104.671 Y121.359 E963.45505
G1 X110.858 Y121.323 E963.68031
G1 X117.355 Y121.315 E963.91686
G1 X117.522 Y121.199 E963.92426
G0 F4800 X117.591 Y121.268
G0 X118.226 Y122.192
G0 X118.307 Y122.475
G0 X118.308 Y128.661
G0 X117.469 Y129.631
G0 X117.52 Y129.683
G1 F1800 X117.37 Y129.815 E963.93148
G1 X110.008 Y129.807 E964.1973
G1 X104.598 Y129.771 E964.39264
G1 X104.36 Y129.816 E964.40139
G0 F4800 X104.456 Y129.912
G1 F1500 E957.90139
;MESH:NONMESH
G0 F300 X104.456 Y129.912 Z4.5
G0 F4800 X103.964 Y128.832
G0 X102.89 Y121.368
G0 X101.96 Y120.681
G0 X102.251 Y119.367
G0 X102.251 Y118.283
G0 X94.64 Y117.061
G0 X94.405 Y116.825
G0 X93.971 Y102.398
;TIME_ELAPSED:904.996065
;LAYER:17
;TYPE:WALL-INNER
;MESH:Switch Raiser Omron Tilted.stl(1)
G1 F1500 E964.40139
G1 X94.24 Y102.398 E964.41257
G1 X94.166 Y102.432
G1 X93.962 Y102.727 E964.42467
G1 X93.971 Y102.398 E964.42523
G0 F4800 X101.773 Y102.399
G1 F1500 X102.054 Y102.399 E964.43691
G1 X102.063 Y102.681 E964.44864
G1 X101.773 Y102.399 E964.45686
G0 F4800 X94.871 Y102.727
G0 X94.54 Y102.879
G0 X94.363 Y103.133
G0 X93.767 Y116.625
G1 F1500 X93.916 Y117.128 E964.47867
G1 X94.37 Y117.561 E964.50475
G1 X94.852 Y117.686 E964.52545
G1 X101.185 Y117.686 E964.78875
G1 X101.704 Y117.537 E964.8112
G1 X102.141 Y117.073 E964.8377
G1 X102.26 Y116.604 E964.85781
G1 X102.26 Y117.072 E964.86057
G1 X102.262 Y117.622 E964.88344
G1 X102.252 Y117.673 E964.8856
G1 X102.189 Y117.688 E964.88829
G1 X101.704 Y117.688 E964.90846
G1 X101.185 Y117.688 E964.91243
G1 X94.852 Y117.688 E964.91375
G1 X94.37 Y117.688 E964.91685
G1 X93.847 Y117.688 E964.93859
G1 X93.774 Y117.675 E964.94167
G1 X93.764 Y117.637 E964.94331
G1 X93.765 Y117.128 E964.96447
G1 X93.767 Y116.625 E964.96826
G0 F4800 X94.653 Y117.054
G0 X101.488 Y117.183
G1 F3000 X101.779 Y116.874 E964.9859
G1 X101.863 Y116.544 E965.00006
G1 X101.862 Y103.265 E965.55214
G1 X101.761 Y102.946 E965.56605
G1 X101.465 Y102.658 E965.58322
G1 X101.127 Y102.564 E965.59781
G1 X94.835 Y102.566 E965.8594
G1 X94.432 Y102.75 E965.87781
G1 X94.213 Y103.066 E965.8938
G1 X94.164 Y103.276 E965.90276
G1 X94.163 Y116.554 E966.4548
G1 X94.269 Y116.912 E966.47032
G1 X94.571 Y117.2 E966.48767
G1 X94.903 Y117.286 E966.50193
G1 X101.129 Y117.286 E966.76078
G1 X101.488 Y117.183 E966.7763
G0 F4800 X101.272 Y116.829
;TYPE:WALL-OUTER
G1 F3000 X101.417 Y116.675 E966.7851
G1 X101.463 Y116.494 E966.79286
G1 X101.462 Y103.327 E967.34028
G1 X101.41 Y103.163 E967.34744
G1 X101.259 Y103.016 E967.3562
G1 X101.072 Y102.964 E967.36427
G1 X94.922 Y102.966 E967.61995
G1 X94.698 Y103.068 E967.63019
G1 X94.585 Y103.231 E967.63843
G1 X94.564 Y103.322 E967.64232
G1 X94.563 Y116.496 E968.19003
G1 X94.622 Y116.696 E968.1987
G1 X94.772 Y116.839 E968.20731
G1 X94.954 Y116.886 E968.21513
G1 X101.073 Y116.886 E968.46953
G1 X101.272 Y116.829 E968.47813
G0 F4800 X101.409 Y116.684
G0 X101.729 Y116.986
G0 X102.437 Y118.04
;TYPE:WALL-INNER
G1 F3000 X102.235 Y118.088 E968.48676
G1 X93.809 Y118.088 E968.83708
G1 X93.62 Y118.054 E968.84506
G1 X93.495 Y117.975 E968.85121
G1 X93.41 Y117.86 E968.85715
G1 X93.364 Y117.69 E968.86448
G1 X93.369 Y115.725 E968.94617
G1 X93.386 Y113.118 E969.05456
G1 X93.41 Y110.677 E969.15605
G1 X93.432 Y109.038 E969.2242
G1 X93.47 Y106.79 E969.31767
G1 X93.523 Y104.248 E969.42338
G1 X93.558 Y102.844 E969.48177
G1 X93.573 Y102.329 E969.50319
G1 X93.602 Y102.187 E969.50921
G1 X93.74 Y102.036 E969.51772
G1 X93.93 Y101.998 E969.52578
G1 X98.048 Y102 E969.69698
G1 X102.135 Y101.999 E969.8669
G1 X102.367 Y102.095 E969.87734
G1 X102.45 Y102.26 E969.88502
G1 X102.468 Y102.842 E969.90923
G1 X102.514 Y104.764 E969.98916
G1 X102.557 Y106.788 E970.07332
G1 X102.595 Y109.035 E970.16676
G1 X102.625 Y111.333 E970.2623
G1 X102.646 Y113.657 E970.35893
G1 X102.66 Y116.266 E970.4674
G1 X102.662 Y117.658 E970.52527
G1 X102.63 Y117.829 E970.5325
G1 X102.56 Y117.946 E970.53817
G1 X102.437 Y118.04 E970.54461
G0 F4800 X102.62 Y118.404
;TYPE:WALL-OUTER
G1 F3000 X102.34 Y118.484 E970.55672
G1 X102.254 Y118.488 E970.5603
G1 X93.77 Y118.488 E970.91302
G1 X93.473 Y118.434 E970.92557
G1 X93.218 Y118.274 E970.93809
G1 X93.045 Y118.04 E970.95018
G1 X92.968 Y117.766 E970.96202
G1 X92.964 Y117.689 E970.96522
G1 X92.969 Y115.722 E971.047
G1 X92.986 Y113.114 E971.15543
G1 X93.01 Y110.672 E971.25696
G1 X93.032 Y109.031 E971.32519
G1 X93.07 Y106.782 E971.41871
G1 X93.123 Y104.238 E971.5245
G1 X93.158 Y102.832 E971.58297
G1 X93.174 Y102.283 E971.60581
G1 X93.226 Y102.028 E971.61663
G1 X93.393 Y101.784 E971.62892
G1 X93.586 Y101.659 E971.63848
G1 X93.892 Y101.598 E971.65145
G1 X98.048 Y101.6 E971.82424
G1 X102.181 Y101.599 E971.99607
G1 X102.451 Y101.663 E972.0076
G1 X102.67 Y101.82 E972.01881
G1 X102.817 Y102.07 E972.03087
G1 X102.849 Y102.213 E972.03696
G1 X102.868 Y102.832 E972.0627
G1 X102.914 Y104.756 E972.14272
G1 X102.957 Y106.781 E972.22693
G1 X102.995 Y109.03 E972.32044
G1 X103.025 Y111.329 E972.41603
G1 X103.046 Y113.655 E972.51274
G1 X103.06 Y116.265 E972.62125
G1 X103.062 Y117.694 E972.68066
G1 X103.01 Y117.974 E972.6925
G1 X102.863 Y118.218 E972.70435
G1 X102.62 Y118.404 E972.71707
G0 F4800 X102.428 Y118.458
G0 X102.309 Y118.035
G0 X102.237 Y116.399
G0 X102.34 Y116.295
;TYPE:SKIN
G1 F1800 X102.26 Y116.093 E972.72286
G1 X102.233 Y109.897 E972.88798
G1 X102.174 Y103.734 E973.05224
G1 X102.129 Y102.93 E973.0737
G1 X101.349 Y102.295 E973.1005
G1 X97.405 Y102.281 E973.20561
G1 X94.86 Y102.281 E973.27343
G1 X94.547 Y102.311 E973.28181
G1 X93.849 Y103.008 E973.3081
G1 X93.801 Y108.43 E973.4526
G1 X93.768 Y114.685 E973.6193
G1 X93.765 Y116.103 E973.65709
G1 X93.835 Y116.316 E973.66307
G0 F4800 X93.948 Y116.203
G1 F1500 E967.16307
;MESH:Switch Raiser Omron Tilted.stl
G0 F4800 X94.411 Y116.824
G0 X94.653 Y117.054
G0 X94.924 Y117.125
G0 X101.106 Y117.125
G0 X101.4 Y117.04
G0 X101.633 Y116.793
G0 X101.702 Y116.523
G0 X101.702 Y115.328
G0 X102.853 Y115.047
G0 X105.357 Y114.968
G0 X105.959 Y115.031
;TYPE:WALL-INNER
G1 F1500 E973.66307
G1 X105.95 Y114.721 E973.67596
G1 X106.016 Y114.868
G1 X106.262 Y115.031 E973.68646
G1 X105.959 Y115.031 E973.68808
G0 F4800 X113.766 Y115.032
G1 F1500 X114.05 Y114.731 E973.70528
G1 X114.042 Y115.031 E973.70735
G1 X113.766 Y115.032 E973.71057
G0 F4800 X106.73 Y114.668
G0 X106.461 Y114.488
G0 X106.341 Y114.222
G0 X105.753 Y100.818
G1 F1500 X105.753 Y100.351 E973.72999
G1 X105.751 Y99.814 E973.75232
G1 X105.762 Y99.756 E973.75477
G1 X105.824 Y99.741 E973.75742
G1 X106.313 Y99.741 E973.77775
G1 X106.83 Y99.741 E973.79925
G1 X113.158 Y99.741 E974.06234
G1 X113.644 Y99.741 E974.08254
G1 X114.173 Y99.741 E974.10453
G1 X114.236 Y99.753 E974.1072
G1 X114.249 Y99.806 E974.10947
G1 X114.249 Y100.302 E974.13009
G1 X114.248 Y100.812 E974.15129
G1 X114.097 Y100.302 E974.15605
G1 X113.644 Y99.87 E974.18207
G1 X113.158 Y99.744 E974.18594
G1 X106.83 Y99.744 E974.18792
G1 X106.313 Y99.893 E974.1928
G1 X105.879 Y100.35 E974.219
G1 X105.753 Y100.818 E974.22262
G0 F4800 X106.333 Y114.598
G1 F3000 X106.668 Y114.82 E974.23933
G1 X106.903 Y114.865 E974.24928
G1 X113.142 Y114.863 E974.50866
G1 X113.469 Y114.764 E974.52287
G1 X113.753 Y114.463 E974.54007
G1 X113.849 Y114.173 E974.55277
G1 X113.85 Y100.876 E975.1056
G1 X113.744 Y100.518 E975.12112
G1 X113.443 Y100.231 E975.13841
G1 X113.107 Y100.144 E975.15284
G1 X106.886 Y100.144 E975.41148
G1 X106.528 Y100.247 E975.42697
G1 X106.239 Y100.552 E975.44444
G1 X106.15 Y100.883 E975.45869
G1 X106.151 Y114.194 E976.0121
G1 X106.333 Y114.598 E976.03052
G0 F4800 X106.65 Y114.328
;TYPE:WALL-OUTER
G1 F3000 X106.822 Y114.442 E976.0391
G1 X106.941 Y114.465 E976.04414
G1 X113.083 Y114.463 E976.29949
G1 X113.251 Y114.412 E976.30679
G1 X113.401 Y114.253 E976.31588
G1 X113.449 Y114.108 E976.32223
G1 X113.45 Y100.934 E976.86994
G1 X113.391 Y100.734 E976.87861
G1 X113.242 Y100.592 E976.88717
G1 X113.056 Y100.544 E976.89515
G1 X106.942 Y100.544 E977.14934
G1 X106.743 Y100.601 E977.15795
G1 X106.599 Y100.753 E977.16665
G1 X106.55 Y100.936 E977.17453
G1 X106.551 Y114.108 E977.72216
G1 X106.65 Y114.328 E977.73219
G0 F4800 X106.816 Y114.438
G0 X106.572 Y114.805
G0 X105.728 Y115.392
;TYPE:WALL-INNER
G1 F3000 X105.574 Y115.214 E977.74197
G1 X105.563 Y115.162 E977.74418
G1 X105.545 Y114.584 E977.76823
G1 X105.499 Y112.664 E977.84807
G1 X105.456 Y110.639 E977.93228
G1 X105.418 Y108.392 E978.02571
G1 X105.388 Y106.094 E978.12126
G1 X105.367 Y103.771 E978.21784
G1 X105.353 Y101.162 E978.32632
G1 X105.351 Y99.776 E978.38394
G1 X105.382 Y99.605 E978.39116
G1 X105.456 Y99.482 E978.39713
G1 X105.576 Y99.389 E978.40344
G1 X105.778 Y99.341 E978.41208
G1 X114.208 Y99.341 E978.76255
G1 X114.392 Y99.375 E978.77033
G1 X114.519 Y99.455 E978.77657
G1 X114.603 Y99.568 E978.78243
G1 X114.649 Y99.758 E978.79056
G1 X114.648 Y101.159 E978.8488
G1 X114.628 Y104.313 E978.97993
G1 X114.604 Y106.751 E979.0813
G1 X114.582 Y108.391 E979.14949
G1 X114.544 Y110.639 E979.24296
G1 X114.49 Y113.183 E979.34875
G1 X114.455 Y114.584 E979.40702
G1 X114.439 Y115.13 E979.42973
G1 X114.349 Y115.341 E979.43927
G1 X114.114 Y115.432 E979.44974
G1 X109.965 Y115.429 E979.62224
G1 X105.917 Y115.431 E979.79053
G1 X105.728 Y115.392 E979.79856
G0 F4800 X105.563 Y115.767
;TYPE:WALL-OUTER
G1 F3000 X105.349 Y115.612 E979.80954
G1 X105.197 Y115.363 E979.82167
G1 X105.164 Y115.211 E979.82814
G1 X105.145 Y114.596 E979.85372
G1 X105.099 Y112.674 E979.93365
G1 X105.056 Y110.647 E980.01794
G1 X105.018 Y108.399 E980.11142
G1 X104.988 Y106.099 E980.20705
G1 X104.967 Y103.775 E980.30367
G1 X104.953 Y101.164 E980.41223
G1 X104.951 Y99.738 E980.47151
G1 X105.001 Y99.462 E980.48317
G1 X105.152 Y99.211 E980.49535
G1 X105.393 Y99.025 E980.50801
G1 X105.674 Y98.945 E980.52016
G1 X105.759 Y98.941 E980.52369
G1 X114.243 Y98.941 E980.87642
G1 X114.54 Y98.996 E980.88897
G1 X114.796 Y99.156 E980.90153
G1 X114.968 Y99.39 E980.9136
G1 X115.046 Y99.669 E980.92564
G1 X115.049 Y99.742 E980.92868
G1 X115.048 Y101.162 E980.98772
G1 X115.028 Y104.317 E981.11889
G1 X115.004 Y106.756 E981.2203
G1 X114.982 Y108.398 E981.28857
G1 X114.944 Y110.647 E981.38209
G1 X114.89 Y113.193 E981.48796
G1 X114.855 Y114.596 E981.54631
G1 X114.838 Y115.18 E981.5706
G1 X114.786 Y115.409 E981.58036
G1 X114.639 Y115.627 E981.59129
G1 X114.428 Y115.77 E981.60189
G1 X114.182 Y115.827 E981.61239
G1 X114.128 Y115.832 E981.61464
G1 X109.965 Y115.829 E981.78772
G1 X105.876 Y115.831 E981.95772
G1 X105.563 Y115.767 E981.971
G0 F4800 X105.401 Y115.65
G0 X105.66 Y115.294
G0 X105.881 Y114.451
;TYPE:SKIN
G1 F1800 X105.844 Y114.206 E981.97879
G1 X105.782 Y108.046 E982.1723
G1 X105.752 Y101.853 E982.36684
G1 X105.654 Y101.103 E982.3906
G0 F4800 X105.74 Y101.017
G0 X106.615 Y100.39
G0 X106.909 Y100.305
G0 X113.086 Y100.305
G0 X113.361 Y100.377
G0 X114.064 Y101.178
G0 X114.145 Y101.097
G1 F1800 X114.247 Y101.277 E982.39707
G1 X114.221 Y107.526 E982.59238
G1 X114.162 Y113.808 E982.78874
G1 X114.138 Y114.398 E982.80719
G0 F4800 X113.534 Y115.002
G1 F1800 X113.32 Y115.215 E982.81347
G0 F4800 X113.108 Y115.145
G1 F1800 X112.824 Y115.146 E982.81776
G1 X106.884 Y115.146 E982.90749
G1 X106.618 Y115.129 E982.91151
G0 F4800 X106.533 Y115.215
G1 F1500 E976.41151
;MESH:Switch Raiser Omron Tilted.stl(2)
G0 F4800 X114.481 Y115.469
G0 X117.195 Y115.488
G0 X117.772 Y116.456
;TYPE:WALL-INNER
G1 F1500 E982.91151
G1 X117.923 Y116.962 E982.93347
G1 X118.38 Y117.401 E982.95981
G1 X118.866 Y117.523 E982.98065
G1 X125.188 Y117.523 E983.24348
G1 X125.711 Y117.377 E983.26606
G1 X126.143 Y116.914 E983.29239
G1 X126.267 Y116.45 E983.31235
G1 X126.267 Y116.913 E983.31519
G1 X126.269 Y117.462 E983.33801
G1 X126.26 Y117.512 E983.34013
G1 X126.198 Y117.526 E983.34277
G1 X125.711 Y117.526 E983.36301
G1 X125.188 Y117.526 E983.36699
G1 X118.866 Y117.526 E983.36896
G1 X118.38 Y117.526 E983.37208
G1 X117.847 Y117.526 E983.39424
G1 X117.785 Y117.514 E983.39687
G1 X117.771 Y117.46 E983.39919
G1 X117.771 Y116.962 E983.41989
G1 X117.772 Y116.456 E983.42371
G0 F4800 X117.97 Y102.562
G1 F1500 X117.978 Y102.236 E983.43727
G1 X118.241 Y102.236 E983.44821
G1 X118.173 Y102.267
G1 X117.97 Y102.562 E983.45
G0 F4800 X125.761 Y102.237
G1 F1500 X126.061 Y102.237 E983.46248
G1 X126.071 Y102.552 E983.47558
G1 X125.987 Y102.365
G1 X125.761 Y102.237 E983.47619
G0 F4800 X125.709 Y116.363
G0 X125.635 Y116.633
G0 X125.407 Y116.878
G0 X118.58 Y117.039
G1 F3000 X118.915 Y117.123 E983.49055
G1 X125.133 Y117.123 E983.74906
G1 X125.495 Y117.022 E983.76469
G1 X125.782 Y116.714 E983.78219
G1 X125.87 Y116.385 E983.79635
G1 X125.869 Y103.08 E984.34951
G1 X125.676 Y102.648 E984.36918
G1 X125.267 Y102.417 E984.38871
G1 X125.097 Y102.402 E984.3958
G1 X118.842 Y102.404 E984.65585
G1 X118.439 Y102.586 E984.67424
G1 X118.219 Y102.905 E984.69035
G1 X118.171 Y103.114 E984.69926
G1 X118.17 Y116.392 E985.2513
G1 X118.276 Y116.747 E985.2667
G1 X118.58 Y117.039 E985.28423
G0 F4800 X118.78 Y116.677
;TYPE:WALL-OUTER
G1 F3000 X118.964 Y116.723 E985.29211
G1 X125.078 Y116.723 E985.5463
G1 X125.279 Y116.667 E985.55498
G1 X125.421 Y116.514 E985.56366
G1 X125.47 Y116.332 E985.57149
G1 X125.469 Y103.165 E986.11891
G1 X125.365 Y102.932 E986.12952
G1 X125.145 Y102.808 E986.14002
G1 X125.079 Y102.802 E986.14278
G1 X118.928 Y102.804 E986.3985
G1 X118.705 Y102.905 E986.40868
G1 X118.592 Y103.069 E986.41696
G1 X118.571 Y103.16 E986.42084
G1 X118.57 Y116.334 E986.96856
G1 X118.629 Y116.532 E986.97715
G1 X118.78 Y116.677 E986.98585
G0 F4800 X118.964 Y116.723
G0 X118.975 Y116.723
G0 X118.975 Y117.163
G0 X117.624 Y117.891
;TYPE:WALL-INNER
G1 F3000 X117.502 Y117.814 E986.99185
G1 X117.419 Y117.7 E986.99771
G1 X117.371 Y117.51 E987.00586
G1 X117.372 Y116.108 E987.06415
G1 X117.392 Y112.955 E987.19523
G1 X117.416 Y110.516 E987.29664
G1 X117.438 Y108.876 E987.36483
G1 X117.476 Y106.628 E987.45831
G1 X117.53 Y104.085 E987.56405
G1 X117.58 Y102.148 E987.64461
G1 X117.634 Y101.978 E987.65203
G1 X117.836 Y101.844 E987.66211
G1 X117.917 Y101.836 E987.66549
G1 X122.055 Y101.838 E987.83753
G1 X126.139 Y101.837 E988.00732
G1 X126.371 Y101.931 E988.01773
G1 X126.457 Y102.105 E988.0258
G1 X126.475 Y102.68 E988.04972
G1 X126.521 Y104.602 E988.12965
G1 X126.564 Y106.625 E988.21377
G1 X126.602 Y108.873 E988.30725
G1 X126.631 Y111.171 E988.40279
G1 X126.653 Y113.495 E988.49942
G1 X126.666 Y116.104 E988.60789
G1 X126.669 Y117.497 E988.6658
G1 X126.638 Y117.664 E988.67287
G1 X126.565 Y117.784 E988.6787
G1 X126.443 Y117.879 E988.68513
G1 X126.242 Y117.926 E988.69372
G1 X117.812 Y117.926 E989.04419
G1 X117.624 Y117.891 E989.05214
G0 F4800 X117.476 Y118.27
;TYPE:WALL-OUTER
G1 F3000 X117.224 Y118.112 E989.06451
G1 X117.053 Y117.878 E989.07656
G1 X116.974 Y117.599 E989.08862
G1 X116.971 Y117.526 E989.09165
G1 X116.972 Y116.105 E989.15073
G1 X116.992 Y112.951 E989.28186
G1 X117.016 Y110.511 E989.38331
G1 X117.038 Y108.869 E989.45158
G1 X117.076 Y106.62 E989.5451
G1 X117.13 Y104.075 E989.65093
G1 X117.165 Y102.671 E989.70932
G1 X117.182 Y102.08 E989.7339
G1 X117.279 Y101.771 E989.74737
G1 X117.472 Y101.564 E989.75913
G1 X117.735 Y101.452 E989.77102
G1 X117.899 Y101.436 E989.77787
G1 X122.055 Y101.438 E989.95065
G1 X126.187 Y101.437 E990.12244
G1 X126.469 Y101.505 E990.1345
G1 X126.673 Y101.657 E990.14508
G1 X126.824 Y101.908 E990.15726
G1 X126.856 Y102.056 E990.16355
G1 X126.875 Y102.67 E990.18909
G1 X126.921 Y104.594 E990.26911
G1 X126.964 Y106.618 E990.35327
G1 X127.002 Y108.868 E990.44683
G1 X127.031 Y111.167 E990.54242
G1 X127.053 Y113.493 E990.63913
G1 X127.066 Y116.103 E990.74764
G1 X127.069 Y117.53 E990.80697
G1 X127.018 Y117.809 E990.81876
G1 X126.869 Y118.055 E990.83072
G1 X126.627 Y118.243 E990.84346
G1 X126.346 Y118.322 E990.85559
G1 X126.261 Y118.326 E990.85913
G1 X117.777 Y118.326 E991.21186
G1 X117.476 Y118.27 E991.22458
G0 F4800 X117.307 Y118.164
G0 X117.541 Y117.792
G0 X117.637 Y116.273
G0 X117.795 Y116.115
;TYPE:SKIN
G1 F1800 X117.938 Y116.254 E991.22981
G1 X117.771 Y115.573 E991.24818
G1 X117.797 Y109.607 E991.40445
G1 X117.854 Y103.611 E991.56152
G1 X117.826 Y102.79 E991.58304
G1 X118.5 Y102.116 E991.60801
G1 X122.456 Y102.12 E991.71164
G1 X125.28 Y102.123 E991.78561
G1 X125.507 Y102.179 E991.79173
G1 X126.17 Y102.931 E991.81799
G1 X126.232 Y108.809 E991.97198
G1 X126.263 Y115 E992.13415
G1 X126.305 Y116.09 E992.16272
G1 X126.43 Y116.247 E992.16798
G0 F4800 X126.45 Y116.228
G1 F1500 E985.66798
;MESH:Switch Raiser Omron Tilted.stl(3)
G0 F4800 X125.407 Y116.878
G0 X118.843 Y118.106
G0 X118.841 Y120.737
G0 X118.843 Y121.328
;TYPE:WALL-INNER
G1 F1500 E992.16798
G1 X118.857 Y121.379 E992.17018
G1 X118.857 Y121.872 E992.19067
G1 X118.857 Y122.395 E992.21242
G1 X118.857 Y128.725 E992.47559
G1 X118.857 Y129.212 E992.49584
G1 X118.857 Y129.734 E992.51754
G1 X118.844 Y129.803 E992.52046
G1 X118.79 Y129.816 E992.52277
G1 X118.289 Y129.816 E992.54359
G1 X117.782 Y129.815 E992.56467
G1 X118.289 Y129.671 E992.56917
G1 X118.728 Y129.212 E992.59557
G1 X118.854 Y128.725 E992.59945
G1 X118.854 Y122.395 E992.60143
G1 X118.703 Y121.872 E992.60641
G1 X118.246 Y121.444 E992.63244
G1 X117.778 Y121.32 E992.65257
G1 X118.245 Y121.32 E992.65543
G1 X118.788 Y121.318 E992.67801
G1 X118.843 Y121.328 E992.68033
G0 F4800 X103.879 Y121.517
G1 F1500 X103.698 Y121.597 E992.68856
G1 X103.567 Y121.828 E992.6996
G1 X103.567 Y121.526 E992.70182
G1 X103.879 Y121.517 E992.70536
G0 F4800 X103.9 Y129.618
G1 F1500 X103.566 Y129.608 E992.71926
G1 X103.566 Y129.344 E992.73023
G1 X103.603 Y129.426
G1 X103.9 Y129.618 E992.73179
G0 F4800 X103.919 Y129.154
G1 F3000 X104.257 Y129.373 E992.74853
G1 X104.445 Y129.416 E992.75655
G1 X117.72 Y129.417 E993.30846
G1 X118.075 Y129.316 E993.3238
G1 X118.367 Y129.011 E993.34136
G1 X118.454 Y128.674 E993.35583
G1 X118.454 Y122.452 E993.61451
G1 X118.349 Y122.089 E993.63022
G1 X118.046 Y121.805 E993.64749
G1 X117.714 Y121.717 E993.66177
G1 X104.41 Y121.718 E994.21488
G1 X103.981 Y121.909 E994.23441
G1 X103.748 Y122.32 E994.25405
G1 X103.732 Y122.49 E994.26115
G1 X103.734 Y128.745 E994.5212
G1 X103.919 Y129.154 E994.53986
G0 F4800 X104.235 Y128.882
;TYPE:WALL-OUTER
G1 F3000 X104.415 Y128.999 E994.54879
G1 X104.49 Y129.016 E994.55199
G1 X117.664 Y129.017 E995.0997
G1 X117.861 Y128.961 E995.10821
G1 X118.006 Y128.81 E995.11691
G1 X118.054 Y128.623 E995.12494
G1 X118.054 Y122.509 E995.37913
G1 X117.995 Y122.306 E995.38792
G1 X117.846 Y122.166 E995.39642
G1 X117.662 Y122.117 E995.40434
G1 X104.495 Y122.118 E995.95176
G1 X104.264 Y122.221 E995.96227
G1 X104.138 Y122.443 E995.97289
G1 X104.132 Y122.508 E995.9756
G1 X104.134 Y128.659 E996.23133
G1 X104.235 Y128.882 E996.24151
G0 F4800 X104.403 Y128.991
G0 X104.162 Y129.361
G0 X103.25 Y129.908
;TYPE:WALL-INNER
G1 F3000 X103.187 Y129.801 E996.24667
G1 X103.166 Y129.661 E996.25255
G1 X103.168 Y125.533 E996.42418
G1 X103.167 Y121.446 E996.59409
G1 X103.201 Y121.301 E996.60029
G1 X103.377 Y121.144 E996.61009
G1 X103.443 Y121.13 E996.6129
G1 X104.013 Y121.112 E996.63661
G1 X105.933 Y121.067 E996.71645
G1 X107.96 Y121.023 E996.80075
G1 X110.205 Y120.985 E996.8941
G1 X112.503 Y120.956 E996.98964
G1 X114.827 Y120.934 E997.08627
G1 X117.437 Y120.921 E997.19478
G1 X118.824 Y120.918 E997.25245
G1 X118.993 Y120.948 E997.25958
G1 X119.112 Y121.019 E997.26534
G1 X119.209 Y121.145 E997.27195
G1 X119.257 Y121.328 E997.27982
G1 X119.257 Y129.769 E997.63075
G1 X119.222 Y129.958 E997.63875
G1 X119.142 Y130.087 E997.64506
G1 X119.03 Y130.17 E997.65085
G1 X118.834 Y130.216 E997.65922
G1 X117.438 Y130.215 E997.71726
G1 X114.285 Y130.195 E997.84835
G1 X111.846 Y130.171 E997.94976
G1 X110.206 Y130.149 E998.01795
G1 X107.959 Y130.111 E998.11138
G1 X105.415 Y130.057 E998.21717
G1 X104.013 Y130.022 E998.27548
G1 X103.472 Y130.006 E998.29798
G1 X103.25 Y129.908 E998.30807
G0 F4800 X103.14 Y130.33
;TYPE:WALL-OUTER
G1 F3000 X102.943 Y130.175 E998.31849
G1 X102.804 Y129.937 E998.32995
G1 X102.766 Y129.688 E998.34042
G1 X102.768 Y125.533 E998.51317
G1 X102.767 Y121.4 E998.685
G1 X102.831 Y121.13 E998.69653
G1 X102.991 Y120.908 E998.70791
G1 X103.229 Y120.767 E998.71941
G1 X103.392 Y120.731 E998.72635
G1 X104.001 Y120.712 E998.75168
G1 X105.924 Y120.667 E998.83165
G1 X107.951 Y120.623 E998.91595
G1 X110.198 Y120.585 E999.00938
G1 X112.498 Y120.556 E999.10501
G1 X114.823 Y120.534 E999.20168
G1 X117.435 Y120.521 E999.31027
G1 X118.86 Y120.518 E999.36952
G1 X119.134 Y120.567 E999.38109
G1 X119.383 Y120.715 E999.39313
G1 X119.572 Y120.961 E999.40603
G1 X119.652 Y121.236 E999.41794
G1 X119.657 Y121.328 E999.42177
G1 X119.657 Y129.808 E999.77432
G1 X119.603 Y130.104 E999.78683
G1 X119.442 Y130.363 E999.79951
G1 X119.208 Y130.535 E999.81159
G1 X118.929 Y130.613 E999.82363
G1 X118.849 Y130.616 E999.82696
G1 X117.435 Y130.615 E999.88575
G1 X114.281 Y130.595 E1000.01688
G1 X111.841 Y130.571 E1000.11832
G1 X110.199 Y130.549 E1000.1866
G1 X107.951 Y130.511 E1000.28007
G1 X105.405 Y130.457 E1000.38595
G1 X104.001 Y130.422 E1000.44434
G1 X103.412 Y130.405 E1000.46883
G1 X103.14 Y130.33 E1000.48056
G0 F4800 X102.983 Y130.206
G0 X103.255 Y129.861
G0 X103.478 Y129.017
;TYPE:SKIN
G1 F1800 X103.449 Y128.764 E1000.48447
G1 X103.449 Y122.54 E1000.58006
G1 X103.405 Y122.02 E1000.58807
G0 F4800 X104.246 Y121.461
G1 F1800 X104.584 Y121.406 E1000.59888
G1 X110.583 Y121.346 E1000.78826
G1 X116.833 Y121.319 E1000.98555
G1 X117.4 Y121.318 E1001.00345
G1 X117.529 Y121.472 E1001.00979
G0 F4800 X117.56 Y121.442
G0 X118.206 Y122.178
G0 X118.293 Y122.476
G0 X118.293 Y128.652
G0 X117.574 Y129.63
G0 X117.39 Y129.814
G1 F1800 X117.108 Y129.812 E1001.01892
G1 X111.194 Y129.787 E1001.21038
G1 X105.029 Y129.729 E1001.40998
G1 X104.204 Y129.705 E1001.4367
G0 F4800 X104.102 Y129.808
G0 X103.895 Y128.71
G0 X103.905 Y122.37
G0 X104.052 Y121.373
G1 F1800 X104.1 Y121.324 E1001.43812
G0 F4800 X103.893 Y122.498
G0 X103.895 Y128.71
G0 X104.047 Y129.044
G0 X104.384 Y129.214
G0 X117.488 Y129.998
G1 F1800 X117.591 Y129.896 E1001.44114
G1 F1500 E994.94114
;MESH:NONMESH
G0 F300 X117.591 Y129.896 Z4.75
G0 F4800 X104.321 Y129.222
G0 X104.047 Y129.044
G0 X103.925 Y128.774
G0 X103.035 Y121.222
G0 X102.305 Y120.373
G0 X102.245 Y119.353
G0 X102.245 Y118.269
G0 X94.653 Y117.054
G0 X93.793 Y116.7
;TIME_ELAPSED:943.125807
;LAYER:18
;TYPE:WALL-INNER
;MESH:Switch Raiser Omron Tilted.stl(1)
G1 F1500 E1001.44114
G1 X93.903 Y117.091 E1001.45802
G1 X94.344 Y117.532 E1001.48395
G1 X94.804 Y117.66 E1001.50381
G1 X94.344 Y117.66 E1001.50673
G1 X93.837 Y117.66 E1001.52781
G1 X93.784 Y117.595 E1001.5313
G1 X93.793 Y116.7 E1001.56851
G0 F4800 X94.924 Y117.111
G0 X101.101 Y117.111
G0 X102.233 Y116.698
G1 F1500 X102.242 Y117.584 E1001.60535
G1 X102.229 Y117.655 E1001.60835
G1 X102.194 Y117.662 E1001.60983
G1 X101.68 Y117.662 E1001.6312
G1 X101.214 Y117.662 E1001.65058
G1 X101.68 Y117.534 E1001.65425
G1 X102.128 Y117.087 E1001.68056
G1 X102.233 Y116.698 E1001.69732
G0 F4800 X101.472 Y117.176
G1 F3000 X101.77 Y116.879 E1001.71481
G1 X101.863 Y116.535 E1001.72962
G1 X101.862 Y103.218 E1002.28328
G1 X101.691 Y102.83 E1002.30091
G1 X101.36 Y102.597 E1002.31774
G1 X101.109 Y102.551 E1002.32835
G1 X94.837 Y102.553 E1002.58911
G1 X94.442 Y102.723 E1002.60698
G1 X94.209 Y103.057 E1002.62392
G1 X94.164 Y103.272 E1002.63305
G1 X94.163 Y116.537 E1003.18454
G1 X94.26 Y116.882 E1003.19944
G1 X94.553 Y117.175 E1003.21667
G1 X94.901 Y117.272 E1003.23169
G1 X101.123 Y117.272 E1003.49037
G1 X101.472 Y117.176 E1003.50542
G0 F4800 X101.264 Y116.818
;TYPE:WALL-OUTER
G1 F3000 X101.412 Y116.671 E1003.51409
G1 X101.463 Y116.482 E1003.52223
G1 X101.462 Y103.302 E1004.07019
G1 X101.37 Y103.093 E1004.07968
G1 X101.202 Y102.975 E1004.08822
G1 X101.072 Y102.951 E1004.09372
G1 X94.919 Y102.953 E1004.34953
G1 X94.705 Y103.045 E1004.35921
G1 X94.584 Y103.219 E1004.36802
G1 X94.564 Y103.314 E1004.37206
G1 X94.563 Y116.482 E1004.91952
G1 X94.617 Y116.673 E1004.92777
G1 X94.762 Y116.818 E1004.9363
G1 X94.956 Y116.872 E1004.94467
G1 X101.069 Y116.872 E1005.19882
G1 X101.264 Y116.818 E1005.20723
G0 F4800 X101.406 Y116.677
G0 X101.715 Y116.99
G0 X102.395 Y118.029
;TYPE:WALL-INNER
G1 F3000 X102.236 Y118.062 E1005.21398
G1 X93.784 Y118.06 E1005.56538
G1 X93.598 Y118.011 E1005.57337
G1 X93.42 Y117.819 E1005.58426
G1 X93.384 Y117.631 E1005.59222
G1 X93.405 Y115.537 E1005.67928
G1 X93.44 Y113.06 E1005.78227
G1 X93.47 Y111.281 E1005.85624
G1 X93.516 Y109.077 E1005.9479
G1 X93.57 Y106.93 E1006.03719
G1 X93.634 Y104.759 E1006.12748
G1 X93.718 Y102.399 E1006.22566
G1 X93.805 Y102.192 E1006.235
G1 X93.977 Y102.137 E1006.24251
G1 X102.03 Y102.137 E1006.57731
G1 X102.245 Y102.214 E1006.58681
G1 X102.305 Y102.335 E1006.59242
G1 X102.326 Y102.844 E1006.6136
G1 X102.406 Y105.219 E1006.7124
G1 X102.457 Y106.928 E1006.78348
G1 X102.511 Y109.074 E1006.87273
G1 X102.557 Y111.279 E1006.96442
G1 X102.595 Y113.539 E1007.0584
G1 X102.625 Y115.834 E1007.15382
G1 X102.642 Y117.621 E1007.22812
G1 X102.606 Y117.819 E1007.23649
G1 X102.533 Y117.933 E1007.24211
G1 X102.395 Y118.029 E1007.2491
G0 F4800 X102.56 Y118.401
;TYPE:WALL-OUTER
G1 F3000 X102.31 Y118.46 E1007.25978
G1 X102.249 Y118.462 E1007.26232
G1 X93.733 Y118.46 E1007.61637
G1 X93.415 Y118.377 E1007.63004
G1 X93.173 Y118.185 E1007.64288
G1 X93.04 Y117.964 E1007.6536
G1 X92.984 Y117.666 E1007.66621
G1 X93.005 Y115.531 E1007.75498
G1 X93.04 Y113.053 E1007.85801
G1 X93.07 Y111.273 E1007.93203
G1 X93.116 Y109.067 E1008.02376
G1 X93.17 Y106.918 E1008.11313
G1 X93.234 Y104.745 E1008.20352
G1 X93.319 Y102.344 E1008.3034
G1 X93.388 Y102.067 E1008.31527
G1 X93.559 Y101.862 E1008.32637
G1 X93.818 Y101.75 E1008.3381
G1 X93.965 Y101.737 E1008.34423
G1 X102.063 Y101.737 E1008.68091
G1 X102.318 Y101.781 E1008.69167
G1 X102.546 Y101.934 E1008.70308
G1 X102.674 Y102.156 E1008.71374
G1 X102.703 Y102.282 E1008.71911
G1 X102.726 Y102.831 E1008.74196
G1 X102.806 Y105.207 E1008.8408
G1 X102.857 Y106.918 E1008.91196
G1 X102.911 Y109.066 E1009.00129
G1 X102.957 Y111.272 E1009.09303
G1 X102.995 Y113.534 E1009.18709
G1 X103.025 Y115.83 E1009.28255
G1 X103.042 Y117.658 E1009.35855
G1 X102.986 Y117.966 E1009.37157
G1 X102.829 Y118.214 E1009.38377
G1 X102.56 Y118.401 E1009.39739
G0 F4800 X102.365 Y118.447
G0 X102.265 Y118.018
G0 X101.017 Y117.705
G0 X100.907 Y117.595
;TYPE:SKIN
G1 F1800 X100.695 Y117.665 E1009.4061
G1 X95.32 Y117.665 E1009.61567
G1 X95.112 Y117.74 E1009.62429
G0 F4800 X95.216 Y117.844
G0 X93.86 Y116.488
G0 X93.736 Y116.363
G1 F1800 X93.781 Y116.125 E1009.62995
G1 X93.831 Y109.953 E1009.77403
G1 X93.911 Y104.093 E1009.91084
G1 X93.952 Y103.003 E1009.9363
G1 X94.071 Y102.556 E1009.9471
G1 X94.48 Y102.399 E1009.95733
G0 F4800 X94.53 Y102.449
G0 X101.503 Y102.351
G1 F1800 X101.782 Y102.63 E1009.96553
G0 F4800 X101.998 Y102.846
G1 F1800 X102.101 Y103.232 E1009.97473
G1 X102.189 Y109.26 E1010.11351
G1 X102.242 Y115.536 E1010.25798
G1 X102.223 Y116.365 E1010.27707
G0 F4800 X102.077 Y116.219
G0 X102.104 Y102.669
G1 F1800 X101.785 Y102.351 E1010.28643
G1 F1500 E1003.78643
;MESH:Switch Raiser Omron Tilted.stl
G0 F4800 X102.467 Y102.236
G0 X105.196 Y102.201
G0 X105.78 Y100.729
;TYPE:WALL-INNER
G1 F1500 E1010.28643
G1 X105.772 Y99.805 E1010.32485
G1 X105.833 Y99.768 E1010.32782
G1 X106.334 Y99.768 E1010.34865
G1 X106.798 Y99.768 E1010.36794
G1 X106.334 Y99.895 E1010.37158
G1 X105.89 Y100.339 E1010.39768
G1 X105.78 Y100.729 E1010.41453
G0 F4800 X106.798 Y100.36
G0 X113.278 Y99.77
G1 F1500 X113.69 Y99.77 E1010.43166
G1 X114.176 Y99.77 E1010.45186
G1 X114.229 Y99.823 E1010.45498
G1 X114.22 Y100.731 E1010.49273
G1 X114.11 Y100.339 E1010.50966
G1 X113.69 Y99.919 E1010.53435
G1 X113.278 Y99.77 E1010.53841
G0 F4800 X113.689 Y100.915
G0 X113.653 Y114.307
G0 X113.572 Y114.708
G1 F3000 X113.804 Y114.373 E1010.55535
G1 X113.849 Y114.156 E1010.56457
G1 X113.85 Y100.893 E1011.11598
G1 X113.753 Y100.548 E1011.13088
G1 X113.47 Y100.265 E1011.14752
G1 X113.178 Y100.159 E1011.16043
G1 X106.89 Y100.158 E1011.42186
G1 X106.542 Y100.253 E1011.43686
G1 X106.247 Y100.548 E1011.4542
G1 X106.15 Y100.893 E1011.4691
G1 X106.151 Y114.21 E1012.02276
G1 X106.321 Y114.597 E1012.04033
G1 X106.657 Y114.833 E1012.0574
G1 X106.905 Y114.878 E1012.06788
G1 X113.177 Y114.876 E1012.32864
G1 X113.572 Y114.708 E1012.34648
G0 F4800 X113.309 Y114.385
;TYPE:WALL-OUTER
G1 F3000 X113.429 Y114.212 E1012.35524
G1 X113.449 Y114.115 E1012.35936
G1 X113.45 Y100.948 E1012.90678
G1 X113.396 Y100.757 E1012.91503
G1 X113.25 Y100.611 E1012.92361
G1 X113.107 Y100.559 E1012.92994
G1 X106.944 Y100.558 E1013.18617
G1 X106.75 Y100.611 E1013.19453
G1 X106.604 Y100.757 E1013.20311
G1 X106.55 Y100.948 E1013.21136
G1 X106.551 Y114.126 E1013.75924
G1 X106.642 Y114.334 E1013.76868
G1 X106.815 Y114.455 E1013.77746
G1 X106.941 Y114.478 E1013.78278
G1 X113.095 Y114.476 E1014.03864
G1 X113.309 Y114.385 E1014.0483
G0 F4800 X113.423 Y114.221
G0 X113.784 Y114.472
G0 X113.266 Y114.668
G0 X105.768 Y115.214
;TYPE:WALL-INNER
G1 F3000 X105.708 Y115.09 E1014.05403
G1 X105.687 Y114.581 E1014.07521
G1 X105.622 Y112.672 E1014.15462
G1 X105.556 Y110.498 E1014.24505
G1 X105.502 Y108.353 E1014.33426
G1 X105.456 Y106.148 E1014.42595
G1 X105.418 Y103.889 E1014.51988
G1 X105.388 Y101.594 E1014.61531
G1 X105.372 Y99.765 E1014.69135
G1 X105.405 Y99.617 E1014.69765
G1 X105.484 Y99.493 E1014.70377
G1 X105.62 Y99.399 E1014.71064
G1 X105.8 Y99.368 E1014.71823
G1 X114.228 Y99.37 E1015.06863
G1 X114.416 Y99.418 E1015.0767
G1 X114.583 Y99.585 E1015.08651
G1 X114.629 Y99.778 E1015.09476
G1 X114.612 Y101.595 E1015.17031
G1 X114.574 Y104.37 E1015.28569
G1 X114.544 Y106.149 E1015.35966
G1 X114.498 Y108.352 E1015.45127
G1 X114.444 Y110.5 E1015.54061
G1 X114.379 Y112.671 E1015.63091
G1 X114.296 Y115.034 E1015.72921
G1 X114.203 Y115.242 E1015.73868
G1 X114.039 Y115.293 E1015.74582
G1 X110.49 Y115.291 E1015.89337
G1 X105.954 Y115.292 E1016.08196
G1 X105.768 Y115.214 E1016.09034
G0 F4800 X105.657 Y115.632
;TYPE:WALL-OUTER
G1 F3000 X105.452 Y115.477 E1016.10103
G1 X105.326 Y115.229 E1016.11259
G1 X105.309 Y115.132 E1016.11669
G1 X105.287 Y114.597 E1016.13895
G1 X105.222 Y112.686 E1016.21844
G1 X105.156 Y110.51 E1016.30895
G1 X105.102 Y108.363 E1016.39824
G1 X105.056 Y106.156 E1016.49002
G1 X105.018 Y103.896 E1016.58399
G1 X104.988 Y101.599 E1016.6795
G1 X104.972 Y99.723 E1016.7575
G1 X105.029 Y99.461 E1016.76864
G1 X105.189 Y99.211 E1016.78098
G1 X105.451 Y99.03 E1016.79422
G1 X105.484 Y99.017 E1016.7957
G1 X105.765 Y98.968 E1016.80756
G1 X114.28 Y98.97 E1017.16157
G1 X114.589 Y99.049 E1017.17483
G1 X114.81 Y99.209 E1017.18617
G1 X114.952 Y99.416 E1017.19661
G1 X115.027 Y99.705 E1017.20902
G1 X115.029 Y99.764 E1017.21148
G1 X115.012 Y101.6 E1017.28781
G1 X114.974 Y104.377 E1017.40328
G1 X114.944 Y106.157 E1017.47729
G1 X114.898 Y108.362 E1017.56898
G1 X114.844 Y110.512 E1017.6584
G1 X114.779 Y112.685 E1017.74878
G1 X114.694 Y115.09 E1017.84883
G1 X114.624 Y115.367 E1017.86071
G1 X114.443 Y115.574 E1017.87214
G1 X114.2 Y115.678 E1017.88313
G1 X114.065 Y115.693 E1017.88878
G1 X110.49 Y115.691 E1018.03741
G1 X105.907 Y115.692 E1018.22795
G1 X105.657 Y115.632 E1018.23864
G0 F4800 X105.498 Y115.512
G0 X105.764 Y115.162
G0 X105.971 Y115.022
;TYPE:SKIN
G1 F1800 X106.106 Y114.874 E1018.24327
G1 X105.909 Y114.112 E1018.26146
G1 X105.821 Y108.084 E1018.40078
G1 X105.768 Y101.808 E1018.54583
G1 X105.833 Y101.025 E1018.56399
G0 F4800 X105.935 Y101.126
G0 X106.493 Y100.537
G0 X107.297 Y99.943
G0 X107.138 Y99.784
G1 F1800 X107.399 Y99.763 E1018.57401
G1 X112.774 Y99.763 E1018.77975
G1 X112.975 Y99.681 E1018.78806
G0 F4800 X113.072 Y99.779
G0 X114.064 Y101.053
G0 X114.231 Y101.22
G1 F1800 X114.313 Y101.019 E1018.79292
G1 X114.225 Y102.063 E1018.81637
G1 X114.173 Y108.233 E1018.95449
G1 X114.088 Y114.088 E1019.08557
G1 X113.963 Y114.812 E1019.10202
G1 X113.601 Y115.016 E1019.11132
G1 X113.361 Y115.058 E1019.11677
G0 F4800 X113.342 Y115.039
G0 X106.59 Y115.075
G1 F1800 X106.497 Y114.982 E1019.11951
G1 F1500 E1012.61951
;MESH:Switch Raiser Omron Tilted.stl(2)
G0 F4800 X114.425 Y115.261
G0 X117.227 Y115.67
G0 X117.8 Y116.537
;TYPE:WALL-INNER
G1 F1500 E1019.11951
G1 X117.91 Y116.928 E1019.1364
G1 X118.337 Y117.356 E1019.16153
G1 X118.758 Y117.498 E1019.18
G1 X118.337 Y117.498 E1019.18293
G1 X117.84 Y117.498 E1019.20359
G1 X117.791 Y117.447 E1019.20653
G1 X117.8 Y116.537 E1019.24437
G0 F4800 X118.772 Y116.906
G0 X125.218 Y117.499
G1 F1500 X125.683 Y117.376 E1019.26437
G1 X126.13 Y116.928 E1019.29068
G1 X126.239 Y116.541 E1019.30739
G1 X126.248 Y117.46 E1019.3456
G1 X126.194 Y117.499 E1019.34837
G1 X125.683 Y117.499 E1019.36962
G1 X125.218 Y117.499 E1019.37246
G0 F4800 X118.88 Y116.947
G0 X118.267 Y116.719
G1 F3000 X118.554 Y117.007 E1019.38936
G1 X118.853 Y117.108 E1019.40248
G1 X125.128 Y117.109 E1019.66336
G1 X125.476 Y117.017 E1019.67833
G1 X125.773 Y116.719 E1019.69582
G1 X125.87 Y116.376 E1019.71064
G1 X125.869 Y103.055 E1020.26446
G1 X125.696 Y102.665 E1020.2822
G1 X125.365 Y102.436 E1020.29894
G1 X125.116 Y102.389 E1020.30947
G1 X118.843 Y102.391 E1020.57027
G1 X118.449 Y102.56 E1020.5881
G1 X118.216 Y102.896 E1020.6051
G1 X118.171 Y103.11 E1020.61419
G1 X118.17 Y116.376 E1021.16572
G1 X118.267 Y116.719 E1021.18054
G0 F4800 X118.624 Y116.51
;TYPE:WALL-OUTER
G1 F3000 X118.771 Y116.658 E1021.18922
G1 X118.919 Y116.708 E1021.19571
G1 X125.076 Y116.709 E1021.45169
G1 X125.269 Y116.658 E1021.45999
G1 X125.416 Y116.51 E1021.46866
G1 X125.47 Y116.32 E1021.47687
G1 X125.469 Y103.14 E1022.02483
G1 X125.376 Y102.93 E1022.03438
G1 X125.207 Y102.813 E1022.04293
G1 X125.079 Y102.789 E1022.04834
G1 X118.925 Y102.791 E1022.3042
G1 X118.712 Y102.882 E1022.31383
G1 X118.591 Y103.057 E1022.32267
G1 X118.571 Y103.152 E1022.32671
G1 X118.57 Y116.32 E1022.87417
G1 X118.624 Y116.51 E1022.88238
G0 F4800 X118.765 Y116.652
G0 X118.452 Y116.961
G0 X117.602 Y117.849
;TYPE:WALL-INNER
G1 F3000 X117.436 Y117.681 E1022.8922
G1 X117.391 Y117.49 E1022.90036
G1 X117.408 Y115.673 E1022.9759
G1 X117.446 Y112.897 E1023.09133
G1 X117.476 Y111.118 E1023.1653
G1 X117.522 Y108.915 E1023.25691
G1 X117.576 Y106.767 E1023.34624
G1 X117.641 Y104.597 E1023.4365
G1 X117.725 Y102.227 E1023.5351
G1 X117.804 Y102.038 E1023.54361
G1 X117.979 Y101.974 E1023.55136
G1 X121.53 Y101.976 E1023.69899
G1 X126.064 Y101.975 E1023.88749
G1 X126.265 Y102.068 E1023.8967
G1 X126.311 Y102.169 E1023.90132
G1 X126.333 Y102.683 E1023.9227
G1 X126.398 Y104.594 E1024.0022
G1 X126.464 Y106.765 E1024.0925
G1 X126.518 Y108.912 E1024.18179
G1 X126.564 Y111.116 E1024.27344
G1 X126.602 Y113.376 E1024.36742
G1 X126.631 Y115.672 E1024.46288
G1 X126.648 Y117.503 E1024.53901
G1 X126.615 Y117.653 E1024.54539
G1 X126.443 Y117.849 E1024.55624
G1 X126.243 Y117.899 E1024.56481
G1 X117.789 Y117.898 E1024.91628
G1 X117.602 Y117.849 E1024.92432
G0 F4800 X117.425 Y118.216
;TYPE:WALL-OUTER
G1 F3000 X117.207 Y118.055 E1024.93559
G1 X117.065 Y117.845 E1024.94613
G1 X116.993 Y117.562 E1024.95827
G1 X116.991 Y117.504 E1024.96068
G1 X117.008 Y115.668 E1025.03702
G1 X117.046 Y112.89 E1025.15252
G1 X117.076 Y111.11 E1025.22654
G1 X117.122 Y108.905 E1025.31823
G1 X117.176 Y106.755 E1025.40764
G1 X117.241 Y104.583 E1025.49799
G1 X117.326 Y102.173 E1025.59824
G1 X117.383 Y101.929 E1025.60866
G1 X117.545 Y101.717 E1025.61975
G1 X117.825 Y101.588 E1025.63257
G1 X117.955 Y101.574 E1025.63801
G1 X121.53 Y101.576 E1025.78664
G1 X126.108 Y101.575 E1025.97697
G1 X126.36 Y101.634 E1025.98773
G1 X126.586 Y101.81 E1025.99964
G1 X126.694 Y102.04 E1026.0102
G1 X126.71 Y102.123 E1026.01372
G1 X126.733 Y102.669 E1026.03644
G1 X126.798 Y104.582 E1026.11602
G1 X126.864 Y106.755 E1026.2064
G1 X126.918 Y108.904 E1026.29577
G1 X126.964 Y111.109 E1026.38747
G1 X127.002 Y113.371 E1026.48152
G1 X127.031 Y115.668 E1026.57703
G1 X127.048 Y117.545 E1026.65507
G1 X126.991 Y117.807 E1026.66622
G1 X126.838 Y118.049 E1026.67812
G1 X126.635 Y118.207 E1026.68882
G1 X126.382 Y118.29 E1026.69989
G1 X126.258 Y118.299 E1026.70505
G1 X117.736 Y118.298 E1027.05936
G1 X117.425 Y118.216 E1027.07273
G0 F4800 X117.265 Y118.098
G0 X117.527 Y117.745
G0 X117.755 Y116.34
G0 X117.686 Y116.271
;TYPE:SKIN
G1 F1800 X117.787 Y116.09 E1027.07748
G1 X117.836 Y109.916 E1027.21905
G1 X117.915 Y104.056 E1027.35342
G1 X117.983 Y102.709 E1027.38435
G1 X118.151 Y102.311 E1027.39425
G1 X118.619 Y102.214 E1027.40521
G0 F4800 X118.645 Y102.24
G0 X125.382 Y102.189
G0 X125.401 Y102.208
G1 F1800 X125.89 Y102.414 E1027.4171
G1 X126.109 Y103.199 E1027.43536
G1 X126.197 Y109.226 E1027.57039
G1 X126.249 Y115.501 E1027.71096
G1 X126.16 Y116.261 E1027.7281
G0 F4800 X126.238 Y116.338
G0 X124.997 Y117.36
G0 X124.978 Y117.341
G1 F1800 X124.856 Y117.503 E1027.7357
G1 X119.2 Y117.503 E1027.94759
G1 X119.024 Y117.61 E1027.95531
G0 F4800 X118.952 Y117.538
G0 X125.107 Y116.948
G0 X125.393 Y116.871
G0 X125.628 Y116.634
G0 X126.103 Y102.344
G1 F1800 X125.948 Y102.189 E1027.95986
G1 F1500 E1021.45986
;MESH:Switch Raiser Omron Tilted.stl(3)
G0 F4800 X125.709 Y116.353
G0 X125.628 Y116.634
G0 X125.393 Y116.871
G0 X118.759 Y118.079
G0 X118.783 Y120.74
G0 X118.757 Y121.34
;TYPE:WALL-INNER
G1 F1500 E1027.95986
G1 X118.83 Y121.404 E1027.9639
G1 X118.83 Y121.9 E1027.98452
G1 X118.83 Y122.365 E1028.00385
G1 X118.7 Y121.9 E1028.00756
G1 X118.259 Y121.457 E1028.03355
G1 X117.87 Y121.348 E1028.05034
G1 X118.757 Y121.34 E1028.08722
G0 F4800 X118.828 Y128.836
G1 F1500 X118.828 Y129.254 E1028.1046
G1 X118.828 Y129.744 E1028.12497
G1 X118.808 Y129.787 E1028.12694
G1 X118.756 Y129.797 E1028.12914
G1 X117.865 Y129.788 E1028.16619
G1 X118.255 Y129.682 E1028.18299
G1 X118.68 Y129.254 E1028.20807
G1 X118.828 Y128.836 E1028.21213
G0 F4800 X117.682 Y129.256
G0 X104.295 Y129.219
G0 X103.89 Y129.14
G1 F3000 X104.229 Y129.37 E1028.22916
G1 X104.439 Y129.416 E1028.2381
G1 X117.703 Y129.417 E1028.78955
G1 X118.047 Y129.324 E1028.80437
G1 X118.333 Y129.036 E1028.82124
G1 X118.439 Y128.737 E1028.83443
G1 X118.44 Y122.457 E1029.09553
G1 X118.343 Y122.108 E1029.11058
G1 X118.05 Y121.814 E1029.12784
G1 X117.705 Y121.717 E1029.14274
G1 X104.385 Y121.718 E1029.69652
G1 X103.998 Y121.89 E1029.71413
G1 X103.764 Y122.222 E1029.73102
G1 X103.719 Y122.472 E1029.74158
G1 X103.721 Y128.744 E1030.00234
G1 X103.89 Y129.14 E1030.02024
G0 F4800 X104.212 Y128.875
;TYPE:WALL-OUTER
G1 F3000 X104.39 Y128.996 E1030.02919
G1 X104.482 Y129.016 E1030.0331
G1 X117.65 Y129.017 E1030.58056
G1 X117.839 Y128.966 E1030.5887
G1 X117.986 Y128.818 E1030.59737
G1 X118.039 Y128.668 E1030.60399
G1 X118.04 Y122.511 E1030.85997
G1 X117.986 Y122.316 E1030.86838
G1 X117.841 Y122.171 E1030.8769
G1 X117.65 Y122.117 E1030.88515
G1 X104.47 Y122.118 E1031.43312
G1 X104.261 Y122.211 E1031.44263
G1 X104.142 Y122.38 E1031.45122
G1 X104.119 Y122.508 E1031.45663
G1 X104.121 Y128.662 E1031.71248
G1 X104.212 Y128.875 E1031.72211
G0 F4800 X104.377 Y128.987
G0 X104.129 Y129.351
G0 X103.36 Y129.777
;TYPE:WALL-INNER
G1 F3000 X103.305 Y129.605 E1031.72962
G1 X103.305 Y121.554 E1032.06434
G1 X103.372 Y121.346 E1032.07342
G1 X103.507 Y121.276 E1032.07975
G1 X104.018 Y121.254 E1032.10101
G1 X105.926 Y121.189 E1032.18038
G1 X108.1 Y121.124 E1032.27081
G1 X110.245 Y121.07 E1032.36001
G1 X112.451 Y121.023 E1032.45175
G1 X114.709 Y120.985 E1032.54564
G1 X117.004 Y120.956 E1032.64106
G1 X118.832 Y120.939 E1032.71707
G1 X119.097 Y121.045 E1032.72893
G1 X119.196 Y121.189 E1032.7362
G1 X119.23 Y121.364 E1032.74361
G1 X119.228 Y129.796 E1033.09417
G1 X119.181 Y129.983 E1033.10219
G1 X118.998 Y130.158 E1033.11271
G1 X118.789 Y130.197 E1033.12155
G1 X117.003 Y130.179 E1033.19581
G1 X114.228 Y130.141 E1033.31119
G1 X112.449 Y130.111 E1033.38516
G1 X110.246 Y130.065 E1033.47677
G1 X108.098 Y130.011 E1033.56611
G1 X105.927 Y129.946 E1033.65641
G1 X103.564 Y129.863 E1033.75471
G1 X103.36 Y129.777 E1033.76391
G0 F4800 X103.231 Y130.191
;TYPE:WALL-OUTER
G1 F3000 X103.03 Y130.022 E1033.77483
G1 X102.918 Y129.764 E1033.78652
G1 X102.905 Y129.623 E1033.79241
G1 X102.905 Y121.518 E1034.12938
G1 X102.946 Y121.271 E1034.13979
G1 X103.081 Y121.056 E1034.15034
G1 X103.323 Y120.905 E1034.1622
G1 X103.462 Y120.877 E1034.1681
G1 X104.001 Y120.854 E1034.19053
G1 X105.912 Y120.789 E1034.27002
G1 X108.088 Y120.724 E1034.36053
G1 X110.235 Y120.67 E1034.44982
G1 X112.442 Y120.623 E1034.5416
G1 X114.702 Y120.585 E1034.63557
G1 X116.999 Y120.556 E1034.73108
G1 X118.875 Y120.539 E1034.80907
G1 X119.142 Y120.598 E1034.82044
G1 X119.382 Y120.752 E1034.8323
G1 X119.573 Y121.03 E1034.84632
G1 X119.63 Y121.324 E1034.85877
G1 X119.628 Y129.847 E1035.21312
G1 X119.55 Y130.156 E1035.22637
G1 X119.384 Y130.381 E1035.23799
G1 X119.175 Y130.522 E1035.24847
G1 X119.137 Y130.539 E1035.2502
G1 X118.821 Y130.597 E1035.26356
G1 X116.998 Y130.579 E1035.33936
G1 X114.221 Y130.541 E1035.45482
G1 X112.441 Y130.511 E1035.52884
G1 X110.236 Y130.465 E1035.62053
G1 X108.086 Y130.411 E1035.70994
G1 X105.913 Y130.346 E1035.80033
G1 X103.508 Y130.261 E1035.90038
G1 X103.231 Y130.191 E1035.91226
G0 F4800 X103.078 Y130.062
G0 X103.361 Y129.726
G0 X103.572 Y129.594
;TYPE:SKIN
G1 F1800 X103.719 Y129.458 E1035.91666
G1 X103.577 Y129.033 E1035.9265
G1 X104.134 Y129.589 E1035.94378
G1 X105.346 Y129.67 E1035.97047
G1 X111.368 Y129.753 E1036.10275
G1 X117.354 Y129.799 E1036.23424
G1 X117.568 Y129.731 E1036.23917
G0 F4800 X117.468 Y129.631
G0 X118.653 Y128.553
G0 X118.682 Y128.582
G1 F1800 X118.833 Y128.45 E1036.24672
G1 X118.834 Y122.794 E1036.45944
G1 X118.948 Y122.625 E1036.46711
G0 F4800 X119.014 Y122.691
G0 X117.54 Y121.5
G0 X117.374 Y121.334
G1 F1800 X117.578 Y121.255 E1036.47205
G1 X116.53 Y121.339 E1036.49578
G1 X110.082 Y121.395 E1036.64136
G1 X104.506 Y121.477 E1036.76726
G1 X103.774 Y121.593 E1036.78399
G1 X103.579 Y121.964 E1036.79345
G0 F4800 X103.52 Y121.905
G1 F1500 E1030.29345
;MESH:NONMESH
G0 F300 X103.52 Y121.905 Z5
G0 F4800 X103.155 Y121.35
G0 X102.328 Y120.611
G0 X102.283 Y119.326
G0 X102.242 Y118.243
G0 X95.656 Y117.225
G0 X93.851 Y116.872
;TIME_ELAPSED:977.408553
;LAYER:19
;TYPE:WALL-INNER
;MESH:Switch Raiser Omron Tilted.stl(1)
G1 F1500 E1036.79345
G1 X94.008 Y117.228 E1036.80963
G1 X94.502 Y117.594 E1036.83519
G1 X93.88 Y117.602 E1036.84804
G1 X93.841 Y117.57 E1036.85014
G1 X93.851 Y116.872 E1036.86758
G0 F4800 X94.936 Y117.097
G0 X101.108 Y117.097
G0 X102.176 Y116.9
G1 F1500 X102.185 Y117.594 E1036.89643
G1 X102.136 Y117.602 E1036.8985
G1 X101.382 Y117.602 E1036.92984
G1 X101.682 Y117.516 E1036.93131
G1 X102.13 Y117.073 E1036.9575
G1 X102.176 Y116.9 E1036.96494
G0 F4800 X101.473 Y117.16
G1 F3000 X101.771 Y116.865 E1036.98238
G1 X101.863 Y116.518 E1036.9973
G1 X101.863 Y105.436 E1037.45804
G1 X101.862 Y103.23 E1037.54975
G1 X101.697 Y102.821 E1037.56809
G1 X101.362 Y102.586 E1037.5851
G1 X101.113 Y102.537 E1037.59565
G1 X94.844 Y102.538 E1037.85629
G1 X94.443 Y102.709 E1037.87441
G1 X94.21 Y103.042 E1037.89131
G1 X94.163 Y103.291 E1037.90184
G1 X94.163 Y105.151 E1037.97917
G1 X94.163 Y105.78 E1038.00532
G1 X94.164 Y116.591 E1038.45479
G1 X94.331 Y116.97 E1038.47201
G1 X94.662 Y117.215 E1038.48913
G1 X94.922 Y117.258 E1038.50009
G1 X101.131 Y117.258 E1038.75823
G1 X101.473 Y117.16 E1038.77302
G0 F4800 X101.264 Y116.804
;TYPE:WALL-OUTER
G1 F3000 X101.412 Y116.657 E1038.78169
G1 X101.463 Y116.466 E1038.78991
G1 X101.462 Y103.308 E1039.33696
G1 X101.37 Y103.08 E1039.34718
G1 X101.202 Y102.962 E1039.35571
G1 X101.074 Y102.937 E1039.36114
G1 X94.926 Y102.938 E1039.61674
G1 X94.705 Y103.032 E1039.62672
G1 X94.587 Y103.201 E1039.63529
G1 X94.563 Y103.328 E1039.64067
G1 X94.564 Y116.507 E1040.18859
G1 X94.654 Y116.712 E1040.19789
G1 X94.822 Y116.836 E1040.20658
G1 X94.955 Y116.858 E1040.21218
G1 X101.075 Y116.858 E1040.46662
G1 X101.264 Y116.804 E1040.47479
G0 F4800 X101.406 Y116.663
G0 X101.715 Y116.976
G0 X102.35 Y117.973
;TYPE:WALL-INNER
G1 F3000 X102.168 Y118.002 E1040.48245
G1 X93.842 Y118.002 E1040.82861
G1 X93.652 Y117.964 E1040.83667
G1 X93.48 Y117.795 E1040.84669
G1 X93.44 Y117.61 E1040.85456
G1 X93.459 Y116.342 E1040.90728
G1 X93.516 Y113.578 E1041.02222
G1 X93.57 Y111.437 E1041.11126
G1 X93.631 Y109.358 E1041.19773
G1 X93.7 Y107.335 E1041.28189
G1 X93.765 Y105.78 E1041.34659
G1 X93.79 Y105.152 E1041.37187
G1 X93.871 Y103.357 E1041.43419
G1 X93.92 Y102.459 E1041.47158
G1 X93.975 Y102.36 E1041.47629
G1 X94.113 Y102.329 E1041.48217
G1 X94.844 Y102.329 E1041.50633
G1 X101.362 Y102.33 E1041.65041
G1 X101.948 Y102.331 E1041.67477
G1 X102.086 Y102.396 E1041.68112
G1 X102.109 Y102.474 E1041.6845
G1 X102.154 Y103.354 E1041.72113
G1 X102.25 Y105.435 E1041.79724
G1 X102.328 Y107.414 E1041.87958
G1 X102.395 Y109.356 E1041.96037
G1 X102.457 Y111.434 E1042.0468
G1 X102.511 Y113.575 E1042.13584
G1 X102.567 Y116.339 E1042.25078
G1 X102.587 Y117.625 E1042.30425
G1 X102.557 Y117.772 E1042.31049
G1 X102.478 Y117.891 E1042.31643
G1 X102.35 Y117.973 E1042.32275
G0 F4800 X102.496 Y118.355
;TYPE:WALL-OUTER
G1 F3000 X102.198 Y118.402 E1042.33529
G1 X93.804 Y118.402 E1042.68427
G1 X93.497 Y118.341 E1042.69728
G1 X93.271 Y118.192 E1042.70854
G1 X93.106 Y117.96 E1042.72037
G1 X93.039 Y117.649 E1042.7336
G1 X93.059 Y116.334 E1042.78828
G1 X93.116 Y113.568 E1042.9033
G1 X93.17 Y111.425 E1042.99242
G1 X93.231 Y109.344 E1043.07898
G1 X93.3 Y107.319 E1043.16322
G1 X93.39 Y105.134 E1043.25414
G1 X93.472 Y103.339 E1043.32884
G1 X93.524 Y102.374 E1043.36902
G1 X93.607 Y102.151 E1043.37891
G1 X93.788 Y101.991 E1043.38896
G1 X94.068 Y101.929 E1043.40088
G1 X102.001 Y101.931 E1043.73069
G1 X102.257 Y102.002 E1043.74174
G1 X102.44 Y102.184 E1043.75247
G1 X102.506 Y102.406 E1043.7621
G1 X102.554 Y103.336 E1043.80081
G1 X102.65 Y105.419 E1043.88751
G1 X102.728 Y107.4 E1043.96993
G1 X102.795 Y109.344 E1044.0508
G1 X102.857 Y111.424 E1044.13732
G1 X102.911 Y113.567 E1044.22644
G1 X102.967 Y116.333 E1044.34146
G1 X102.988 Y117.662 E1044.39672
G1 X102.934 Y117.927 E1044.40797
G1 X102.764 Y118.183 E1044.42074
G1 X102.496 Y118.355 E1044.43398
G0 F4800 X102.298 Y118.386
G0 X102.231 Y117.951
G0 X101.196 Y117.723
G0 X101.164 Y117.754
;TYPE:SKIN
G1 F1800 X101.006 Y117.63 E1044.44049
G1 X95.068 Y117.629 E1044.63296
G1 X94.679 Y117.451 E1044.64682
G0 F4800 X94.665 Y117.466
G0 X93.746 Y116.688
G0 X93.847 Y116.587
G1 F1800 X93.81 Y116.341 E1044.65143
G1 X93.886 Y110.043 E1044.768
G1 X93.929 Y107.454 E1044.81593
G0 F4800 X93.948 Y107.435
G0 X94.12 Y102.737
G1 F1800 X94.249 Y102.608 E1044.81972
G0 F4800 X101.837 Y102.657
G1 F1800 X101.899 Y102.595 E1044.82154
G0 F4800 X102.113 Y107.472
G0 X102.095 Y107.49
G1 F1800 X102.1 Y107.769 E1044.82659
G1 X102.185 Y113.623 E1044.93262
G1 X102.211 Y116.425 E1044.98336
G1 X102.285 Y116.634 E1044.98738
G0 F4800 X102.355 Y116.565
G1 F1500 E1038.48738
;MESH:Switch Raiser Omron Tilted.stl
G0 F4800 X101.662 Y103.269
G0 X100.609 Y103.79
G0 X104.224 Y103.217
G0 X105.289 Y103.196
G0 X105.838 Y100.541
;TYPE:WALL-INNER
G1 F1500 E1044.98738
G1 X105.827 Y99.853 E1045.01598
G1 X105.851 Y99.828 E1045.01743
G1 X106.631 Y99.828 E1045.04985
G1 X106.334 Y99.909 E1045.05137
G1 X105.89 Y100.353 E1045.06654
G1 X105.838 Y100.541 E1045.07465
G0 F4800 X106.912 Y100.333
G0 X113.294 Y100.373
G0 X114.163 Y100.56
G1 F1500 X114.008 Y100.202 E1045.09087
G1 X113.535 Y99.853 E1045.11531
G1 X113.427 Y99.828 E1045.11992
G1 X114.12 Y99.828 E1045.13608
G1 X114.174 Y99.845 E1045.13839
G1 X114.163 Y100.56 E1045.1567
G0 F4800 X113.651 Y114.324
G0 X113.569 Y114.725
G1 F3000 X113.803 Y114.388 E1045.17376
G1 X113.85 Y114.139 E1045.18429
G1 X113.85 Y112.278 E1045.26167
G1 X113.85 Y111.667 E1045.28707
G1 X113.849 Y100.841 E1045.73716
G1 X113.684 Y100.46 E1045.75442
G1 X113.364 Y100.224 E1045.77095
G1 X113.144 Y100.173 E1045.78034
G1 X106.89 Y100.172 E1046.04035
G1 X106.542 Y100.267 E1046.05535
G1 X106.247 Y100.562 E1046.0727
G1 X106.15 Y100.909 E1046.08768
G1 X106.15 Y111.991 E1046.54841
G1 X106.151 Y114.2 E1046.64025
G1 X106.315 Y114.607 E1046.6585
G1 X106.652 Y114.843 E1046.6756
G1 X106.9 Y114.892 E1046.68611
G1 X113.166 Y114.891 E1046.94662
G1 X113.569 Y114.725 E1046.96474
G0 F4800 X113.308 Y114.4
;TYPE:WALL-OUTER
G1 F3000 X113.426 Y114.23 E1046.97334
G1 X113.45 Y114.102 E1046.97876
G1 X113.449 Y100.924 E1047.52664
G1 X113.36 Y100.718 E1047.53597
G1 X113.193 Y100.595 E1047.54459
G1 X113.098 Y100.573 E1047.54864
G1 X106.944 Y100.572 E1047.8045
G1 X106.75 Y100.625 E1047.81286
G1 X106.604 Y100.771 E1047.82144
G1 X106.55 Y100.964 E1047.82977
G1 X106.551 Y114.122 E1048.37682
G1 X106.642 Y114.347 E1048.38691
G1 X106.813 Y114.467 E1048.3956
G1 X106.939 Y114.492 E1048.40094
G1 X113.087 Y114.491 E1048.65654
G1 X113.308 Y114.4 E1048.66648
G0 F4800 X113.422 Y114.235
G0 X113.785 Y114.488
G0 X114.033 Y115.073
;TYPE:WALL-INNER
G1 F3000 X113.927 Y115.101 E1048.67104
G1 X113.166 Y115.101 E1048.69618
G1 X106.652 Y115.1 E1048.84083
G1 X106.061 Y115.099 E1048.8654
G1 X105.944 Y115.055 E1048.8706
G1 X105.904 Y114.941 E1048.87562
G1 X105.859 Y114.074 E1048.91172
G1 X105.763 Y111.992 E1048.98797
G1 X105.685 Y110.014 E1049.07027
G1 X105.618 Y108.07 E1049.15114
G1 X105.556 Y105.994 E1049.23749
G1 X105.502 Y103.85 E1049.32665
G1 X105.446 Y101.089 E1049.44146
G1 X105.426 Y99.804 E1049.4949
G1 X105.472 Y99.624 E1049.50262
G1 X105.666 Y99.454 E1049.51334
G1 X105.82 Y99.428 E1049.51984
G1 X114.178 Y99.428 E1049.86732
G1 X114.432 Y99.506 E1049.87837
G1 X114.522 Y99.61 E1049.88409
G1 X114.575 Y99.786 E1049.89173
G1 X114.555 Y101.088 E1049.94587
G1 X114.498 Y103.851 E1050.06076
G1 X114.444 Y105.993 E1050.14984
G1 X114.382 Y108.072 E1050.23632
G1 X114.313 Y110.095 E1050.32047
G1 X114.248 Y111.667 E1050.38589
G1 X114.224 Y112.277 E1050.41047
G1 X114.143 Y114.073 E1050.47366
G1 X114.095 Y114.959 E1050.51055
G1 X114.033 Y115.073 E1050.51595
G0 F4800 X114.234 Y115.434
;TYPE:WALL-OUTER
G1 F3000 X113.986 Y115.499 E1050.52661
G1 X113.945 Y115.501 E1050.52831
G1 X106.012 Y115.499 E1050.85813
G1 X105.779 Y115.441 E1050.86811
G1 X105.601 Y115.288 E1050.87787
G1 X105.508 Y115.02 E1050.88966
G1 X105.459 Y114.092 E1050.9283
G1 X105.363 Y112.01 E1051.01495
G1 X105.285 Y110.03 E1051.09733
G1 X105.218 Y108.084 E1051.17829
G1 X105.156 Y106.006 E1051.26472
G1 X105.102 Y103.86 E1051.35397
G1 X105.046 Y101.097 E1051.46886
G1 X105.025 Y99.755 E1051.52466
G1 X105.103 Y99.449 E1051.53779
G1 X105.274 Y99.222 E1051.54961
G1 X105.525 Y99.073 E1051.56174
G1 X105.788 Y99.028 E1051.57284
G1 X114.21 Y99.028 E1051.92298
G1 X114.464 Y99.071 E1051.93369
G1 X114.686 Y99.188 E1051.94413
G1 X114.876 Y99.409 E1051.95624
G1 X114.969 Y99.685 E1051.96835
G1 X114.975 Y99.78 E1051.97231
G1 X114.955 Y101.096 E1052.02703
G1 X114.898 Y103.861 E1052.14201
G1 X114.844 Y106.005 E1052.23117
G1 X114.782 Y108.086 E1052.31773
G1 X114.713 Y110.111 E1052.40197
G1 X114.624 Y112.295 E1052.49284
G1 X114.542 Y114.091 E1052.56759
G1 X114.491 Y115.032 E1052.60677
G1 X114.419 Y115.259 E1052.61667
G1 X114.234 Y115.434 E1052.62726
G0 F4800 X114.041 Y115.484
G0 X113.931 Y115.058
G0 X114.064 Y110.23
G0 X114.078 Y110.215
;TYPE:SKIN
G1 F1800 X114.083 Y109.927 E1052.63235
G1 X114.173 Y103.898 E1052.73889
G1 X114.202 Y101.04 E1052.78939
G1 X114.133 Y100.826 E1052.79337
G0 F4800 X114.063 Y100.897
G0 X113.022 Y99.958
G0 X113.127 Y99.852
G1 F1800 X112.897 Y99.8 E1052.80133
G1 X107.24 Y99.8 E1052.99236
G1 X106.979 Y99.778 E1053.0012
G0 F4800 X107.115 Y99.642
G0 X105.955 Y100.802
G0 X105.807 Y100.949
G1 F1800 X105.8 Y101.24 E1053.00673
G1 X105.874 Y107.388 E1053.12358
G1 X105.916 Y109.892 E1053.17117
G0 F4800 X105.897 Y109.911
G0 X106.148 Y114.752
G1 F1800 X106.111 Y114.788 E1053.17225
G0 F4800 X105.656 Y100.818
G1 F1800 X105.744 Y100.73 E1053.17483
G1 F1500 E1046.67483
;MESH:Switch Raiser Omron Tilted.stl(2)
G0 F4800 X106.912 Y100.333
G0 X113.294 Y100.373
G0 X113.553 Y100.565
G0 X113.661 Y100.816
G0 X114.323 Y114.079
G0 X115.405 Y114.136
G0 X116.241 Y114.121
G0 X117.326 Y114.142
G0 X117.857 Y116.708
;TYPE:WALL-INNER
G1 F1500 E1053.17483
G1 X118.012 Y117.064 E1053.19098
G1 X118.486 Y117.414 E1053.21547
G1 X118.593 Y117.439 E1053.22004
G1 X117.886 Y117.439 E1053.23667
G1 X117.847 Y117.414 E1053.2386
G1 X117.857 Y116.708 E1053.25646
G0 F4800 X118.697 Y116.889
G0 X125.392 Y117.439
G1 F1500 X125.683 Y117.362 E1053.26897
G1 X126.13 Y116.915 E1053.29525
G1 X126.182 Y116.728 E1053.30332
G1 X126.193 Y117.428 E1053.33243
G1 X126.13 Y117.439 E1053.33509
G1 X125.392 Y117.439 E1053.35428
G0 F4800 X118.726 Y116.893
G0 X118.336 Y116.806
G1 F3000 X118.657 Y117.043 E1053.37087
G1 X118.876 Y117.094 E1053.38021
G1 X125.128 Y117.095 E1053.64014
G1 X125.476 Y117.003 E1053.65511
G1 X125.773 Y116.706 E1053.67257
G1 X125.87 Y116.359 E1053.68755
G1 X125.87 Y105.273 E1054.14845
G1 X125.869 Y103.068 E1054.24013
G1 X125.702 Y102.656 E1054.25861
G1 X125.366 Y102.424 E1054.27558
G1 X125.12 Y102.375 E1054.28601
G1 X118.852 Y102.376 E1054.54661
G1 X118.45 Y102.545 E1054.56474
G1 X118.217 Y102.881 E1054.58173
G1 X118.17 Y103.129 E1054.59223
G1 X118.17 Y104.989 E1054.66956
G1 X118.17 Y105.601 E1054.695
G1 X118.171 Y116.426 E1055.14505
G1 X118.336 Y116.806 E1055.16228
G0 F4800 X118.66 Y116.548
;TYPE:WALL-OUTER
G1 F3000 X118.828 Y116.672 E1055.17096
G1 X118.922 Y116.694 E1055.17497
G1 X125.076 Y116.695 E1055.43083
G1 X125.269 Y116.644 E1055.43913
G1 X125.416 Y116.497 E1055.44777
G1 X125.47 Y116.304 E1055.4561
G1 X125.469 Y103.146 E1056.00315
G1 X125.376 Y102.917 E1056.01342
G1 X125.207 Y102.8 E1056.02197
G1 X125.081 Y102.775 E1056.02731
G1 X118.933 Y102.776 E1056.28291
G1 X118.712 Y102.869 E1056.29288
G1 X118.594 Y103.039 E1056.30148
G1 X118.57 Y103.166 E1056.30686
G1 X118.571 Y116.343 E1056.85469
G1 X118.66 Y116.548 E1056.86399
G0 F4800 X118.821 Y116.667
G0 X118.559 Y117.021
G0 X117.658 Y117.801
;TYPE:WALL-INNER
G1 F3000 X117.546 Y117.722 E1056.86968
G1 X117.478 Y117.615 E1056.87495
G1 X117.446 Y117.452 E1056.88186
G1 X117.465 Y116.18 E1056.93475
G1 X117.522 Y113.416 E1057.04969
G1 X117.576 Y111.275 E1057.13873
G1 X117.638 Y109.196 E1057.2252
G1 X117.707 Y107.173 E1057.30936
G1 X117.772 Y105.601 E1057.37477
G1 X117.796 Y104.99 E1057.3994
G1 X117.877 Y103.195 E1057.4619
G1 X117.925 Y102.313 E1057.49862
G1 X117.991 Y102.194 E1057.50428
G1 X118.119 Y102.167 E1057.50972
G1 X118.852 Y102.167 E1057.53389
G1 X125.366 Y102.168 E1057.71548
G1 X125.95 Y102.169 E1057.73976
G1 X126.082 Y102.219 E1057.74562
G1 X126.115 Y102.312 E1057.74973
G1 X126.161 Y103.192 E1057.78636
G1 X126.257 Y105.272 E1057.85953
G1 X126.335 Y107.252 E1057.94191
G1 X126.402 Y109.194 E1058.0227
G1 X126.464 Y111.272 E1058.10913
G1 X126.518 Y113.413 E1058.19817
G1 X126.574 Y116.177 E1058.31311
G1 X126.594 Y117.475 E1058.36708
G1 X126.567 Y117.604 E1058.37256
G1 X126.481 Y117.734 E1058.37904
G1 X126.383 Y117.8 E1058.38395
G1 X126.168 Y117.839 E1058.39304
G1 X117.848 Y117.839 E1058.73894
G1 X117.658 Y117.801 E1058.747
G0 F4800 X117.497 Y118.177
;TYPE:WALL-OUTER
G1 F3000 X117.25 Y118.002 E1058.75959
G1 X117.101 Y117.767 E1058.77115
G1 X117.045 Y117.487 E1058.78303
G1 X117.065 Y116.172 E1058.8377
G1 X117.122 Y113.406 E1058.95272
G1 X117.176 Y111.263 E1059.04185
G1 X117.238 Y109.182 E1059.1284
G1 X117.307 Y107.157 E1059.21264
G1 X117.396 Y104.972 E1059.30356
G1 X117.478 Y103.177 E1059.37827
G1 X117.529 Y102.23 E1059.41769
G1 X117.618 Y101.985 E1059.42853
G1 X117.812 Y101.822 E1059.43907
G1 X118.075 Y101.767 E1059.45024
G1 X125.998 Y101.769 E1059.77964
G1 X126.244 Y101.832 E1059.79019
G1 X126.423 Y101.983 E1059.79993
G1 X126.511 Y102.234 E1059.81099
G1 X126.561 Y103.174 E1059.85012
G1 X126.657 Y105.256 E1059.93678
G1 X126.735 Y107.238 E1060.01924
G1 X126.802 Y109.182 E1060.10011
G1 X126.864 Y111.262 E1060.18663
G1 X126.918 Y113.405 E1060.27575
G1 X126.974 Y116.171 E1060.39077
G1 X126.995 Y117.513 E1060.44657
G1 X126.942 Y117.762 E1060.45716
G1 X126.771 Y118.021 E1060.47006
G1 X126.536 Y118.179 E1060.48183
G1 X126.207 Y118.239 E1060.49574
G1 X117.81 Y118.239 E1060.84484
G1 X117.497 Y118.177 E1060.85811
G0 F4800 X117.334 Y118.062
G0 X117.589 Y117.703
G0 X117.674 Y116.519
G0 X117.814 Y116.379
;TYPE:SKIN
G1 F1800 X117.816 Y116.094 E1060.86344
G1 X117.889 Y110.081 E1060.976
G1 X117.936 Y107.205 E1061.02983
G0 F4800 X117.953 Y107.188
G0 X118.13 Y102.486
G1 F1800 X118.235 Y102.381 E1061.03292
G0 F4800 X125.794 Y102.459
G1 F1800 X125.87 Y102.383 E1061.03516
G0 F4800 X126.117 Y107.227
G0 X126.1 Y107.244
G1 F1800 X126.105 Y107.522 E1061.04015
G1 X126.194 Y113.656 E1061.15042
G1 X126.219 Y116.176 E1061.19572
G1 X126.257 Y116.421 E1061.20018
G0 F4800 X126.359 Y116.319
G0 X125.086 Y117.309
G0 X124.928 Y117.466
G1 F1800 X124.645 Y117.466 E1061.20991
G1 X118.989 Y117.466 E1061.40435
G1 X118.832 Y117.34 E1061.41127
G0 F4800 X118.801 Y117.372
G0 X125.054 Y117.624
G1 F1800 X125.194 Y117.484 E1061.41538
G1 F1500 E1054.91538
;MESH:Switch Raiser Omron Tilted.stl(3)
G0 F4800 X118.762 Y118.019
G0 X118.818 Y120.811
G0 X118.762 Y121.394
;TYPE:WALL-INNER
G1 F1500 E1061.41538
G1 X118.77 Y121.442 E1061.41741
G1 X118.77 Y122.201 E1061.44896
G1 X118.686 Y121.9 E1061.45042
G1 X118.245 Y121.457 E1061.4764
G1 X118.059 Y121.405 E1061.48443
G1 X118.762 Y121.394 E1061.51367
G0 F4800 X118.77 Y128.997
G1 F1500 X118.77 Y129.701 E1061.54293
G1 X118.735 Y129.74 E1061.54511
G1 X118.039 Y129.73 E1061.57405
G1 X118.39 Y129.577 E1061.57825
G1 X118.744 Y129.112 E1061.58998
G1 X118.77 Y128.997 E1061.59488
G0 F4800 X117.725 Y129.255
G0 X104.278 Y129.219
G0 X103.874 Y129.137
G1 F3000 X104.214 Y129.372 E1061.61206
G1 X104.46 Y129.417 E1061.62246
G1 X106.32 Y129.417 E1061.69979
G1 X106.931 Y129.417 E1061.72519
G1 X117.758 Y129.416 E1062.17533
G1 X118.135 Y129.252 E1062.19242
G1 X118.373 Y128.939 E1062.20877
G1 X118.425 Y128.71 E1062.21853
G1 X118.426 Y122.457 E1062.4785
G1 X118.329 Y122.108 E1062.49356
G1 X118.036 Y121.814 E1062.51082
G1 X117.689 Y121.717 E1062.5258
G1 X106.607 Y121.717 E1062.98653
G1 X104.398 Y121.718 E1063.07837
G1 X103.987 Y121.886 E1063.09683
G1 X103.756 Y122.219 E1063.11368
G1 X103.705 Y122.464 E1063.12408
G1 X103.706 Y128.728 E1063.38451
G1 X103.874 Y129.137 E1063.40289
G0 F4800 X104.199 Y128.875
;TYPE:WALL-OUTER
G1 F3000 X104.371 Y128.994 E1063.41159
G1 X104.496 Y129.017 E1063.41687
G1 X117.675 Y129.016 E1063.96479
G1 X117.88 Y128.927 E1063.97408
G1 X118.002 Y128.766 E1063.98248
G1 X118.025 Y128.665 E1063.98679
G1 X118.026 Y122.511 E1064.24264
G1 X117.972 Y122.316 E1064.25106
G1 X117.827 Y122.171 E1064.25958
G1 X117.634 Y122.117 E1064.26791
G1 X104.476 Y122.118 E1064.81496
G1 X104.248 Y122.211 E1064.8252
G1 X104.131 Y122.38 E1064.83374
G1 X104.105 Y122.505 E1064.83905
G1 X104.106 Y128.649 E1065.09449
G1 X104.199 Y128.875 E1065.10465
G0 F4800 X104.363 Y128.988
G0 X104.112 Y129.35
G0 X118.963 Y130.1
;TYPE:WALL-INNER
G1 F3000 X118.778 Y130.141 E1065.11253
G1 X117.51 Y130.122 E1065.16525
G1 X114.746 Y130.065 E1065.28019
G1 X112.605 Y130.011 E1065.36923
G1 X110.526 Y129.949 E1065.4557
G1 X108.503 Y129.88 E1065.53986
G1 X106.931 Y129.815 E1065.60527
G1 X106.321 Y129.791 E1065.62985
G1 X104.525 Y129.71 E1065.69305
G1 X103.642 Y129.663 E1065.72981
G1 X103.529 Y129.608 E1065.73503
G1 X103.497 Y129.491 E1065.74008
G1 X103.497 Y128.728 E1065.76527
G1 X103.498 Y122.219 E1065.94637
G1 X103.499 Y121.632 E1065.97078
G1 X103.56 Y121.497 E1065.97694
G1 X103.638 Y121.472 E1065.98034
G1 X104.523 Y121.427 E1066.01718
G1 X106.606 Y121.331 E1066.09023
G1 X108.584 Y121.252 E1066.17253
G1 X110.527 Y121.185 E1066.25336
G1 X112.604 Y121.124 E1066.33975
G1 X114.747 Y121.07 E1066.42887
G1 X116.253 Y121.039 E1066.4915
G1 X116.831 Y121.025 E1066.51554
G1 X118.8 Y120.993 E1066.59741
G1 X118.936 Y121.021 E1066.60318
G1 X119.061 Y121.103 E1066.6094
G1 X119.14 Y121.228 E1066.61555
G1 X119.17 Y121.41 E1066.62321
G1 X119.17 Y129.739 E1066.96949
G1 X119.132 Y129.93 E1066.97759
G1 X118.963 Y130.1 E1066.98756
G0 F4800 X119.128 Y130.474
;TYPE:WALL-OUTER
G1 F3000 X118.82 Y130.542 E1067.00067
G1 X117.502 Y130.522 E1067.05547
G1 X114.736 Y130.465 E1067.17049
G1 X112.593 Y130.411 E1067.25962
G1 X110.512 Y130.349 E1067.34617
G1 X108.487 Y130.28 E1067.43041
G1 X106.303 Y130.191 E1067.52129
G1 X104.507 Y130.109 E1067.59604
G1 X103.566 Y130.059 E1067.63521
G1 X103.337 Y129.985 E1067.64522
G1 X103.17 Y129.812 E1067.65521
G1 X103.099 Y129.553 E1067.66638
G1 X103.097 Y129.52 E1067.66775
G1 X103.099 Y121.577 E1067.99799
G1 X103.17 Y121.324 E1068.00891
G1 X103.344 Y121.145 E1068.01929
G1 X103.563 Y121.076 E1068.02884
G1 X104.505 Y121.027 E1068.06805
G1 X106.588 Y120.931 E1068.15475
G1 X108.568 Y120.852 E1068.23713
G1 X110.513 Y120.785 E1068.31804
G1 X112.592 Y120.724 E1068.40451
G1 X114.737 Y120.67 E1068.49372
G1 X116.244 Y120.639 E1068.55639
G1 X116.821 Y120.625 E1068.58038
G1 X118.838 Y120.592 E1068.66425
G1 X119.091 Y120.644 E1068.67499
G1 X119.352 Y120.817 E1068.68801
G1 X119.522 Y121.083 E1068.70113
G1 X119.57 Y121.376 E1068.71348
G1 X119.57 Y129.777 E1069.06275
G1 X119.509 Y130.085 E1069.0758
G1 X119.363 Y130.308 E1069.08689
G1 X119.128 Y130.474 E1069.09885
G0 F4800 X118.933 Y130.517
G0 X118.84 Y130.087
G0 X117.821 Y129.665
G0 X117.7 Y129.786
;TYPE:SKIN
G1 F1800 X117.437 Y129.766 E1069.10377
G1 X111.289 Y129.692 E1069.21854
G1 X108.506 Y129.646 E1069.27049
G0 F4800 X108.489 Y129.663
G0 X103.917 Y129.427
G1 F1800 X103.885 Y129.459 E1069.27143
G0 F4800 X103.75 Y129.312
G1 F1800 X103.712 Y129.35 E1069.27255
G0 F4800 X103.714 Y121.711
G1 F1800 X103.744 Y121.681 E1069.27343
G0 F4800 X108.448 Y121.502
G0 X108.464 Y121.486
G1 F1800 X108.752 Y121.48 E1069.27856
G1 X115.067 Y121.388 E1069.39105
G1 X117.638 Y121.363 E1069.43685
G1 X117.81 Y121.473 E1069.44048
G0 F4800 X117.768 Y121.516
G0 X118.641 Y122.623
G0 X118.759 Y122.504
G1 F1800 X118.798 Y122.749 E1069.44882
G1 X118.797 Y128.406 E1069.63895
G1 X118.827 Y128.659 E1069.64751
G0 F4800 X118.955 Y128.532
G1 F1500 E1063.14751
;MESH:NONMESH
G0 F300 X118.955 Y128.532 Z5.25
G0 F4800 X118.265 Y122.479
G0 X118.185 Y122.192
G0 X117.951 Y121.959
G0 X103.367 Y121.434
G0 X102.814 Y120.457
G0 X102.213 Y119.266
G0 X102.179 Y118.183
G0 X93.94 Y117.122
;TIME_ELAPSED:1011.862649
;LAYER:20
;TYPE:WALL-INNER
;MESH:Switch Raiser Omron Tilted.stl(1)
G1 F1500 E1069.64751
G1 X94.367 Y117.504 E1069.67133
G1 X93.931 Y117.504 E1069.67698
G1 X93.94 Y117.122 E1069.69286
G0 F4800 X102.086 Y117.083
G1 F1500 X102.095 Y117.504 E1069.71037
G1 X101.657 Y117.504 E1069.72858
G1 X101.724 Y117.484
G1 X102.086 Y117.083 E1069.74109
G0 F4800 X101.779 Y116.826
G1 F3000 X101.862 Y116.543 E1069.75335
G1 X101.862 Y109.978 E1070.02629
G1 X101.862 Y108.114 E1070.10379
G1 X101.862 Y106.394 E1070.1753
G1 X101.862 Y104.782 E1070.24232
G1 X101.863 Y103.217 E1070.30738
G1 X101.697 Y102.806 E1070.32581
G1 X101.408 Y102.603 E1070.34049
G1 X101.786 Y102.603 E1070.34573
G1 X101.831 Y102.618
G1 X101.861 Y103.018 E1070.35675
G1 X101.983 Y104.782 E1070.38878
G1 X102.079 Y106.394 E1070.41725
G1 X102.167 Y108.114 E1070.46411
G1 X102.252 Y109.978 E1070.53168
G1 X102.326 Y111.847 E1070.60944
G1 X102.395 Y113.846 E1070.6926
G1 X102.463 Y116.159 E1070.78881
G1 X102.498 Y117.566 E1070.84732
G1 X102.415 Y117.8 E1070.85764
G1 X102.322 Y117.869 E1070.86246
G1 X102.168 Y117.904 E1070.86902
G1 X93.851 Y117.904 E1071.2148
G1 X93.695 Y117.864 E1071.2215
G1 X93.561 Y117.727 E1071.22947
G1 X93.529 Y117.588 E1071.2354
G1 X93.563 Y116.162 E1071.2947
G1 X93.631 Y113.85 E1071.39086
G1 X93.7 Y111.85 E1071.47406
G1 X93.778 Y109.912 E1071.5547
G1 X93.875 Y107.802 E1071.64252
G1 X93.948 Y106.399 E1071.70093
G1 X94.046 Y104.751 E1071.76956
G1 X94.164 Y103.022 E1071.84161
G1 X94.193 Y102.65 E1071.85713
G1 X94.247 Y102.602 E1071.86013
G1 X94.662 Y102.602 E1071.87738
G1 X94.43 Y102.703
G1 X94.209 Y103.032 E1071.88366
G1 X94.163 Y103.249 E1071.89288
G1 X94.163 Y104.751 E1071.91709
G1 X94.163 Y106.399 E1071.94559
G1 X94.163 Y107.802 E1071.98235
G1 X94.163 Y109.911 E1072.05635
G1 X94.164 Y116.547 E1072.33225
G1 X94.282 Y116.891 E1072.34736
G1 X94.574 Y117.153 E1072.36368
G1 X94.845 Y117.243 E1072.37555
G1 X101.13 Y117.244 E1072.63685
G1 X101.502 Y117.133 E1072.65299
G1 X101.779 Y116.826 E1072.67018
G0 F4800 X101.28 Y116.782
;TYPE:WALL-OUTER
G1 F3000 X101.421 Y116.626 E1072.67892
G1 X101.462 Y116.486 E1072.68499
G1 X101.463 Y103.295 E1073.2334
G1 X101.37 Y103.065 E1073.24372
G1 X101.202 Y102.947 E1073.25225
G1 X101.081 Y102.924 E1073.25737
G1 X94.922 Y102.925 E1073.51344
G1 X94.697 Y103.023 E1073.52364
G1 X94.584 Y103.191 E1073.53206
G1 X94.563 Y103.291 E1073.5363
G1 X94.564 Y116.48 E1074.08464
G1 X94.627 Y116.663 E1074.09269
G1 X94.779 Y116.8 E1074.10119
G1 X94.909 Y116.843 E1074.10689
G1 X101.072 Y116.844 E1074.36311
G1 X101.28 Y116.782 E1074.37214
G0 F4800 X101.414 Y116.634
G0 X101.739 Y116.929
G1 F1500 E1067.87214
G0 F4800 X102.407 Y118.058
G1 F1500 E1074.37214
G0 F4800 X102.492 Y118.24
G1 F3000 X102.213 Y118.304 E1074.38404
G1 X93.799 Y118.304 E1074.73385
G1 X93.517 Y118.232 E1074.74595
G1 X93.314 Y118.077 E1074.75657
G1 X93.187 Y117.886 E1074.76611
G1 X93.128 Y117.629 E1074.77707
G1 X93.163 Y116.15 E1074.83858
G1 X93.231 Y113.836 E1074.93482
G1 X93.3 Y111.834 E1075.01811
G1 X93.378 Y109.893 E1075.09887
G1 X93.476 Y107.783 E1075.18669
G1 X93.549 Y106.375 E1075.2453
G1 X93.647 Y104.724 E1075.31406
G1 X93.765 Y102.991 E1075.38628
G1 X93.798 Y102.572 E1075.40375
G1 X93.865 Y102.359 E1075.41304
G1 X94.045 Y102.227 E1075.42232
G1 X94.216 Y102.202 E1075.4295
G1 X101.85 Y102.203 E1075.74689
G1 X102.082 Y102.279 E1075.75704
G1 X102.207 Y102.454 E1075.76598
G1 X102.228 Y102.556 E1075.77031
G1 X102.26 Y102.99 E1075.7884
G1 X102.382 Y104.758 E1075.86208
G1 X102.478 Y106.373 E1075.92934
G1 X102.567 Y108.096 E1076.00107
G1 X102.652 Y109.962 E1076.07873
G1 X102.726 Y111.833 E1076.15658
G1 X102.795 Y113.834 E1076.23982
G1 X102.863 Y116.149 E1076.33611
G1 X102.899 Y117.597 E1076.39633
G1 X102.85 Y117.859 E1076.40741
G1 X102.712 Y118.078 E1076.41817
G1 X102.492 Y118.24 E1076.42953
G0 F4800 X102.297 Y118.284
G0 X102.2 Y117.855
G0 X101.381 Y117.503
;TYPE:SKIN
G1 F1800 X101.168 Y117.573 E1076.43515
G1 X94.945 Y117.573 E1076.59105
G1 X94.681 Y117.591 E1076.59767
G0 F4800 X93.87 Y116.781
G1 F1800 X93.86 Y116.487 E1076.60151
G1 X93.934 Y111.753 E1076.66331
G0 F4800 X93.919 Y111.738
G0 X94.425 Y116.503
G0 X94.508 Y116.742
G0 X94.708 Y116.922
G0 X101.092 Y116.983
G0 X101.356 Y116.903
G0 X101.545 Y116.695
G0 X102.076 Y111.693
G0 X102.091 Y111.707
G1 F1800 X102.096 Y111.996 E1076.66692
G1 X102.168 Y116.593 E1076.72433
G1 X102.116 Y116.824 E1076.72728
G0 F4800 X102.028 Y116.736
G0 X101.602 Y103.269
G0 X101.495 Y103.006
G0 X101.011 Y102.708
G0 X100.865 Y102.562
G1 F1800 X101.099 Y102.513 E1076.73445
G1 X99.451 Y102.562 E1076.78384
G1 X95.208 Y102.562 E1076.91096
G1 X94.955 Y102.592 E1076.91859
G0 F4800 X94.734 Y102.461
G1 F1500 E1070.41859
;MESH:Switch Raiser Omron Tilted.stl
G0 F4800 X101.831 Y102.322
G0 X102.727 Y101.692
G0 X104.313 Y102.25
G0 X105.278 Y102.221
G0 X105.927 Y100.345
;TYPE:WALL-INNER
G1 F1500 E1076.91859
G1 X105.917 Y99.927 E1076.93598
G1 X106.362 Y99.926 E1076.95448
G1 X106.287 Y99.951
G1 X105.927 Y100.345 E1076.95882
G0 F4800 X113.648 Y99.926
G1 F1500 X114.08 Y99.926 E1076.97678
G1 X114.082 Y99.932 E1076.97704
G1 X114.073 Y100.312 E1076.99285
G1 X113.648 Y99.926 E1077.00431
G0 F4800 X113.441 Y100.278
G1 F3000 X113.171 Y100.187 E1077.01616
G1 X107.614 Y100.185 E1077.24719
G1 X106.855 Y100.187 E1077.27875
G1 X106.511 Y100.299 E1077.29379
G1 X106.239 Y100.597 E1077.31056
G1 X106.151 Y100.884 E1077.32304
G1 X106.151 Y107.448 E1077.59594
G1 X106.151 Y109.314 E1077.67352
G1 X106.151 Y111.03 E1077.74486
G1 X106.151 Y112.585 E1077.80951
G1 X106.151 Y113.774 E1077.85895
G1 X106.15 Y114.211 E1077.87712
G1 X106.313 Y114.62 E1077.89542
G1 X106.604 Y114.826 E1077.91024
G1 X106.218 Y114.826 E1077.9157
G1 X106.18 Y114.785
G1 X106.139 Y114.212 E1077.92279
G1 X106.107 Y113.774 E1077.9241
G1 X106.027 Y112.585 E1077.93458
G1 X105.935 Y111.03 E1077.96221
G1 X105.846 Y109.314 E1078.00888
G1 X105.761 Y107.448 E1078.07652
G1 X105.687 Y105.58 E1078.15424
G1 X105.618 Y103.58 E1078.23744
G1 X105.55 Y101.269 E1078.33356
G1 X105.515 Y99.859 E1078.3922
G1 X105.553 Y99.699 E1078.39904
G1 X105.72 Y99.546 E1078.40845
G1 X105.812 Y99.527 E1078.41236
G1 X107.843 Y99.525 E1078.4968
G1 X114.162 Y99.526 E1078.75951
G1 X114.395 Y99.621 E1078.76997
G1 X114.484 Y99.866 E1078.78081
G1 X114.451 Y101.268 E1078.83912
G1 X114.382 Y103.58 E1078.93528
G1 X114.313 Y105.58 E1079.01848
G1 X114.236 Y107.517 E1079.09907
G1 X114.139 Y109.627 E1079.18689
G1 X114.065 Y111.031 E1079.24534
G1 X113.968 Y112.679 E1079.31398
G1 X113.849 Y114.407 E1079.38599
G1 X113.82 Y114.78 E1079.40154
G1 X113.766 Y114.828 E1079.40455
G1 X113.357 Y114.828 E1079.42155
G1 X113.565 Y114.743
G1 X113.804 Y114.401 E1079.42848
G1 X113.85 Y114.177 E1079.43487
G1 X113.85 Y112.679 E1079.45931
G1 X113.85 Y111.031 E1079.48789
G1 X113.85 Y109.627 E1079.52476
G1 X113.85 Y107.518 E1079.59897
G1 X113.849 Y100.883 E1079.87483
G1 X113.732 Y100.542 E1079.88981
G1 X113.441 Y100.278 E1079.90615
G1 F1500 E1073.40615
G0 F4800 X113.588 Y100.927
G0 X113.559 Y114.295
G0 X113.467 Y114.532
G1 F1500 E1079.90615
G0 F4800 X113.305 Y114.417
;TYPE:WALL-OUTER
G1 F3000 X113.429 Y114.24 E1079.91513
G1 X113.45 Y114.137 E1079.9195
G1 X113.449 Y100.95 E1080.46776
G1 X113.387 Y100.769 E1080.47571
G1 X113.234 Y100.63 E1080.4843
G1 X113.106 Y100.587 E1080.48992
G1 X107.615 Y100.585 E1080.71821
G1 X106.919 Y100.587 E1080.74714
G1 X106.735 Y100.647 E1080.75519
G1 X106.595 Y100.8 E1080.76381
G1 X106.551 Y100.944 E1080.77007
G1 X106.55 Y114.134 E1081.31845
G1 X106.641 Y114.362 E1081.32866
G1 X106.81 Y114.482 E1081.33727
G1 X106.932 Y114.505 E1081.34243
G1 X113.092 Y114.504 E1081.59854
G1 X113.305 Y114.417 E1081.6081
G0 F4800 X113.419 Y114.254
G0 X113.779 Y114.507
G1 F1500 E1075.1081
G0 F4800 X113.245 Y114.616
G0 X106.057 Y114.988
G1 F1500 E1081.6081
G0 F4800 X105.924 Y115.146
G1 F3000 X105.79 Y114.907 E1081.61949
G1 X105.784 Y114.849 E1081.62192
G1 X105.708 Y113.803 E1081.66552
G1 X105.628 Y112.612 E1081.71515
G1 X105.536 Y111.054 E1081.78004
G1 X105.446 Y109.332 E1081.85173
G1 X105.361 Y107.466 E1081.92939
G1 X105.287 Y105.596 E1082.00719
G1 X105.218 Y103.594 E1082.09047
G1 X105.15 Y101.281 E1082.18668
G1 X105.114 Y99.82 E1082.24744
G1 X105.183 Y99.525 E1082.26003
G1 X105.352 Y99.299 E1082.27177
G1 X105.575 Y99.167 E1082.28254
G1 X105.771 Y99.127 E1082.29086
G1 X107.843 Y99.125 E1082.377
G1 X114.21 Y99.126 E1082.64171
G1 X114.496 Y99.197 E1082.65396
G1 X114.699 Y99.349 E1082.66451
G1 X114.849 Y99.608 E1082.67695
G1 X114.885 Y99.844 E1082.68687
G1 X114.851 Y101.28 E1082.74659
G1 X114.782 Y103.594 E1082.84284
G1 X114.713 Y105.596 E1082.92612
G1 X114.636 Y107.536 E1083.00684
G1 X114.538 Y109.646 E1083.09466
G1 X114.464 Y111.054 E1083.15328
G1 X114.367 Y112.706 E1083.22208
G1 X114.248 Y114.438 E1083.29426
G1 X114.215 Y114.858 E1083.31177
G1 X114.149 Y115.068 E1083.32093
G1 X113.98 Y115.199 E1083.32982
G1 X113.797 Y115.228 E1083.33752
G1 X106.149 Y115.226 E1083.65549
G1 X105.924 Y115.146 E1083.66541
G0 F4800 X105.827 Y114.972
G0 X106.21 Y114.758
G0 X106.787 Y114.989
;TYPE:SKIN
G1 F1800 X106.962 Y114.882 E1083.67164
G1 X110.339 Y114.864 E1083.7742
G1 X112.884 Y114.864 E1083.8515
G1 X113.09 Y114.787 E1083.85817
G0 F4800 X113.159 Y114.856
G0 X113.559 Y114.295
G0 X114.095 Y105.61
G0 X114.078 Y105.593
G1 F1800 X114.083 Y105.315 E1083.86173
G1 X114.149 Y101.138 E1083.91521
G1 X114.172 Y100.595 E1083.92217
G0 F4800 X114.249 Y100.672
G0 X113.452 Y99.876
G0 X113.384 Y99.808
G1 F1800 X113.165 Y99.871 E1083.92787
G1 X109.188 Y99.855 E1084.02749
G1 X106.654 Y99.866 E1084.09096
G0 F4800 X106.535 Y99.747
G0 X105.937 Y100.563
G0 X105.97 Y100.596
G1 F1800 X105.842 Y100.751 E1084.09342
G1 X105.918 Y105.636 E1084.15334
G0 F4800 X105.935 Y105.653
G1 F1500 E1077.65334
;MESH:Switch Raiser Omron Tilted.stl(2)
G0 F4800 X106.411 Y114.16
G0 X106.528 Y114.45
G0 X106.755 Y114.612
G0 X113.119 Y114.643
G0 X114.129 Y114.429
G0 X115.109 Y114.506
G0 X116.305 Y115.96
G0 X117.288 Y115.989
G0 X117.947 Y116.957
;TYPE:WALL-INNER
G1 F1500 E1084.15334
G1 X118.371 Y117.342 E1084.17715
G1 X117.943 Y117.342 E1084.18254
G1 X117.938 Y117.34 E1084.18276
G1 X117.947 Y116.957 E1084.19869
G0 F4800 X125.654 Y117.342
G1 F1500 X125.734 Y117.316 E1084.20219
G1 X126.093 Y116.922 E1084.22435
G1 X126.103 Y117.342 E1084.2301
G1 X125.654 Y117.342 E1084.24177
G0 F4800 X125.51 Y116.968
G1 F3000 X125.783 Y116.668 E1084.25863
G1 X125.869 Y116.382 E1084.27105
G1 X125.869 Y109.816 E1084.54403
G1 X125.869 Y107.952 E1084.62153
G1 X125.869 Y106.232 E1084.69303
G1 X125.869 Y104.679 E1084.7576
G1 X125.869 Y103.491 E1084.80699
G1 X125.87 Y103.055 E1084.82512
G1 X125.702 Y102.641 E1084.84369
G1 X125.413 Y102.441 E1084.85831
G1 X125.801 Y102.441 E1084.86386
G1 X125.838 Y102.464 E1084.86518
G1 X125.881 Y103.054 E1084.8727
G1 X125.913 Y103.491 E1084.87401
G1 X125.993 Y104.679 E1084.88449
G1 X126.085 Y106.232 E1084.91208
G1 X126.174 Y107.952 E1084.95885
G1 X126.259 Y109.816 E1085.02642
G1 X126.333 Y111.684 E1085.10414
G1 X126.402 Y113.684 E1085.18734
G1 X126.47 Y115.996 E1085.28351
G1 X126.505 Y117.406 E1085.34215
G1 X126.467 Y117.569 E1085.3491
G1 X126.304 Y117.718 E1085.35829
G1 X126.156 Y117.742 E1085.36452
G1 X117.875 Y117.742 E1085.7088
G1 X117.636 Y117.656 E1085.71936
G1 X117.566 Y117.558 E1085.72437
G1 X117.536 Y117.425 E1085.73004
G1 X117.569 Y115.999 E1085.78934
G1 X117.638 Y113.687 E1085.8855
G1 X117.707 Y111.687 E1085.9687
G1 X117.784 Y109.75 E1086.0493
G1 X117.881 Y107.64 E1086.13712
G1 X117.955 Y106.236 E1086.19557
G1 X118.052 Y104.589 E1086.26416
G1 X118.171 Y102.86 E1086.33621
G1 X118.201 Y102.478 E1086.35215
G1 X118.257 Y102.439 E1086.35498
G1 X118.668 Y102.439 E1086.37207
G1 X118.437 Y102.538 E1086.37248
G1 X118.215 Y102.872 E1086.37881
G1 X118.17 Y103.087 E1086.38794
G1 X118.17 Y104.589 E1086.41224
G1 X118.17 Y106.236 E1086.4408
G1 X118.17 Y107.64 E1086.47767
G1 X118.17 Y109.749 E1086.55189
G1 X118.171 Y116.383 E1086.8277
G1 X118.288 Y116.726 E1086.84276
G1 X118.582 Y116.993 E1086.85927
G1 X118.852 Y117.08 E1086.87107
G1 X124.406 Y117.082 E1087.10198
G1 X125.165 Y117.08 E1087.13353
G1 X125.51 Y116.968 E1087.14861
G1 F1500 E1080.64861
G0 F4800 X118.893 Y116.819
G0 X118.498 Y116.646
G1 F1500 E1087.14861
G0 F4800 X118.633 Y116.499
;TYPE:WALL-OUTER
G1 F3000 X118.787 Y116.639 E1087.15727
G1 X118.915 Y116.68 E1087.16285
G1 X124.405 Y116.682 E1087.3911
G1 X125.101 Y116.68 E1087.42004
G1 X125.286 Y116.62 E1087.42812
G1 X125.426 Y116.466 E1087.43678
G1 X125.469 Y116.323 E1087.44298
G1 X125.47 Y103.133 E1087.99136
G1 X125.376 Y102.902 E1088.00173
G1 X125.207 Y102.785 E1088.01028
G1 X125.088 Y102.762 E1088.01531
G1 X118.928 Y102.763 E1088.27142
G1 X118.704 Y102.859 E1088.28155
G1 X118.591 Y103.029 E1088.29004
G1 X118.57 Y103.129 E1088.29428
G1 X118.571 Y116.317 E1088.84258
G1 X118.633 Y116.499 E1088.85057
G0 F4800 X118.781 Y116.633
G0 X118.484 Y116.958
G0 X117.65 Y117.907
G0 X117.576 Y118.093
G1 F3000 X117.352 Y117.949 E1088.86164
G1 X117.194 Y117.725 E1088.87304
G1 X117.135 Y117.464 E1088.88416
G1 X117.169 Y115.987 E1088.94559
G1 X117.238 Y113.673 E1089.04183
G1 X117.307 Y111.671 E1089.12512
G1 X117.384 Y109.731 E1089.20584
G1 X117.482 Y107.621 E1089.29365
G1 X117.556 Y106.213 E1089.35227
G1 X117.653 Y104.562 E1089.42103
G1 X117.772 Y102.829 E1089.49325
G1 X117.805 Y102.409 E1089.51077
G1 X117.86 Y102.213 E1089.51923
G1 X118.034 Y102.07 E1089.52859
G1 X118.223 Y102.039 E1089.53656
G1 X125.868 Y102.041 E1089.8544
G1 X126.091 Y102.117 E1089.86419
G1 X126.213 Y102.293 E1089.8731
G1 X126.236 Y102.418 E1089.87838
G1 X126.312 Y103.464 E1089.92198
G1 X126.392 Y104.655 E1089.97161
G1 X126.484 Y106.211 E1090.03642
G1 X126.574 Y107.934 E1090.10815
G1 X126.659 Y109.8 E1090.18581
G1 X126.733 Y111.67 E1090.26361
G1 X126.802 Y113.672 E1090.3469
G1 X126.87 Y115.986 E1090.44314
G1 X126.906 Y117.447 E1090.5039
G1 X126.839 Y117.738 E1090.51632
G1 X126.682 Y117.956 E1090.52749
G1 X126.445 Y118.1 E1090.53902
G1 X126.192 Y118.142 E1090.54968
G1 X117.838 Y118.142 E1090.897
G1 X117.576 Y118.093 E1090.90808
G0 F4800 X117.408 Y117.985
G0 X117.646 Y117.615
G0 X117.83 Y116.698
;TYPE:SKIN
G1 F1800 X117.896 Y116.482 E1090.91107
G1 X117.892 Y114.498 E1090.93732
G1 X117.937 Y111.715 E1090.97415
G0 F4800 X117.92 Y111.698
G0 X118.432 Y116.34
G0 X118.658 Y117.243
G0 X118.799 Y117.384
G1 F1800 X119.108 Y117.411 E1090.98211
G1 X125.328 Y117.409 E1091.14177
G0 F4800 X125.446 Y117.526
G0 X126.27 Y116.654
G0 X126.17 Y116.553
G1 F1800 X126.172 Y116.273 E1091.14546
G1 X126.1 Y111.675 E1091.2062
G0 F4800 X126.082 Y111.657
G0 X125.609 Y103.106
G0 X125.512 Y102.869
G0 X125.19 Y102.563
G0 X125.036 Y102.409
G1 F1800 X125.201 Y102.291 E1091.21226
G1 X124.463 Y102.401 E1091.23453
G1 X119.088 Y102.4 E1091.39502
G1 X118.915 Y102.51 E1091.40114
G0 F4800 X118.952 Y102.547
G0 X118.612 Y102.749
G0 X118.431 Y103.115
G0 X118.432 Y116.34
G0 X118.553 Y117.422
G1 F1800 X118.658 Y117.526 E1091.40422
G1 F1500 E1084.90422
;MESH:Switch Raiser Omron Tilted.stl(3)
G0 F4800 X118.656 Y118.022
G0 X118.729 Y120.802
G0 X118.656 Y121.486
;TYPE:WALL-INNER
G1 F1500 E1091.40422
G1 X118.671 Y121.49 E1091.40486
G1 X118.672 Y121.934 E1091.42332
G1 X118.644 Y121.851
G1 X118.253 Y121.496 E1091.44528
G1 X118.656 Y121.486 E1091.45228
G0 F4800 X118.672 Y129.215
G1 F1500 X118.672 Y129.65 E1091.47036
G1 X118.29 Y129.641 E1091.48625
G1 X118.672 Y129.215 E1091.49758
G0 F4800 X118.32 Y129.008
G1 F3000 X118.411 Y128.738 E1091.50943
G1 X118.413 Y123.181 E1091.74046
G1 X118.411 Y122.421 E1091.77206
G1 X118.297 Y122.076 E1091.78716
G1 X117.998 Y121.804 E1091.80397
G1 X117.713 Y121.718 E1091.81634
G1 X111.149 Y121.718 E1092.08924
G1 X109.284 Y121.718 E1092.16678
G1 X107.567 Y121.718 E1092.23817
G1 X105.956 Y121.718 E1092.30514
G1 X104.396 Y121.717 E1092.37
G1 X104.045 Y121.838 E1092.38544
G1 X103.785 Y122.115 E1092.40123
G1 X103.772 Y122.161 E1092.40322
G1 X103.772 Y121.774 E1092.40924
G1 X103.802 Y121.748
G1 X104.395 Y121.707 E1092.42076
G1 X105.956 Y121.598 E1092.43146
G1 X107.567 Y121.502 E1092.45975
G1 X109.284 Y121.414 E1092.50635
G1 X111.149 Y121.329 E1092.57376
G1 X113.018 Y121.254 E1092.65152
G1 X115.017 Y121.185 E1092.73468
G1 X117.329 Y121.118 E1092.83084
G1 X118.711 Y121.084 E1092.88832
G1 X118.964 Y121.161 E1092.89931
G1 X119.071 Y121.387 E1092.90971
G1 X119.073 Y123.411 E1092.99386
G1 X119.072 Y129.732 E1093.25665
G1 X118.972 Y129.967 E1093.26727
G1 X118.756 Y130.052 E1093.27692
G1 X117.33 Y130.018 E1093.33623
G1 X115.017 Y129.949 E1093.43243
G1 X113.018 Y129.88 E1093.51559
G1 X111.08 Y129.803 E1093.59623
G1 X108.971 Y129.706 E1093.684
G1 X107.567 Y129.633 E1093.74245
G1 X105.919 Y129.535 E1093.81109
G1 X104.191 Y129.417 E1093.8831
G1 X103.809 Y129.387 E1093.89903
G1 X103.77 Y129.339 E1093.9016
G1 X103.77 Y128.922 E1093.91894
G1 X103.87 Y129.152 E1093.91935
G1 X104.205 Y129.371 E1093.92594
G1 X104.416 Y129.417 E1093.93492
G1 X105.919 Y129.417 E1093.95909
G1 X107.567 Y129.417 E1093.98775
G1 X108.971 Y129.417 E1094.02469
G1 X111.079 Y129.417 E1094.09887
G1 X117.713 Y129.416 E1094.37468
G1 X118.056 Y129.302 E1094.38971
G1 X118.32 Y129.008 E1094.40614
G1 F1500 E1087.90614
G0 F4800 X117.67 Y129.155
G0 X104.308 Y129.126
G1 F1500 E1094.40614
G0 F4800 X104.189 Y128.883
;TYPE:WALL-OUTER
G1 F3000 X104.362 Y128.996 E1094.41473
G1 X104.459 Y129.017 E1094.41885
G1 X117.648 Y129.016 E1094.96719
G1 X117.829 Y128.956 E1094.97512
G1 X117.967 Y128.802 E1094.98371
G1 X118.011 Y128.672 E1094.98942
G1 X118.013 Y123.182 E1095.21767
G1 X118.011 Y122.486 E1095.2466
G1 X117.95 Y122.301 E1095.2547
G1 X117.796 Y122.161 E1095.26336
G1 X117.654 Y122.118 E1095.26952
G1 X104.463 Y122.117 E1095.81794
G1 X104.269 Y122.184 E1095.82648
G1 X104.143 Y122.318 E1095.83412
G1 X104.092 Y122.499 E1095.84194
G1 X104.093 Y128.661 E1096.09813
G1 X104.189 Y128.883 E1096.10818
G0 F4800 X104.356 Y128.992
G0 X104.114 Y129.361
G1 F1500 E1089.60818
G0 F4800 X118.952 Y130.218
G1 F1500 E1096.10818
G0 F4800 X119.024 Y130.405
G1 F3000 X118.793 Y130.453 E1096.11799
G1 X117.318 Y130.418 E1096.17933
G1 X115.003 Y130.349 E1096.27562
G1 X113.002 Y130.28 E1096.35886
G1 X111.061 Y130.203 E1096.43962
G1 X108.952 Y130.105 E1096.5274
G1 X107.543 Y130.032 E1096.58606
G1 X105.892 Y129.934 E1096.65482
G1 X104.16 Y129.816 E1096.72699
G1 X103.715 Y129.781 E1096.74555
G1 X103.49 Y129.687 E1096.75569
G1 X103.386 Y129.509 E1096.76426
G1 X103.37 Y129.365 E1096.77029
G1 X103.372 Y121.706 E1097.08871
G1 X103.444 Y121.501 E1097.09774
G1 X103.622 Y121.374 E1097.10683
G1 X103.749 Y121.351 E1097.1122
G1 X104.159 Y121.321 E1097.12929
G1 X105.928 Y121.199 E1097.20301
G1 X107.543 Y121.103 E1097.27027
G1 X109.266 Y121.014 E1097.342
G1 X111.131 Y120.929 E1097.41962
G1 X113.002 Y120.854 E1097.49747
G1 X115.003 Y120.785 E1097.58071
G1 X117.317 Y120.718 E1097.67696
G1 X118.738 Y120.683 E1097.73606
G1 X119.022 Y120.729 E1097.74802
G1 X119.238 Y120.859 E1097.7585
G1 X119.41 Y121.093 E1097.77057
G1 X119.471 Y121.338 E1097.78107
G1 X119.473 Y123.411 E1097.86725
G1 X119.472 Y129.78 E1098.13205
G1 X119.399 Y130.065 E1098.14428
G1 X119.247 Y130.268 E1098.15482
G1 X119.024 Y130.405 E1098.1657
G0 F4800 X118.828 Y130.445
G0 X118.74 Y130.013
G0 X118.028 Y129.624
;TYPE:SKIN
G1 F1800 X117.843 Y129.722 E1098.16837
G1 X112.957 Y129.645 E1098.23067
G0 F4800 X112.942 Y129.63
G0 X117.67 Y129.155
G0 X118.616 Y128.798
G0 X118.736 Y128.918
G1 F1800 X118.741 Y128.641 E1098.2375
G1 X118.742 Y122.702 E1098.38401
G1 X118.795 Y122.189 E1098.39673
G0 F4800 X118.857 Y122.251
G0 X118.056 Y121.45
G0 X117.99 Y121.384
G1 F1800 X117.753 Y121.43 E1098.3998
G1 X114.391 Y121.462 E1098.44266
G1 X113 Y121.486 E1098.46039
G0 F4800 X112.985 Y121.47
G0 X104.44 Y121.978
G0 X104.192 Y122.065
G0 X103.877 Y122.545
G0 X103.779 Y122.447
G1 F1800 X103.731 Y122.681 E1098.46782
G1 X103.73 Y128.338 E1098.64389
G1 X103.7 Y128.59 E1098.65179
G0 F4800 X103.592 Y128.473
G1 F1500 E1092.15179
;MESH:NONMESH
G0 F300 X103.592 Y128.473 Z5.5
G0 F4800 X103.491 Y121.725
G0 X102.708 Y121.04
G0 X102.282 Y119.165
G0 X102.202 Y118.185
G0 X94.069 Y117.248
;TIME_ELAPSED:1046.867928
;LAYER:21
;TYPE:WALL-INNER
;MESH:Switch Raiser Omron Tilted.stl(1)
G1 F1500 E1098.65179
G1 X94.225 Y117.365 E1098.6599
G1 X94.065 Y117.365 E1098.66039
G1 X94.069 Y117.248 E1098.66062
G0 F4800 X101.956 Y117.216
G1 F1500 X101.961 Y117.366 E1098.66686
G1 X101.799 Y117.366 E1098.6736
G1 X101.956 Y117.216 E1098.67661
G0 F4800 X101.769 Y116.841
G1 F3000 X101.863 Y116.492 E1098.69163
G1 X101.867 Y114.437 E1098.77707
G1 X101.87 Y112.916 E1098.84031
G1 X101.874 Y110.895 E1098.92433
G1 X101.878 Y109.292 E1098.99098
G1 X101.882 Y107.794 E1099.05326
G1 X101.983 Y109.292 E1099.06156
G1 X102.079 Y110.895 E1099.08753
G1 X102.181 Y112.916 E1099.14196
G1 X102.25 Y114.437 E1099.19701
G1 X102.326 Y116.348 E1099.27653
G1 X102.366 Y117.486 E1099.32387
G1 X102.329 Y117.644 E1099.33061
G1 X102.175 Y117.759 E1099.3386
G1 X102.102 Y117.766 E1099.34165
G1 X93.917 Y117.765 E1099.68195
G1 X93.717 Y117.677 E1099.69103
G1 X93.661 Y117.478 E1099.69963
G1 X93.7 Y116.351 E1099.74651
G1 X93.777 Y114.44 E1099.82602
G1 X93.865 Y112.487 E1099.9073
G1 X93.97 Y110.517 E1099.98932
G1 X94.044 Y109.296 E1100.04018
G1 X94.144 Y107.799 E1100.10255
G1 X94.163 Y107.549 E1100.11298
G1 X94.163 Y109.296 E1100.12982
G1 X94.163 Y110.517 E1100.14965
G1 X94.163 Y112.487 E1100.20004
G1 X94.163 Y114.439 E1100.26965
G1 X94.164 Y116.561 E1100.35787
G1 X94.333 Y116.945 E1100.37531
G1 X94.633 Y117.171 E1100.39093
G1 X94.91 Y117.23 E1100.4027
G1 X101.116 Y117.23 E1100.66072
G1 X101.444 Y117.152 E1100.67473
G1 X101.769 Y116.841 E1100.69344
G0 F4800 X101.246 Y116.788
;TYPE:WALL-OUTER
G1 F3000 X101.412 Y116.629 E1100.70299
G1 X101.463 Y116.439 E1100.71117
G1 X101.463 Y103.289 E1101.25788
G1 X101.412 Y103.11 E1101.26562
G1 X101.264 Y102.963 E1101.2743
G1 X101.088 Y102.909 E1101.28195
G1 X94.945 Y102.91 E1101.53735
G1 X94.762 Y102.963 E1101.54527
G1 X94.617 Y103.108 E1101.55379
G1 X94.563 Y103.3 E1101.56208
G1 X94.564 Y116.477 E1102.10992
G1 X94.657 Y116.688 E1102.11951
G1 X94.803 Y116.798 E1102.12711
G1 X94.952 Y116.83 E1102.13344
G1 X101.069 Y116.83 E1102.38776
G1 X101.246 Y116.788 E1102.39532
G0 F4800 X101.39 Y116.65
G0 X101.695 Y116.969
G0 X102.395 Y117.88
G0 X102.517 Y118.041
G1 F3000 X102.282 Y118.15 E1102.40609
G1 X102.122 Y118.166 E1102.41278
G1 X93.867 Y118.165 E1102.75598
G1 X93.605 Y118.101 E1102.76719
G1 X93.401 Y117.936 E1102.7781
G1 X93.287 Y117.72 E1102.78825
G1 X93.26 Y117.491 E1102.79784
G1 X93.3 Y116.335 E1102.84593
G1 X93.377 Y114.422 E1102.92553
G1 X93.466 Y112.469 E1103.00681
G1 X93.571 Y110.493 E1103.08908
G1 X93.645 Y109.269 E1103.14006
G1 X93.745 Y107.768 E1103.2026
G1 X93.851 Y106.397 E1103.25977
G1 X93.962 Y105.152 E1103.31174
G1 X94.094 Y103.914 E1103.3635
G1 X94.197 Y103.077 E1103.39856
G1 X94.244 Y102.756 E1103.41205
G1 X94.316 Y102.654 E1103.41724
G1 X94.432 Y102.634 E1103.42213
G1 X101.362 Y102.634 E1103.71025
G1 X101.653 Y102.637 E1103.72235
G1 X101.766 Y102.708 E1103.7279
G1 X101.788 Y102.785 E1103.73123
G1 X101.832 Y103.081 E1103.74367
G1 X101.938 Y103.948 E1103.77998
G1 X102.064 Y105.148 E1103.83015
G1 X102.176 Y106.394 E1103.88216
G1 X102.281 Y107.767 E1103.93941
G1 X102.382 Y109.268 E1104.00195
G1 X102.478 Y110.875 E1104.06888
G1 X102.581 Y112.898 E1104.1531
G1 X102.65 Y114.421 E1104.21648
G1 X102.726 Y116.334 E1104.29608
G1 X102.768 Y117.524 E1104.34558
G1 X102.696 Y117.828 E1104.35857
G1 X102.517 Y118.041 E1104.37014
G0 F4800 X102.336 Y118.125
G0 X102.151 Y117.725
G0 X101.472 Y117.447
;TYPE:SKIN
G1 F1800 X101.147 Y117.488 E1104.37393
G1 X95.483 Y117.496 E1104.43944
G1 X94.652 Y117.478 E1104.44905
G1 X94.458 Y117.39 E1104.45152
G1 X93.986 Y117.013 E1104.4585
G1 X93.934 Y116.217 E1104.46773
G0 F4800 X93.949 Y116.203
G0 X94.744 Y116.927
G0 X101.93 Y116.989
G0 X102.028 Y116.891
G1 F1800 X102.089 Y116.546 E1104.47501
G0 F4800 X102.116 Y116.52
G0 X101.704 Y107.599
G0 X101.865 Y107.437
G1 F1800 X101.842 Y107.177 E1104.48179
G1 X101.697 Y103.928 E1104.56615
G0 F4800 X101.55 Y102.944
G1 F1800 X101.588 Y102.906 E1104.56727
G0 F4800 X102.047 Y107.538
G1 F1800 X101.995 Y107.59 E1104.5688
G0 F4800 X101.602 Y103.27
G0 X101.337 Y102.841
G0 X94.926 Y102.771
G0 X94.494 Y103.036
G0 X94.347 Y107.319
G0 X94.33 Y107.336
G1 F1800 X94.193 Y107.19 E1104.57309
G1 X94.259 Y105.144 E1104.61699
G1 X94.326 Y103.945 E1104.64274
G1 F1500 E1098.14274
;MESH:Switch Raiser Omron Tilted.stl
G0 F4800 X94.347 Y103.924
G0 X94.494 Y103.036
G0 X94.689 Y102.84
G0 X101.361 Y102.754
G0 X102.058 Y101.864
G0 X104.484 Y102.631
G0 X105.447 Y102.592
G0 X106.058 Y100.213
;TYPE:WALL-INNER
G1 F1500 E1104.64274
G1 X106.053 Y100.063 E1104.64898
G1 X106.208 Y100.063 E1104.65543
G1 X106.058 Y100.213 E1104.65852
G0 F4800 X113.784 Y100.064
G1 F1500 X113.948 Y100.064 E1104.66534
G1 X113.943 Y100.186 E1104.67041
G1 X113.784 Y100.064 E1104.67246
G0 F4800 X113.687 Y100.494
G1 F3000 X113.377 Y100.256 E1104.68871
G1 X113.099 Y100.2 E1104.7005
G1 X106.89 Y100.2 E1104.95864
G1 X106.542 Y100.295 E1104.97364
G1 X106.247 Y100.59 E1104.99098
G1 X106.15 Y100.936 E1105.00592
G1 X106.146 Y102.99 E1105.09132
G1 X106.143 Y104.512 E1105.15459
G1 X106.139 Y106.528 E1105.23841
G1 X106.135 Y108.133 E1105.30514
G1 X106.131 Y109.632 E1105.36746
G1 X106.03 Y108.133 E1105.37577
G1 X105.935 Y106.528 E1105.40169
G1 X105.832 Y104.512 E1105.45588
G1 X105.763 Y102.99 E1105.51097
G1 X105.687 Y101.08 E1105.59044
G1 X105.648 Y99.943 E1105.63774
G1 X105.731 Y99.725 E1105.64744
G1 X105.907 Y99.663 E1105.65519
G1 X114.078 Y99.664 E1105.9949
G1 X114.289 Y99.748 E1106.00435
G1 X114.352 Y99.948 E1106.01306
G1 X114.313 Y101.079 E1106.06011
G1 X114.237 Y102.99 E1106.13963
G1 X114.149 Y104.942 E1106.22086
G1 X114.043 Y106.913 E1106.30293
G1 X113.97 Y108.133 E1106.35374
G1 X113.87 Y109.631 E1106.41616
G1 X113.85 Y109.891 E1106.427
G1 X113.85 Y108.133 E1106.44426
G1 X113.85 Y106.913 E1106.46414
G1 X113.85 Y104.942 E1106.51466
G1 X113.85 Y102.991 E1106.58443
G1 X113.849 Y100.871 E1106.67257
G1 X113.687 Y100.494 E1106.68963
G1 F1500 E1100.18963
G0 F4800 X113.589 Y114.149
G0 X113.388 Y114.61
G1 F1500 E1106.68963
G0 F4800 X113.248 Y114.468
;TYPE:WALL-OUTER
G1 F3000 X113.396 Y114.321 E1106.6983
G1 X113.45 Y114.13 E1106.70655
G1 X113.449 Y100.953 E1107.25439
G1 X113.361 Y100.748 E1107.26367
G1 X113.207 Y100.63 E1107.27173
G1 X113.059 Y100.6 E1107.27801
G1 X106.944 Y100.6 E1107.53224
G1 X106.75 Y100.653 E1107.5406
G1 X106.604 Y100.799 E1107.54919
G1 X106.55 Y100.991 E1107.55748
G1 X106.55 Y114.141 E1108.10419
G1 X106.604 Y114.321 E1108.11201
G1 X106.752 Y114.468 E1108.12068
G1 X106.925 Y114.52 E1108.12819
G1 X113.068 Y114.519 E1108.38358
G1 X113.248 Y114.468 E1108.39136
G0 F4800 X113.39 Y114.327
G0 X113.718 Y114.761
G1 F3000 X113.578 Y114.796 E1108.39736
G1 X106.395 Y114.795 E1108.696
G1 X106.262 Y114.742 E1108.70195
G1 X106.225 Y114.65 E1108.70607
G1 X106.183 Y114.35 E1108.71867
G1 X106.076 Y113.481 E1108.75507
G1 X105.949 Y112.278 E1108.80536
G1 X105.838 Y111.032 E1108.85737
G1 X105.732 Y109.663 E1108.91446
G1 X105.631 Y108.16 E1108.97708
G1 X105.536 Y106.552 E1109.04405
G1 X105.432 Y104.53 E1109.12823
G1 X105.363 Y103.008 E1109.19157
G1 X105.287 Y101.096 E1109.27113
G1 X105.246 Y99.905 E1109.32067
G1 X105.318 Y99.601 E1109.33366
G1 X105.476 Y99.404 E1109.34416
G1 X105.735 Y99.279 E1109.35612
G1 X105.883 Y99.263 E1109.3623
G1 X114.125 Y99.264 E1109.70497
G1 X114.407 Y99.329 E1109.717
G1 X114.607 Y99.491 E1109.7277
G1 X114.734 Y99.741 E1109.73936
G1 X114.753 Y99.939 E1109.74763
G1 X114.713 Y101.095 E1109.79572
G1 X114.637 Y103.008 E1109.87531
G1 X114.548 Y104.96 E1109.95655
G1 X114.442 Y106.937 E1110.03886
G1 X114.369 Y108.16 E1110.0898
G1 X114.269 Y109.662 E1110.15238
G1 X114.162 Y111.032 E1110.20952
G1 X114.051 Y112.277 E1110.26148
G1 X113.925 Y113.48 E1110.31177
G1 X113.817 Y114.349 E1110.34818
G1 X113.775 Y114.643 E1110.36053
G1 X113.718 Y114.761 E1110.36597
G0 F4800 X113.578 Y114.796
G0 X113.522 Y114.796
G0 X113.523 Y114.596
G0 X113.664 Y113.458
G0 X113.689 Y113.432
;TYPE:SKIN
G1 F1800 X113.706 Y113.133 E1110.37275
G1 X113.833 Y110.459 E1110.43335
G1 X113.791 Y110.219 E1110.43887
G0 F4800 X113.918 Y110.092
G0 X113.589 Y114.149
G0 X113.519 Y114.393
G0 X113.32 Y114.591
G0 X106.905 Y114.659
G0 X106.482 Y114.394
G0 X106.334 Y110.039
G0 X106.168 Y110.205
G1 F1800 X106.178 Y110.477 E1110.44578
G1 X106.312 Y113.455 E1110.5214
G0 F4800 X106.291 Y113.477
G0 X105.982 Y110.109
G1 F1800 X106.264 Y109.827 E1110.52969
G0 F4800 X105.904 Y101.136
G0 X105.918 Y101.121
G1 F1800 X105.929 Y100.827 E1110.53276
G1 X105.967 Y100.507 E1110.53612
G1 X106.508 Y99.966 E1110.5441
G1 X108.806 Y99.931 E1110.56808
G1 X113.318 Y99.944 E1110.61516
G1 X113.548 Y99.996 E1110.61762
G1 X114.056 Y100.62 E1110.62602
G1 X114.078 Y101.164 E1110.6317
G0 F4800 X114.063 Y101.179
G1 F1500 E1104.1317
;MESH:Switch Raiser Omron Tilted.stl(2)
G0 F4800 X114.323 Y106.93
G0 X115.305 Y106.988
G0 X116.609 Y112.26
G0 X117.591 Y112.312
G0 X118.076 Y117.089
;TYPE:WALL-INNER
G1 F1500 E1110.6317
G1 X118.238 Y117.203 E1110.63993
G1 X118.072 Y117.203 E1110.64048
G1 X118.076 Y117.089 E1110.64066
G0 F4800 X125.962 Y117.055
G1 F1500 X125.967 Y117.204 E1110.64686
G1 X125.813 Y117.204 E1110.65326
G1 X125.962 Y117.055 E1110.65607
G0 F4800 X125.773 Y116.678
G1 F3000 X125.87 Y116.332 E1110.67101
G1 X125.873 Y114.275 E1110.75653
G1 X125.876 Y112.754 E1110.81977
G1 X125.88 Y110.734 E1110.90375
G1 X125.884 Y109.13 E1110.97043
G1 X125.888 Y107.632 E1111.03271
G1 X125.99 Y109.13 E1111.0411
G1 X126.085 Y110.734 E1111.06717
G1 X126.188 Y112.754 E1111.12167
G1 X126.257 Y114.275 E1111.17689
G1 X126.333 Y116.185 E1111.25636
G1 X126.372 Y117.327 E1111.30386
G1 X126.295 Y117.539 E1111.31324
G1 X126.097 Y117.604 E1111.32191
G1 X117.921 Y117.603 E1111.66182
G1 X117.733 Y117.523 E1111.67032
G1 X117.667 Y117.318 E1111.67927
G1 X117.726 Y115.706 E1111.74634
G1 X117.783 Y114.278 E1111.80575
G1 X117.871 Y112.325 E1111.88703
G1 X117.977 Y110.355 E1111.96905
G1 X118.05 Y109.134 E1112.01991
G1 X118.15 Y107.636 E1112.08232
G1 X118.17 Y107.376 E1112.09317
G1 X118.17 Y109.134 E1112.11043
G1 X118.17 Y110.355 E1112.13033
G1 X118.17 Y112.325 E1112.18082
G1 X118.17 Y114.277 E1112.25062
G1 X118.171 Y116.399 E1112.33885
G1 X118.342 Y116.787 E1112.35647
G1 X118.676 Y117.022 E1112.37345
G1 X118.925 Y117.067 E1112.38397
G1 X125.128 Y117.067 E1112.64186
G1 X125.476 Y116.975 E1112.65683
G1 X125.773 Y116.678 E1112.67429
G1 F1500 E1106.17429
G0 F4800 X125.094 Y116.806
G0 X118.78 Y116.774
G1 F1500 E1112.67429
G0 F4800 X118.663 Y116.524
;TYPE:WALL-OUTER
G1 F3000 X118.834 Y116.644 E1112.68298
G1 X118.961 Y116.667 E1112.68834
G1 X125.076 Y116.667 E1112.94258
G1 X125.269 Y116.616 E1112.95087
G1 X125.416 Y116.469 E1112.95952
G1 X125.47 Y116.277 E1112.96781
G1 X125.47 Y103.127 E1113.51452
G1 X125.416 Y102.946 E1113.52238
G1 X125.271 Y102.801 E1113.5309
G1 X125.095 Y102.747 E1113.53856
G1 X118.952 Y102.748 E1113.79395
G1 X118.769 Y102.801 E1113.80187
G1 X118.624 Y102.946 E1113.8104
G1 X118.57 Y103.138 E1113.81869
G1 X118.571 Y116.315 E1114.36653
G1 X118.663 Y116.524 E1114.37602
G0 F4800 X118.827 Y116.639
G0 X118.573 Y117
G0 X117.7 Y117.756
G0 X117.61 Y117.937
G1 F3000 X117.414 Y117.779 E1114.38649
G1 X117.286 Y117.526 E1114.39827
G1 X117.266 Y117.329 E1114.40651
G1 X117.326 Y115.69 E1114.47469
G1 X117.383 Y114.26 E1114.53419
G1 X117.472 Y112.307 E1114.61548
G1 X117.578 Y110.331 E1114.69775
G1 X117.651 Y109.107 E1114.74872
G1 X117.751 Y107.605 E1114.81131
G1 X117.858 Y106.235 E1114.86844
G1 X117.969 Y104.99 E1114.92041
G1 X118.095 Y103.787 E1114.97069
G1 X118.212 Y102.862 E1115.00946
G1 X118.25 Y102.6 E1115.02046
G1 X118.326 Y102.491 E1115.02599
G1 X118.442 Y102.471 E1115.03088
G1 X125.616 Y102.472 E1115.32914
G1 X125.752 Y102.519 E1115.33513
G1 X125.795 Y102.623 E1115.3398
G1 X125.837 Y102.918 E1115.35219
G1 X125.944 Y103.786 E1115.38855
G1 X126.071 Y104.986 E1115.43872
G1 X126.182 Y106.232 E1115.49073
G1 X126.287 Y107.605 E1115.54798
G1 X126.389 Y109.106 E1115.61053
G1 X126.484 Y110.713 E1115.67746
G1 X126.588 Y112.736 E1115.76167
G1 X126.657 Y114.259 E1115.82506
G1 X126.733 Y116.171 E1115.90461
G1 X126.774 Y117.36 E1115.95407
G1 X126.718 Y117.635 E1115.96574
G1 X126.573 Y117.839 E1115.97615
G1 X126.36 Y117.967 E1115.98648
G1 X126.129 Y118.004 E1115.9962
G1 X117.87 Y118.003 E1116.33957
G1 X117.61 Y117.937 E1116.35073
G0 F4800 X117.454 Y117.812
G0 X117.731 Y117.469
G0 X117.981 Y116.777
;TYPE:SKIN
G1 F1800 X117.943 Y116.532 E1116.35493
G1 X117.937 Y116.255 E1116.35963
G0 F4800 X117.955 Y116.238
G0 X118.653 Y117.236
G0 X118.577 Y117.312
G1 F1800 X118.839 Y117.333 E1116.36247
G1 X125.06 Y117.335 E1116.42962
G1 X125.607 Y117.353 E1116.43553
G1 X126.107 Y116.853 E1116.44316
G1 X126.102 Y116.293 E1116.44921
G0 F4800 X126.12 Y116.275
G0 X125.913 Y107.431
G0 X125.98 Y107.364
G1 F1800 X125.855 Y107.206 E1116.45294
G1 X125.698 Y103.686 E1116.51815
G1 X125.54 Y102.713 E1116.53639
G0 F4800 X125.567 Y102.686
G0 X125.115 Y102.608
G0 X118.933 Y102.609
G0 X118.496 Y102.686
G0 X118.471 Y102.71
G1 F1800 X118.337 Y103.693 E1116.55325
G1 X118.177 Y106.964 E1116.60891
G1 X118.299 Y107.125 E1116.61234
G0 F4800 X118.284 Y107.195
G1 F1500 E1110.11234
;MESH:Switch Raiser Omron Tilted.stl(3)
G0 F4800 X118.417 Y115.429
G0 X118.536 Y117.884
G0 X118.536 Y118.869
G0 X118.649 Y119.95
G0 X118.682 Y120.932
G0 X118.534 Y121.62
;TYPE:WALL-INNER
G1 F1500 E1116.61234
G1 X118.534 Y121.775 E1116.61879
G1 X118.384 Y121.625 E1116.62188
G1 X118.534 Y121.62 E1116.62253
G0 F4800 X118.534 Y129.351
G1 F1500 X118.534 Y129.515 E1116.62935
G1 X118.422 Y129.511 E1116.63401
G1 X118.534 Y129.351 E1116.63585
G0 F4800 X118.119 Y129.246
G1 F3000 X118.352 Y128.914 E1116.65271
G1 X118.398 Y128.663 E1116.66332
G1 X118.398 Y122.457 E1116.92133
G1 X118.301 Y122.108 E1116.93639
G1 X118.008 Y121.814 E1116.95365
G1 X117.662 Y121.717 E1116.96859
G1 X115.608 Y121.714 E1117.05398
G1 X114.085 Y121.711 E1117.1173
G1 X112.07 Y121.707 E1117.20108
G1 X110.464 Y121.703 E1117.26785
G1 X108.966 Y121.699 E1117.33013
G1 X110.464 Y121.598 E1117.33843
G1 X112.07 Y121.502 E1117.36445
G1 X114.085 Y121.4 E1117.41872
G1 X115.608 Y121.331 E1117.47384
G1 X117.518 Y121.254 E1117.55332
G1 X118.657 Y121.215 E1117.6007
G1 X118.871 Y121.294 E1117.61018
G1 X118.934 Y121.49 E1117.61874
G1 X118.934 Y129.642 E1117.95766
G1 X118.856 Y129.852 E1117.96698
G1 X118.642 Y129.92 E1117.97631
G1 X117.036 Y129.861 E1118.04313
G1 X115.608 Y129.804 E1118.10254
G1 X113.655 Y129.716 E1118.18382
G1 X111.685 Y129.611 E1118.26584
G1 X110.464 Y129.537 E1118.3167
G1 X108.967 Y129.437 E1118.37907
G1 X108.707 Y129.417 E1118.38992
G1 X110.464 Y129.417 E1118.40717
G1 X111.685 Y129.417 E1118.42713
G1 X113.655 Y129.417 E1118.47772
G1 X115.607 Y129.417 E1118.54753
G1 X117.728 Y129.416 E1118.63571
G1 X118.119 Y129.246 E1118.65344
G1 F1500 E1112.15344
G0 F4800 X104.226 Y129.158
G1 F1500 E1118.65344
G0 F4800 X104.278 Y128.966
;TYPE:WALL-OUTER
G1 F3000 X104.468 Y129.017 E1118.66162
G1 X117.645 Y129.016 E1119.20945
G1 X117.856 Y128.924 E1119.21902
G1 X117.974 Y128.756 E1119.22756
G1 X117.998 Y128.626 E1119.23306
G1 X117.998 Y122.511 E1119.48729
G1 X117.944 Y122.316 E1119.4957
G1 X117.799 Y122.171 E1119.50423
G1 X117.607 Y122.117 E1119.51252
G1 X104.457 Y122.117 E1120.05923
G1 X104.276 Y122.171 E1120.06708
G1 X104.129 Y122.318 E1120.07573
G1 X104.077 Y122.505 E1120.0838
G1 X104.078 Y128.638 E1120.33878
G1 X104.119 Y128.801 E1120.34577
G1 X104.278 Y128.966 E1120.35529
G0 F4800 X104.468 Y129.017
G0 X104.472 Y129.017
G1 F1500 E1113.85529
G0 F4800 X104.472 Y129.217
G0 X118.823 Y130.103
G1 F1500 E1120.35529
G0 F4800 X118.888 Y130.294
G1 F3000 X118.653 Y130.321 E1120.36513
G1 X117.02 Y130.261 E1120.43306
G1 X115.59 Y130.204 E1120.49256
G1 X113.637 Y130.115 E1120.57384
G1 X111.661 Y130.01 E1120.65611
G1 X110.437 Y129.936 E1120.70709
G1 X108.936 Y129.836 E1120.76964
G1 X107.565 Y129.729 E1120.82681
G1 X106.32 Y129.618 E1120.87878
G1 X105.117 Y129.493 E1120.92906
G1 X104.249 Y129.385 E1120.96543
G1 X103.955 Y129.343 E1120.97777
G1 X103.835 Y129.284 E1120.98333
G1 X103.802 Y129.155 E1120.98887
G1 X103.802 Y121.966 E1121.28775
G1 X103.859 Y121.827 E1121.294
G1 X103.918 Y121.8 E1121.2967
G1 X104.25 Y121.749 E1121.31066
G1 X105.116 Y121.643 E1121.34693
G1 X106.319 Y121.516 E1121.39723
G1 X107.565 Y121.405 E1121.44923
G1 X108.935 Y121.3 E1121.50636
G1 X110.437 Y121.199 E1121.56895
G1 X112.046 Y121.103 E1121.63596
G1 X114.067 Y121 E1121.72009
G1 X115.59 Y120.931 E1121.78348
G1 X117.502 Y120.854 E1121.86303
G1 X118.691 Y120.813 E1121.91249
G1 X118.963 Y120.869 E1121.92404
G1 X119.17 Y121.015 E1121.93457
G1 X119.297 Y121.227 E1121.94485
G1 X119.334 Y121.458 E1121.95457
G1 X119.334 Y129.677 E1122.29628
G1 X119.286 Y129.937 E1122.30727
G1 X119.131 Y130.155 E1122.31839
G1 X118.888 Y130.294 E1122.33003
G0 F4800 X118.689 Y130.316
G0 X118.64 Y129.878
G0 X118.151 Y129.617
;TYPE:SKIN
G1 F1800 X117.867 Y129.619 E1122.33425
G1 X117.557 Y129.647 E1122.33887
G0 F4800 X117.54 Y129.664
G0 X118.606 Y129.163
G0 X118.662 Y129.107
G1 F1800 X118.644 Y128.842 E1122.3418
G1 X118.665 Y125.71 E1122.37637
G1 X118.659 Y122.322 E1122.41376
G1 X118.628 Y122.069 E1122.41658
G1 X118.051 Y121.515 E1122.4254
G1 X117.517 Y121.484 E1122.43131
G0 F4800 X117.5 Y121.501
G0 X108.767 Y121.749
G0 X108.691 Y121.824
G1 F1800 X108.517 Y121.715 E1122.43639
G1 X105.251 Y121.87 E1122.51735
G0 F4800 X105.221 Y121.9
G0 X104.203 Y122.048
G0 X104.006 Y122.246
G0 X103.939 Y128.654
G0 X104.205 Y129.089
G0 X105.245 Y129.23
G0 X105.218 Y129.256
G1 F1800 X105.488 Y129.27 E1122.52361
G1 X108.197 Y129.39 E1122.58638
G1 X108.404 Y129.465 E1122.59148
G0 F4800 X108.321 Y129.517
G1 F1500 E1116.09148
;MESH:NONMESH
G0 F300 X108.321 Y129.517 Z5.75
G0 F4800 X104.45 Y129.156
G0 X104.205 Y129.089
G0 X103.995 Y128.87
G0 X103.951 Y121.915
G0 X103.657 Y120.973
G0 X102.534 Y118.977
G0 X102.251 Y118.033
G0 X102.121 Y117.542
;TIME_ELAPSED:1077.891138
;LAYER:22
;TYPE:WALL-INNER
;MESH:Switch Raiser Omron Tilted.stl(1)
G1 F1500 E1122.59148
G1 F3000 X102.027 Y117.572 E1122.59558
G1 X101.143 Y117.572 E1122.63234
G1 X100.687 Y117.572 E1122.65129
G1 X94.833 Y117.572 E1122.89468
G1 X94.001 Y117.572 E1122.92927
G1 X93.88 Y117.516 E1122.93481
G1 X93.846 Y117.419 E1122.93908
G1 X93.875 Y116.795 E1122.96505
G1 X93.948 Y115.407 E1123.02284
G1 X94.044 Y113.787 E1123.09031
G1 X94.131 Y112.487 E1123.14448
G1 X94.164 Y112.061 E1123.16224
G1 X94.164 Y112.487 E1123.16298
G1 X94.164 Y113.787 E1123.17332
G1 X94.164 Y115.407 E1123.20167
G1 X94.164 Y116.502 E1123.2346
G1 X94.262 Y116.829 E1123.24835
G1 X94.535 Y117.107 E1123.26455
G1 X94.833 Y117.215 E1123.27773
G1 X100.687 Y117.217 E1123.49488
G1 X101.143 Y117.215 E1123.51179
G1 X101.474 Y117.118 E1123.52613
G1 X101.772 Y116.821 E1123.54363
G1 X101.863 Y116.477 E1123.55842
G1 X101.867 Y115.402 E1123.60311
G1 X101.875 Y113.782 E1123.67047
G1 X101.882 Y112.304 E1123.73192
G1 X101.983 Y113.782 E1123.74034
G1 X102.079 Y115.402 E1123.76743
G1 X102.15 Y116.795 E1123.8051
G1 X102.179 Y117.405 E1123.83049
G1 X102.121 Y117.542 E1123.83667
G0 F4800 X102.343 Y117.891
;TYPE:WALL-OUTER
G1 F3000 X102.101 Y117.968 E1123.84723
G1 X102.08 Y117.972 E1123.84812
G1 X93.952 Y117.972 E1124.18604
G1 X93.733 Y117.919 E1124.19541
G1 X93.541 Y117.75 E1124.20604
G1 X93.452 Y117.514 E1124.21653
G1 X93.445 Y117.423 E1124.22032
G1 X93.476 Y116.776 E1124.24725
G1 X93.549 Y115.383 E1124.30525
G1 X93.645 Y113.76 E1124.37284
G1 X93.732 Y112.457 E1124.42713
G1 X93.851 Y110.9 E1124.49206
G1 X93.962 Y109.661 E1124.54377
G1 X94.078 Y108.542 E1124.59055
G1 X94.118 Y108.199 E1124.6049
G1 X94.206 Y107.516 E1124.63353
G1 X94.318 Y106.749 E1124.66576
G1 X94.441 Y106.085 E1124.69384
G1 X94.563 Y105.564 E1124.71608
G1 X94.564 Y116.443 E1125.16838
G1 X94.617 Y116.619 E1125.17602
G1 X94.757 Y116.762 E1125.18434
G1 X94.903 Y116.815 E1125.1908
G1 X100.686 Y116.817 E1125.43123
G1 X101.085 Y116.815 E1125.44782
G1 X101.264 Y116.763 E1125.45557
G1 X101.413 Y116.614 E1125.46433
G1 X101.463 Y116.425 E1125.47245
G1 X101.463 Y105.56 E1125.92417
G1 X101.584 Y106.075 E1125.94616
G1 X101.708 Y106.742 E1125.97437
G1 X101.831 Y107.585 E1126.00979
G1 X101.949 Y108.538 E1126.04971
G1 X102.064 Y109.658 E1126.09652
G1 X102.176 Y110.896 E1126.1482
G1 X102.281 Y112.277 E1126.20578
G1 X102.382 Y113.758 E1126.2675
G1 X102.478 Y115.381 E1126.33509
G1 X102.55 Y116.776 E1126.39317
G1 X102.582 Y117.446 E1126.42105
G1 X102.511 Y117.71 E1126.43242
G1 X102.343 Y117.891 E1126.44269
G0 F4800 X102.152 Y117.951
G0 X102.02 Y117.531
G0 X101.734 Y117.291
;TYPE:SKIN
G1 F1800 X101.883 Y117.156 E1126.45075
G0 F4800 X101.955 Y117.229
G0 X101.918 Y112.101
G0 X101.797 Y111.98
G1 F1800 X101.858 Y111.758 E1126.45667
G1 X101.703 Y108.491 E1126.54077
G0 F4800 X101.689 Y108.473
G0 X101.702 Y116.456
G0 X101.627 Y116.736
G0 X101.389 Y116.975
G0 X101.119 Y117.054
G0 X94.862 Y117.054
G0 X94.625 Y116.967
G0 X94.406 Y116.744
G0 X94.334 Y108.496
G0 X94.326 Y108.468
G1 F1800 X94.312 Y108.737 E1126.54664
G1 X94.172 Y111.708 E1126.61144
G1 X94.015 Y111.834 E1126.61583
G0 F4800 X94.077 Y111.858
G0 X94.035 Y117.034
G0 X94.263 Y117.173
G1 F1800 X94.115 Y117.308 E1126.62938
G0 F4800 X94.051 Y117.309
G1 F1500 E1120.12938
;MESH:Switch Raiser Omron Tilted.stl
G0 F4800 X101.119 Y117.054
G0 X101.389 Y116.975
G0 X101.627 Y116.736
G0 X101.664 Y107.871
G0 X102.72 Y107.74
G0 X104.978 Y106.609
G0 X106.056 Y106.512
G0 X106.131 Y105.121
;TYPE:WALL-INNER
G1 F1500 E1126.62938
G1 F3000 X106.03 Y103.642 E1126.69102
G1 X105.935 Y102.023 E1126.75844
G1 X105.863 Y100.634 E1126.81627
G1 X105.834 Y100.044 E1126.84083
G1 X105.881 Y99.896 E1126.84728
G1 X105.983 Y99.856 E1126.85184
G1 X106.887 Y99.856 E1126.88942
G1 X110.265 Y99.858 E1127.02986
G1 X113.109 Y99.858 E1127.1481
G1 X114.002 Y99.857 E1127.18523
G1 X114.137 Y99.919 E1127.19141
G1 X114.166 Y100.015 E1127.19558
G1 X114.138 Y100.634 E1127.22134
G1 X114.065 Y102.023 E1127.27916
G1 X113.97 Y103.642 E1127.34659
G1 X113.883 Y104.942 E1127.40076
G1 X113.849 Y105.388 E1127.41936
G1 X113.849 Y104.942 E1127.42015
G1 X113.849 Y103.642 E1127.43063
G1 X113.849 Y102.023 E1127.45904
G1 X113.849 Y100.928 E1127.49203
G1 X113.75 Y100.601 E1127.50581
G1 X113.463 Y100.309 E1127.52283
G1 X113.11 Y100.213 E1127.53804
G1 X110.265 Y100.213 E1127.64328
G1 X106.887 Y100.213 E1127.76859
G1 X106.542 Y100.309 E1127.78348
G1 X106.246 Y100.605 E1127.80088
G1 X106.15 Y100.951 E1127.81444
G1 X106.146 Y102.023 E1127.83862
G1 X106.138 Y103.642 E1127.86552
G1 X106.131 Y105.121 E1127.87382
G1 F1500 E1121.37382
G0 F4800 X106.349 Y109.553
G0 X106.55 Y111.866
;TYPE:WALL-OUTER
G1 F1500 E1127.87382
G1 F3000 X106.427 Y111.344 E1127.89612
G1 X106.304 Y110.68 E1127.9242
G1 X106.183 Y109.845 E1127.95927
G1 X106.063 Y108.886 E1127.99945
G1 X105.949 Y107.77 E1128.04609
G1 X105.838 Y106.531 E1128.09781
G1 X105.732 Y105.152 E1128.15531
G1 X105.631 Y103.669 E1128.21711
G1 X105.536 Y102.046 E1128.2847
G1 X105.463 Y100.653 E1128.3427
G1 X105.432 Y100.016 E1128.36921
G1 X105.488 Y99.749 E1128.38055
G1 X105.633 Y99.564 E1128.39033
G1 X105.884 Y99.465 E1128.40154
G1 X105.964 Y99.456 E1128.40489
G1 X110.265 Y99.458 E1128.58371
G1 X114.057 Y99.457 E1128.74136
G1 X114.313 Y99.529 E1128.75242
G1 X114.492 Y99.71 E1128.763
G1 X114.566 Y99.955 E1128.77364
G1 X114.568 Y99.997 E1128.77539
G1 X114.537 Y100.653 E1128.80269
G1 X114.464 Y102.046 E1128.86069
G1 X114.369 Y103.669 E1128.92828
G1 X114.282 Y104.972 E1128.98257
G1 X114.205 Y105.995 E1129.02522
G1 X114.162 Y106.53 E1129.04754
G1 X114.051 Y107.77 E1129.0993
G1 X113.937 Y108.886 E1129.14594
G1 X113.817 Y109.844 E1129.18608
G1 X113.696 Y110.68 E1129.22119
G1 X113.573 Y111.344 E1129.24927
G1 X113.45 Y111.866 E1129.27157
G1 X113.449 Y100.987 E1129.72386
G1 X113.396 Y100.811 E1129.7315
G1 X113.254 Y100.667 E1129.73991
G1 X113.056 Y100.613 E1129.74845
G1 X106.941 Y100.613 E1130.00268
G1 X106.75 Y100.666 E1130.01092
G1 X106.603 Y100.813 E1130.01956
G1 X106.55 Y101.005 E1130.02784
G1 X106.55 Y111.866 E1130.47939
G0 F4800 X106.505 Y111.672
G1 F1500 E1123.97939
G0 F4800 X106.349 Y109.553
G0 X106.312 Y108.866
G1 F1500 E1130.47939
G0 F4800 X106.302 Y108.848
;TYPE:SKIN
G1 F1800 X106.286 Y108.549 E1130.48661
G1 X106.15 Y105.584 E1130.55819
G1 X106.251 Y105.403 E1130.56319
G0 F4800 X106.25 Y105.486
G0 X106.168 Y100.486
G0 X106.083 Y100.426
G1 F1800 X106.146 Y100.207 E1130.56805
G1 X106.338 Y100.116 E1130.57259
G0 F4800 X106.384 Y100.161
G0 X108.379 Y100.146
G0 X113.648 Y100.071
G1 F1800 X113.934 Y100.358 E1130.58101
G0 F4800 X113.789 Y105.586
G0 X113.896 Y105.693
G1 F1800 X113.823 Y105.904 E1130.58648
G1 X113.69 Y108.882 E1130.65947
G1 F1500 E1124.15947
;MESH:Switch Raiser Omron Tilted.stl(2)
G0 F4800 X113.7 Y108.89
G0 X113.651 Y109.554
G0 X114.673 Y109.961
G0 X116.62 Y116.568
G0 X117.702 Y116.624
G0 X117.897 Y117.368
;TYPE:WALL-INNER
G1 F1500 E1130.65947
G1 F3000 X117.853 Y117.258 E1130.6644
G1 X117.882 Y116.633 E1130.69041
G1 X117.955 Y115.244 E1130.74824
G1 X118.05 Y113.625 E1130.81566
G1 X118.137 Y112.325 E1130.86983
G1 X118.171 Y111.879 E1130.88843
G1 X118.171 Y112.325 E1130.88922
G1 X118.171 Y113.625 E1130.8997
G1 X118.171 Y115.244 E1130.92811
G1 X118.171 Y116.341 E1130.95617
G1 X118.27 Y116.669 E1130.9692
G1 X118.565 Y116.964 E1130.98654
G1 X118.913 Y117.054 E1131.00148
G1 X121.755 Y117.054 E1131.11964
G1 X125.132 Y117.054 E1131.26004
G1 X125.477 Y116.961 E1131.2749
G1 X125.774 Y116.662 E1131.29242
G1 X125.87 Y116.317 E1131.30731
G1 X125.87 Y115.24 E1131.35208
G1 X125.87 Y113.619 E1131.41948
G1 X125.87 Y112.323 E1131.47336
G1 X125.87 Y111.924 E1131.48995
G1 X125.9 Y112.323 E1131.49061
G1 X125.99 Y113.619 E1131.50085
G1 X126.085 Y115.24 E1131.52922
G1 X126.157 Y116.633 E1131.56968
G1 X126.186 Y117.221 E1131.59416
G1 X126.129 Y117.378 E1131.6011
G1 X126.021 Y117.412 E1131.60581
G1 X125.132 Y117.412 E1131.64277
G1 X121.755 Y117.41 E1131.76839
G1 X118.914 Y117.41 E1131.87378
G1 X118.034 Y117.411 E1131.91036
G1 X117.897 Y117.368 E1131.91633
G0 F4800 X117.77 Y117.77
;TYPE:WALL-OUTER
G1 F3000 X117.584 Y117.636 E1131.92586
G1 X117.469 Y117.409 E1131.93644
G1 X117.452 Y117.27 E1131.94226
G1 X117.483 Y116.614 E1131.96957
G1 X117.556 Y115.221 E1132.02756
G1 X117.651 Y113.598 E1132.09515
G1 X117.738 Y112.295 E1132.14945
G1 X117.815 Y111.273 E1132.19206
G1 X117.858 Y110.737 E1132.21441
G1 X117.969 Y109.498 E1132.26613
G1 X118.084 Y108.376 E1132.31302
G1 X118.203 Y107.424 E1132.35291
G1 X118.324 Y106.587 E1132.38807
G1 X118.447 Y105.923 E1132.41615
G1 X118.57 Y105.402 E1132.4384
G1 X118.571 Y116.282 E1132.89074
G1 X118.624 Y116.457 E1132.89834
G1 X118.771 Y116.604 E1132.90699
G1 X118.964 Y116.654 E1132.91527
G1 X125.079 Y116.654 E1133.16951
G1 X125.269 Y116.603 E1133.17769
G1 X125.417 Y116.454 E1133.18642
G1 X125.47 Y116.263 E1133.19466
G1 X125.47 Y105.402 E1133.64621
G1 X125.591 Y105.913 E1133.66804
G1 X125.715 Y106.58 E1133.69624
G1 X125.837 Y107.423 E1133.73166
G1 X125.955 Y108.377 E1133.77162
G1 X126.071 Y109.496 E1133.81839
G1 X126.182 Y110.733 E1133.87003
G1 X126.299 Y112.295 E1133.93515
G1 X126.389 Y113.596 E1133.98937
G1 X126.484 Y115.219 E1134.05696
G1 X126.557 Y116.614 E1134.11504
G1 X126.588 Y117.252 E1134.14159
G1 X126.529 Y117.527 E1134.15329
G1 X126.356 Y117.725 E1134.16422
G1 X126.091 Y117.809 E1134.17578
G1 X126.046 Y117.812 E1134.17765
G1 X121.755 Y117.81 E1134.35605
G1 X117.996 Y117.811 E1134.51233
G1 X117.77 Y117.77 E1134.52188
G0 F4800 X117.608 Y117.653
G0 X117.865 Y117.297
G0 X118.081 Y116.95
;TYPE:SKIN
G1 F1800 X118.327 Y117.195 E1134.5291
G0 F4800 X118.184 Y111.679
G0 X118.097 Y111.592
G1 F1800 X118.193 Y111.404 E1134.53416
G1 X118.325 Y108.425 E1134.60571
G0 F4800 X118.32 Y108.397
G0 X118.332 Y116.317
G0 X118.413 Y116.583
G0 X118.649 Y116.818
G0 X118.934 Y116.893
G0 X125.11 Y116.893
G0 X125.393 Y116.816
G0 X125.63 Y116.578
G0 X125.71 Y108.436
G0 X125.716 Y108.463
G1 F1800 X125.733 Y108.763 E1134.61279
G1 X125.857 Y111.433 E1134.67584
G1 X125.774 Y111.632 E1134.68092
G0 F4800 X125.865 Y111.723
G0 X125.72 Y108.187
G0 X125.713 Y108.177
G1 F1800 X125.683 Y108.147 E1134.68181
G0 F4800 X125.676 Y108.158
G0 X125.852 Y116.781
G0 X125.924 Y116.873
G1 F1800 X125.859 Y117.091 E1134.68697
G1 X125.647 Y117.162 E1134.69204
G0 F4800 X125.752 Y116.968
G1 F1500 E1128.19204
;MESH:Switch Raiser Omron Tilted.stl(3)
G0 F4800 X118.937 Y116.873
G0 X119.424 Y115.801
G0 X119.418 Y103.777
G0 X118.376 Y104.077
G0 X118.12 Y104.287
G0 X117.899 Y104.686
G0 X117.601 Y105.74
G0 X117.225 Y108.281
G0 X116.788 Y113.544
G0 X116.612 Y117.531
G0 X116.807 Y117.999
G0 X117.898 Y120.168
G0 X117.955 Y121.249
G0 X118.224 Y122.475
G0 X118.224 Y128.655
G0 X118.143 Y128.946
G0 X117.91 Y129.178
G0 X113.209 Y129.416
;TYPE:WALL-INNER
G1 F1500 E1134.69204
G1 F3000 X113.655 Y129.416 E1134.71058
G1 X114.955 Y129.416 E1134.76463
G1 X116.993 Y129.416 E1134.84936
G1 X117.667 Y129.416 E1134.87738
G1 X117.994 Y129.322 E1134.89153
G1 X118.287 Y129.031 E1134.90869
G1 X118.385 Y128.677 E1134.92396
G1 X118.385 Y122.453 E1135.18273
G1 X118.288 Y122.106 E1135.19771
G1 X117.992 Y121.813 E1135.21502
G1 X117.647 Y121.717 E1135.22991
G1 X116.575 Y121.713 E1135.27448
G1 X114.955 Y121.706 E1135.34183
G1 X113.475 Y121.699 E1135.40337
G1 X114.955 Y121.598 E1135.4118
G1 X116.575 Y121.502 E1135.43881
G1 X117.963 Y121.43 E1135.4762
G1 X118.572 Y121.402 E1135.50155
G1 X118.719 Y121.475 E1135.50837
G1 X118.74 Y121.552 E1135.51169
G1 X118.74 Y122.453 E1135.54915
G1 X118.74 Y128.677 E1135.77938
G1 X118.74 Y129.575 E1135.81671
G1 X118.676 Y129.706 E1135.82278
G1 X118.584 Y129.733 E1135.82676
G1 X117.654 Y129.688 E1135.86547
G1 X116.993 Y129.656 E1135.88303
G1 X114.955 Y129.537 E1135.92148
G1 X113.655 Y129.45 E1135.93205
G1 X113.209 Y129.416 E1135.93288
G1 F1500 E1129.43288
G0 F4800 X109.038 Y129.218
G0 X106.732 Y129.017
;TYPE:WALL-OUTER
G1 F1500 E1135.93288
G1 F3000 X117.611 Y129.016 E1136.38518
G1 X117.785 Y128.966 E1136.39271
G1 X117.93 Y128.822 E1136.4012
G1 X117.985 Y128.623 E1136.40979
G1 X117.985 Y122.508 E1136.66402
G1 X117.931 Y122.316 E1136.67231
G1 X117.784 Y122.17 E1136.68093
G1 X117.593 Y122.117 E1136.68917
G1 X106.732 Y122.117 E1137.14071
G1 X107.245 Y121.997 E1137.16262
G1 X107.918 Y121.871 E1137.19108
G1 X108.753 Y121.75 E1137.22616
G1 X109.708 Y121.632 E1137.26617
G1 X110.829 Y121.516 E1137.31302
G1 X112.067 Y121.405 E1137.3647
G1 X113.445 Y121.3 E1137.42216
G1 X114.928 Y121.199 E1137.48395
G1 X116.551 Y121.103 E1137.55155
G1 X117.945 Y121.03 E1137.60958
G1 X118.619 Y120.999 E1137.63764
G1 X118.904 Y121.084 E1137.65
G1 X119.08 Y121.276 E1137.66083
G1 X119.14 Y121.501 E1137.67051
G1 X119.14 Y129.632 E1138.00856
G1 X119.066 Y129.885 E1138.01952
G1 X118.885 Y130.061 E1138.03001
G1 X118.643 Y130.133 E1138.04051
G1 X118.595 Y130.135 E1138.04251
G1 X116.973 Y130.055 E1138.11002
G1 X114.928 Y129.936 E1138.19519
G1 X113.625 Y129.849 E1138.24948
G1 X112.603 Y129.772 E1138.29209
G1 X112.068 Y129.729 E1138.31441
G1 X110.828 Y129.618 E1138.36617
G1 X109.711 Y129.503 E1138.41285
G1 X109.367 Y129.463 E1138.42725
G1 X108.684 Y129.375 E1138.45588
G1 X107.918 Y129.263 E1138.48807
G1 X107.247 Y129.138 E1138.51644
G1 X106.732 Y129.017 E1138.53844
G0 F4800 X106.932 Y129.017
G1 F1500 E1132.03844
G0 F4800 X109.038 Y129.218
G0 X109.727 Y129.254
G1 F1500 E1138.53844
G0 F4800 X109.745 Y129.261
;TYPE:SKIN
G1 F1800 X110.044 Y129.277 E1138.54531
G1 X112.716 Y129.404 E1138.60673
G1 X112.917 Y129.322 E1138.61172
G0 F4800 X113.009 Y129.413
G0 X118.159 Y129.41
G0 X118.168 Y129.482
G1 F1800 X118.387 Y129.418 E1138.6164
G1 X118.48 Y129.228 E1138.62073
G0 F4800 X118.436 Y129.184
G0 X118.525 Y121.919
G1 F1800 X118.238 Y121.632 E1138.62917
G0 F4800 X113.277 Y121.762
G0 X113.168 Y121.653
G1 F1800 X112.964 Y121.732 E1138.63508
G1 X109.982 Y121.862 E1138.71566
G0 F4800 X109.739 Y121.901
G1 F1800 X109.688 Y121.85 E1138.71716
G1 F1500 E1132.21716
;MESH:NONMESH
G0 F300 X109.688 Y121.85 Z6
G0 F4800 X109.706 Y121.867
G0 X109.048 Y121.916
G0 X108.636 Y120.894
G0 X103.269 Y118.126
G0 X102.314 Y117.601
G0 X101.636 Y116.989
;TIME_ELAPSED:1101.787709
;LAYER:23
;TYPE:WALL-INNER
;MESH:Switch Raiser Omron Tilted.stl(1)
G1 F1500 E1138.71716
G1 X101.85 Y116.588 E1138.73605
G1 X101.858 Y116.485 E1138.74035
G1 X101.913 Y117.233 E1138.75903
G1 X101.899 Y117.293 E1138.76159
G1 X101.861 Y117.3 E1138.7632
G1 X101.235 Y117.3 E1138.78922
G1 X100.834 Y117.3 E1138.8059
G1 X94.592 Y117.3 E1139.06541
G1 X94.157 Y117.3 E1139.08349
G1 X94.115 Y117.219 E1139.08729
G1 X94.167 Y116.518 E1139.11651
G1 X94.291 Y116.862 E1139.12078
G1 X94.592 Y117.125 E1139.1374
G1 X94.867 Y117.202 E1139.14681
G1 X100.834 Y117.204 E1139.26417
G1 X101.235 Y117.199 E1139.26829
G1 X101.636 Y116.989 E1139.27852
G0 F4800 X101.341 Y116.692
;TYPE:WALL-OUTER
G1 F3000 X101.458 Y116.473 E1139.28884
G1 X101.463 Y116.411 E1139.29143
G1 X101.463 Y110.064 E1139.55531
G1 X101.584 Y110.567 E1139.57682
G1 X101.708 Y111.247 E1139.60555
G1 X101.83 Y112.075 E1139.64035
G1 X101.949 Y113.048 E1139.6811
G1 X102.064 Y114.15 E1139.72717
G1 X102.176 Y115.395 E1139.77914
G1 X102.263 Y116.529 E1139.82642
G1 X102.316 Y117.262 E1139.85698
G1 X102.257 Y117.524 E1139.86814
G1 X102.104 Y117.661 E1139.87668
G1 X101.898 Y117.7 E1139.8854
G1 X94.1 Y117.7 E1140.2096
G1 X93.872 Y117.632 E1140.21949
G1 X93.749 Y117.478 E1140.22769
G1 X93.713 Y117.234 E1140.23794
G1 X93.825 Y115.717 E1140.30118
G1 X93.883 Y115.034 E1140.32968
G1 X93.962 Y114.153 E1140.36646
G1 X94.078 Y113.052 E1140.41248
G1 X94.196 Y112.08 E1140.45319
G1 X94.318 Y111.254 E1140.4879
G1 X94.443 Y110.567 E1140.51694
G1 X94.563 Y110.067 E1140.53831
G1 X94.564 Y116.44 E1140.80327
G1 X94.632 Y116.629 E1140.81162
G1 X94.787 Y116.764 E1140.82017
G1 X94.922 Y116.802 E1140.826
G1 X100.831 Y116.804 E1141.07167
G1 X101.134 Y116.8 E1141.08427
G1 X101.341 Y116.692 E1141.09397
G0 F4800 X101.435 Y116.516
G0 X101.823 Y116.724
G0 X101.899 Y116.172
;TYPE:SKIN
G1 F1800 X101.834 Y115.953 E1141.09941
G1 X101.699 Y112.977 E1141.17031
G0 F4800 X101.713 Y112.966
G0 X101.692 Y116.542
G0 X101.516 Y116.869
G0 X101.193 Y117.037
G0 X94.889 Y117.041
G0 X94.429 Y116.768
G0 X94.337 Y112.984
G0 X94.321 Y113
G1 F1800 X94.305 Y113.3 E1141.1771
G1 X94.178 Y115.973 E1141.23755
G1 X94.229 Y116.204 E1141.24289
G1 F1500 E1134.74289
;MESH:Switch Raiser Omron Tilted.stl
G0 F4800 X94.111 Y116.323
G0 X94.362 Y112.384
G0 X95.428 Y112.383
G0 X99.628 Y109.201
G0 X105.292 Y105.176
G0 X106.349 Y105.046
G0 X106.155 Y100.938
;TYPE:WALL-INNER
G1 F1500 E1141.24289
G1 X106.101 Y100.182 E1141.2744
G1 X106.161 Y100.129 E1141.27773
G1 X106.778 Y100.129 E1141.30338
G1 X107.179 Y100.129 E1141.32006
G1 X113.42 Y100.129 E1141.57953
G1 X113.856 Y100.13 E1141.59765
G1 X113.898 Y100.204 E1141.60119
G1 X113.847 Y100.916 E1141.63087
G1 X113.723 Y100.571 E1141.63486
G1 X113.42 Y100.306 E1141.6516
G1 X113.147 Y100.228 E1141.65954
G1 X107.179 Y100.226 E1141.7162
G1 X106.778 Y100.231 E1141.72036
G1 X106.378 Y100.441 E1141.72874
G1 X106.163 Y100.843 E1141.73525
G1 X106.155 Y100.938 E1141.73921
G1 F1500 E1135.23921
G0 F4800 X106.349 Y105.046
G0 X106.55 Y107.362
;TYPE:WALL-OUTER
G1 F1500 E1141.73921
G1 F3000 X106.429 Y106.863 E1141.76056
G1 X106.304 Y106.175 E1141.78963
G1 X106.183 Y105.35 E1141.8243
G1 X106.064 Y104.379 E1141.86497
G1 X105.949 Y103.277 E1141.91103
G1 X105.838 Y102.031 E1141.96304
G1 X105.751 Y100.901 E1142.01016
G1 X105.698 Y100.151 E1142.04142
G1 X105.75 Y99.916 E1142.05143
G1 X105.884 Y99.782 E1142.0593
G1 X106.116 Y99.729 E1142.0692
G1 X113.922 Y99.73 E1142.39373
G1 X114.154 Y99.807 E1142.4039
G1 X114.273 Y99.971 E1142.41232
G1 X114.3 Y100.195 E1142.4217
G1 X114.25 Y100.9 E1142.45109
G1 X114.162 Y102.031 E1142.49825
G1 X114.051 Y103.277 E1142.55026
G1 X113.936 Y104.378 E1142.59628
G1 X113.817 Y105.35 E1142.63699
G1 X113.696 Y106.175 E1142.67166
G1 X113.571 Y106.863 E1142.70073
G1 X113.45 Y107.361 E1142.72204
G1 X113.449 Y100.99 E1142.98691
G1 X113.382 Y100.804 E1142.99513
G1 X113.224 Y100.666 E1143.00386
G1 X113.091 Y100.628 E1143.00961
G1 X107.182 Y100.626 E1143.25527
G1 X106.879 Y100.63 E1143.26787
G1 X106.673 Y100.738 E1143.27754
G1 X106.555 Y100.959 E1143.28796
G1 X106.55 Y101.019 E1143.29046
G1 X106.55 Y107.362 E1143.55417
G0 F4800 X106.503 Y107.168
G1 F1500 E1137.05417
G0 F4800 X106.349 Y105.046
G0 X106.3 Y104.413
G1 F1500 E1143.55417
G0 F4800 X106.309 Y104.407
;TYPE:SKIN
G1 F1800 X106.296 Y104.137 E1143.56023
G1 X106.176 Y101.429 E1143.62093
G1 X106.092 Y101.23 E1143.62577
G0 F4800 X106.083 Y101.319
G0 X106.498 Y100.561
G0 X106.82 Y100.393
G0 X113.124 Y100.389
G0 X113.561 Y100.643
G0 X113.75 Y101.297
G0 X113.752 Y101.206
G1 F1800 X113.835 Y101.407 E1143.6307
G1 X113.692 Y104.378 E1143.69809
G1 F1500 E1137.19809
;MESH:Switch Raiser Omron Tilted.stl(2)
G0 F4800 X113.683 Y104.391
G0 X113.651 Y105.049
G0 X114.673 Y105.467
G0 X117.347 Y111.801
G0 X118.369 Y112.219
G0 X118.155 Y117.137
;TYPE:WALL-INNER
G1 F1500 E1143.69809
G1 X118.122 Y117.064 E1143.70142
G1 X118.173 Y116.351 E1143.73114
G1 X118.297 Y116.699 E1143.73519
G1 X118.603 Y116.963 E1143.75199
G1 X118.874 Y117.039 E1143.76369
G1 X124.841 Y117.041 E1144.01177
G1 X125.242 Y117.036 E1144.02845
G1 X125.643 Y116.826 E1144.04726
G1 X125.857 Y116.424 E1144.0662
G1 X125.865 Y116.329 E1144.07016
G1 X125.919 Y117.08 E1144.08905
G1 X125.908 Y117.127 E1144.09106
G1 X125.861 Y117.138 E1144.09306
G1 X125.242 Y117.138 E1144.11023
G1 X124.841 Y117.138 E1144.11439
G1 X118.603 Y117.138 E1144.24242
G1 X118.155 Y117.137 E1144.26105
G0 F4800 X117.878 Y117.47
;TYPE:WALL-OUTER
G1 F3000 X117.746 Y117.294 E1144.2702
G1 X117.72 Y117.072 E1144.27949
G1 X117.77 Y116.367 E1144.30887
G1 X117.858 Y115.236 E1144.35604
G1 X117.969 Y113.99 E1144.40805
G1 X118.084 Y112.89 E1144.45403
G1 X118.203 Y111.918 E1144.49474
G1 X118.324 Y111.092 E1144.52945
G1 X118.449 Y110.405 E1144.55848
G1 X118.57 Y109.905 E1144.57987
G1 X118.571 Y116.277 E1144.84478
G1 X118.638 Y116.465 E1144.85308
G1 X118.797 Y116.602 E1144.86181
G1 X118.929 Y116.639 E1144.86751
G1 X124.838 Y116.641 E1145.11317
G1 X125.141 Y116.637 E1145.12577
G1 X125.348 Y116.529 E1145.13548
G1 X125.465 Y116.309 E1145.14584
G1 X125.47 Y116.249 E1145.14834
G1 X125.47 Y109.904 E1145.41214
G1 X125.591 Y110.405 E1145.43356
G1 X125.715 Y111.085 E1145.4623
G1 X125.836 Y111.913 E1145.49709
G1 X125.955 Y112.886 E1145.53785
G1 X126.071 Y113.987 E1145.58387
G1 X126.182 Y115.233 E1145.63588
G1 X126.269 Y116.366 E1145.68312
G1 X126.322 Y117.111 E1145.71418
G1 X126.266 Y117.355 E1145.72458
G1 X126.131 Y117.487 E1145.73243
G1 X125.904 Y117.538 E1145.74211
G1 X118.095 Y117.537 E1146.06677
G1 X117.878 Y117.47 E1146.07621
G0 F4800 X117.758 Y117.31
G0 X118.162 Y117.05
G0 X118.188 Y116.004
;TYPE:SKIN
G1 F1800 X118.187 Y115.722 E1146.08326
G1 X118.334 Y112.747 E1146.1577
G0 F4800 X118.354 Y112.737
G0 X118.27 Y116.12
G0 X118.354 Y116.121
G1 F1800 X118.316 Y116.159 E1146.15882
G0 F4800 X118.27 Y116.158
G0 X118.434 Y116.604
G0 X118.682 Y116.818
G0 X125.2 Y116.874
G0 X125.523 Y116.706
G0 X125.673 Y116.344
G0 X125.77 Y115.862
G0 X125.837 Y115.709
G1 F1800 X125.827 Y115.437 E1146.16515
G1 X125.7 Y112.734 E1146.22807
G0 F4800 X125.72 Y112.728
G0 X125.927 Y115.824
G0 X125.856 Y115.973
G1 F1800 X126.007 Y116.106 E1146.23856
G1 F1500 E1139.73856
;MESH:Switch Raiser Omron Tilted.stl(3)
G0 F4800 X125.947 Y116.086
G0 X125.523 Y116.706
G0 X125.262 Y116.841
G0 X118.128 Y117.318
G0 X118.128 Y118.403
G0 X118.336 Y120.406
G0 X118.414 Y121.485
G0 X118.209 Y128.691
G0 X117.684 Y129.413
;TYPE:WALL-INNER
G1 F1500 E1146.23856
G1 X118.031 Y129.29 E1146.25387
G1 X118.293 Y128.986 E1146.27055
G1 X118.37 Y128.714 E1146.2823
G1 X118.372 Y122.746 E1146.53043
G1 X118.367 Y122.346 E1146.54706
G1 X118.156 Y121.945 E1146.5659
G1 X117.756 Y121.73 E1146.58478
G1 X117.66 Y121.722 E1146.58878
G1 X118.404 Y121.668 E1146.60392
G1 X118.46 Y121.68 E1146.6063
G1 X118.468 Y121.721 E1146.60804
G1 X118.468 Y122.346 E1146.62548
G1 X118.468 Y122.746 E1146.62959
G1 X118.468 Y128.986 E1146.75768
G1 X118.468 Y129.424 E1146.77589
G1 X118.389 Y129.466 E1146.77961
G1 X117.684 Y129.413 E1146.79767
G1 F1500 E1140.29767
G0 F4800 X113.546 Y129.218
G0 X111.236 Y129.017
;TYPE:WALL-OUTER
G1 F1500 E1146.79767
G1 F3000 X117.608 Y129.016 E1147.06259
G1 X117.797 Y128.949 E1147.07093
G1 X117.932 Y128.792 E1147.07954
G1 X117.97 Y128.658 E1147.08533
G1 X117.972 Y122.749 E1147.33099
G1 X117.968 Y122.447 E1147.34355
G1 X117.859 Y122.239 E1147.35331
G1 X117.641 Y122.122 E1147.3636
G1 X117.579 Y122.117 E1147.36619
G1 X111.236 Y122.117 E1147.6299
G1 X111.735 Y121.997 E1147.65123
G1 X112.422 Y121.871 E1147.68027
G1 X113.243 Y121.751 E1147.71477
G1 X114.219 Y121.632 E1147.75565
G1 X115.321 Y121.516 E1147.80172
G1 X116.566 Y121.405 E1147.85368
G1 X117.697 Y121.318 E1147.90084
G1 X118.432 Y121.265 E1147.93148
G1 X118.684 Y121.319 E1147.94219
G1 X118.828 Y121.474 E1147.95099
G1 X118.868 Y121.683 E1147.95984
G1 X118.868 Y129.481 E1148.28404
G1 X118.8 Y129.71 E1148.29397
G1 X118.639 Y129.835 E1148.30245
G1 X118.399 Y129.868 E1148.31252
G1 X116.884 Y129.755 E1148.37568
G1 X116.451 Y129.72 E1148.39374
G1 X115.321 Y129.618 E1148.44091
G1 X114.22 Y129.503 E1148.48694
G1 X113.243 Y129.384 E1148.52785
G1 X112.423 Y129.263 E1148.56232
G1 X111.735 Y129.138 E1148.59139
G1 X111.236 Y129.017 E1148.61273
G0 F4800 X111.436 Y129.017
G1 F1500 E1142.11273
G0 F4800 X113.546 Y129.218
G0 X114.255 Y129.267
G1 F1500 E1148.61273
G0 F4800 X114.267 Y129.259
;TYPE:SKIN
G1 F1800 X114.537 Y129.272 E1148.61894
G1 X117.246 Y129.391 E1148.68124
G1 X117.415 Y129.505 E1148.68593
G0 F4800 X117.353 Y129.491
G0 X117.936 Y129.153
G0 X118.147 Y128.907
G0 X118.205 Y122.388
G0 X118.036 Y122.064
G0 X117.674 Y121.914
G0 X117.383 Y121.817
G0 X117.42 Y121.863
G1 F1800 X117.275 Y121.725 E1148.6905
G1 X114.305 Y121.867 E1148.75839
G0 F4800 X114.019 Y121.871
G1 F1800 X113.989 Y121.9 E1148.75926
G1 F1500 E1142.25926
;MESH:NONMESH
G0 F300 X113.989 Y121.9 Z6.25
G0 F4800 X114.011 Y121.91
G0 X113.557 Y121.916
G0 X113.131 Y120.894
G0 X103.124 Y116.466
G0 X101.682 Y116.419
G0 X101.763 Y114.561
G1 F1500 E1148.75926
G0 F4800 X101.463 Y114.561
;TIME_ELAPSED:1121.004036
;LAYER:24
;TYPE:WALL-OUTER
;MESH:Switch Raiser Omron Tilted.stl(1)
G1 F891.9 X101.587 Y115.091 E1148.78189
G1 X101.716 Y115.806 E1148.8121
G1 X101.83 Y116.581 E1148.84466
G1 X101.89 Y117.069 E1148.86511
G1 X101.843 Y117.218 E1148.8716
G1 X101.7 Y117.267 E1148.87789
G1 X94.33 Y117.267 E1149.1843
G1 X94.187 Y117.222 E1149.19053
G1 X94.137 Y117.065 E1149.19738
G1 X94.196 Y116.586 E1149.21744
G1 X94.304 Y115.841 E1149.24874
G1 X94.441 Y115.083 E1149.28077
G1 X94.563 Y114.565 E1149.30289
G1 X94.563 Y116.407 E1149.37947
G1 X94.616 Y116.589 E1149.38735
G1 X94.762 Y116.735 E1149.39594
G1 X94.954 Y116.789 E1149.40423
G1 X101.071 Y116.789 E1149.65854
G1 X101.264 Y116.735 E1149.66688
G1 X101.413 Y116.587 E1149.67561
G1 X101.463 Y116.397 E1149.68378
G1 X101.463 Y114.561 E1149.76011
G0 F4800 X101.508 Y114.755
G0 X101.57 Y115.618
G0 X101.595 Y116.263
G0 X101.515 Y116.788
G0 X101.585 Y116.859
;TYPE:SKIN
G1 F1070.2 X101.432 Y116.988 E1149.76151
G1 X99.773 Y117.026 E1149.77318
G1 X94.965 Y117.026 E1149.80697
G1 X94.549 Y116.893 E1149.81004
G1 X94.392 Y117.019 E1149.81146
G0 F4800 X94.736 Y116.854
G1 F1500 E1143.31146
;MESH:Switch Raiser Omron Tilted.stl
G0 F4800 X94.714 Y116.929
G0 X101.087 Y116.908
G0 X100.61 Y115.936
G0 X100.614 Y112.946
G0 X105.58 Y102.518
G0 X106.449 Y101.89
G0 X106.4 Y101.298
G1 F1500 E1149.81146
G0 F4800 X106.55 Y102.865
;TYPE:WALL-OUTER
G1 F891.9 X106.426 Y102.337 E1149.83401
G1 X106.291 Y101.589 E1149.86561
G1 X106.184 Y100.848 E1149.89673
G1 X106.124 Y100.357 E1149.9173
G1 X106.174 Y100.208 E1149.92383
G1 X106.315 Y100.162 E1149.93
G1 X111.939 Y100.161 E1150.16382
G1 X113.729 Y100.165 E1150.23824
G1 X113.848 Y100.235 E1150.24398
G1 X113.876 Y100.371 E1150.24975
G1 X113.817 Y100.843 E1150.26953
G1 X113.71 Y101.59 E1150.3009
G1 X113.573 Y102.347 E1150.33288
G1 X113.45 Y102.865 E1150.35502
G1 X113.45 Y101.023 E1150.4316
G1 X113.397 Y100.841 E1150.43948
G1 X113.25 Y100.694 E1150.44812
G1 X113.059 Y100.641 E1150.45636
G1 X106.942 Y100.641 E1150.71068
G1 X106.75 Y100.694 E1150.71896
G1 X106.603 Y100.841 E1150.7276
G1 X106.55 Y101.033 E1150.73588
G1 X106.55 Y102.865 E1150.81205
G0 F4800 X106.505 Y102.671
G0 X106.442 Y101.81
G0 X106.418 Y101.166
G0 X106.539 Y100.6
G0 X106.442 Y100.502
;TYPE:SKIN
G1 F1070.2 X106.652 Y100.429 E1150.81357
G1 X108.603 Y100.4 E1150.82693
G1 X113.142 Y100.414 E1150.858
G1 X113.509 Y100.498 E1150.86057
G0 F4800 X113.595 Y100.332
G1 F1500 E1144.36057
;MESH:Switch Raiser Omron Tilted.stl(2)
G0 F4800 X113.595 Y100.364
G0 X113.551 Y101.896
G0 X114.419 Y102.53
G0 X117.601 Y114.737
G0 X118.469 Y115.371
G0 X118.42 Y115.967
G1 F1500 E1150.86057
G0 F4800 X118.57 Y114.403
;TYPE:WALL-OUTER
G1 F891.9 X118.57 Y116.245 E1150.93716
G1 X118.623 Y116.427 E1150.94504
G1 X118.771 Y116.575 E1150.95374
G1 X118.961 Y116.626 E1150.96192
G1 X125.078 Y116.626 E1151.21623
G1 X125.269 Y116.575 E1151.22445
G1 X125.417 Y116.427 E1151.23315
G1 X125.47 Y116.235 E1151.24143
G1 X125.47 Y114.403 E1151.3176
G1 X125.592 Y114.919 E1151.33964
G1 X125.728 Y115.671 E1151.37142
G1 X125.838 Y116.424 E1151.40305
G1 X125.896 Y116.895 E1151.42278
G1 X125.847 Y117.06 E1151.42994
G1 X125.703 Y117.106 E1151.43623
G1 X118.339 Y117.105 E1151.74238
G1 X118.195 Y117.062 E1151.74863
G1 X118.144 Y116.898 E1151.75577
G1 X118.203 Y116.424 E1151.77563
G1 X118.31 Y115.677 E1151.80701
G1 X118.447 Y114.92 E1151.83899
G1 X118.57 Y114.403 E1151.86108
G0 F4800 X118.57 Y114.603
G0 X118.462 Y115.451
G0 X118.385 Y116.688
G0 X118.485 Y116.788
;TYPE:SKIN
G1 F1070.2 X118.824 Y116.844 E1151.86354
G1 X122.239 Y116.865 E1151.88797
G1 X125.327 Y116.842 E1151.91005
G1 X125.557 Y116.789 E1151.91174
G1 X125.62 Y116.569 E1151.91338
G1 F1500 E1145.41338
;MESH:Switch Raiser Omron Tilted.stl(3)
G0 F4800 X125.574 Y116.551
G0 X125.34 Y116.699
G0 X118.357 Y116.986
G0 X118.357 Y117.97
G0 X118.252 Y120.825
G0 X118.231 Y121.811
G0 X118.096 Y128.645
G0 X118.026 Y128.89
G0 X117.827 Y129.09
G0 X117.301 Y129.167
G1 F1500 E1151.91338
G0 F4800 X115.733 Y129.017
;TYPE:WALL-OUTER
G1 F891.9 X117.575 Y129.017 E1151.98996
G1 X117.755 Y128.967 E1151.99772
G1 X117.903 Y128.818 E1152.00646
G1 X117.957 Y128.626 E1152.01475
G1 X117.957 Y122.509 E1152.26906
G1 X117.903 Y122.316 E1152.2774
G1 X117.757 Y122.17 E1152.28598
G1 X117.565 Y122.117 E1152.29426
G1 X115.732 Y122.117 E1152.37047
G1 X116.251 Y121.996 E1152.39262
G1 X116.981 Y121.863 E1152.42347
G1 X117.749 Y121.751 E1152.45574
G1 X118.246 Y121.69 E1152.47656
G1 X118.388 Y121.739 E1152.4828
G1 X118.436 Y121.884 E1152.48915
G1 X118.436 Y127.385 E1152.71786
G1 X118.432 Y129.292 E1152.79714
G1 X118.358 Y129.416 E1152.80315
G1 X118.204 Y129.442 E1152.80964
G1 X117.754 Y129.385 E1152.8285
G1 X117.004 Y129.276 E1152.86001
G1 X116.813 Y129.243 E1152.86807
G1 X116.247 Y129.138 E1152.892
G1 X115.733 Y129.017 E1152.91395
G0 F4800 X115.933 Y129.017
G0 X116.779 Y129.124
G0 X117.512 Y129.152
G0 X117.997 Y129.027
G0 X118.094 Y129.125
;TYPE:SKIN
G1 F1070.2 X118.165 Y128.913 E1152.9155
G1 X118.196 Y126.964 E1152.92903
G1 X118.183 Y122.426 E1152.96053
G1 X118.1 Y122.059 E1152.96314
G0 F4800 X118.265 Y121.971
;TIME_ELAPSED:1133.510296
G1 F1500 E1146.46314
M140 S0
M204 S500
M104 S0
M140 S0
G92 E0
G1 E-10 F2000
G28 X0 Y0
M84
M82 ;absolute extrusion mode
M104 S0
;End of Gcode
;SETTING_3 {"global_quality": "[general]\\nversion = 4\\nname = Extra Fast #2\\n
;SETTING_3 definition = anet3d_a8\\n\\n[metadata]\\ntype = quality_changes\\nqua
;SETTING_3 lity_type = verydraft\\nsetting_version = 19\\n\\n[values]\\nadhesion
;SETTING_3 _type = brim\\nlayer_height = 0.25\\nlayer_height_0 = 0.25\\nsupport_
;SETTING_3 enable = True\\nsupport_structure = tree\\nsupport_type = everywhere\
;SETTING_3 \n\\n", "extruder_quality": ["[general]\\nversion = 4\\nname = Extra 
;SETTING_3 Fast #2\\ndefinition = anet3d_a8\\n\\n[metadata]\\ntype = quality_cha
;SETTING_3 nges\\nquality_type = verydraft\\nsetting_version = 19\\nposition = 0
;SETTING_3 \\n\\n[values]\\nbrim_line_count = 6\\ncool_fan_enabled = False\\ncoo
;SETTING_3 l_fan_speed = 30\\nfill_outline_gaps = True\\nfilter_out_tiny_gaps = 
;SETTING_3 False\\ninfill_pattern = gyroid\\ninfill_sparse_density = 15\\nmagic_
;SETTING_3 fuzzy_skin_outside_only = True\\nmaterial_print_temperature = 224\\ns
;SETTING_3 kirt_line_count = 2\\nsmall_hole_max_size = 10\\nspeed_infill = 50\\n
;SETTING_3 speed_layer_0 = 30\\nspeed_print = 50\\nspeed_topbottom = 30\\nspeed_
;SETTING_3 travel = 80\\nspeed_wall = 50\\nsupport_angle = 65\\nsupport_pattern 
;SETTING_3 = grid\\ntop_bottom_pattern = concentric\\nwall_line_count = 4\\n\\n"
;SETTING_3 ]}
