ISO-10303-21;
HEADER;
FILE_DESCRIPTION(('KiCad electronic assembly'),'2;1');
FILE_NAME('Bottom Plate rev.3.step','2026-03-15T14:59:00',('Pcbnew'),(
    'Kicad'),'Open CASCADE STEP processor 7.8','KiCad to STEP converter'
  ,'Unknown');
FILE_SCHEMA(('AUTOMOTIVE_DESIGN { 1 0 10303 214 1 1 1 1 }'));
ENDSEC;
DATA;
#1 = APPLICATION_PROTOCOL_DEFINITION('international standard',
  'automotive_design',2000,#2);
#2 = APPLICATION_CONTEXT(
  'core data for automotive mechanical design processes');
#3 = SHAPE_DEFINITION_REPRESENTATION(#4,#10);
#4 = PRODUCT_DEFINITION_SHAPE('','',#5);
#5 = PRODUCT_DEFINITION('design','',#6,#9);
#6 = PRODUCT_DEFINITION_FORMATION('','',#7);
#7 = PRODUCT('Bottom Plate rev.3 1','Bottom Plate rev.3 1','',(#8));
#8 = PRODUCT_CONTEXT('',#2,'mechanical');
#9 = PRODUCT_DEFINITION_CONTEXT('part definition',#2,'design');
#10 = SHAPE_REPRESENTATION('',(#11,#15,#19,#23,#27,#31,#35,#39,#43,#47,
    #51,#55,#59,#63),#67);
#11 = AXIS2_PLACEMENT_3D('',#12,#13,#14);
#12 = CARTESIAN_POINT('',(0.,0.,0.));
#13 = DIRECTION('',(0.,0.,1.));
#14 = DIRECTION('',(1.,0.,-0.));
#15 = AXIS2_PLACEMENT_3D('',#16,#17,#18);
#16 = CARTESIAN_POINT('',(125.72,-117.,1.595));
#17 = DIRECTION('',(0.,-0.,1.));
#18 = DIRECTION('',(1.110223024625E-16,1.,0.));
#19 = AXIS2_PLACEMENT_3D('',#20,#21,#22);
#20 = CARTESIAN_POINT('',(99.16,-27.,1.595));
#21 = DIRECTION('',(0.,-0.,1.));
#22 = DIRECTION('',(1.110223024625E-16,1.,0.));
#23 = AXIS2_PLACEMENT_3D('',#24,#25,#26);
#24 = CARTESIAN_POINT('',(33.6,-31.4,1.595));
#25 = DIRECTION('',(0.,0.,1.));
#26 = DIRECTION('',(1.,0.,0.));
#27 = AXIS2_PLACEMENT_3D('',#28,#29,#30);
#28 = CARTESIAN_POINT('',(55.943193,-94.246268,1.595));
#29 = DIRECTION('',(-0.,0.,1.));
#30 = DIRECTION('',(0.422618261741,-0.906307787037,0.));
#31 = AXIS2_PLACEMENT_3D('',#32,#33,#34);
#32 = CARTESIAN_POINT('',(91.3,-117.,1.595));
#33 = DIRECTION('',(-0.,0.,1.));
#34 = DIRECTION('',(1.110223024625E-16,-1.,0.));
#35 = AXIS2_PLACEMENT_3D('',#36,#37,#38);
#36 = CARTESIAN_POINT('',(55.2875,-49.9,1.595));
#37 = DIRECTION('',(0.,-0.,1.));
#38 = DIRECTION('',(1.110223024625E-16,1.,0.));
#39 = AXIS2_PLACEMENT_3D('',#40,#41,#42);
#40 = CARTESIAN_POINT('',(164.5,-69.4,1.595));
#41 = DIRECTION('',(0.,0.,1.));
#42 = DIRECTION('',(1.,0.,0.));
#43 = AXIS2_PLACEMENT_3D('',#44,#45,#46);
#44 = CARTESIAN_POINT('',(52.3375,-49.9,1.595));
#45 = DIRECTION('',(-0.,0.,1.));
#46 = DIRECTION('',(1.110223024625E-16,-1.,0.));
#47 = AXIS2_PLACEMENT_3D('',#48,#49,#50);
#48 = CARTESIAN_POINT('',(148.38,-33.,1.595));
#49 = DIRECTION('',(0.,-0.,1.));
#50 = DIRECTION('',(1.110223024625E-16,1.,0.));
#51 = AXIS2_PLACEMENT_3D('',#52,#53,#54);
#52 = CARTESIAN_POINT('',(55.3375,-50.175,-8.5E-02));
#53 = DIRECTION('',(1.224646799147E-16,-1.359631073447E-32,-1.));
#54 = DIRECTION('',(1.110223024625E-16,1.,0.));
#55 = AXIS2_PLACEMENT_3D('',#56,#57,#58);
#56 = CARTESIAN_POINT('',(52.3875,-50.175,-8.5E-02));
#57 = DIRECTION('',(-1.224646799147E-16,-1.359631073447E-32,-1.));
#58 = DIRECTION('',(1.110223024625E-16,-1.,0.));
#59 = AXIS2_PLACEMENT_3D('',#60,#61,#62);
#60 = CARTESIAN_POINT('',(53.5,-42.1,-8.5E-02));
#61 = DIRECTION('',(1.499759782662E-32,1.224646799147E-16,-1.));
#62 = DIRECTION('',(-1.,1.224646799147E-16,0.));
#63 = AXIS2_PLACEMENT_3D('',#64,#65,#66);
#64 = CARTESIAN_POINT('',(0.,0.,0.));
#65 = DIRECTION('',(0.,0.,1.));
#66 = DIRECTION('',(1.,0.,-0.));
#67 = ( GEOMETRIC_REPRESENTATION_CONTEXT(3) 
GLOBAL_UNCERTAINTY_ASSIGNED_CONTEXT((#71)) GLOBAL_UNIT_ASSIGNED_CONTEXT(
(#68,#69,#70)) REPRESENTATION_CONTEXT('Context #1',
  '3D Context with UNIT and UNCERTAINTY') );
#68 = ( LENGTH_UNIT() NAMED_UNIT(*) SI_UNIT(.MILLI.,.METRE.) );
#69 = ( NAMED_UNIT(*) PLANE_ANGLE_UNIT() SI_UNIT($,.RADIAN.) );
#70 = ( NAMED_UNIT(*) SI_UNIT($,.STERADIAN.) SOLID_ANGLE_UNIT() );
#71 = UNCERTAINTY_MEASURE_WITH_UNIT(LENGTH_MEASURE(1.E-07),#68,
  'distance_accuracy_value','confusion accuracy');
#72 = PRODUCT_RELATED_PRODUCT_CATEGORY('part',$,(#7));
#73 = SHAPE_DEFINITION_REPRESENTATION(#74,#80);
#74 = PRODUCT_DEFINITION_SHAPE('','',#75);
#75 = PRODUCT_DEFINITION('design','',#76,#79);
#76 = PRODUCT_DEFINITION_FORMATION('','',#77);
#77 = PRODUCT('PinSocket_1x04_P2.54mm_Vertical',
  'PinSocket_1x04_P2.54mm_Vertical','',(#78));
#78 = PRODUCT_CONTEXT('',#2,'mechanical');
#79 = PRODUCT_DEFINITION_CONTEXT('part definition',#2,'design');
#80 = ADVANCED_BREP_SHAPE_REPRESENTATION('',(#11,#81),#3467);
#81 = MANIFOLD_SOLID_BREP('',#82);
#82 = CLOSED_SHELL('',(#83,#123,#186,#249,#266,#419,#441,#458,#739,#751,
    #763,#794,#818,#842,#859,#890,#914,#938,#955,#986,#1010,#1034,#1051,
    #1082,#1106,#1130,#1147,#1164,#1211,#1228,#1275,#1292,#1339,#1356,
    #1403,#1420,#1467,#1484,#1531,#1548,#1595,#1612,#1659,#1690,#1746,
    #1770,#1819,#1850,#1906,#1930,#1979,#2010,#2066,#2090,#2139,#2170,
    #2226,#2250,#2299,#2316,#2333,#2350,#2367,#2379,#2396,#2413,#2430,
    #2447,#2459,#2476,#2493,#2510,#2527,#2539,#2556,#2573,#2590,#2607,
    #2619,#2636,#2653,#2702,#2726,#2768,#2785,#2802,#2819,#2868,#2892,
    #2934,#2951,#2968,#2985,#3034,#3058,#3100,#3117,#3134,#3151,#3200,
    #3224,#3266,#3283,#3300,#3317,#3329,#3346,#3363,#3375,#3392,#3409,
    #3421,#3438,#3455));
#83 = ADVANCED_FACE('',(#84),#118,.F.);
#84 = FACE_BOUND('',#85,.F.);
#85 = EDGE_LOOP('',(#86,#96,#104,#112));
#86 = ORIENTED_EDGE('',*,*,#87,.T.);
#87 = EDGE_CURVE('',#88,#90,#92,.T.);
#88 = VERTEX_POINT('',#89);
#89 = CARTESIAN_POINT('',(1.27,-8.89,0.));
#90 = VERTEX_POINT('',#91);
#91 = CARTESIAN_POINT('',(1.27,-8.89,8.5));
#92 = LINE('',#93,#94);
#93 = CARTESIAN_POINT('',(1.27,-8.89,0.));
#94 = VECTOR('',#95,1.);
#95 = DIRECTION('',(0.,0.,1.));
#96 = ORIENTED_EDGE('',*,*,#97,.T.);
#97 = EDGE_CURVE('',#90,#98,#100,.T.);
#98 = VERTEX_POINT('',#99);
#99 = CARTESIAN_POINT('',(1.27,1.27,8.5));
#100 = LINE('',#101,#102);
#101 = CARTESIAN_POINT('',(1.27,-8.89,8.5));
#102 = VECTOR('',#103,1.);
#103 = DIRECTION('',(1.110223024625E-16,1.,0.));
#104 = ORIENTED_EDGE('',*,*,#105,.F.);
#105 = EDGE_CURVE('',#106,#98,#108,.T.);
#106 = VERTEX_POINT('',#107);
#107 = CARTESIAN_POINT('',(1.27,1.27,0.));
#108 = LINE('',#109,#110);
#109 = CARTESIAN_POINT('',(1.27,1.27,0.));
#110 = VECTOR('',#111,1.);
#111 = DIRECTION('',(0.,0.,1.));
#112 = ORIENTED_EDGE('',*,*,#113,.F.);
#113 = EDGE_CURVE('',#88,#106,#114,.T.);
#114 = LINE('',#115,#116);
#115 = CARTESIAN_POINT('',(1.27,-8.89,0.));
#116 = VECTOR('',#117,1.);
#117 = DIRECTION('',(1.110223024625E-16,1.,0.));
#118 = PLANE('',#119);
#119 = AXIS2_PLACEMENT_3D('',#120,#121,#122);
#120 = CARTESIAN_POINT('',(1.27,-8.89,0.));
#121 = DIRECTION('',(-1.,1.110223024625E-16,0.));
#122 = DIRECTION('',(1.110223024625E-16,1.,0.));
#123 = ADVANCED_FACE('',(#124),#181,.F.);
#124 = FACE_BOUND('',#125,.F.);
#125 = EDGE_LOOP('',(#126,#136,#144,#150,#151,#159,#167,#175));
#126 = ORIENTED_EDGE('',*,*,#127,.F.);
#127 = EDGE_CURVE('',#128,#130,#132,.T.);
#128 = VERTEX_POINT('',#129);
#129 = CARTESIAN_POINT('',(-1.27,-8.89,0.));
#130 = VERTEX_POINT('',#131);
#131 = CARTESIAN_POINT('',(-0.846666666667,-8.89,0.));
#132 = LINE('',#133,#134);
#133 = CARTESIAN_POINT('',(-1.27,-8.89,0.));
#134 = VECTOR('',#135,1.);
#135 = DIRECTION('',(1.,-1.110223024625E-16,0.));
#136 = ORIENTED_EDGE('',*,*,#137,.T.);
#137 = EDGE_CURVE('',#128,#138,#140,.T.);
#138 = VERTEX_POINT('',#139);
#139 = CARTESIAN_POINT('',(-1.27,-8.89,8.5));
#140 = LINE('',#141,#142);
#141 = CARTESIAN_POINT('',(-1.27,-8.89,0.));
#142 = VECTOR('',#143,1.);
#143 = DIRECTION('',(0.,0.,1.));
#144 = ORIENTED_EDGE('',*,*,#145,.T.);
#145 = EDGE_CURVE('',#138,#90,#146,.T.);
#146 = LINE('',#147,#148);
#147 = CARTESIAN_POINT('',(-1.27,-8.89,8.5));
#148 = VECTOR('',#149,1.);
#149 = DIRECTION('',(1.,-1.110223024625E-16,0.));
#150 = ORIENTED_EDGE('',*,*,#87,.F.);
#151 = ORIENTED_EDGE('',*,*,#152,.F.);
#152 = EDGE_CURVE('',#153,#88,#155,.T.);
#153 = VERTEX_POINT('',#154);
#154 = CARTESIAN_POINT('',(0.846666666667,-8.89,0.));
#155 = LINE('',#156,#157);
#156 = CARTESIAN_POINT('',(-1.27,-8.89,0.));
#157 = VECTOR('',#158,1.);
#158 = DIRECTION('',(1.,-1.110223024625E-16,0.));
#159 = ORIENTED_EDGE('',*,*,#160,.T.);
#160 = EDGE_CURVE('',#153,#161,#163,.T.);
#161 = VERTEX_POINT('',#162);
#162 = CARTESIAN_POINT('',(0.846666666667,-8.89,0.2));
#163 = LINE('',#164,#165);
#164 = CARTESIAN_POINT('',(0.846666666667,-8.89,0.));
#165 = VECTOR('',#166,1.);
#166 = DIRECTION('',(0.,0.,1.));
#167 = ORIENTED_EDGE('',*,*,#168,.F.);
#168 = EDGE_CURVE('',#169,#161,#171,.T.);
#169 = VERTEX_POINT('',#170);
#170 = CARTESIAN_POINT('',(-0.846666666667,-8.89,0.2));
#171 = LINE('',#172,#173);
#172 = CARTESIAN_POINT('',(-0.846666666667,-8.89,0.2));
#173 = VECTOR('',#174,1.);
#174 = DIRECTION('',(1.,-1.110223024625E-16,0.));
#175 = ORIENTED_EDGE('',*,*,#176,.F.);
#176 = EDGE_CURVE('',#130,#169,#177,.T.);
#177 = LINE('',#178,#179);
#178 = CARTESIAN_POINT('',(-0.846666666667,-8.89,0.));
#179 = VECTOR('',#180,1.);
#180 = DIRECTION('',(0.,0.,1.));
#181 = PLANE('',#182);
#182 = AXIS2_PLACEMENT_3D('',#183,#184,#185);
#183 = CARTESIAN_POINT('',(-1.27,-8.89,0.));
#184 = DIRECTION('',(1.110223024625E-16,1.,0.));
#185 = DIRECTION('',(1.,-1.110223024625E-16,0.));
#186 = ADVANCED_FACE('',(#187),#244,.F.);
#187 = FACE_BOUND('',#188,.F.);
#188 = EDGE_LOOP('',(#189,#197,#198,#206,#214,#222,#230,#238));
#189 = ORIENTED_EDGE('',*,*,#190,.F.);
#190 = EDGE_CURVE('',#106,#191,#193,.T.);
#191 = VERTEX_POINT('',#192);
#192 = CARTESIAN_POINT('',(0.846666666667,1.27,0.));
#193 = LINE('',#194,#195);
#194 = CARTESIAN_POINT('',(1.27,1.27,0.));
#195 = VECTOR('',#196,1.);
#196 = DIRECTION('',(-1.,1.110223024625E-16,0.));
#197 = ORIENTED_EDGE('',*,*,#105,.T.);
#198 = ORIENTED_EDGE('',*,*,#199,.T.);
#199 = EDGE_CURVE('',#98,#200,#202,.T.);
#200 = VERTEX_POINT('',#201);
#201 = CARTESIAN_POINT('',(-1.27,1.27,8.5));
#202 = LINE('',#203,#204);
#203 = CARTESIAN_POINT('',(1.27,1.27,8.5));
#204 = VECTOR('',#205,1.);
#205 = DIRECTION('',(-1.,1.110223024625E-16,0.));
#206 = ORIENTED_EDGE('',*,*,#207,.F.);
#207 = EDGE_CURVE('',#208,#200,#210,.T.);
#208 = VERTEX_POINT('',#209);
#209 = CARTESIAN_POINT('',(-1.27,1.27,0.));
#210 = LINE('',#211,#212);
#211 = CARTESIAN_POINT('',(-1.27,1.27,0.));
#212 = VECTOR('',#213,1.);
#213 = DIRECTION('',(0.,0.,1.));
#214 = ORIENTED_EDGE('',*,*,#215,.F.);
#215 = EDGE_CURVE('',#216,#208,#218,.T.);
#216 = VERTEX_POINT('',#217);
#217 = CARTESIAN_POINT('',(-0.846666666667,1.27,0.));
#218 = LINE('',#219,#220);
#219 = CARTESIAN_POINT('',(1.27,1.27,0.));
#220 = VECTOR('',#221,1.);
#221 = DIRECTION('',(-1.,1.110223024625E-16,0.));
#222 = ORIENTED_EDGE('',*,*,#223,.T.);
#223 = EDGE_CURVE('',#216,#224,#226,.T.);
#224 = VERTEX_POINT('',#225);
#225 = CARTESIAN_POINT('',(-0.846666666667,1.27,0.2));
#226 = LINE('',#227,#228);
#227 = CARTESIAN_POINT('',(-0.846666666667,1.27,0.));
#228 = VECTOR('',#229,1.);
#229 = DIRECTION('',(0.,0.,1.));
#230 = ORIENTED_EDGE('',*,*,#231,.F.);
#231 = EDGE_CURVE('',#232,#224,#234,.T.);
#232 = VERTEX_POINT('',#233);
#233 = CARTESIAN_POINT('',(0.846666666667,1.27,0.2));
#234 = LINE('',#235,#236);
#235 = CARTESIAN_POINT('',(0.846666666667,1.27,0.2));
#236 = VECTOR('',#237,1.);
#237 = DIRECTION('',(-1.,1.110223024625E-16,0.));
#238 = ORIENTED_EDGE('',*,*,#239,.F.);
#239 = EDGE_CURVE('',#191,#232,#240,.T.);
#240 = LINE('',#241,#242);
#241 = CARTESIAN_POINT('',(0.846666666667,1.27,0.));
#242 = VECTOR('',#243,1.);
#243 = DIRECTION('',(0.,0.,1.));
#244 = PLANE('',#245);
#245 = AXIS2_PLACEMENT_3D('',#246,#247,#248);
#246 = CARTESIAN_POINT('',(1.27,1.27,0.));
#247 = DIRECTION('',(-1.110223024625E-16,-1.,0.));
#248 = DIRECTION('',(-1.,1.110223024625E-16,0.));
#249 = ADVANCED_FACE('',(#250),#261,.F.);
#250 = FACE_BOUND('',#251,.F.);
#251 = EDGE_LOOP('',(#252,#253,#254,#255));
#252 = ORIENTED_EDGE('',*,*,#152,.T.);
#253 = ORIENTED_EDGE('',*,*,#113,.T.);
#254 = ORIENTED_EDGE('',*,*,#190,.T.);
#255 = ORIENTED_EDGE('',*,*,#256,.F.);
#256 = EDGE_CURVE('',#153,#191,#257,.T.);
#257 = LINE('',#258,#259);
#258 = CARTESIAN_POINT('',(0.846666666667,-8.89,0.));
#259 = VECTOR('',#260,1.);
#260 = DIRECTION('',(1.110223024625E-16,1.,0.));
#261 = PLANE('',#262);
#262 = AXIS2_PLACEMENT_3D('',#263,#264,#265);
#263 = CARTESIAN_POINT('',(-3.952393967666E-16,-3.81,0.));
#264 = DIRECTION('',(0.,0.,1.));
#265 = DIRECTION('',(1.110223024625E-16,1.,-0.));
#266 = ADVANCED_FACE('',(#267,#278,#312,#346,#380),#414,.T.);
#267 = FACE_BOUND('',#268,.T.);
#268 = EDGE_LOOP('',(#269,#270,#271,#277));
#269 = ORIENTED_EDGE('',*,*,#97,.T.);
#270 = ORIENTED_EDGE('',*,*,#199,.T.);
#271 = ORIENTED_EDGE('',*,*,#272,.T.);
#272 = EDGE_CURVE('',#200,#138,#273,.T.);
#273 = LINE('',#274,#275);
#274 = CARTESIAN_POINT('',(-1.27,1.27,8.5));
#275 = VECTOR('',#276,1.);
#276 = DIRECTION('',(-1.110223024625E-16,-1.,0.));
#277 = ORIENTED_EDGE('',*,*,#145,.T.);
#278 = FACE_BOUND('',#279,.T.);
#279 = EDGE_LOOP('',(#280,#290,#298,#306));
#280 = ORIENTED_EDGE('',*,*,#281,.F.);
#281 = EDGE_CURVE('',#282,#284,#286,.T.);
#282 = VERTEX_POINT('',#283);
#283 = CARTESIAN_POINT('',(0.6,-8.22,8.5));
#284 = VERTEX_POINT('',#285);
#285 = CARTESIAN_POINT('',(0.6,-7.02,8.5));
#286 = LINE('',#287,#288);
#287 = CARTESIAN_POINT('',(0.6,-8.22,8.5));
#288 = VECTOR('',#289,1.);
#289 = DIRECTION('',(1.110223024625E-16,1.,0.));
#290 = ORIENTED_EDGE('',*,*,#291,.F.);
#291 = EDGE_CURVE('',#292,#282,#294,.T.);
#292 = VERTEX_POINT('',#293);
#293 = CARTESIAN_POINT('',(-0.6,-8.22,8.5));
#294 = LINE('',#295,#296);
#295 = CARTESIAN_POINT('',(-0.6,-8.22,8.5));
#296 = VECTOR('',#297,1.);
#297 = DIRECTION('',(1.,-1.110223024625E-16,0.));
#298 = ORIENTED_EDGE('',*,*,#299,.F.);
#299 = EDGE_CURVE('',#300,#292,#302,.T.);
#300 = VERTEX_POINT('',#301);
#301 = CARTESIAN_POINT('',(-0.6,-7.02,8.5));
#302 = LINE('',#303,#304);
#303 = CARTESIAN_POINT('',(-0.6,-7.02,8.5));
#304 = VECTOR('',#305,1.);
#305 = DIRECTION('',(-1.110223024625E-16,-1.,0.));
#306 = ORIENTED_EDGE('',*,*,#307,.F.);
#307 = EDGE_CURVE('',#284,#300,#308,.T.);
#308 = LINE('',#309,#310);
#309 = CARTESIAN_POINT('',(0.6,-7.02,8.5));
#310 = VECTOR('',#311,1.);
#311 = DIRECTION('',(-1.,1.110223024625E-16,0.));
#312 = FACE_BOUND('',#313,.T.);
#313 = EDGE_LOOP('',(#314,#324,#332,#340));
#314 = ORIENTED_EDGE('',*,*,#315,.F.);
#315 = EDGE_CURVE('',#316,#318,#320,.T.);
#316 = VERTEX_POINT('',#317);
#317 = CARTESIAN_POINT('',(0.6,-5.68,8.5));
#318 = VERTEX_POINT('',#319);
#319 = CARTESIAN_POINT('',(0.6,-4.48,8.5));
#320 = LINE('',#321,#322);
#321 = CARTESIAN_POINT('',(0.6,-5.68,8.5));
#322 = VECTOR('',#323,1.);
#323 = DIRECTION('',(1.110223024625E-16,1.,0.));
#324 = ORIENTED_EDGE('',*,*,#325,.F.);
#325 = EDGE_CURVE('',#326,#316,#328,.T.);
#326 = VERTEX_POINT('',#327);
#327 = CARTESIAN_POINT('',(-0.6,-5.68,8.5));
#328 = LINE('',#329,#330);
#329 = CARTESIAN_POINT('',(-0.6,-5.68,8.5));
#330 = VECTOR('',#331,1.);
#331 = DIRECTION('',(1.,-1.110223024625E-16,0.));
#332 = ORIENTED_EDGE('',*,*,#333,.F.);
#333 = EDGE_CURVE('',#334,#326,#336,.T.);
#334 = VERTEX_POINT('',#335);
#335 = CARTESIAN_POINT('',(-0.6,-4.48,8.5));
#336 = LINE('',#337,#338);
#337 = CARTESIAN_POINT('',(-0.6,-4.48,8.5));
#338 = VECTOR('',#339,1.);
#339 = DIRECTION('',(-1.110223024625E-16,-1.,0.));
#340 = ORIENTED_EDGE('',*,*,#341,.F.);
#341 = EDGE_CURVE('',#318,#334,#342,.T.);
#342 = LINE('',#343,#344);
#343 = CARTESIAN_POINT('',(0.6,-4.48,8.5));
#344 = VECTOR('',#345,1.);
#345 = DIRECTION('',(-1.,1.110223024625E-16,0.));
#346 = FACE_BOUND('',#347,.T.);
#347 = EDGE_LOOP('',(#348,#358,#366,#374));
#348 = ORIENTED_EDGE('',*,*,#349,.F.);
#349 = EDGE_CURVE('',#350,#352,#354,.T.);
#350 = VERTEX_POINT('',#351);
#351 = CARTESIAN_POINT('',(0.6,-3.14,8.5));
#352 = VERTEX_POINT('',#353);
#353 = CARTESIAN_POINT('',(0.6,-1.94,8.5));
#354 = LINE('',#355,#356);
#355 = CARTESIAN_POINT('',(0.6,-3.14,8.5));
#356 = VECTOR('',#357,1.);
#357 = DIRECTION('',(1.110223024625E-16,1.,0.));
#358 = ORIENTED_EDGE('',*,*,#359,.F.);
#359 = EDGE_CURVE('',#360,#350,#362,.T.);
#360 = VERTEX_POINT('',#361);
#361 = CARTESIAN_POINT('',(-0.6,-3.14,8.5));
#362 = LINE('',#363,#364);
#363 = CARTESIAN_POINT('',(-0.6,-3.14,8.5));
#364 = VECTOR('',#365,1.);
#365 = DIRECTION('',(1.,-1.110223024625E-16,0.));
#366 = ORIENTED_EDGE('',*,*,#367,.F.);
#367 = EDGE_CURVE('',#368,#360,#370,.T.);
#368 = VERTEX_POINT('',#369);
#369 = CARTESIAN_POINT('',(-0.6,-1.94,8.5));
#370 = LINE('',#371,#372);
#371 = CARTESIAN_POINT('',(-0.6,-1.94,8.5));
#372 = VECTOR('',#373,1.);
#373 = DIRECTION('',(-1.110223024625E-16,-1.,0.));
#374 = ORIENTED_EDGE('',*,*,#375,.F.);
#375 = EDGE_CURVE('',#352,#368,#376,.T.);
#376 = LINE('',#377,#378);
#377 = CARTESIAN_POINT('',(0.6,-1.94,8.5));
#378 = VECTOR('',#379,1.);
#379 = DIRECTION('',(-1.,1.110223024625E-16,0.));
#380 = FACE_BOUND('',#381,.T.);
#381 = EDGE_LOOP('',(#382,#392,#400,#408));
#382 = ORIENTED_EDGE('',*,*,#383,.F.);
#383 = EDGE_CURVE('',#384,#386,#388,.T.);
#384 = VERTEX_POINT('',#385);
#385 = CARTESIAN_POINT('',(0.6,-0.6,8.5));
#386 = VERTEX_POINT('',#387);
#387 = CARTESIAN_POINT('',(0.6,0.6,8.5));
#388 = LINE('',#389,#390);
#389 = CARTESIAN_POINT('',(0.6,-0.6,8.5));
#390 = VECTOR('',#391,1.);
#391 = DIRECTION('',(1.110223024625E-16,1.,0.));
#392 = ORIENTED_EDGE('',*,*,#393,.F.);
#393 = EDGE_CURVE('',#394,#384,#396,.T.);
#394 = VERTEX_POINT('',#395);
#395 = CARTESIAN_POINT('',(-0.6,-0.6,8.5));
#396 = LINE('',#397,#398);
#397 = CARTESIAN_POINT('',(-0.6,-0.6,8.5));
#398 = VECTOR('',#399,1.);
#399 = DIRECTION('',(1.,-1.110223024625E-16,0.));
#400 = ORIENTED_EDGE('',*,*,#401,.F.);
#401 = EDGE_CURVE('',#402,#394,#404,.T.);
#402 = VERTEX_POINT('',#403);
#403 = CARTESIAN_POINT('',(-0.6,0.6,8.5));
#404 = LINE('',#405,#406);
#405 = CARTESIAN_POINT('',(-0.6,0.6,8.5));
#406 = VECTOR('',#407,1.);
#407 = DIRECTION('',(-1.110223024625E-16,-1.,0.));
#408 = ORIENTED_EDGE('',*,*,#409,.F.);
#409 = EDGE_CURVE('',#386,#402,#410,.T.);
#410 = LINE('',#411,#412);
#411 = CARTESIAN_POINT('',(0.6,0.6,8.5));
#412 = VECTOR('',#413,1.);
#413 = DIRECTION('',(-1.,1.110223024625E-16,0.));
#414 = PLANE('',#415);
#415 = AXIS2_PLACEMENT_3D('',#416,#417,#418);
#416 = CARTESIAN_POINT('',(-3.952393967666E-16,-3.81,8.5));
#417 = DIRECTION('',(0.,0.,1.));
#418 = DIRECTION('',(1.110223024625E-16,1.,-0.));
#419 = ADVANCED_FACE('',(#420),#436,.F.);
#420 = FACE_BOUND('',#421,.F.);
#421 = EDGE_LOOP('',(#422,#423,#429,#430));
#422 = ORIENTED_EDGE('',*,*,#127,.T.);
#423 = ORIENTED_EDGE('',*,*,#424,.F.);
#424 = EDGE_CURVE('',#216,#130,#425,.T.);
#425 = LINE('',#426,#427);
#426 = CARTESIAN_POINT('',(-0.846666666667,1.27,0.));
#427 = VECTOR('',#428,1.);
#428 = DIRECTION('',(-1.110223024625E-16,-1.,0.));
#429 = ORIENTED_EDGE('',*,*,#215,.T.);
#430 = ORIENTED_EDGE('',*,*,#431,.T.);
#431 = EDGE_CURVE('',#208,#128,#432,.T.);
#432 = LINE('',#433,#434);
#433 = CARTESIAN_POINT('',(-1.27,1.27,0.));
#434 = VECTOR('',#435,1.);
#435 = DIRECTION('',(-1.110223024625E-16,-1.,0.));
#436 = PLANE('',#437);
#437 = AXIS2_PLACEMENT_3D('',#438,#439,#440);
#438 = CARTESIAN_POINT('',(-3.952393967666E-16,-3.81,0.));
#439 = DIRECTION('',(0.,0.,1.));
#440 = DIRECTION('',(1.110223024625E-16,1.,-0.));
#441 = ADVANCED_FACE('',(#442),#453,.T.);
#442 = FACE_BOUND('',#443,.T.);
#443 = EDGE_LOOP('',(#444,#445,#451,#452));
#444 = ORIENTED_EDGE('',*,*,#223,.T.);
#445 = ORIENTED_EDGE('',*,*,#446,.T.);
#446 = EDGE_CURVE('',#224,#169,#447,.T.);
#447 = LINE('',#448,#449);
#448 = CARTESIAN_POINT('',(-0.846666666667,1.27,0.2));
#449 = VECTOR('',#450,1.);
#450 = DIRECTION('',(-1.110223024625E-16,-1.,0.));
#451 = ORIENTED_EDGE('',*,*,#176,.F.);
#452 = ORIENTED_EDGE('',*,*,#424,.F.);
#453 = PLANE('',#454);
#454 = AXIS2_PLACEMENT_3D('',#455,#456,#457);
#455 = CARTESIAN_POINT('',(-0.846666666667,1.27,0.));
#456 = DIRECTION('',(1.,-1.110223024625E-16,0.));
#457 = DIRECTION('',(-1.110223024625E-16,-1.,0.));
#458 = ADVANCED_FACE('',(#459,#470,#536,#602,#668),#734,.F.);
#459 = FACE_BOUND('',#460,.F.);
#460 = EDGE_LOOP('',(#461,#467,#468,#469));
#461 = ORIENTED_EDGE('',*,*,#462,.T.);
#462 = EDGE_CURVE('',#161,#232,#463,.T.);
#463 = LINE('',#464,#465);
#464 = CARTESIAN_POINT('',(0.846666666667,-8.89,0.2));
#465 = VECTOR('',#466,1.);
#466 = DIRECTION('',(1.110223024625E-16,1.,0.));
#467 = ORIENTED_EDGE('',*,*,#231,.T.);
#468 = ORIENTED_EDGE('',*,*,#446,.T.);
#469 = ORIENTED_EDGE('',*,*,#168,.T.);
#470 = FACE_BOUND('',#471,.F.);
#471 = EDGE_LOOP('',(#472,#482,#490,#498,#506,#514,#522,#530));
#472 = ORIENTED_EDGE('',*,*,#473,.F.);
#473 = EDGE_CURVE('',#474,#476,#478,.T.);
#474 = VERTEX_POINT('',#475);
#475 = CARTESIAN_POINT('',(-0.1,-8.07,0.2));
#476 = VERTEX_POINT('',#477);
#477 = CARTESIAN_POINT('',(0.1,-8.07,0.2));
#478 = LINE('',#479,#480);
#479 = CARTESIAN_POINT('',(-0.1,-8.07,0.2));
#480 = VECTOR('',#481,1.);
#481 = DIRECTION('',(1.,-1.110223024625E-16,0.));
#482 = ORIENTED_EDGE('',*,*,#483,.T.);
#483 = EDGE_CURVE('',#474,#484,#486,.T.);
#484 = VERTEX_POINT('',#485);
#485 = CARTESIAN_POINT('',(-0.1,-7.92,0.2));
#486 = LINE('',#487,#488);
#487 = CARTESIAN_POINT('',(-0.1,-8.07,0.2));
#488 = VECTOR('',#489,1.);
#489 = DIRECTION('',(1.110223024625E-16,1.,0.));
#490 = ORIENTED_EDGE('',*,*,#491,.F.);
#491 = EDGE_CURVE('',#492,#484,#494,.T.);
#492 = VERTEX_POINT('',#493);
#493 = CARTESIAN_POINT('',(-0.1,-7.32,0.2));
#494 = LINE('',#495,#496);
#495 = CARTESIAN_POINT('',(-0.1,-5.715,0.2));
#496 = VECTOR('',#497,1.);
#497 = DIRECTION('',(-1.110223024625E-16,-1.,0.));
#498 = ORIENTED_EDGE('',*,*,#499,.T.);
#499 = EDGE_CURVE('',#492,#500,#502,.T.);
#500 = VERTEX_POINT('',#501);
#501 = CARTESIAN_POINT('',(-0.1,-7.17,0.2));
#502 = LINE('',#503,#504);
#503 = CARTESIAN_POINT('',(-0.1,-8.07,0.2));
#504 = VECTOR('',#505,1.);
#505 = DIRECTION('',(1.110223024625E-16,1.,0.));
#506 = ORIENTED_EDGE('',*,*,#507,.T.);
#507 = EDGE_CURVE('',#500,#508,#510,.T.);
#508 = VERTEX_POINT('',#509);
#509 = CARTESIAN_POINT('',(0.1,-7.17,0.2));
#510 = LINE('',#511,#512);
#511 = CARTESIAN_POINT('',(-0.1,-7.17,0.2));
#512 = VECTOR('',#513,1.);
#513 = DIRECTION('',(1.,-1.110223024625E-16,0.));
#514 = ORIENTED_EDGE('',*,*,#515,.T.);
#515 = EDGE_CURVE('',#508,#516,#518,.T.);
#516 = VERTEX_POINT('',#517);
#517 = CARTESIAN_POINT('',(0.1,-7.32,0.2));
#518 = LINE('',#519,#520);
#519 = CARTESIAN_POINT('',(0.1,-7.17,0.2));
#520 = VECTOR('',#521,1.);
#521 = DIRECTION('',(-1.110223024625E-16,-1.,0.));
#522 = ORIENTED_EDGE('',*,*,#523,.T.);
#523 = EDGE_CURVE('',#516,#524,#526,.T.);
#524 = VERTEX_POINT('',#525);
#525 = CARTESIAN_POINT('',(0.1,-7.92,0.2));
#526 = LINE('',#527,#528);
#527 = CARTESIAN_POINT('',(0.1,-5.715,0.2));
#528 = VECTOR('',#529,1.);
#529 = DIRECTION('',(-1.110223024625E-16,-1.,0.));
#530 = ORIENTED_EDGE('',*,*,#531,.T.);
#531 = EDGE_CURVE('',#524,#476,#532,.T.);
#532 = LINE('',#533,#534);
#533 = CARTESIAN_POINT('',(0.1,-7.17,0.2));
#534 = VECTOR('',#535,1.);
#535 = DIRECTION('',(-1.110223024625E-16,-1.,0.));
#536 = FACE_BOUND('',#537,.F.);
#537 = EDGE_LOOP('',(#538,#548,#556,#564,#572,#580,#588,#596));
#538 = ORIENTED_EDGE('',*,*,#539,.F.);
#539 = EDGE_CURVE('',#540,#542,#544,.T.);
#540 = VERTEX_POINT('',#541);
#541 = CARTESIAN_POINT('',(-0.1,-5.53,0.2));
#542 = VERTEX_POINT('',#543);
#543 = CARTESIAN_POINT('',(0.1,-5.53,0.2));
#544 = LINE('',#545,#546);
#545 = CARTESIAN_POINT('',(-0.1,-5.53,0.2));
#546 = VECTOR('',#547,1.);
#547 = DIRECTION('',(1.,-1.110223024625E-16,0.));
#548 = ORIENTED_EDGE('',*,*,#549,.T.);
#549 = EDGE_CURVE('',#540,#550,#552,.T.);
#550 = VERTEX_POINT('',#551);
#551 = CARTESIAN_POINT('',(-0.1,-5.38,0.2));
#552 = LINE('',#553,#554);
#553 = CARTESIAN_POINT('',(-0.1,-5.53,0.2));
#554 = VECTOR('',#555,1.);
#555 = DIRECTION('',(1.110223024625E-16,1.,0.));
#556 = ORIENTED_EDGE('',*,*,#557,.F.);
#557 = EDGE_CURVE('',#558,#550,#560,.T.);
#558 = VERTEX_POINT('',#559);
#559 = CARTESIAN_POINT('',(-0.1,-4.78,0.2));
#560 = LINE('',#561,#562);
#561 = CARTESIAN_POINT('',(-0.1,-4.445,0.2));
#562 = VECTOR('',#563,1.);
#563 = DIRECTION('',(-1.110223024625E-16,-1.,0.));
#564 = ORIENTED_EDGE('',*,*,#565,.T.);
#565 = EDGE_CURVE('',#558,#566,#568,.T.);
#566 = VERTEX_POINT('',#567);
#567 = CARTESIAN_POINT('',(-0.1,-4.63,0.2));
#568 = LINE('',#569,#570);
#569 = CARTESIAN_POINT('',(-0.1,-5.53,0.2));
#570 = VECTOR('',#571,1.);
#571 = DIRECTION('',(1.110223024625E-16,1.,0.));
#572 = ORIENTED_EDGE('',*,*,#573,.T.);
#573 = EDGE_CURVE('',#566,#574,#576,.T.);
#574 = VERTEX_POINT('',#575);
#575 = CARTESIAN_POINT('',(0.1,-4.63,0.2));
#576 = LINE('',#577,#578);
#577 = CARTESIAN_POINT('',(-0.1,-4.63,0.2));
#578 = VECTOR('',#579,1.);
#579 = DIRECTION('',(1.,-1.110223024625E-16,0.));
#580 = ORIENTED_EDGE('',*,*,#581,.T.);
#581 = EDGE_CURVE('',#574,#582,#584,.T.);
#582 = VERTEX_POINT('',#583);
#583 = CARTESIAN_POINT('',(0.1,-4.78,0.2));
#584 = LINE('',#585,#586);
#585 = CARTESIAN_POINT('',(0.1,-4.63,0.2));
#586 = VECTOR('',#587,1.);
#587 = DIRECTION('',(-1.110223024625E-16,-1.,0.));
#588 = ORIENTED_EDGE('',*,*,#589,.T.);
#589 = EDGE_CURVE('',#582,#590,#592,.T.);
#590 = VERTEX_POINT('',#591);
#591 = CARTESIAN_POINT('',(0.1,-5.38,0.2));
#592 = LINE('',#593,#594);
#593 = CARTESIAN_POINT('',(0.1,-4.445,0.2));
#594 = VECTOR('',#595,1.);
#595 = DIRECTION('',(-1.110223024625E-16,-1.,0.));
#596 = ORIENTED_EDGE('',*,*,#597,.T.);
#597 = EDGE_CURVE('',#590,#542,#598,.T.);
#598 = LINE('',#599,#600);
#599 = CARTESIAN_POINT('',(0.1,-4.63,0.2));
#600 = VECTOR('',#601,1.);
#601 = DIRECTION('',(-1.110223024625E-16,-1.,0.));
#602 = FACE_BOUND('',#603,.F.);
#603 = EDGE_LOOP('',(#604,#614,#622,#630,#638,#646,#654,#662));
#604 = ORIENTED_EDGE('',*,*,#605,.F.);
#605 = EDGE_CURVE('',#606,#608,#610,.T.);
#606 = VERTEX_POINT('',#607);
#607 = CARTESIAN_POINT('',(-0.1,-2.99,0.2));
#608 = VERTEX_POINT('',#609);
#609 = CARTESIAN_POINT('',(0.1,-2.99,0.2));
#610 = LINE('',#611,#612);
#611 = CARTESIAN_POINT('',(-0.1,-2.99,0.2));
#612 = VECTOR('',#613,1.);
#613 = DIRECTION('',(1.,-1.110223024625E-16,0.));
#614 = ORIENTED_EDGE('',*,*,#615,.T.);
#615 = EDGE_CURVE('',#606,#616,#618,.T.);
#616 = VERTEX_POINT('',#617);
#617 = CARTESIAN_POINT('',(-0.1,-2.84,0.2));
#618 = LINE('',#619,#620);
#619 = CARTESIAN_POINT('',(-0.1,-2.99,0.2));
#620 = VECTOR('',#621,1.);
#621 = DIRECTION('',(1.110223024625E-16,1.,0.));
#622 = ORIENTED_EDGE('',*,*,#623,.F.);
#623 = EDGE_CURVE('',#624,#616,#626,.T.);
#624 = VERTEX_POINT('',#625);
#625 = CARTESIAN_POINT('',(-0.1,-2.24,0.2));
#626 = LINE('',#627,#628);
#627 = CARTESIAN_POINT('',(-0.1,-3.175,0.2));
#628 = VECTOR('',#629,1.);
#629 = DIRECTION('',(-1.110223024625E-16,-1.,0.));
#630 = ORIENTED_EDGE('',*,*,#631,.T.);
#631 = EDGE_CURVE('',#624,#632,#634,.T.);
#632 = VERTEX_POINT('',#633);
#633 = CARTESIAN_POINT('',(-0.1,-2.09,0.2));
#634 = LINE('',#635,#636);
#635 = CARTESIAN_POINT('',(-0.1,-2.99,0.2));
#636 = VECTOR('',#637,1.);
#637 = DIRECTION('',(1.110223024625E-16,1.,0.));
#638 = ORIENTED_EDGE('',*,*,#639,.T.);
#639 = EDGE_CURVE('',#632,#640,#642,.T.);
#640 = VERTEX_POINT('',#641);
#641 = CARTESIAN_POINT('',(0.1,-2.09,0.2));
#642 = LINE('',#643,#644);
#643 = CARTESIAN_POINT('',(-0.1,-2.09,0.2));
#644 = VECTOR('',#645,1.);
#645 = DIRECTION('',(1.,-1.110223024625E-16,0.));
#646 = ORIENTED_EDGE('',*,*,#647,.T.);
#647 = EDGE_CURVE('',#640,#648,#650,.T.);
#648 = VERTEX_POINT('',#649);
#649 = CARTESIAN_POINT('',(0.1,-2.24,0.2));
#650 = LINE('',#651,#652);
#651 = CARTESIAN_POINT('',(0.1,-2.09,0.2));
#652 = VECTOR('',#653,1.);
#653 = DIRECTION('',(-1.110223024625E-16,-1.,0.));
#654 = ORIENTED_EDGE('',*,*,#655,.T.);
#655 = EDGE_CURVE('',#648,#656,#658,.T.);
#656 = VERTEX_POINT('',#657);
#657 = CARTESIAN_POINT('',(0.1,-2.84,0.2));
#658 = LINE('',#659,#660);
#659 = CARTESIAN_POINT('',(0.1,-3.175,0.2));
#660 = VECTOR('',#661,1.);
#661 = DIRECTION('',(-1.110223024625E-16,-1.,0.));
#662 = ORIENTED_EDGE('',*,*,#663,.T.);
#663 = EDGE_CURVE('',#656,#608,#664,.T.);
#664 = LINE('',#665,#666);
#665 = CARTESIAN_POINT('',(0.1,-2.09,0.2));
#666 = VECTOR('',#667,1.);
#667 = DIRECTION('',(-1.110223024625E-16,-1.,0.));
#668 = FACE_BOUND('',#669,.F.);
#669 = EDGE_LOOP('',(#670,#680,#688,#696,#704,#712,#720,#728));
#670 = ORIENTED_EDGE('',*,*,#671,.F.);
#671 = EDGE_CURVE('',#672,#674,#676,.T.);
#672 = VERTEX_POINT('',#673);
#673 = CARTESIAN_POINT('',(-0.1,-0.45,0.2));
#674 = VERTEX_POINT('',#675);
#675 = CARTESIAN_POINT('',(0.1,-0.45,0.2));
#676 = LINE('',#677,#678);
#677 = CARTESIAN_POINT('',(-0.1,-0.45,0.2));
#678 = VECTOR('',#679,1.);
#679 = DIRECTION('',(1.,-1.110223024625E-16,0.));
#680 = ORIENTED_EDGE('',*,*,#681,.T.);
#681 = EDGE_CURVE('',#672,#682,#684,.T.);
#682 = VERTEX_POINT('',#683);
#683 = CARTESIAN_POINT('',(-0.1,-0.3,0.2));
#684 = LINE('',#685,#686);
#685 = CARTESIAN_POINT('',(-0.1,-0.45,0.2));
#686 = VECTOR('',#687,1.);
#687 = DIRECTION('',(1.110223024625E-16,1.,0.));
#688 = ORIENTED_EDGE('',*,*,#689,.F.);
#689 = EDGE_CURVE('',#690,#682,#692,.T.);
#690 = VERTEX_POINT('',#691);
#691 = CARTESIAN_POINT('',(-0.1,0.3,0.2));
#692 = LINE('',#693,#694);
#693 = CARTESIAN_POINT('',(-0.1,-1.905,0.2));
#694 = VECTOR('',#695,1.);
#695 = DIRECTION('',(-1.110223024625E-16,-1.,0.));
#696 = ORIENTED_EDGE('',*,*,#697,.T.);
#697 = EDGE_CURVE('',#690,#698,#700,.T.);
#698 = VERTEX_POINT('',#699);
#699 = CARTESIAN_POINT('',(-0.1,0.45,0.2));
#700 = LINE('',#701,#702);
#701 = CARTESIAN_POINT('',(-0.1,-0.45,0.2));
#702 = VECTOR('',#703,1.);
#703 = DIRECTION('',(1.110223024625E-16,1.,0.));
#704 = ORIENTED_EDGE('',*,*,#705,.T.);
#705 = EDGE_CURVE('',#698,#706,#708,.T.);
#706 = VERTEX_POINT('',#707);
#707 = CARTESIAN_POINT('',(0.1,0.45,0.2));
#708 = LINE('',#709,#710);
#709 = CARTESIAN_POINT('',(-0.1,0.45,0.2));
#710 = VECTOR('',#711,1.);
#711 = DIRECTION('',(1.,-1.110223024625E-16,0.));
#712 = ORIENTED_EDGE('',*,*,#713,.T.);
#713 = EDGE_CURVE('',#706,#714,#716,.T.);
#714 = VERTEX_POINT('',#715);
#715 = CARTESIAN_POINT('',(0.1,0.3,0.2));
#716 = LINE('',#717,#718);
#717 = CARTESIAN_POINT('',(0.1,0.45,0.2));
#718 = VECTOR('',#719,1.);
#719 = DIRECTION('',(-1.110223024625E-16,-1.,0.));
#720 = ORIENTED_EDGE('',*,*,#721,.T.);
#721 = EDGE_CURVE('',#714,#722,#724,.T.);
#722 = VERTEX_POINT('',#723);
#723 = CARTESIAN_POINT('',(0.1,-0.3,0.2));
#724 = LINE('',#725,#726);
#725 = CARTESIAN_POINT('',(0.1,-1.905,0.2));
#726 = VECTOR('',#727,1.);
#727 = DIRECTION('',(-1.110223024625E-16,-1.,0.));
#728 = ORIENTED_EDGE('',*,*,#729,.T.);
#729 = EDGE_CURVE('',#722,#674,#730,.T.);
#730 = LINE('',#731,#732);
#731 = CARTESIAN_POINT('',(0.1,0.45,0.2));
#732 = VECTOR('',#733,1.);
#733 = DIRECTION('',(-1.110223024625E-16,-1.,0.));
#734 = PLANE('',#735);
#735 = AXIS2_PLACEMENT_3D('',#736,#737,#738);
#736 = CARTESIAN_POINT('',(-3.952393967666E-16,-3.81,0.2));
#737 = DIRECTION('',(0.,0.,1.));
#738 = DIRECTION('',(1.110223024625E-16,1.,-0.));
#739 = ADVANCED_FACE('',(#740),#746,.T.);
#740 = FACE_BOUND('',#741,.T.);
#741 = EDGE_LOOP('',(#742,#743,#744,#745));
#742 = ORIENTED_EDGE('',*,*,#160,.T.);
#743 = ORIENTED_EDGE('',*,*,#462,.T.);
#744 = ORIENTED_EDGE('',*,*,#239,.F.);
#745 = ORIENTED_EDGE('',*,*,#256,.F.);
#746 = PLANE('',#747);
#747 = AXIS2_PLACEMENT_3D('',#748,#749,#750);
#748 = CARTESIAN_POINT('',(0.846666666667,-8.89,0.));
#749 = DIRECTION('',(-1.,1.110223024625E-16,0.));
#750 = DIRECTION('',(1.110223024625E-16,1.,0.));
#751 = ADVANCED_FACE('',(#752),#758,.F.);
#752 = FACE_BOUND('',#753,.F.);
#753 = EDGE_LOOP('',(#754,#755,#756,#757));
#754 = ORIENTED_EDGE('',*,*,#207,.T.);
#755 = ORIENTED_EDGE('',*,*,#272,.T.);
#756 = ORIENTED_EDGE('',*,*,#137,.F.);
#757 = ORIENTED_EDGE('',*,*,#431,.F.);
#758 = PLANE('',#759);
#759 = AXIS2_PLACEMENT_3D('',#760,#761,#762);
#760 = CARTESIAN_POINT('',(-1.27,1.27,0.));
#761 = DIRECTION('',(1.,-1.110223024625E-16,0.));
#762 = DIRECTION('',(-1.110223024625E-16,-1.,0.));
#763 = ADVANCED_FACE('',(#764),#789,.T.);
#764 = FACE_BOUND('',#765,.T.);
#765 = EDGE_LOOP('',(#766,#774,#775,#783));
#766 = ORIENTED_EDGE('',*,*,#767,.F.);
#767 = EDGE_CURVE('',#282,#768,#770,.T.);
#768 = VERTEX_POINT('',#769);
#769 = CARTESIAN_POINT('',(0.3,-7.92,8.2));
#770 = LINE('',#771,#772);
#771 = CARTESIAN_POINT('',(0.3,-7.92,8.2));
#772 = VECTOR('',#773,1.);
#773 = DIRECTION('',(-0.57735026919,0.57735026919,-0.57735026919));
#774 = ORIENTED_EDGE('',*,*,#281,.T.);
#775 = ORIENTED_EDGE('',*,*,#776,.T.);
#776 = EDGE_CURVE('',#284,#777,#779,.T.);
#777 = VERTEX_POINT('',#778);
#778 = CARTESIAN_POINT('',(0.3,-7.32,8.2));
#779 = LINE('',#780,#781);
#780 = CARTESIAN_POINT('',(0.3,-7.32,8.2));
#781 = VECTOR('',#782,1.);
#782 = DIRECTION('',(-0.57735026919,-0.57735026919,-0.57735026919));
#783 = ORIENTED_EDGE('',*,*,#784,.F.);
#784 = EDGE_CURVE('',#768,#777,#785,.T.);
#785 = LINE('',#786,#787);
#786 = CARTESIAN_POINT('',(0.3,-8.22,8.2));
#787 = VECTOR('',#788,1.);
#788 = DIRECTION('',(1.110223024625E-16,1.,0.));
#789 = PLANE('',#790);
#790 = AXIS2_PLACEMENT_3D('',#791,#792,#793);
#791 = CARTESIAN_POINT('',(0.45,-8.22,8.35));
#792 = DIRECTION('',(-0.707106781187,7.850462293414E-17,0.707106781187)
  );
#793 = DIRECTION('',(1.110223024625E-16,1.,2.680278185005E-29));
#794 = ADVANCED_FACE('',(#795),#813,.T.);
#795 = FACE_BOUND('',#796,.T.);
#796 = EDGE_LOOP('',(#797,#798,#799,#807));
#797 = ORIENTED_EDGE('',*,*,#776,.F.);
#798 = ORIENTED_EDGE('',*,*,#307,.T.);
#799 = ORIENTED_EDGE('',*,*,#800,.T.);
#800 = EDGE_CURVE('',#300,#801,#803,.T.);
#801 = VERTEX_POINT('',#802);
#802 = CARTESIAN_POINT('',(-0.3,-7.32,8.2));
#803 = LINE('',#804,#805);
#804 = CARTESIAN_POINT('',(-0.3,-7.32,8.2));
#805 = VECTOR('',#806,1.);
#806 = DIRECTION('',(0.57735026919,-0.57735026919,-0.57735026919));
#807 = ORIENTED_EDGE('',*,*,#808,.F.);
#808 = EDGE_CURVE('',#777,#801,#809,.T.);
#809 = LINE('',#810,#811);
#810 = CARTESIAN_POINT('',(0.6,-7.32,8.2));
#811 = VECTOR('',#812,1.);
#812 = DIRECTION('',(-1.,1.110223024625E-16,0.));
#813 = PLANE('',#814);
#814 = AXIS2_PLACEMENT_3D('',#815,#816,#817);
#815 = CARTESIAN_POINT('',(0.6,-7.17,8.35));
#816 = DIRECTION('',(-8.197719098449E-17,-0.707106781187,0.707106781187)
  );
#817 = DIRECTION('',(-1.,1.13477778879E-16,-2.455476416522E-18));
#818 = ADVANCED_FACE('',(#819),#837,.T.);
#819 = FACE_BOUND('',#820,.T.);
#820 = EDGE_LOOP('',(#821,#822,#823,#831));
#821 = ORIENTED_EDGE('',*,*,#800,.F.);
#822 = ORIENTED_EDGE('',*,*,#299,.T.);
#823 = ORIENTED_EDGE('',*,*,#824,.T.);
#824 = EDGE_CURVE('',#292,#825,#827,.T.);
#825 = VERTEX_POINT('',#826);
#826 = CARTESIAN_POINT('',(-0.3,-7.92,8.2));
#827 = LINE('',#828,#829);
#828 = CARTESIAN_POINT('',(-0.3,-7.92,8.2));
#829 = VECTOR('',#830,1.);
#830 = DIRECTION('',(0.57735026919,0.57735026919,-0.57735026919));
#831 = ORIENTED_EDGE('',*,*,#832,.F.);
#832 = EDGE_CURVE('',#801,#825,#833,.T.);
#833 = LINE('',#834,#835);
#834 = CARTESIAN_POINT('',(-0.3,-7.02,8.2));
#835 = VECTOR('',#836,1.);
#836 = DIRECTION('',(-1.110223024625E-16,-1.,0.));
#837 = PLANE('',#838);
#838 = AXIS2_PLACEMENT_3D('',#839,#840,#841);
#839 = CARTESIAN_POINT('',(-0.45,-7.02,8.35));
#840 = DIRECTION('',(0.707106781187,-7.850462293414E-17,0.707106781187)
  );
#841 = DIRECTION('',(-1.110223024625E-16,-1.,2.680278185005E-29));
#842 = ADVANCED_FACE('',(#843),#854,.T.);
#843 = FACE_BOUND('',#844,.T.);
#844 = EDGE_LOOP('',(#845,#846,#847,#848));
#845 = ORIENTED_EDGE('',*,*,#824,.F.);
#846 = ORIENTED_EDGE('',*,*,#291,.T.);
#847 = ORIENTED_EDGE('',*,*,#767,.T.);
#848 = ORIENTED_EDGE('',*,*,#849,.F.);
#849 = EDGE_CURVE('',#825,#768,#850,.T.);
#850 = LINE('',#851,#852);
#851 = CARTESIAN_POINT('',(-0.6,-7.92,8.2));
#852 = VECTOR('',#853,1.);
#853 = DIRECTION('',(1.,-1.110223024625E-16,0.));
#854 = PLANE('',#855);
#855 = AXIS2_PLACEMENT_3D('',#856,#857,#858);
#856 = CARTESIAN_POINT('',(-0.6,-8.07,8.35));
#857 = DIRECTION('',(8.197719098449E-17,0.707106781187,0.707106781187));
#858 = DIRECTION('',(1.,-1.13477778879E-16,-2.455476416522E-18));
#859 = ADVANCED_FACE('',(#860),#885,.T.);
#860 = FACE_BOUND('',#861,.T.);
#861 = EDGE_LOOP('',(#862,#870,#871,#879));
#862 = ORIENTED_EDGE('',*,*,#863,.F.);
#863 = EDGE_CURVE('',#316,#864,#866,.T.);
#864 = VERTEX_POINT('',#865);
#865 = CARTESIAN_POINT('',(0.3,-5.38,8.2));
#866 = LINE('',#867,#868);
#867 = CARTESIAN_POINT('',(0.3,-5.38,8.2));
#868 = VECTOR('',#869,1.);
#869 = DIRECTION('',(-0.57735026919,0.57735026919,-0.57735026919));
#870 = ORIENTED_EDGE('',*,*,#315,.T.);
#871 = ORIENTED_EDGE('',*,*,#872,.T.);
#872 = EDGE_CURVE('',#318,#873,#875,.T.);
#873 = VERTEX_POINT('',#874);
#874 = CARTESIAN_POINT('',(0.3,-4.78,8.2));
#875 = LINE('',#876,#877);
#876 = CARTESIAN_POINT('',(0.3,-4.78,8.2));
#877 = VECTOR('',#878,1.);
#878 = DIRECTION('',(-0.57735026919,-0.57735026919,-0.57735026919));
#879 = ORIENTED_EDGE('',*,*,#880,.F.);
#880 = EDGE_CURVE('',#864,#873,#881,.T.);
#881 = LINE('',#882,#883);
#882 = CARTESIAN_POINT('',(0.3,-5.68,8.2));
#883 = VECTOR('',#884,1.);
#884 = DIRECTION('',(1.110223024625E-16,1.,0.));
#885 = PLANE('',#886);
#886 = AXIS2_PLACEMENT_3D('',#887,#888,#889);
#887 = CARTESIAN_POINT('',(0.45,-5.68,8.35));
#888 = DIRECTION('',(-0.707106781187,7.850462293414E-17,0.707106781187)
  );
#889 = DIRECTION('',(1.110223024625E-16,1.,2.680278185005E-29));
#890 = ADVANCED_FACE('',(#891),#909,.T.);
#891 = FACE_BOUND('',#892,.T.);
#892 = EDGE_LOOP('',(#893,#894,#895,#903));
#893 = ORIENTED_EDGE('',*,*,#872,.F.);
#894 = ORIENTED_EDGE('',*,*,#341,.T.);
#895 = ORIENTED_EDGE('',*,*,#896,.T.);
#896 = EDGE_CURVE('',#334,#897,#899,.T.);
#897 = VERTEX_POINT('',#898);
#898 = CARTESIAN_POINT('',(-0.3,-4.78,8.2));
#899 = LINE('',#900,#901);
#900 = CARTESIAN_POINT('',(-0.3,-4.78,8.2));
#901 = VECTOR('',#902,1.);
#902 = DIRECTION('',(0.57735026919,-0.57735026919,-0.57735026919));
#903 = ORIENTED_EDGE('',*,*,#904,.F.);
#904 = EDGE_CURVE('',#873,#897,#905,.T.);
#905 = LINE('',#906,#907);
#906 = CARTESIAN_POINT('',(0.6,-4.78,8.2));
#907 = VECTOR('',#908,1.);
#908 = DIRECTION('',(-1.,1.110223024625E-16,0.));
#909 = PLANE('',#910);
#910 = AXIS2_PLACEMENT_3D('',#911,#912,#913);
#911 = CARTESIAN_POINT('',(0.6,-4.63,8.35));
#912 = DIRECTION('',(-8.197719098449E-17,-0.707106781187,0.707106781187)
  );
#913 = DIRECTION('',(-1.,1.13477778879E-16,-2.455476416522E-18));
#914 = ADVANCED_FACE('',(#915),#933,.T.);
#915 = FACE_BOUND('',#916,.T.);
#916 = EDGE_LOOP('',(#917,#918,#919,#927));
#917 = ORIENTED_EDGE('',*,*,#896,.F.);
#918 = ORIENTED_EDGE('',*,*,#333,.T.);
#919 = ORIENTED_EDGE('',*,*,#920,.T.);
#920 = EDGE_CURVE('',#326,#921,#923,.T.);
#921 = VERTEX_POINT('',#922);
#922 = CARTESIAN_POINT('',(-0.3,-5.38,8.2));
#923 = LINE('',#924,#925);
#924 = CARTESIAN_POINT('',(-0.3,-5.38,8.2));
#925 = VECTOR('',#926,1.);
#926 = DIRECTION('',(0.57735026919,0.57735026919,-0.57735026919));
#927 = ORIENTED_EDGE('',*,*,#928,.F.);
#928 = EDGE_CURVE('',#897,#921,#929,.T.);
#929 = LINE('',#930,#931);
#930 = CARTESIAN_POINT('',(-0.3,-4.48,8.2));
#931 = VECTOR('',#932,1.);
#932 = DIRECTION('',(-1.110223024625E-16,-1.,0.));
#933 = PLANE('',#934);
#934 = AXIS2_PLACEMENT_3D('',#935,#936,#937);
#935 = CARTESIAN_POINT('',(-0.45,-4.48,8.35));
#936 = DIRECTION('',(0.707106781187,-7.850462293414E-17,0.707106781187)
  );
#937 = DIRECTION('',(-1.110223024625E-16,-1.,2.680278185005E-29));
#938 = ADVANCED_FACE('',(#939),#950,.T.);
#939 = FACE_BOUND('',#940,.T.);
#940 = EDGE_LOOP('',(#941,#942,#943,#944));
#941 = ORIENTED_EDGE('',*,*,#920,.F.);
#942 = ORIENTED_EDGE('',*,*,#325,.T.);
#943 = ORIENTED_EDGE('',*,*,#863,.T.);
#944 = ORIENTED_EDGE('',*,*,#945,.F.);
#945 = EDGE_CURVE('',#921,#864,#946,.T.);
#946 = LINE('',#947,#948);
#947 = CARTESIAN_POINT('',(-0.6,-5.38,8.2));
#948 = VECTOR('',#949,1.);
#949 = DIRECTION('',(1.,-1.110223024625E-16,0.));
#950 = PLANE('',#951);
#951 = AXIS2_PLACEMENT_3D('',#952,#953,#954);
#952 = CARTESIAN_POINT('',(-0.6,-5.53,8.35));
#953 = DIRECTION('',(8.197719098449E-17,0.707106781187,0.707106781187));
#954 = DIRECTION('',(1.,-1.13477778879E-16,-2.455476416522E-18));
#955 = ADVANCED_FACE('',(#956),#981,.T.);
#956 = FACE_BOUND('',#957,.T.);
#957 = EDGE_LOOP('',(#958,#966,#967,#975));
#958 = ORIENTED_EDGE('',*,*,#959,.F.);
#959 = EDGE_CURVE('',#350,#960,#962,.T.);
#960 = VERTEX_POINT('',#961);
#961 = CARTESIAN_POINT('',(0.3,-2.84,8.2));
#962 = LINE('',#963,#964);
#963 = CARTESIAN_POINT('',(0.3,-2.84,8.2));
#964 = VECTOR('',#965,1.);
#965 = DIRECTION('',(-0.57735026919,0.57735026919,-0.57735026919));
#966 = ORIENTED_EDGE('',*,*,#349,.T.);
#967 = ORIENTED_EDGE('',*,*,#968,.T.);
#968 = EDGE_CURVE('',#352,#969,#971,.T.);
#969 = VERTEX_POINT('',#970);
#970 = CARTESIAN_POINT('',(0.3,-2.24,8.2));
#971 = LINE('',#972,#973);
#972 = CARTESIAN_POINT('',(0.3,-2.24,8.2));
#973 = VECTOR('',#974,1.);
#974 = DIRECTION('',(-0.57735026919,-0.57735026919,-0.57735026919));
#975 = ORIENTED_EDGE('',*,*,#976,.F.);
#976 = EDGE_CURVE('',#960,#969,#977,.T.);
#977 = LINE('',#978,#979);
#978 = CARTESIAN_POINT('',(0.3,-3.14,8.2));
#979 = VECTOR('',#980,1.);
#980 = DIRECTION('',(1.110223024625E-16,1.,0.));
#981 = PLANE('',#982);
#982 = AXIS2_PLACEMENT_3D('',#983,#984,#985);
#983 = CARTESIAN_POINT('',(0.45,-3.14,8.35));
#984 = DIRECTION('',(-0.707106781187,7.850462293414E-17,0.707106781187)
  );
#985 = DIRECTION('',(1.110223024625E-16,1.,2.680278185005E-29));
#986 = ADVANCED_FACE('',(#987),#1005,.T.);
#987 = FACE_BOUND('',#988,.T.);
#988 = EDGE_LOOP('',(#989,#990,#991,#999));
#989 = ORIENTED_EDGE('',*,*,#968,.F.);
#990 = ORIENTED_EDGE('',*,*,#375,.T.);
#991 = ORIENTED_EDGE('',*,*,#992,.T.);
#992 = EDGE_CURVE('',#368,#993,#995,.T.);
#993 = VERTEX_POINT('',#994);
#994 = CARTESIAN_POINT('',(-0.3,-2.24,8.2));
#995 = LINE('',#996,#997);
#996 = CARTESIAN_POINT('',(-0.3,-2.24,8.2));
#997 = VECTOR('',#998,1.);
#998 = DIRECTION('',(0.57735026919,-0.57735026919,-0.57735026919));
#999 = ORIENTED_EDGE('',*,*,#1000,.F.);
#1000 = EDGE_CURVE('',#969,#993,#1001,.T.);
#1001 = LINE('',#1002,#1003);
#1002 = CARTESIAN_POINT('',(0.6,-2.24,8.2));
#1003 = VECTOR('',#1004,1.);
#1004 = DIRECTION('',(-1.,1.110223024625E-16,0.));
#1005 = PLANE('',#1006);
#1006 = AXIS2_PLACEMENT_3D('',#1007,#1008,#1009);
#1007 = CARTESIAN_POINT('',(0.6,-2.09,8.35));
#1008 = DIRECTION('',(-8.197719098449E-17,-0.707106781187,0.707106781187
    ));
#1009 = DIRECTION('',(-1.,1.13477778879E-16,-2.455476416522E-18));
#1010 = ADVANCED_FACE('',(#1011),#1029,.T.);
#1011 = FACE_BOUND('',#1012,.T.);
#1012 = EDGE_LOOP('',(#1013,#1014,#1015,#1023));
#1013 = ORIENTED_EDGE('',*,*,#992,.F.);
#1014 = ORIENTED_EDGE('',*,*,#367,.T.);
#1015 = ORIENTED_EDGE('',*,*,#1016,.T.);
#1016 = EDGE_CURVE('',#360,#1017,#1019,.T.);
#1017 = VERTEX_POINT('',#1018);
#1018 = CARTESIAN_POINT('',(-0.3,-2.84,8.2));
#1019 = LINE('',#1020,#1021);
#1020 = CARTESIAN_POINT('',(-0.3,-2.84,8.2));
#1021 = VECTOR('',#1022,1.);
#1022 = DIRECTION('',(0.57735026919,0.57735026919,-0.57735026919));
#1023 = ORIENTED_EDGE('',*,*,#1024,.F.);
#1024 = EDGE_CURVE('',#993,#1017,#1025,.T.);
#1025 = LINE('',#1026,#1027);
#1026 = CARTESIAN_POINT('',(-0.3,-1.94,8.2));
#1027 = VECTOR('',#1028,1.);
#1028 = DIRECTION('',(-1.110223024625E-16,-1.,0.));
#1029 = PLANE('',#1030);
#1030 = AXIS2_PLACEMENT_3D('',#1031,#1032,#1033);
#1031 = CARTESIAN_POINT('',(-0.45,-1.94,8.35));
#1032 = DIRECTION('',(0.707106781187,-7.850462293414E-17,0.707106781187)
  );
#1033 = DIRECTION('',(-1.110223024625E-16,-1.,2.680278185005E-29));
#1034 = ADVANCED_FACE('',(#1035),#1046,.T.);
#1035 = FACE_BOUND('',#1036,.T.);
#1036 = EDGE_LOOP('',(#1037,#1038,#1039,#1040));
#1037 = ORIENTED_EDGE('',*,*,#1016,.F.);
#1038 = ORIENTED_EDGE('',*,*,#359,.T.);
#1039 = ORIENTED_EDGE('',*,*,#959,.T.);
#1040 = ORIENTED_EDGE('',*,*,#1041,.F.);
#1041 = EDGE_CURVE('',#1017,#960,#1042,.T.);
#1042 = LINE('',#1043,#1044);
#1043 = CARTESIAN_POINT('',(-0.6,-2.84,8.2));
#1044 = VECTOR('',#1045,1.);
#1045 = DIRECTION('',(1.,-1.110223024625E-16,0.));
#1046 = PLANE('',#1047);
#1047 = AXIS2_PLACEMENT_3D('',#1048,#1049,#1050);
#1048 = CARTESIAN_POINT('',(-0.6,-2.99,8.35));
#1049 = DIRECTION('',(8.197719098449E-17,0.707106781187,0.707106781187)
  );
#1050 = DIRECTION('',(1.,-1.13477778879E-16,-2.455476416522E-18));
#1051 = ADVANCED_FACE('',(#1052),#1077,.T.);
#1052 = FACE_BOUND('',#1053,.T.);
#1053 = EDGE_LOOP('',(#1054,#1062,#1063,#1071));
#1054 = ORIENTED_EDGE('',*,*,#1055,.F.);
#1055 = EDGE_CURVE('',#384,#1056,#1058,.T.);
#1056 = VERTEX_POINT('',#1057);
#1057 = CARTESIAN_POINT('',(0.3,-0.3,8.2));
#1058 = LINE('',#1059,#1060);
#1059 = CARTESIAN_POINT('',(0.3,-0.3,8.2));
#1060 = VECTOR('',#1061,1.);
#1061 = DIRECTION('',(-0.57735026919,0.57735026919,-0.57735026919));
#1062 = ORIENTED_EDGE('',*,*,#383,.T.);
#1063 = ORIENTED_EDGE('',*,*,#1064,.T.);
#1064 = EDGE_CURVE('',#386,#1065,#1067,.T.);
#1065 = VERTEX_POINT('',#1066);
#1066 = CARTESIAN_POINT('',(0.3,0.3,8.2));
#1067 = LINE('',#1068,#1069);
#1068 = CARTESIAN_POINT('',(0.3,0.3,8.2));
#1069 = VECTOR('',#1070,1.);
#1070 = DIRECTION('',(-0.57735026919,-0.57735026919,-0.57735026919));
#1071 = ORIENTED_EDGE('',*,*,#1072,.F.);
#1072 = EDGE_CURVE('',#1056,#1065,#1073,.T.);
#1073 = LINE('',#1074,#1075);
#1074 = CARTESIAN_POINT('',(0.3,-0.6,8.2));
#1075 = VECTOR('',#1076,1.);
#1076 = DIRECTION('',(1.110223024625E-16,1.,0.));
#1077 = PLANE('',#1078);
#1078 = AXIS2_PLACEMENT_3D('',#1079,#1080,#1081);
#1079 = CARTESIAN_POINT('',(0.45,-0.6,8.35));
#1080 = DIRECTION('',(-0.707106781187,7.850462293414E-17,0.707106781187)
  );
#1081 = DIRECTION('',(1.110223024625E-16,1.,2.680278185005E-29));
#1082 = ADVANCED_FACE('',(#1083),#1101,.T.);
#1083 = FACE_BOUND('',#1084,.T.);
#1084 = EDGE_LOOP('',(#1085,#1086,#1087,#1095));
#1085 = ORIENTED_EDGE('',*,*,#1064,.F.);
#1086 = ORIENTED_EDGE('',*,*,#409,.T.);
#1087 = ORIENTED_EDGE('',*,*,#1088,.T.);
#1088 = EDGE_CURVE('',#402,#1089,#1091,.T.);
#1089 = VERTEX_POINT('',#1090);
#1090 = CARTESIAN_POINT('',(-0.3,0.3,8.2));
#1091 = LINE('',#1092,#1093);
#1092 = CARTESIAN_POINT('',(-0.3,0.3,8.2));
#1093 = VECTOR('',#1094,1.);
#1094 = DIRECTION('',(0.57735026919,-0.57735026919,-0.57735026919));
#1095 = ORIENTED_EDGE('',*,*,#1096,.F.);
#1096 = EDGE_CURVE('',#1065,#1089,#1097,.T.);
#1097 = LINE('',#1098,#1099);
#1098 = CARTESIAN_POINT('',(0.6,0.3,8.2));
#1099 = VECTOR('',#1100,1.);
#1100 = DIRECTION('',(-1.,1.110223024625E-16,0.));
#1101 = PLANE('',#1102);
#1102 = AXIS2_PLACEMENT_3D('',#1103,#1104,#1105);
#1103 = CARTESIAN_POINT('',(0.6,0.45,8.35));
#1104 = DIRECTION('',(-8.197719098449E-17,-0.707106781187,0.707106781187
    ));
#1105 = DIRECTION('',(-1.,1.13477778879E-16,-2.455476416522E-18));
#1106 = ADVANCED_FACE('',(#1107),#1125,.T.);
#1107 = FACE_BOUND('',#1108,.T.);
#1108 = EDGE_LOOP('',(#1109,#1110,#1111,#1119));
#1109 = ORIENTED_EDGE('',*,*,#1088,.F.);
#1110 = ORIENTED_EDGE('',*,*,#401,.T.);
#1111 = ORIENTED_EDGE('',*,*,#1112,.T.);
#1112 = EDGE_CURVE('',#394,#1113,#1115,.T.);
#1113 = VERTEX_POINT('',#1114);
#1114 = CARTESIAN_POINT('',(-0.3,-0.3,8.2));
#1115 = LINE('',#1116,#1117);
#1116 = CARTESIAN_POINT('',(-0.3,-0.3,8.2));
#1117 = VECTOR('',#1118,1.);
#1118 = DIRECTION('',(0.57735026919,0.57735026919,-0.57735026919));
#1119 = ORIENTED_EDGE('',*,*,#1120,.F.);
#1120 = EDGE_CURVE('',#1089,#1113,#1121,.T.);
#1121 = LINE('',#1122,#1123);
#1122 = CARTESIAN_POINT('',(-0.3,0.6,8.2));
#1123 = VECTOR('',#1124,1.);
#1124 = DIRECTION('',(-1.110223024625E-16,-1.,0.));
#1125 = PLANE('',#1126);
#1126 = AXIS2_PLACEMENT_3D('',#1127,#1128,#1129);
#1127 = CARTESIAN_POINT('',(-0.45,0.6,8.35));
#1128 = DIRECTION('',(0.707106781187,-7.850462293414E-17,0.707106781187)
  );
#1129 = DIRECTION('',(-1.110223024625E-16,-1.,2.680278185005E-29));
#1130 = ADVANCED_FACE('',(#1131),#1142,.T.);
#1131 = FACE_BOUND('',#1132,.T.);
#1132 = EDGE_LOOP('',(#1133,#1134,#1135,#1136));
#1133 = ORIENTED_EDGE('',*,*,#1112,.F.);
#1134 = ORIENTED_EDGE('',*,*,#393,.T.);
#1135 = ORIENTED_EDGE('',*,*,#1055,.T.);
#1136 = ORIENTED_EDGE('',*,*,#1137,.F.);
#1137 = EDGE_CURVE('',#1113,#1056,#1138,.T.);
#1138 = LINE('',#1139,#1140);
#1139 = CARTESIAN_POINT('',(-0.6,-0.3,8.2));
#1140 = VECTOR('',#1141,1.);
#1141 = DIRECTION('',(1.,-1.110223024625E-16,0.));
#1142 = PLANE('',#1143);
#1143 = AXIS2_PLACEMENT_3D('',#1144,#1145,#1146);
#1144 = CARTESIAN_POINT('',(-0.6,-0.45,8.35));
#1145 = DIRECTION('',(8.197719098449E-17,0.707106781187,0.707106781187)
  );
#1146 = DIRECTION('',(1.,-1.13477778879E-16,-2.455476416522E-18));
#1147 = ADVANCED_FACE('',(#1148),#1159,.T.);
#1148 = FACE_BOUND('',#1149,.T.);
#1149 = EDGE_LOOP('',(#1150,#1151,#1152,#1158));
#1150 = ORIENTED_EDGE('',*,*,#473,.F.);
#1151 = ORIENTED_EDGE('',*,*,#483,.T.);
#1152 = ORIENTED_EDGE('',*,*,#1153,.T.);
#1153 = EDGE_CURVE('',#484,#524,#1154,.T.);
#1154 = LINE('',#1155,#1156);
#1155 = CARTESIAN_POINT('',(-0.1,-7.92,0.2));
#1156 = VECTOR('',#1157,1.);
#1157 = DIRECTION('',(1.,-1.110223024625E-16,0.));
#1158 = ORIENTED_EDGE('',*,*,#531,.T.);
#1159 = PLANE('',#1160);
#1160 = AXIS2_PLACEMENT_3D('',#1161,#1162,#1163);
#1161 = CARTESIAN_POINT('',(-0.1,-7.92,0.2));
#1162 = DIRECTION('',(0.,-0.,-1.));
#1163 = DIRECTION('',(-1.110223024625E-16,-1.,0.));
#1164 = ADVANCED_FACE('',(#1165),#1206,.F.);
#1165 = FACE_BOUND('',#1166,.F.);
#1166 = EDGE_LOOP('',(#1167,#1175,#1176,#1184,#1192,#1200));
#1167 = ORIENTED_EDGE('',*,*,#1168,.T.);
#1168 = EDGE_CURVE('',#1169,#524,#1171,.T.);
#1169 = VERTEX_POINT('',#1170);
#1170 = CARTESIAN_POINT('',(0.1,-7.92,-2.5));
#1171 = LINE('',#1172,#1173);
#1172 = CARTESIAN_POINT('',(0.1,-7.92,-2.5));
#1173 = VECTOR('',#1174,1.);
#1174 = DIRECTION('',(0.,0.,1.));
#1175 = ORIENTED_EDGE('',*,*,#523,.F.);
#1176 = ORIENTED_EDGE('',*,*,#1177,.T.);
#1177 = EDGE_CURVE('',#516,#1178,#1180,.T.);
#1178 = VERTEX_POINT('',#1179);
#1179 = CARTESIAN_POINT('',(0.1,-7.32,-2.5));
#1180 = LINE('',#1181,#1182);
#1181 = CARTESIAN_POINT('',(0.1,-7.32,0.2));
#1182 = VECTOR('',#1183,1.);
#1183 = DIRECTION('',(0.,0.,-1.));
#1184 = ORIENTED_EDGE('',*,*,#1185,.T.);
#1185 = EDGE_CURVE('',#1178,#1186,#1188,.T.);
#1186 = VERTEX_POINT('',#1187);
#1187 = CARTESIAN_POINT('',(0.1,-7.47,-3.1));
#1188 = LINE('',#1189,#1190);
#1189 = CARTESIAN_POINT('',(0.1,-7.32,-2.5));
#1190 = VECTOR('',#1191,1.);
#1191 = DIRECTION('',(-2.692686352073E-17,-0.242535625036,
    -0.970142500145));
#1192 = ORIENTED_EDGE('',*,*,#1193,.T.);
#1193 = EDGE_CURVE('',#1186,#1194,#1196,.T.);
#1194 = VERTEX_POINT('',#1195);
#1195 = CARTESIAN_POINT('',(0.1,-7.77,-3.1));
#1196 = LINE('',#1197,#1198);
#1197 = CARTESIAN_POINT('',(0.1,-7.47,-3.1));
#1198 = VECTOR('',#1199,1.);
#1199 = DIRECTION('',(-1.110223024625E-16,-1.,0.));
#1200 = ORIENTED_EDGE('',*,*,#1201,.T.);
#1201 = EDGE_CURVE('',#1194,#1169,#1202,.T.);
#1202 = LINE('',#1203,#1204);
#1203 = CARTESIAN_POINT('',(0.1,-7.77,-3.1));
#1204 = VECTOR('',#1205,1.);
#1205 = DIRECTION('',(-2.692686352073E-17,-0.242535625036,0.970142500145
    ));
#1206 = PLANE('',#1207);
#1207 = AXIS2_PLACEMENT_3D('',#1208,#1209,#1210);
#1208 = CARTESIAN_POINT('',(0.1,-7.62,3.911477598424));
#1209 = DIRECTION('',(-1.,1.110223024625E-16,0.));
#1210 = DIRECTION('',(0.,0.,1.));
#1211 = ADVANCED_FACE('',(#1212),#1223,.T.);
#1212 = FACE_BOUND('',#1213,.T.);
#1213 = EDGE_LOOP('',(#1214,#1220,#1221,#1222));
#1214 = ORIENTED_EDGE('',*,*,#1215,.F.);
#1215 = EDGE_CURVE('',#492,#516,#1216,.T.);
#1216 = LINE('',#1217,#1218);
#1217 = CARTESIAN_POINT('',(-0.1,-7.32,0.2));
#1218 = VECTOR('',#1219,1.);
#1219 = DIRECTION('',(1.,-1.110223024625E-16,0.));
#1220 = ORIENTED_EDGE('',*,*,#499,.T.);
#1221 = ORIENTED_EDGE('',*,*,#507,.T.);
#1222 = ORIENTED_EDGE('',*,*,#515,.T.);
#1223 = PLANE('',#1224);
#1224 = AXIS2_PLACEMENT_3D('',#1225,#1226,#1227);
#1225 = CARTESIAN_POINT('',(-0.1,-7.92,0.2));
#1226 = DIRECTION('',(0.,-0.,-1.));
#1227 = DIRECTION('',(-1.110223024625E-16,-1.,0.));
#1228 = ADVANCED_FACE('',(#1229),#1270,.T.);
#1229 = FACE_BOUND('',#1230,.T.);
#1230 = EDGE_LOOP('',(#1231,#1239,#1240,#1248,#1256,#1264));
#1231 = ORIENTED_EDGE('',*,*,#1232,.T.);
#1232 = EDGE_CURVE('',#1233,#484,#1235,.T.);
#1233 = VERTEX_POINT('',#1234);
#1234 = CARTESIAN_POINT('',(-0.1,-7.92,-2.5));
#1235 = LINE('',#1236,#1237);
#1236 = CARTESIAN_POINT('',(-0.1,-7.92,-2.5));
#1237 = VECTOR('',#1238,1.);
#1238 = DIRECTION('',(0.,0.,1.));
#1239 = ORIENTED_EDGE('',*,*,#491,.F.);
#1240 = ORIENTED_EDGE('',*,*,#1241,.T.);
#1241 = EDGE_CURVE('',#492,#1242,#1244,.T.);
#1242 = VERTEX_POINT('',#1243);
#1243 = CARTESIAN_POINT('',(-0.1,-7.32,-2.5));
#1244 = LINE('',#1245,#1246);
#1245 = CARTESIAN_POINT('',(-0.1,-7.32,0.2));
#1246 = VECTOR('',#1247,1.);
#1247 = DIRECTION('',(0.,0.,-1.));
#1248 = ORIENTED_EDGE('',*,*,#1249,.T.);
#1249 = EDGE_CURVE('',#1242,#1250,#1252,.T.);
#1250 = VERTEX_POINT('',#1251);
#1251 = CARTESIAN_POINT('',(-0.1,-7.47,-3.1));
#1252 = LINE('',#1253,#1254);
#1253 = CARTESIAN_POINT('',(-0.1,-7.32,-2.5));
#1254 = VECTOR('',#1255,1.);
#1255 = DIRECTION('',(-2.692686352073E-17,-0.242535625036,
    -0.970142500145));
#1256 = ORIENTED_EDGE('',*,*,#1257,.F.);
#1257 = EDGE_CURVE('',#1258,#1250,#1260,.T.);
#1258 = VERTEX_POINT('',#1259);
#1259 = CARTESIAN_POINT('',(-0.1,-7.77,-3.1));
#1260 = LINE('',#1261,#1262);
#1261 = CARTESIAN_POINT('',(-0.1,-7.77,-3.1));
#1262 = VECTOR('',#1263,1.);
#1263 = DIRECTION('',(1.110223024625E-16,1.,0.));
#1264 = ORIENTED_EDGE('',*,*,#1265,.T.);
#1265 = EDGE_CURVE('',#1258,#1233,#1266,.T.);
#1266 = LINE('',#1267,#1268);
#1267 = CARTESIAN_POINT('',(-0.1,-7.77,-3.1));
#1268 = VECTOR('',#1269,1.);
#1269 = DIRECTION('',(-2.692686352073E-17,-0.242535625036,0.970142500145
    ));
#1270 = PLANE('',#1271);
#1271 = AXIS2_PLACEMENT_3D('',#1272,#1273,#1274);
#1272 = CARTESIAN_POINT('',(-0.1,-7.62,3.911477598424));
#1273 = DIRECTION('',(-1.,1.110223024625E-16,0.));
#1274 = DIRECTION('',(0.,0.,1.));
#1275 = ADVANCED_FACE('',(#1276),#1287,.T.);
#1276 = FACE_BOUND('',#1277,.T.);
#1277 = EDGE_LOOP('',(#1278,#1279,#1280,#1286));
#1278 = ORIENTED_EDGE('',*,*,#539,.F.);
#1279 = ORIENTED_EDGE('',*,*,#549,.T.);
#1280 = ORIENTED_EDGE('',*,*,#1281,.T.);
#1281 = EDGE_CURVE('',#550,#590,#1282,.T.);
#1282 = LINE('',#1283,#1284);
#1283 = CARTESIAN_POINT('',(-0.1,-5.38,0.2));
#1284 = VECTOR('',#1285,1.);
#1285 = DIRECTION('',(1.,-1.110223024625E-16,0.));
#1286 = ORIENTED_EDGE('',*,*,#597,.T.);
#1287 = PLANE('',#1288);
#1288 = AXIS2_PLACEMENT_3D('',#1289,#1290,#1291);
#1289 = CARTESIAN_POINT('',(-0.1,-5.38,0.2));
#1290 = DIRECTION('',(0.,-0.,-1.));
#1291 = DIRECTION('',(-1.110223024625E-16,-1.,0.));
#1292 = ADVANCED_FACE('',(#1293),#1334,.F.);
#1293 = FACE_BOUND('',#1294,.F.);
#1294 = EDGE_LOOP('',(#1295,#1303,#1304,#1312,#1320,#1328));
#1295 = ORIENTED_EDGE('',*,*,#1296,.T.);
#1296 = EDGE_CURVE('',#1297,#590,#1299,.T.);
#1297 = VERTEX_POINT('',#1298);
#1298 = CARTESIAN_POINT('',(0.1,-5.38,-2.5));
#1299 = LINE('',#1300,#1301);
#1300 = CARTESIAN_POINT('',(0.1,-5.38,-2.5));
#1301 = VECTOR('',#1302,1.);
#1302 = DIRECTION('',(0.,0.,1.));
#1303 = ORIENTED_EDGE('',*,*,#589,.F.);
#1304 = ORIENTED_EDGE('',*,*,#1305,.T.);
#1305 = EDGE_CURVE('',#582,#1306,#1308,.T.);
#1306 = VERTEX_POINT('',#1307);
#1307 = CARTESIAN_POINT('',(0.1,-4.78,-2.5));
#1308 = LINE('',#1309,#1310);
#1309 = CARTESIAN_POINT('',(0.1,-4.78,0.2));
#1310 = VECTOR('',#1311,1.);
#1311 = DIRECTION('',(0.,0.,-1.));
#1312 = ORIENTED_EDGE('',*,*,#1313,.T.);
#1313 = EDGE_CURVE('',#1306,#1314,#1316,.T.);
#1314 = VERTEX_POINT('',#1315);
#1315 = CARTESIAN_POINT('',(0.1,-4.93,-3.1));
#1316 = LINE('',#1317,#1318);
#1317 = CARTESIAN_POINT('',(0.1,-4.78,-2.5));
#1318 = VECTOR('',#1319,1.);
#1319 = DIRECTION('',(-2.692686352073E-17,-0.242535625036,
    -0.970142500145));
#1320 = ORIENTED_EDGE('',*,*,#1321,.T.);
#1321 = EDGE_CURVE('',#1314,#1322,#1324,.T.);
#1322 = VERTEX_POINT('',#1323);
#1323 = CARTESIAN_POINT('',(0.1,-5.23,-3.1));
#1324 = LINE('',#1325,#1326);
#1325 = CARTESIAN_POINT('',(0.1,-4.93,-3.1));
#1326 = VECTOR('',#1327,1.);
#1327 = DIRECTION('',(-1.110223024625E-16,-1.,0.));
#1328 = ORIENTED_EDGE('',*,*,#1329,.T.);
#1329 = EDGE_CURVE('',#1322,#1297,#1330,.T.);
#1330 = LINE('',#1331,#1332);
#1331 = CARTESIAN_POINT('',(0.1,-5.23,-3.1));
#1332 = VECTOR('',#1333,1.);
#1333 = DIRECTION('',(-2.692686352073E-17,-0.242535625036,0.970142500145
    ));
#1334 = PLANE('',#1335);
#1335 = AXIS2_PLACEMENT_3D('',#1336,#1337,#1338);
#1336 = CARTESIAN_POINT('',(0.1,-5.08,3.911477598424));
#1337 = DIRECTION('',(-1.,1.110223024625E-16,0.));
#1338 = DIRECTION('',(0.,0.,1.));
#1339 = ADVANCED_FACE('',(#1340),#1351,.T.);
#1340 = FACE_BOUND('',#1341,.T.);
#1341 = EDGE_LOOP('',(#1342,#1348,#1349,#1350));
#1342 = ORIENTED_EDGE('',*,*,#1343,.F.);
#1343 = EDGE_CURVE('',#558,#582,#1344,.T.);
#1344 = LINE('',#1345,#1346);
#1345 = CARTESIAN_POINT('',(-0.1,-4.78,0.2));
#1346 = VECTOR('',#1347,1.);
#1347 = DIRECTION('',(1.,-1.110223024625E-16,0.));
#1348 = ORIENTED_EDGE('',*,*,#565,.T.);
#1349 = ORIENTED_EDGE('',*,*,#573,.T.);
#1350 = ORIENTED_EDGE('',*,*,#581,.T.);
#1351 = PLANE('',#1352);
#1352 = AXIS2_PLACEMENT_3D('',#1353,#1354,#1355);
#1353 = CARTESIAN_POINT('',(-0.1,-5.38,0.2));
#1354 = DIRECTION('',(0.,-0.,-1.));
#1355 = DIRECTION('',(-1.110223024625E-16,-1.,0.));
#1356 = ADVANCED_FACE('',(#1357),#1398,.T.);
#1357 = FACE_BOUND('',#1358,.T.);
#1358 = EDGE_LOOP('',(#1359,#1367,#1368,#1376,#1384,#1392));
#1359 = ORIENTED_EDGE('',*,*,#1360,.T.);
#1360 = EDGE_CURVE('',#1361,#550,#1363,.T.);
#1361 = VERTEX_POINT('',#1362);
#1362 = CARTESIAN_POINT('',(-0.1,-5.38,-2.5));
#1363 = LINE('',#1364,#1365);
#1364 = CARTESIAN_POINT('',(-0.1,-5.38,-2.5));
#1365 = VECTOR('',#1366,1.);
#1366 = DIRECTION('',(0.,0.,1.));
#1367 = ORIENTED_EDGE('',*,*,#557,.F.);
#1368 = ORIENTED_EDGE('',*,*,#1369,.T.);
#1369 = EDGE_CURVE('',#558,#1370,#1372,.T.);
#1370 = VERTEX_POINT('',#1371);
#1371 = CARTESIAN_POINT('',(-0.1,-4.78,-2.5));
#1372 = LINE('',#1373,#1374);
#1373 = CARTESIAN_POINT('',(-0.1,-4.78,0.2));
#1374 = VECTOR('',#1375,1.);
#1375 = DIRECTION('',(0.,0.,-1.));
#1376 = ORIENTED_EDGE('',*,*,#1377,.T.);
#1377 = EDGE_CURVE('',#1370,#1378,#1380,.T.);
#1378 = VERTEX_POINT('',#1379);
#1379 = CARTESIAN_POINT('',(-0.1,-4.93,-3.1));
#1380 = LINE('',#1381,#1382);
#1381 = CARTESIAN_POINT('',(-0.1,-4.78,-2.5));
#1382 = VECTOR('',#1383,1.);
#1383 = DIRECTION('',(-2.692686352073E-17,-0.242535625036,
    -0.970142500145));
#1384 = ORIENTED_EDGE('',*,*,#1385,.F.);
#1385 = EDGE_CURVE('',#1386,#1378,#1388,.T.);
#1386 = VERTEX_POINT('',#1387);
#1387 = CARTESIAN_POINT('',(-0.1,-5.23,-3.1));
#1388 = LINE('',#1389,#1390);
#1389 = CARTESIAN_POINT('',(-0.1,-5.23,-3.1));
#1390 = VECTOR('',#1391,1.);
#1391 = DIRECTION('',(1.110223024625E-16,1.,0.));
#1392 = ORIENTED_EDGE('',*,*,#1393,.T.);
#1393 = EDGE_CURVE('',#1386,#1361,#1394,.T.);
#1394 = LINE('',#1395,#1396);
#1395 = CARTESIAN_POINT('',(-0.1,-5.23,-3.1));
#1396 = VECTOR('',#1397,1.);
#1397 = DIRECTION('',(-2.692686352073E-17,-0.242535625036,0.970142500145
    ));
#1398 = PLANE('',#1399);
#1399 = AXIS2_PLACEMENT_3D('',#1400,#1401,#1402);
#1400 = CARTESIAN_POINT('',(-0.1,-5.08,3.911477598424));
#1401 = DIRECTION('',(-1.,1.110223024625E-16,0.));
#1402 = DIRECTION('',(0.,0.,1.));
#1403 = ADVANCED_FACE('',(#1404),#1415,.T.);
#1404 = FACE_BOUND('',#1405,.T.);
#1405 = EDGE_LOOP('',(#1406,#1407,#1408,#1414));
#1406 = ORIENTED_EDGE('',*,*,#605,.F.);
#1407 = ORIENTED_EDGE('',*,*,#615,.T.);
#1408 = ORIENTED_EDGE('',*,*,#1409,.T.);
#1409 = EDGE_CURVE('',#616,#656,#1410,.T.);
#1410 = LINE('',#1411,#1412);
#1411 = CARTESIAN_POINT('',(-0.1,-2.84,0.2));
#1412 = VECTOR('',#1413,1.);
#1413 = DIRECTION('',(1.,-1.110223024625E-16,0.));
#1414 = ORIENTED_EDGE('',*,*,#663,.T.);
#1415 = PLANE('',#1416);
#1416 = AXIS2_PLACEMENT_3D('',#1417,#1418,#1419);
#1417 = CARTESIAN_POINT('',(-0.1,-2.84,0.2));
#1418 = DIRECTION('',(0.,-0.,-1.));
#1419 = DIRECTION('',(-1.110223024625E-16,-1.,0.));
#1420 = ADVANCED_FACE('',(#1421),#1462,.F.);
#1421 = FACE_BOUND('',#1422,.F.);
#1422 = EDGE_LOOP('',(#1423,#1431,#1432,#1440,#1448,#1456));
#1423 = ORIENTED_EDGE('',*,*,#1424,.T.);
#1424 = EDGE_CURVE('',#1425,#656,#1427,.T.);
#1425 = VERTEX_POINT('',#1426);
#1426 = CARTESIAN_POINT('',(0.1,-2.84,-2.5));
#1427 = LINE('',#1428,#1429);
#1428 = CARTESIAN_POINT('',(0.1,-2.84,-2.5));
#1429 = VECTOR('',#1430,1.);
#1430 = DIRECTION('',(0.,0.,1.));
#1431 = ORIENTED_EDGE('',*,*,#655,.F.);
#1432 = ORIENTED_EDGE('',*,*,#1433,.T.);
#1433 = EDGE_CURVE('',#648,#1434,#1436,.T.);
#1434 = VERTEX_POINT('',#1435);
#1435 = CARTESIAN_POINT('',(0.1,-2.24,-2.5));
#1436 = LINE('',#1437,#1438);
#1437 = CARTESIAN_POINT('',(0.1,-2.24,0.2));
#1438 = VECTOR('',#1439,1.);
#1439 = DIRECTION('',(0.,0.,-1.));
#1440 = ORIENTED_EDGE('',*,*,#1441,.T.);
#1441 = EDGE_CURVE('',#1434,#1442,#1444,.T.);
#1442 = VERTEX_POINT('',#1443);
#1443 = CARTESIAN_POINT('',(0.1,-2.39,-3.1));
#1444 = LINE('',#1445,#1446);
#1445 = CARTESIAN_POINT('',(0.1,-2.24,-2.5));
#1446 = VECTOR('',#1447,1.);
#1447 = DIRECTION('',(-2.692686352073E-17,-0.242535625036,
    -0.970142500145));
#1448 = ORIENTED_EDGE('',*,*,#1449,.T.);
#1449 = EDGE_CURVE('',#1442,#1450,#1452,.T.);
#1450 = VERTEX_POINT('',#1451);
#1451 = CARTESIAN_POINT('',(0.1,-2.69,-3.1));
#1452 = LINE('',#1453,#1454);
#1453 = CARTESIAN_POINT('',(0.1,-2.39,-3.1));
#1454 = VECTOR('',#1455,1.);
#1455 = DIRECTION('',(-1.110223024625E-16,-1.,0.));
#1456 = ORIENTED_EDGE('',*,*,#1457,.T.);
#1457 = EDGE_CURVE('',#1450,#1425,#1458,.T.);
#1458 = LINE('',#1459,#1460);
#1459 = CARTESIAN_POINT('',(0.1,-2.69,-3.1));
#1460 = VECTOR('',#1461,1.);
#1461 = DIRECTION('',(-2.692686352073E-17,-0.242535625036,0.970142500145
    ));
#1462 = PLANE('',#1463);
#1463 = AXIS2_PLACEMENT_3D('',#1464,#1465,#1466);
#1464 = CARTESIAN_POINT('',(0.1,-2.54,3.911477598424));
#1465 = DIRECTION('',(-1.,1.110223024625E-16,0.));
#1466 = DIRECTION('',(0.,0.,1.));
#1467 = ADVANCED_FACE('',(#1468),#1479,.T.);
#1468 = FACE_BOUND('',#1469,.T.);
#1469 = EDGE_LOOP('',(#1470,#1476,#1477,#1478));
#1470 = ORIENTED_EDGE('',*,*,#1471,.F.);
#1471 = EDGE_CURVE('',#624,#648,#1472,.T.);
#1472 = LINE('',#1473,#1474);
#1473 = CARTESIAN_POINT('',(-0.1,-2.24,0.2));
#1474 = VECTOR('',#1475,1.);
#1475 = DIRECTION('',(1.,-1.110223024625E-16,0.));
#1476 = ORIENTED_EDGE('',*,*,#631,.T.);
#1477 = ORIENTED_EDGE('',*,*,#639,.T.);
#1478 = ORIENTED_EDGE('',*,*,#647,.T.);
#1479 = PLANE('',#1480);
#1480 = AXIS2_PLACEMENT_3D('',#1481,#1482,#1483);
#1481 = CARTESIAN_POINT('',(-0.1,-2.84,0.2));
#1482 = DIRECTION('',(0.,-0.,-1.));
#1483 = DIRECTION('',(-1.110223024625E-16,-1.,0.));
#1484 = ADVANCED_FACE('',(#1485),#1526,.T.);
#1485 = FACE_BOUND('',#1486,.T.);
#1486 = EDGE_LOOP('',(#1487,#1495,#1496,#1504,#1512,#1520));
#1487 = ORIENTED_EDGE('',*,*,#1488,.T.);
#1488 = EDGE_CURVE('',#1489,#616,#1491,.T.);
#1489 = VERTEX_POINT('',#1490);
#1490 = CARTESIAN_POINT('',(-0.1,-2.84,-2.5));
#1491 = LINE('',#1492,#1493);
#1492 = CARTESIAN_POINT('',(-0.1,-2.84,-2.5));
#1493 = VECTOR('',#1494,1.);
#1494 = DIRECTION('',(0.,0.,1.));
#1495 = ORIENTED_EDGE('',*,*,#623,.F.);
#1496 = ORIENTED_EDGE('',*,*,#1497,.T.);
#1497 = EDGE_CURVE('',#624,#1498,#1500,.T.);
#1498 = VERTEX_POINT('',#1499);
#1499 = CARTESIAN_POINT('',(-0.1,-2.24,-2.5));
#1500 = LINE('',#1501,#1502);
#1501 = CARTESIAN_POINT('',(-0.1,-2.24,0.2));
#1502 = VECTOR('',#1503,1.);
#1503 = DIRECTION('',(0.,0.,-1.));
#1504 = ORIENTED_EDGE('',*,*,#1505,.T.);
#1505 = EDGE_CURVE('',#1498,#1506,#1508,.T.);
#1506 = VERTEX_POINT('',#1507);
#1507 = CARTESIAN_POINT('',(-0.1,-2.39,-3.1));
#1508 = LINE('',#1509,#1510);
#1509 = CARTESIAN_POINT('',(-0.1,-2.24,-2.5));
#1510 = VECTOR('',#1511,1.);
#1511 = DIRECTION('',(-2.692686352073E-17,-0.242535625036,
    -0.970142500145));
#1512 = ORIENTED_EDGE('',*,*,#1513,.F.);
#1513 = EDGE_CURVE('',#1514,#1506,#1516,.T.);
#1514 = VERTEX_POINT('',#1515);
#1515 = CARTESIAN_POINT('',(-0.1,-2.69,-3.1));
#1516 = LINE('',#1517,#1518);
#1517 = CARTESIAN_POINT('',(-0.1,-2.69,-3.1));
#1518 = VECTOR('',#1519,1.);
#1519 = DIRECTION('',(1.110223024625E-16,1.,0.));
#1520 = ORIENTED_EDGE('',*,*,#1521,.T.);
#1521 = EDGE_CURVE('',#1514,#1489,#1522,.T.);
#1522 = LINE('',#1523,#1524);
#1523 = CARTESIAN_POINT('',(-0.1,-2.69,-3.1));
#1524 = VECTOR('',#1525,1.);
#1525 = DIRECTION('',(-2.692686352073E-17,-0.242535625036,0.970142500145
    ));
#1526 = PLANE('',#1527);
#1527 = AXIS2_PLACEMENT_3D('',#1528,#1529,#1530);
#1528 = CARTESIAN_POINT('',(-0.1,-2.54,3.911477598424));
#1529 = DIRECTION('',(-1.,1.110223024625E-16,0.));
#1530 = DIRECTION('',(0.,0.,1.));
#1531 = ADVANCED_FACE('',(#1532),#1543,.T.);
#1532 = FACE_BOUND('',#1533,.T.);
#1533 = EDGE_LOOP('',(#1534,#1535,#1536,#1542));
#1534 = ORIENTED_EDGE('',*,*,#671,.F.);
#1535 = ORIENTED_EDGE('',*,*,#681,.T.);
#1536 = ORIENTED_EDGE('',*,*,#1537,.T.);
#1537 = EDGE_CURVE('',#682,#722,#1538,.T.);
#1538 = LINE('',#1539,#1540);
#1539 = CARTESIAN_POINT('',(-0.1,-0.3,0.2));
#1540 = VECTOR('',#1541,1.);
#1541 = DIRECTION('',(1.,-1.110223024625E-16,0.));
#1542 = ORIENTED_EDGE('',*,*,#729,.T.);
#1543 = PLANE('',#1544);
#1544 = AXIS2_PLACEMENT_3D('',#1545,#1546,#1547);
#1545 = CARTESIAN_POINT('',(-0.1,-0.3,0.2));
#1546 = DIRECTION('',(0.,-0.,-1.));
#1547 = DIRECTION('',(-1.110223024625E-16,-1.,0.));
#1548 = ADVANCED_FACE('',(#1549),#1590,.F.);
#1549 = FACE_BOUND('',#1550,.F.);
#1550 = EDGE_LOOP('',(#1551,#1559,#1560,#1568,#1576,#1584));
#1551 = ORIENTED_EDGE('',*,*,#1552,.T.);
#1552 = EDGE_CURVE('',#1553,#722,#1555,.T.);
#1553 = VERTEX_POINT('',#1554);
#1554 = CARTESIAN_POINT('',(0.1,-0.3,-2.5));
#1555 = LINE('',#1556,#1557);
#1556 = CARTESIAN_POINT('',(0.1,-0.3,-2.5));
#1557 = VECTOR('',#1558,1.);
#1558 = DIRECTION('',(0.,0.,1.));
#1559 = ORIENTED_EDGE('',*,*,#721,.F.);
#1560 = ORIENTED_EDGE('',*,*,#1561,.T.);
#1561 = EDGE_CURVE('',#714,#1562,#1564,.T.);
#1562 = VERTEX_POINT('',#1563);
#1563 = CARTESIAN_POINT('',(0.1,0.3,-2.5));
#1564 = LINE('',#1565,#1566);
#1565 = CARTESIAN_POINT('',(0.1,0.3,0.2));
#1566 = VECTOR('',#1567,1.);
#1567 = DIRECTION('',(0.,0.,-1.));
#1568 = ORIENTED_EDGE('',*,*,#1569,.T.);
#1569 = EDGE_CURVE('',#1562,#1570,#1572,.T.);
#1570 = VERTEX_POINT('',#1571);
#1571 = CARTESIAN_POINT('',(0.1,0.15,-3.1));
#1572 = LINE('',#1573,#1574);
#1573 = CARTESIAN_POINT('',(0.1,0.3,-2.5));
#1574 = VECTOR('',#1575,1.);
#1575 = DIRECTION('',(-2.692686352073E-17,-0.242535625036,
    -0.970142500145));
#1576 = ORIENTED_EDGE('',*,*,#1577,.T.);
#1577 = EDGE_CURVE('',#1570,#1578,#1580,.T.);
#1578 = VERTEX_POINT('',#1579);
#1579 = CARTESIAN_POINT('',(0.1,-0.15,-3.1));
#1580 = LINE('',#1581,#1582);
#1581 = CARTESIAN_POINT('',(0.1,0.15,-3.1));
#1582 = VECTOR('',#1583,1.);
#1583 = DIRECTION('',(-1.110223024625E-16,-1.,0.));
#1584 = ORIENTED_EDGE('',*,*,#1585,.T.);
#1585 = EDGE_CURVE('',#1578,#1553,#1586,.T.);
#1586 = LINE('',#1587,#1588);
#1587 = CARTESIAN_POINT('',(0.1,-0.15,-3.1));
#1588 = VECTOR('',#1589,1.);
#1589 = DIRECTION('',(-2.692686352073E-17,-0.242535625036,0.970142500145
    ));
#1590 = PLANE('',#1591);
#1591 = AXIS2_PLACEMENT_3D('',#1592,#1593,#1594);
#1592 = CARTESIAN_POINT('',(0.1,-1.110223024625E-17,3.911477598424));
#1593 = DIRECTION('',(-1.,1.110223024625E-16,0.));
#1594 = DIRECTION('',(0.,0.,1.));
#1595 = ADVANCED_FACE('',(#1596),#1607,.T.);
#1596 = FACE_BOUND('',#1597,.T.);
#1597 = EDGE_LOOP('',(#1598,#1604,#1605,#1606));
#1598 = ORIENTED_EDGE('',*,*,#1599,.F.);
#1599 = EDGE_CURVE('',#690,#714,#1600,.T.);
#1600 = LINE('',#1601,#1602);
#1601 = CARTESIAN_POINT('',(-0.1,0.3,0.2));
#1602 = VECTOR('',#1603,1.);
#1603 = DIRECTION('',(1.,-1.110223024625E-16,0.));
#1604 = ORIENTED_EDGE('',*,*,#697,.T.);
#1605 = ORIENTED_EDGE('',*,*,#705,.T.);
#1606 = ORIENTED_EDGE('',*,*,#713,.T.);
#1607 = PLANE('',#1608);
#1608 = AXIS2_PLACEMENT_3D('',#1609,#1610,#1611);
#1609 = CARTESIAN_POINT('',(-0.1,-0.3,0.2));
#1610 = DIRECTION('',(0.,-0.,-1.));
#1611 = DIRECTION('',(-1.110223024625E-16,-1.,0.));
#1612 = ADVANCED_FACE('',(#1613),#1654,.T.);
#1613 = FACE_BOUND('',#1614,.T.);
#1614 = EDGE_LOOP('',(#1615,#1623,#1624,#1632,#1640,#1648));
#1615 = ORIENTED_EDGE('',*,*,#1616,.T.);
#1616 = EDGE_CURVE('',#1617,#682,#1619,.T.);
#1617 = VERTEX_POINT('',#1618);
#1618 = CARTESIAN_POINT('',(-0.1,-0.3,-2.5));
#1619 = LINE('',#1620,#1621);
#1620 = CARTESIAN_POINT('',(-0.1,-0.3,-2.5));
#1621 = VECTOR('',#1622,1.);
#1622 = DIRECTION('',(0.,0.,1.));
#1623 = ORIENTED_EDGE('',*,*,#689,.F.);
#1624 = ORIENTED_EDGE('',*,*,#1625,.T.);
#1625 = EDGE_CURVE('',#690,#1626,#1628,.T.);
#1626 = VERTEX_POINT('',#1627);
#1627 = CARTESIAN_POINT('',(-0.1,0.3,-2.5));
#1628 = LINE('',#1629,#1630);
#1629 = CARTESIAN_POINT('',(-0.1,0.3,0.2));
#1630 = VECTOR('',#1631,1.);
#1631 = DIRECTION('',(0.,0.,-1.));
#1632 = ORIENTED_EDGE('',*,*,#1633,.T.);
#1633 = EDGE_CURVE('',#1626,#1634,#1636,.T.);
#1634 = VERTEX_POINT('',#1635);
#1635 = CARTESIAN_POINT('',(-0.1,0.15,-3.1));
#1636 = LINE('',#1637,#1638);
#1637 = CARTESIAN_POINT('',(-0.1,0.3,-2.5));
#1638 = VECTOR('',#1639,1.);
#1639 = DIRECTION('',(-2.692686352073E-17,-0.242535625036,
    -0.970142500145));
#1640 = ORIENTED_EDGE('',*,*,#1641,.F.);
#1641 = EDGE_CURVE('',#1642,#1634,#1644,.T.);
#1642 = VERTEX_POINT('',#1643);
#1643 = CARTESIAN_POINT('',(-0.1,-0.15,-3.1));
#1644 = LINE('',#1645,#1646);
#1645 = CARTESIAN_POINT('',(-0.1,-0.15,-3.1));
#1646 = VECTOR('',#1647,1.);
#1647 = DIRECTION('',(1.110223024625E-16,1.,0.));
#1648 = ORIENTED_EDGE('',*,*,#1649,.T.);
#1649 = EDGE_CURVE('',#1642,#1617,#1650,.T.);
#1650 = LINE('',#1651,#1652);
#1651 = CARTESIAN_POINT('',(-0.1,-0.15,-3.1));
#1652 = VECTOR('',#1653,1.);
#1653 = DIRECTION('',(-2.692686352073E-17,-0.242535625036,0.970142500145
    ));
#1654 = PLANE('',#1655);
#1655 = AXIS2_PLACEMENT_3D('',#1656,#1657,#1658);
#1656 = CARTESIAN_POINT('',(-0.1,1.110223024625E-17,3.911477598424));
#1657 = DIRECTION('',(-1.,1.110223024625E-16,0.));
#1658 = DIRECTION('',(0.,0.,1.));
#1659 = ADVANCED_FACE('',(#1660),#1685,.F.);
#1660 = FACE_BOUND('',#1661,.F.);
#1661 = EDGE_LOOP('',(#1662,#1670,#1678,#1684));
#1662 = ORIENTED_EDGE('',*,*,#1663,.T.);
#1663 = EDGE_CURVE('',#768,#1664,#1666,.T.);
#1664 = VERTEX_POINT('',#1665);
#1665 = CARTESIAN_POINT('',(0.3,-7.92,0.9));
#1666 = LINE('',#1667,#1668);
#1667 = CARTESIAN_POINT('',(0.3,-7.92,8.2));
#1668 = VECTOR('',#1669,1.);
#1669 = DIRECTION('',(0.,-0.,-1.));
#1670 = ORIENTED_EDGE('',*,*,#1671,.T.);
#1671 = EDGE_CURVE('',#1664,#1672,#1674,.T.);
#1672 = VERTEX_POINT('',#1673);
#1673 = CARTESIAN_POINT('',(0.3,-7.32,0.9));
#1674 = LINE('',#1675,#1676);
#1675 = CARTESIAN_POINT('',(0.3,-7.92,0.9));
#1676 = VECTOR('',#1677,1.);
#1677 = DIRECTION('',(1.110223024625E-16,1.,0.));
#1678 = ORIENTED_EDGE('',*,*,#1679,.F.);
#1679 = EDGE_CURVE('',#777,#1672,#1680,.T.);
#1680 = LINE('',#1681,#1682);
#1681 = CARTESIAN_POINT('',(0.3,-7.32,8.2));
#1682 = VECTOR('',#1683,1.);
#1683 = DIRECTION('',(0.,-0.,-1.));
#1684 = ORIENTED_EDGE('',*,*,#784,.F.);
#1685 = PLANE('',#1686);
#1686 = AXIS2_PLACEMENT_3D('',#1687,#1688,#1689);
#1687 = CARTESIAN_POINT('',(0.3,-7.92,8.2));
#1688 = DIRECTION('',(1.,-1.110223024625E-16,0.));
#1689 = DIRECTION('',(1.110223024625E-16,1.,0.));
#1690 = ADVANCED_FACE('',(#1691),#1741,.F.);
#1691 = FACE_BOUND('',#1692,.F.);
#1692 = EDGE_LOOP('',(#1693,#1694,#1695,#1703,#1711,#1719,#1727,#1735));
#1693 = ORIENTED_EDGE('',*,*,#808,.F.);
#1694 = ORIENTED_EDGE('',*,*,#1679,.T.);
#1695 = ORIENTED_EDGE('',*,*,#1696,.T.);
#1696 = EDGE_CURVE('',#1672,#1697,#1699,.T.);
#1697 = VERTEX_POINT('',#1698);
#1698 = CARTESIAN_POINT('',(0.1,-7.32,0.9));
#1699 = LINE('',#1700,#1701);
#1700 = CARTESIAN_POINT('',(0.3,-7.32,0.9));
#1701 = VECTOR('',#1702,1.);
#1702 = DIRECTION('',(-1.,1.110223024625E-16,0.));
#1703 = ORIENTED_EDGE('',*,*,#1704,.T.);
#1704 = EDGE_CURVE('',#1697,#1705,#1707,.T.);
#1705 = VERTEX_POINT('',#1706);
#1706 = CARTESIAN_POINT('',(0.1,-7.32,7.4));
#1707 = LINE('',#1708,#1709);
#1708 = CARTESIAN_POINT('',(0.1,-7.32,6.055738799212));
#1709 = VECTOR('',#1710,1.);
#1710 = DIRECTION('',(0.,-0.,1.));
#1711 = ORIENTED_EDGE('',*,*,#1712,.F.);
#1712 = EDGE_CURVE('',#1713,#1705,#1715,.T.);
#1713 = VERTEX_POINT('',#1714);
#1714 = CARTESIAN_POINT('',(-0.1,-7.32,7.4));
#1715 = LINE('',#1716,#1717);
#1716 = CARTESIAN_POINT('',(-0.1,-7.32,7.4));
#1717 = VECTOR('',#1718,1.);
#1718 = DIRECTION('',(1.,-1.110223024625E-16,0.));
#1719 = ORIENTED_EDGE('',*,*,#1720,.F.);
#1720 = EDGE_CURVE('',#1721,#1713,#1723,.T.);
#1721 = VERTEX_POINT('',#1722);
#1722 = CARTESIAN_POINT('',(-0.1,-7.32,0.9));
#1723 = LINE('',#1724,#1725);
#1724 = CARTESIAN_POINT('',(-0.1,-7.32,6.055738799212));
#1725 = VECTOR('',#1726,1.);
#1726 = DIRECTION('',(0.,-0.,1.));
#1727 = ORIENTED_EDGE('',*,*,#1728,.T.);
#1728 = EDGE_CURVE('',#1721,#1729,#1731,.T.);
#1729 = VERTEX_POINT('',#1730);
#1730 = CARTESIAN_POINT('',(-0.3,-7.32,0.9));
#1731 = LINE('',#1732,#1733);
#1732 = CARTESIAN_POINT('',(0.3,-7.32,0.9));
#1733 = VECTOR('',#1734,1.);
#1734 = DIRECTION('',(-1.,1.110223024625E-16,0.));
#1735 = ORIENTED_EDGE('',*,*,#1736,.F.);
#1736 = EDGE_CURVE('',#801,#1729,#1737,.T.);
#1737 = LINE('',#1738,#1739);
#1738 = CARTESIAN_POINT('',(-0.3,-7.32,8.2));
#1739 = VECTOR('',#1740,1.);
#1740 = DIRECTION('',(0.,-0.,-1.));
#1741 = PLANE('',#1742);
#1742 = AXIS2_PLACEMENT_3D('',#1743,#1744,#1745);
#1743 = CARTESIAN_POINT('',(0.3,-7.32,8.2));
#1744 = DIRECTION('',(1.110223024625E-16,1.,0.));
#1745 = DIRECTION('',(-1.,1.110223024625E-16,0.));
#1746 = ADVANCED_FACE('',(#1747),#1765,.F.);
#1747 = FACE_BOUND('',#1748,.F.);
#1748 = EDGE_LOOP('',(#1749,#1750,#1758,#1764));
#1749 = ORIENTED_EDGE('',*,*,#1736,.T.);
#1750 = ORIENTED_EDGE('',*,*,#1751,.T.);
#1751 = EDGE_CURVE('',#1729,#1752,#1754,.T.);
#1752 = VERTEX_POINT('',#1753);
#1753 = CARTESIAN_POINT('',(-0.3,-7.92,0.9));
#1754 = LINE('',#1755,#1756);
#1755 = CARTESIAN_POINT('',(-0.3,-7.32,0.9));
#1756 = VECTOR('',#1757,1.);
#1757 = DIRECTION('',(-1.110223024625E-16,-1.,0.));
#1758 = ORIENTED_EDGE('',*,*,#1759,.F.);
#1759 = EDGE_CURVE('',#825,#1752,#1760,.T.);
#1760 = LINE('',#1761,#1762);
#1761 = CARTESIAN_POINT('',(-0.3,-7.92,8.2));
#1762 = VECTOR('',#1763,1.);
#1763 = DIRECTION('',(0.,-0.,-1.));
#1764 = ORIENTED_EDGE('',*,*,#832,.F.);
#1765 = PLANE('',#1766);
#1766 = AXIS2_PLACEMENT_3D('',#1767,#1768,#1769);
#1767 = CARTESIAN_POINT('',(-0.3,-7.32,8.2));
#1768 = DIRECTION('',(-1.,1.110223024625E-16,0.));
#1769 = DIRECTION('',(-1.110223024625E-16,-1.,0.));
#1770 = ADVANCED_FACE('',(#1771),#1814,.F.);
#1771 = FACE_BOUND('',#1772,.F.);
#1772 = EDGE_LOOP('',(#1773,#1774,#1775,#1783,#1791,#1799,#1807,#1813));
#1773 = ORIENTED_EDGE('',*,*,#849,.F.);
#1774 = ORIENTED_EDGE('',*,*,#1759,.T.);
#1775 = ORIENTED_EDGE('',*,*,#1776,.T.);
#1776 = EDGE_CURVE('',#1752,#1777,#1779,.T.);
#1777 = VERTEX_POINT('',#1778);
#1778 = CARTESIAN_POINT('',(-0.1,-7.92,0.9));
#1779 = LINE('',#1780,#1781);
#1780 = CARTESIAN_POINT('',(-0.3,-7.92,0.9));
#1781 = VECTOR('',#1782,1.);
#1782 = DIRECTION('',(1.,-1.110223024625E-16,0.));
#1783 = ORIENTED_EDGE('',*,*,#1784,.F.);
#1784 = EDGE_CURVE('',#1785,#1777,#1787,.T.);
#1785 = VERTEX_POINT('',#1786);
#1786 = CARTESIAN_POINT('',(-0.1,-7.92,7.4));
#1787 = LINE('',#1788,#1789);
#1788 = CARTESIAN_POINT('',(-0.1,-7.92,6.055738799212));
#1789 = VECTOR('',#1790,1.);
#1790 = DIRECTION('',(-0.,0.,-1.));
#1791 = ORIENTED_EDGE('',*,*,#1792,.T.);
#1792 = EDGE_CURVE('',#1785,#1793,#1795,.T.);
#1793 = VERTEX_POINT('',#1794);
#1794 = CARTESIAN_POINT('',(0.1,-7.92,7.4));
#1795 = LINE('',#1796,#1797);
#1796 = CARTESIAN_POINT('',(-0.1,-7.92,7.4));
#1797 = VECTOR('',#1798,1.);
#1798 = DIRECTION('',(1.,-1.110223024625E-16,0.));
#1799 = ORIENTED_EDGE('',*,*,#1800,.T.);
#1800 = EDGE_CURVE('',#1793,#1801,#1803,.T.);
#1801 = VERTEX_POINT('',#1802);
#1802 = CARTESIAN_POINT('',(0.1,-7.92,0.9));
#1803 = LINE('',#1804,#1805);
#1804 = CARTESIAN_POINT('',(0.1,-7.92,6.055738799212));
#1805 = VECTOR('',#1806,1.);
#1806 = DIRECTION('',(-0.,0.,-1.));
#1807 = ORIENTED_EDGE('',*,*,#1808,.T.);
#1808 = EDGE_CURVE('',#1801,#1664,#1809,.T.);
#1809 = LINE('',#1810,#1811);
#1810 = CARTESIAN_POINT('',(-0.3,-7.92,0.9));
#1811 = VECTOR('',#1812,1.);
#1812 = DIRECTION('',(1.,-1.110223024625E-16,0.));
#1813 = ORIENTED_EDGE('',*,*,#1663,.F.);
#1814 = PLANE('',#1815);
#1815 = AXIS2_PLACEMENT_3D('',#1816,#1817,#1818);
#1816 = CARTESIAN_POINT('',(-0.3,-7.92,8.2));
#1817 = DIRECTION('',(-1.110223024625E-16,-1.,0.));
#1818 = DIRECTION('',(1.,-1.110223024625E-16,0.));
#1819 = ADVANCED_FACE('',(#1820),#1845,.F.);
#1820 = FACE_BOUND('',#1821,.F.);
#1821 = EDGE_LOOP('',(#1822,#1830,#1838,#1844));
#1822 = ORIENTED_EDGE('',*,*,#1823,.T.);
#1823 = EDGE_CURVE('',#864,#1824,#1826,.T.);
#1824 = VERTEX_POINT('',#1825);
#1825 = CARTESIAN_POINT('',(0.3,-5.38,0.9));
#1826 = LINE('',#1827,#1828);
#1827 = CARTESIAN_POINT('',(0.3,-5.38,8.2));
#1828 = VECTOR('',#1829,1.);
#1829 = DIRECTION('',(0.,-0.,-1.));
#1830 = ORIENTED_EDGE('',*,*,#1831,.T.);
#1831 = EDGE_CURVE('',#1824,#1832,#1834,.T.);
#1832 = VERTEX_POINT('',#1833);
#1833 = CARTESIAN_POINT('',(0.3,-4.78,0.9));
#1834 = LINE('',#1835,#1836);
#1835 = CARTESIAN_POINT('',(0.3,-5.38,0.9));
#1836 = VECTOR('',#1837,1.);
#1837 = DIRECTION('',(1.110223024625E-16,1.,0.));
#1838 = ORIENTED_EDGE('',*,*,#1839,.F.);
#1839 = EDGE_CURVE('',#873,#1832,#1840,.T.);
#1840 = LINE('',#1841,#1842);
#1841 = CARTESIAN_POINT('',(0.3,-4.78,8.2));
#1842 = VECTOR('',#1843,1.);
#1843 = DIRECTION('',(0.,-0.,-1.));
#1844 = ORIENTED_EDGE('',*,*,#880,.F.);
#1845 = PLANE('',#1846);
#1846 = AXIS2_PLACEMENT_3D('',#1847,#1848,#1849);
#1847 = CARTESIAN_POINT('',(0.3,-5.38,8.2));
#1848 = DIRECTION('',(1.,-1.110223024625E-16,0.));
#1849 = DIRECTION('',(1.110223024625E-16,1.,0.));
#1850 = ADVANCED_FACE('',(#1851),#1901,.F.);
#1851 = FACE_BOUND('',#1852,.F.);
#1852 = EDGE_LOOP('',(#1853,#1854,#1855,#1863,#1871,#1879,#1887,#1895));
#1853 = ORIENTED_EDGE('',*,*,#904,.F.);
#1854 = ORIENTED_EDGE('',*,*,#1839,.T.);
#1855 = ORIENTED_EDGE('',*,*,#1856,.T.);
#1856 = EDGE_CURVE('',#1832,#1857,#1859,.T.);
#1857 = VERTEX_POINT('',#1858);
#1858 = CARTESIAN_POINT('',(0.1,-4.78,0.9));
#1859 = LINE('',#1860,#1861);
#1860 = CARTESIAN_POINT('',(0.3,-4.78,0.9));
#1861 = VECTOR('',#1862,1.);
#1862 = DIRECTION('',(-1.,1.110223024625E-16,0.));
#1863 = ORIENTED_EDGE('',*,*,#1864,.T.);
#1864 = EDGE_CURVE('',#1857,#1865,#1867,.T.);
#1865 = VERTEX_POINT('',#1866);
#1866 = CARTESIAN_POINT('',(0.1,-4.78,7.4));
#1867 = LINE('',#1868,#1869);
#1868 = CARTESIAN_POINT('',(0.1,-4.78,6.055738799212));
#1869 = VECTOR('',#1870,1.);
#1870 = DIRECTION('',(0.,-0.,1.));
#1871 = ORIENTED_EDGE('',*,*,#1872,.F.);
#1872 = EDGE_CURVE('',#1873,#1865,#1875,.T.);
#1873 = VERTEX_POINT('',#1874);
#1874 = CARTESIAN_POINT('',(-0.1,-4.78,7.4));
#1875 = LINE('',#1876,#1877);
#1876 = CARTESIAN_POINT('',(-0.1,-4.78,7.4));
#1877 = VECTOR('',#1878,1.);
#1878 = DIRECTION('',(1.,-1.110223024625E-16,0.));
#1879 = ORIENTED_EDGE('',*,*,#1880,.F.);
#1880 = EDGE_CURVE('',#1881,#1873,#1883,.T.);
#1881 = VERTEX_POINT('',#1882);
#1882 = CARTESIAN_POINT('',(-0.1,-4.78,0.9));
#1883 = LINE('',#1884,#1885);
#1884 = CARTESIAN_POINT('',(-0.1,-4.78,6.055738799212));
#1885 = VECTOR('',#1886,1.);
#1886 = DIRECTION('',(0.,-0.,1.));
#1887 = ORIENTED_EDGE('',*,*,#1888,.T.);
#1888 = EDGE_CURVE('',#1881,#1889,#1891,.T.);
#1889 = VERTEX_POINT('',#1890);
#1890 = CARTESIAN_POINT('',(-0.3,-4.78,0.9));
#1891 = LINE('',#1892,#1893);
#1892 = CARTESIAN_POINT('',(0.3,-4.78,0.9));
#1893 = VECTOR('',#1894,1.);
#1894 = DIRECTION('',(-1.,1.110223024625E-16,0.));
#1895 = ORIENTED_EDGE('',*,*,#1896,.F.);
#1896 = EDGE_CURVE('',#897,#1889,#1897,.T.);
#1897 = LINE('',#1898,#1899);
#1898 = CARTESIAN_POINT('',(-0.3,-4.78,8.2));
#1899 = VECTOR('',#1900,1.);
#1900 = DIRECTION('',(0.,-0.,-1.));
#1901 = PLANE('',#1902);
#1902 = AXIS2_PLACEMENT_3D('',#1903,#1904,#1905);
#1903 = CARTESIAN_POINT('',(0.3,-4.78,8.2));
#1904 = DIRECTION('',(1.110223024625E-16,1.,0.));
#1905 = DIRECTION('',(-1.,1.110223024625E-16,0.));
#1906 = ADVANCED_FACE('',(#1907),#1925,.F.);
#1907 = FACE_BOUND('',#1908,.F.);
#1908 = EDGE_LOOP('',(#1909,#1910,#1918,#1924));
#1909 = ORIENTED_EDGE('',*,*,#1896,.T.);
#1910 = ORIENTED_EDGE('',*,*,#1911,.T.);
#1911 = EDGE_CURVE('',#1889,#1912,#1914,.T.);
#1912 = VERTEX_POINT('',#1913);
#1913 = CARTESIAN_POINT('',(-0.3,-5.38,0.9));
#1914 = LINE('',#1915,#1916);
#1915 = CARTESIAN_POINT('',(-0.3,-4.78,0.9));
#1916 = VECTOR('',#1917,1.);
#1917 = DIRECTION('',(-1.110223024625E-16,-1.,0.));
#1918 = ORIENTED_EDGE('',*,*,#1919,.F.);
#1919 = EDGE_CURVE('',#921,#1912,#1920,.T.);
#1920 = LINE('',#1921,#1922);
#1921 = CARTESIAN_POINT('',(-0.3,-5.38,8.2));
#1922 = VECTOR('',#1923,1.);
#1923 = DIRECTION('',(0.,-0.,-1.));
#1924 = ORIENTED_EDGE('',*,*,#928,.F.);
#1925 = PLANE('',#1926);
#1926 = AXIS2_PLACEMENT_3D('',#1927,#1928,#1929);
#1927 = CARTESIAN_POINT('',(-0.3,-4.78,8.2));
#1928 = DIRECTION('',(-1.,1.110223024625E-16,0.));
#1929 = DIRECTION('',(-1.110223024625E-16,-1.,0.));
#1930 = ADVANCED_FACE('',(#1931),#1974,.F.);
#1931 = FACE_BOUND('',#1932,.F.);
#1932 = EDGE_LOOP('',(#1933,#1934,#1935,#1943,#1951,#1959,#1967,#1973));
#1933 = ORIENTED_EDGE('',*,*,#945,.F.);
#1934 = ORIENTED_EDGE('',*,*,#1919,.T.);
#1935 = ORIENTED_EDGE('',*,*,#1936,.T.);
#1936 = EDGE_CURVE('',#1912,#1937,#1939,.T.);
#1937 = VERTEX_POINT('',#1938);
#1938 = CARTESIAN_POINT('',(-0.1,-5.38,0.9));
#1939 = LINE('',#1940,#1941);
#1940 = CARTESIAN_POINT('',(-0.3,-5.38,0.9));
#1941 = VECTOR('',#1942,1.);
#1942 = DIRECTION('',(1.,-1.110223024625E-16,0.));
#1943 = ORIENTED_EDGE('',*,*,#1944,.F.);
#1944 = EDGE_CURVE('',#1945,#1937,#1947,.T.);
#1945 = VERTEX_POINT('',#1946);
#1946 = CARTESIAN_POINT('',(-0.1,-5.38,7.4));
#1947 = LINE('',#1948,#1949);
#1948 = CARTESIAN_POINT('',(-0.1,-5.38,6.055738799212));
#1949 = VECTOR('',#1950,1.);
#1950 = DIRECTION('',(-0.,0.,-1.));
#1951 = ORIENTED_EDGE('',*,*,#1952,.T.);
#1952 = EDGE_CURVE('',#1945,#1953,#1955,.T.);
#1953 = VERTEX_POINT('',#1954);
#1954 = CARTESIAN_POINT('',(0.1,-5.38,7.4));
#1955 = LINE('',#1956,#1957);
#1956 = CARTESIAN_POINT('',(-0.1,-5.38,7.4));
#1957 = VECTOR('',#1958,1.);
#1958 = DIRECTION('',(1.,-1.110223024625E-16,0.));
#1959 = ORIENTED_EDGE('',*,*,#1960,.T.);
#1960 = EDGE_CURVE('',#1953,#1961,#1963,.T.);
#1961 = VERTEX_POINT('',#1962);
#1962 = CARTESIAN_POINT('',(0.1,-5.38,0.9));
#1963 = LINE('',#1964,#1965);
#1964 = CARTESIAN_POINT('',(0.1,-5.38,6.055738799212));
#1965 = VECTOR('',#1966,1.);
#1966 = DIRECTION('',(-0.,0.,-1.));
#1967 = ORIENTED_EDGE('',*,*,#1968,.T.);
#1968 = EDGE_CURVE('',#1961,#1824,#1969,.T.);
#1969 = LINE('',#1970,#1971);
#1970 = CARTESIAN_POINT('',(-0.3,-5.38,0.9));
#1971 = VECTOR('',#1972,1.);
#1972 = DIRECTION('',(1.,-1.110223024625E-16,0.));
#1973 = ORIENTED_EDGE('',*,*,#1823,.F.);
#1974 = PLANE('',#1975);
#1975 = AXIS2_PLACEMENT_3D('',#1976,#1977,#1978);
#1976 = CARTESIAN_POINT('',(-0.3,-5.38,8.2));
#1977 = DIRECTION('',(-1.110223024625E-16,-1.,0.));
#1978 = DIRECTION('',(1.,-1.110223024625E-16,0.));
#1979 = ADVANCED_FACE('',(#1980),#2005,.F.);
#1980 = FACE_BOUND('',#1981,.F.);
#1981 = EDGE_LOOP('',(#1982,#1990,#1998,#2004));
#1982 = ORIENTED_EDGE('',*,*,#1983,.T.);
#1983 = EDGE_CURVE('',#960,#1984,#1986,.T.);
#1984 = VERTEX_POINT('',#1985);
#1985 = CARTESIAN_POINT('',(0.3,-2.84,0.9));
#1986 = LINE('',#1987,#1988);
#1987 = CARTESIAN_POINT('',(0.3,-2.84,8.2));
#1988 = VECTOR('',#1989,1.);
#1989 = DIRECTION('',(0.,-0.,-1.));
#1990 = ORIENTED_EDGE('',*,*,#1991,.T.);
#1991 = EDGE_CURVE('',#1984,#1992,#1994,.T.);
#1992 = VERTEX_POINT('',#1993);
#1993 = CARTESIAN_POINT('',(0.3,-2.24,0.9));
#1994 = LINE('',#1995,#1996);
#1995 = CARTESIAN_POINT('',(0.3,-2.84,0.9));
#1996 = VECTOR('',#1997,1.);
#1997 = DIRECTION('',(1.110223024625E-16,1.,0.));
#1998 = ORIENTED_EDGE('',*,*,#1999,.F.);
#1999 = EDGE_CURVE('',#969,#1992,#2000,.T.);
#2000 = LINE('',#2001,#2002);
#2001 = CARTESIAN_POINT('',(0.3,-2.24,8.2));
#2002 = VECTOR('',#2003,1.);
#2003 = DIRECTION('',(0.,-0.,-1.));
#2004 = ORIENTED_EDGE('',*,*,#976,.F.);
#2005 = PLANE('',#2006);
#2006 = AXIS2_PLACEMENT_3D('',#2007,#2008,#2009);
#2007 = CARTESIAN_POINT('',(0.3,-2.84,8.2));
#2008 = DIRECTION('',(1.,-1.110223024625E-16,0.));
#2009 = DIRECTION('',(1.110223024625E-16,1.,0.));
#2010 = ADVANCED_FACE('',(#2011),#2061,.F.);
#2011 = FACE_BOUND('',#2012,.F.);
#2012 = EDGE_LOOP('',(#2013,#2014,#2015,#2023,#2031,#2039,#2047,#2055));
#2013 = ORIENTED_EDGE('',*,*,#1000,.F.);
#2014 = ORIENTED_EDGE('',*,*,#1999,.T.);
#2015 = ORIENTED_EDGE('',*,*,#2016,.T.);
#2016 = EDGE_CURVE('',#1992,#2017,#2019,.T.);
#2017 = VERTEX_POINT('',#2018);
#2018 = CARTESIAN_POINT('',(0.1,-2.24,0.9));
#2019 = LINE('',#2020,#2021);
#2020 = CARTESIAN_POINT('',(0.3,-2.24,0.9));
#2021 = VECTOR('',#2022,1.);
#2022 = DIRECTION('',(-1.,1.110223024625E-16,0.));
#2023 = ORIENTED_EDGE('',*,*,#2024,.T.);
#2024 = EDGE_CURVE('',#2017,#2025,#2027,.T.);
#2025 = VERTEX_POINT('',#2026);
#2026 = CARTESIAN_POINT('',(0.1,-2.24,7.4));
#2027 = LINE('',#2028,#2029);
#2028 = CARTESIAN_POINT('',(0.1,-2.24,6.055738799212));
#2029 = VECTOR('',#2030,1.);
#2030 = DIRECTION('',(0.,-0.,1.));
#2031 = ORIENTED_EDGE('',*,*,#2032,.F.);
#2032 = EDGE_CURVE('',#2033,#2025,#2035,.T.);
#2033 = VERTEX_POINT('',#2034);
#2034 = CARTESIAN_POINT('',(-0.1,-2.24,7.4));
#2035 = LINE('',#2036,#2037);
#2036 = CARTESIAN_POINT('',(-0.1,-2.24,7.4));
#2037 = VECTOR('',#2038,1.);
#2038 = DIRECTION('',(1.,-1.110223024625E-16,0.));
#2039 = ORIENTED_EDGE('',*,*,#2040,.F.);
#2040 = EDGE_CURVE('',#2041,#2033,#2043,.T.);
#2041 = VERTEX_POINT('',#2042);
#2042 = CARTESIAN_POINT('',(-0.1,-2.24,0.9));
#2043 = LINE('',#2044,#2045);
#2044 = CARTESIAN_POINT('',(-0.1,-2.24,6.055738799212));
#2045 = VECTOR('',#2046,1.);
#2046 = DIRECTION('',(0.,-0.,1.));
#2047 = ORIENTED_EDGE('',*,*,#2048,.T.);
#2048 = EDGE_CURVE('',#2041,#2049,#2051,.T.);
#2049 = VERTEX_POINT('',#2050);
#2050 = CARTESIAN_POINT('',(-0.3,-2.24,0.9));
#2051 = LINE('',#2052,#2053);
#2052 = CARTESIAN_POINT('',(0.3,-2.24,0.9));
#2053 = VECTOR('',#2054,1.);
#2054 = DIRECTION('',(-1.,1.110223024625E-16,0.));
#2055 = ORIENTED_EDGE('',*,*,#2056,.F.);
#2056 = EDGE_CURVE('',#993,#2049,#2057,.T.);
#2057 = LINE('',#2058,#2059);
#2058 = CARTESIAN_POINT('',(-0.3,-2.24,8.2));
#2059 = VECTOR('',#2060,1.);
#2060 = DIRECTION('',(0.,-0.,-1.));
#2061 = PLANE('',#2062);
#2062 = AXIS2_PLACEMENT_3D('',#2063,#2064,#2065);
#2063 = CARTESIAN_POINT('',(0.3,-2.24,8.2));
#2064 = DIRECTION('',(1.110223024625E-16,1.,0.));
#2065 = DIRECTION('',(-1.,1.110223024625E-16,0.));
#2066 = ADVANCED_FACE('',(#2067),#2085,.F.);
#2067 = FACE_BOUND('',#2068,.F.);
#2068 = EDGE_LOOP('',(#2069,#2070,#2078,#2084));
#2069 = ORIENTED_EDGE('',*,*,#2056,.T.);
#2070 = ORIENTED_EDGE('',*,*,#2071,.T.);
#2071 = EDGE_CURVE('',#2049,#2072,#2074,.T.);
#2072 = VERTEX_POINT('',#2073);
#2073 = CARTESIAN_POINT('',(-0.3,-2.84,0.9));
#2074 = LINE('',#2075,#2076);
#2075 = CARTESIAN_POINT('',(-0.3,-2.24,0.9));
#2076 = VECTOR('',#2077,1.);
#2077 = DIRECTION('',(-1.110223024625E-16,-1.,0.));
#2078 = ORIENTED_EDGE('',*,*,#2079,.F.);
#2079 = EDGE_CURVE('',#1017,#2072,#2080,.T.);
#2080 = LINE('',#2081,#2082);
#2081 = CARTESIAN_POINT('',(-0.3,-2.84,8.2));
#2082 = VECTOR('',#2083,1.);
#2083 = DIRECTION('',(0.,-0.,-1.));
#2084 = ORIENTED_EDGE('',*,*,#1024,.F.);
#2085 = PLANE('',#2086);
#2086 = AXIS2_PLACEMENT_3D('',#2087,#2088,#2089);
#2087 = CARTESIAN_POINT('',(-0.3,-2.24,8.2));
#2088 = DIRECTION('',(-1.,1.110223024625E-16,0.));
#2089 = DIRECTION('',(-1.110223024625E-16,-1.,0.));
#2090 = ADVANCED_FACE('',(#2091),#2134,.F.);
#2091 = FACE_BOUND('',#2092,.F.);
#2092 = EDGE_LOOP('',(#2093,#2094,#2095,#2103,#2111,#2119,#2127,#2133));
#2093 = ORIENTED_EDGE('',*,*,#1041,.F.);
#2094 = ORIENTED_EDGE('',*,*,#2079,.T.);
#2095 = ORIENTED_EDGE('',*,*,#2096,.T.);
#2096 = EDGE_CURVE('',#2072,#2097,#2099,.T.);
#2097 = VERTEX_POINT('',#2098);
#2098 = CARTESIAN_POINT('',(-0.1,-2.84,0.9));
#2099 = LINE('',#2100,#2101);
#2100 = CARTESIAN_POINT('',(-0.3,-2.84,0.9));
#2101 = VECTOR('',#2102,1.);
#2102 = DIRECTION('',(1.,-1.110223024625E-16,0.));
#2103 = ORIENTED_EDGE('',*,*,#2104,.F.);
#2104 = EDGE_CURVE('',#2105,#2097,#2107,.T.);
#2105 = VERTEX_POINT('',#2106);
#2106 = CARTESIAN_POINT('',(-0.1,-2.84,7.4));
#2107 = LINE('',#2108,#2109);
#2108 = CARTESIAN_POINT('',(-0.1,-2.84,6.055738799212));
#2109 = VECTOR('',#2110,1.);
#2110 = DIRECTION('',(-0.,0.,-1.));
#2111 = ORIENTED_EDGE('',*,*,#2112,.T.);
#2112 = EDGE_CURVE('',#2105,#2113,#2115,.T.);
#2113 = VERTEX_POINT('',#2114);
#2114 = CARTESIAN_POINT('',(0.1,-2.84,7.4));
#2115 = LINE('',#2116,#2117);
#2116 = CARTESIAN_POINT('',(-0.1,-2.84,7.4));
#2117 = VECTOR('',#2118,1.);
#2118 = DIRECTION('',(1.,-1.110223024625E-16,0.));
#2119 = ORIENTED_EDGE('',*,*,#2120,.T.);
#2120 = EDGE_CURVE('',#2113,#2121,#2123,.T.);
#2121 = VERTEX_POINT('',#2122);
#2122 = CARTESIAN_POINT('',(0.1,-2.84,0.9));
#2123 = LINE('',#2124,#2125);
#2124 = CARTESIAN_POINT('',(0.1,-2.84,6.055738799212));
#2125 = VECTOR('',#2126,1.);
#2126 = DIRECTION('',(-0.,0.,-1.));
#2127 = ORIENTED_EDGE('',*,*,#2128,.T.);
#2128 = EDGE_CURVE('',#2121,#1984,#2129,.T.);
#2129 = LINE('',#2130,#2131);
#2130 = CARTESIAN_POINT('',(-0.3,-2.84,0.9));
#2131 = VECTOR('',#2132,1.);
#2132 = DIRECTION('',(1.,-1.110223024625E-16,0.));
#2133 = ORIENTED_EDGE('',*,*,#1983,.F.);
#2134 = PLANE('',#2135);
#2135 = AXIS2_PLACEMENT_3D('',#2136,#2137,#2138);
#2136 = CARTESIAN_POINT('',(-0.3,-2.84,8.2));
#2137 = DIRECTION('',(-1.110223024625E-16,-1.,0.));
#2138 = DIRECTION('',(1.,-1.110223024625E-16,0.));
#2139 = ADVANCED_FACE('',(#2140),#2165,.F.);
#2140 = FACE_BOUND('',#2141,.F.);
#2141 = EDGE_LOOP('',(#2142,#2150,#2158,#2164));
#2142 = ORIENTED_EDGE('',*,*,#2143,.T.);
#2143 = EDGE_CURVE('',#1056,#2144,#2146,.T.);
#2144 = VERTEX_POINT('',#2145);
#2145 = CARTESIAN_POINT('',(0.3,-0.3,0.9));
#2146 = LINE('',#2147,#2148);
#2147 = CARTESIAN_POINT('',(0.3,-0.3,8.2));
#2148 = VECTOR('',#2149,1.);
#2149 = DIRECTION('',(0.,-0.,-1.));
#2150 = ORIENTED_EDGE('',*,*,#2151,.T.);
#2151 = EDGE_CURVE('',#2144,#2152,#2154,.T.);
#2152 = VERTEX_POINT('',#2153);
#2153 = CARTESIAN_POINT('',(0.3,0.3,0.9));
#2154 = LINE('',#2155,#2156);
#2155 = CARTESIAN_POINT('',(0.3,-0.3,0.9));
#2156 = VECTOR('',#2157,1.);
#2157 = DIRECTION('',(1.110223024625E-16,1.,0.));
#2158 = ORIENTED_EDGE('',*,*,#2159,.F.);
#2159 = EDGE_CURVE('',#1065,#2152,#2160,.T.);
#2160 = LINE('',#2161,#2162);
#2161 = CARTESIAN_POINT('',(0.3,0.3,8.2));
#2162 = VECTOR('',#2163,1.);
#2163 = DIRECTION('',(0.,-0.,-1.));
#2164 = ORIENTED_EDGE('',*,*,#1072,.F.);
#2165 = PLANE('',#2166);
#2166 = AXIS2_PLACEMENT_3D('',#2167,#2168,#2169);
#2167 = CARTESIAN_POINT('',(0.3,-0.3,8.2));
#2168 = DIRECTION('',(1.,-1.110223024625E-16,0.));
#2169 = DIRECTION('',(1.110223024625E-16,1.,0.));
#2170 = ADVANCED_FACE('',(#2171),#2221,.F.);
#2171 = FACE_BOUND('',#2172,.F.);
#2172 = EDGE_LOOP('',(#2173,#2174,#2175,#2183,#2191,#2199,#2207,#2215));
#2173 = ORIENTED_EDGE('',*,*,#1096,.F.);
#2174 = ORIENTED_EDGE('',*,*,#2159,.T.);
#2175 = ORIENTED_EDGE('',*,*,#2176,.T.);
#2176 = EDGE_CURVE('',#2152,#2177,#2179,.T.);
#2177 = VERTEX_POINT('',#2178);
#2178 = CARTESIAN_POINT('',(0.1,0.3,0.9));
#2179 = LINE('',#2180,#2181);
#2180 = CARTESIAN_POINT('',(0.3,0.3,0.9));
#2181 = VECTOR('',#2182,1.);
#2182 = DIRECTION('',(-1.,1.110223024625E-16,0.));
#2183 = ORIENTED_EDGE('',*,*,#2184,.T.);
#2184 = EDGE_CURVE('',#2177,#2185,#2187,.T.);
#2185 = VERTEX_POINT('',#2186);
#2186 = CARTESIAN_POINT('',(0.1,0.3,7.4));
#2187 = LINE('',#2188,#2189);
#2188 = CARTESIAN_POINT('',(0.1,0.3,6.055738799212));
#2189 = VECTOR('',#2190,1.);
#2190 = DIRECTION('',(0.,-0.,1.));
#2191 = ORIENTED_EDGE('',*,*,#2192,.F.);
#2192 = EDGE_CURVE('',#2193,#2185,#2195,.T.);
#2193 = VERTEX_POINT('',#2194);
#2194 = CARTESIAN_POINT('',(-0.1,0.3,7.4));
#2195 = LINE('',#2196,#2197);
#2196 = CARTESIAN_POINT('',(-0.1,0.3,7.4));
#2197 = VECTOR('',#2198,1.);
#2198 = DIRECTION('',(1.,-1.110223024625E-16,0.));
#2199 = ORIENTED_EDGE('',*,*,#2200,.F.);
#2200 = EDGE_CURVE('',#2201,#2193,#2203,.T.);
#2201 = VERTEX_POINT('',#2202);
#2202 = CARTESIAN_POINT('',(-0.1,0.3,0.9));
#2203 = LINE('',#2204,#2205);
#2204 = CARTESIAN_POINT('',(-0.1,0.3,6.055738799212));
#2205 = VECTOR('',#2206,1.);
#2206 = DIRECTION('',(0.,-0.,1.));
#2207 = ORIENTED_EDGE('',*,*,#2208,.T.);
#2208 = EDGE_CURVE('',#2201,#2209,#2211,.T.);
#2209 = VERTEX_POINT('',#2210);
#2210 = CARTESIAN_POINT('',(-0.3,0.3,0.9));
#2211 = LINE('',#2212,#2213);
#2212 = CARTESIAN_POINT('',(0.3,0.3,0.9));
#2213 = VECTOR('',#2214,1.);
#2214 = DIRECTION('',(-1.,1.110223024625E-16,0.));
#2215 = ORIENTED_EDGE('',*,*,#2216,.F.);
#2216 = EDGE_CURVE('',#1089,#2209,#2217,.T.);
#2217 = LINE('',#2218,#2219);
#2218 = CARTESIAN_POINT('',(-0.3,0.3,8.2));
#2219 = VECTOR('',#2220,1.);
#2220 = DIRECTION('',(0.,-0.,-1.));
#2221 = PLANE('',#2222);
#2222 = AXIS2_PLACEMENT_3D('',#2223,#2224,#2225);
#2223 = CARTESIAN_POINT('',(0.3,0.3,8.2));
#2224 = DIRECTION('',(1.110223024625E-16,1.,0.));
#2225 = DIRECTION('',(-1.,1.110223024625E-16,0.));
#2226 = ADVANCED_FACE('',(#2227),#2245,.F.);
#2227 = FACE_BOUND('',#2228,.F.);
#2228 = EDGE_LOOP('',(#2229,#2230,#2238,#2244));
#2229 = ORIENTED_EDGE('',*,*,#2216,.T.);
#2230 = ORIENTED_EDGE('',*,*,#2231,.T.);
#2231 = EDGE_CURVE('',#2209,#2232,#2234,.T.);
#2232 = VERTEX_POINT('',#2233);
#2233 = CARTESIAN_POINT('',(-0.3,-0.3,0.9));
#2234 = LINE('',#2235,#2236);
#2235 = CARTESIAN_POINT('',(-0.3,0.3,0.9));
#2236 = VECTOR('',#2237,1.);
#2237 = DIRECTION('',(-1.110223024625E-16,-1.,0.));
#2238 = ORIENTED_EDGE('',*,*,#2239,.F.);
#2239 = EDGE_CURVE('',#1113,#2232,#2240,.T.);
#2240 = LINE('',#2241,#2242);
#2241 = CARTESIAN_POINT('',(-0.3,-0.3,8.2));
#2242 = VECTOR('',#2243,1.);
#2243 = DIRECTION('',(0.,-0.,-1.));
#2244 = ORIENTED_EDGE('',*,*,#1120,.F.);
#2245 = PLANE('',#2246);
#2246 = AXIS2_PLACEMENT_3D('',#2247,#2248,#2249);
#2247 = CARTESIAN_POINT('',(-0.3,0.3,8.2));
#2248 = DIRECTION('',(-1.,1.110223024625E-16,0.));
#2249 = DIRECTION('',(-1.110223024625E-16,-1.,0.));
#2250 = ADVANCED_FACE('',(#2251),#2294,.F.);
#2251 = FACE_BOUND('',#2252,.F.);
#2252 = EDGE_LOOP('',(#2253,#2254,#2255,#2263,#2271,#2279,#2287,#2293));
#2253 = ORIENTED_EDGE('',*,*,#1137,.F.);
#2254 = ORIENTED_EDGE('',*,*,#2239,.T.);
#2255 = ORIENTED_EDGE('',*,*,#2256,.T.);
#2256 = EDGE_CURVE('',#2232,#2257,#2259,.T.);
#2257 = VERTEX_POINT('',#2258);
#2258 = CARTESIAN_POINT('',(-0.1,-0.3,0.9));
#2259 = LINE('',#2260,#2261);
#2260 = CARTESIAN_POINT('',(-0.3,-0.3,0.9));
#2261 = VECTOR('',#2262,1.);
#2262 = DIRECTION('',(1.,-1.110223024625E-16,0.));
#2263 = ORIENTED_EDGE('',*,*,#2264,.F.);
#2264 = EDGE_CURVE('',#2265,#2257,#2267,.T.);
#2265 = VERTEX_POINT('',#2266);
#2266 = CARTESIAN_POINT('',(-0.1,-0.3,7.4));
#2267 = LINE('',#2268,#2269);
#2268 = CARTESIAN_POINT('',(-0.1,-0.3,6.055738799212));
#2269 = VECTOR('',#2270,1.);
#2270 = DIRECTION('',(-0.,0.,-1.));
#2271 = ORIENTED_EDGE('',*,*,#2272,.T.);
#2272 = EDGE_CURVE('',#2265,#2273,#2275,.T.);
#2273 = VERTEX_POINT('',#2274);
#2274 = CARTESIAN_POINT('',(0.1,-0.3,7.4));
#2275 = LINE('',#2276,#2277);
#2276 = CARTESIAN_POINT('',(-0.1,-0.3,7.4));
#2277 = VECTOR('',#2278,1.);
#2278 = DIRECTION('',(1.,-1.110223024625E-16,0.));
#2279 = ORIENTED_EDGE('',*,*,#2280,.T.);
#2280 = EDGE_CURVE('',#2273,#2281,#2283,.T.);
#2281 = VERTEX_POINT('',#2282);
#2282 = CARTESIAN_POINT('',(0.1,-0.3,0.9));
#2283 = LINE('',#2284,#2285);
#2284 = CARTESIAN_POINT('',(0.1,-0.3,6.055738799212));
#2285 = VECTOR('',#2286,1.);
#2286 = DIRECTION('',(-0.,0.,-1.));
#2287 = ORIENTED_EDGE('',*,*,#2288,.T.);
#2288 = EDGE_CURVE('',#2281,#2144,#2289,.T.);
#2289 = LINE('',#2290,#2291);
#2290 = CARTESIAN_POINT('',(-0.3,-0.3,0.9));
#2291 = VECTOR('',#2292,1.);
#2292 = DIRECTION('',(1.,-1.110223024625E-16,0.));
#2293 = ORIENTED_EDGE('',*,*,#2143,.F.);
#2294 = PLANE('',#2295);
#2295 = AXIS2_PLACEMENT_3D('',#2296,#2297,#2298);
#2296 = CARTESIAN_POINT('',(-0.3,-0.3,8.2));
#2297 = DIRECTION('',(-1.110223024625E-16,-1.,0.));
#2298 = DIRECTION('',(1.,-1.110223024625E-16,0.));
#2299 = ADVANCED_FACE('',(#2300),#2311,.T.);
#2300 = FACE_BOUND('',#2301,.T.);
#2301 = EDGE_LOOP('',(#2302,#2308,#2309,#2310));
#2302 = ORIENTED_EDGE('',*,*,#2303,.T.);
#2303 = EDGE_CURVE('',#1233,#1169,#2304,.T.);
#2304 = LINE('',#2305,#2306);
#2305 = CARTESIAN_POINT('',(-0.1,-7.92,-2.5));
#2306 = VECTOR('',#2307,1.);
#2307 = DIRECTION('',(1.,-1.110223024625E-16,0.));
#2308 = ORIENTED_EDGE('',*,*,#1168,.T.);
#2309 = ORIENTED_EDGE('',*,*,#1153,.F.);
#2310 = ORIENTED_EDGE('',*,*,#1232,.F.);
#2311 = PLANE('',#2312);
#2312 = AXIS2_PLACEMENT_3D('',#2313,#2314,#2315);
#2313 = CARTESIAN_POINT('',(-0.1,-7.92,-2.5));
#2314 = DIRECTION('',(-1.110223024625E-16,-1.,0.));
#2315 = DIRECTION('',(0.,0.,1.));
#2316 = ADVANCED_FACE('',(#2317),#2328,.T.);
#2317 = FACE_BOUND('',#2318,.T.);
#2318 = EDGE_LOOP('',(#2319,#2325,#2326,#2327));
#2319 = ORIENTED_EDGE('',*,*,#2320,.T.);
#2320 = EDGE_CURVE('',#1258,#1194,#2321,.T.);
#2321 = LINE('',#2322,#2323);
#2322 = CARTESIAN_POINT('',(-0.1,-7.77,-3.1));
#2323 = VECTOR('',#2324,1.);
#2324 = DIRECTION('',(1.,-1.110223024625E-16,0.));
#2325 = ORIENTED_EDGE('',*,*,#1201,.T.);
#2326 = ORIENTED_EDGE('',*,*,#2303,.F.);
#2327 = ORIENTED_EDGE('',*,*,#1265,.F.);
#2328 = PLANE('',#2329);
#2329 = AXIS2_PLACEMENT_3D('',#2330,#2331,#2332);
#2330 = CARTESIAN_POINT('',(-0.1,-7.77,-3.1));
#2331 = DIRECTION('',(-1.077074540829E-16,-0.970142500145,
    -0.242535625036));
#2332 = DIRECTION('',(-2.692686352073E-17,-0.242535625036,0.970142500145
    ));
#2333 = ADVANCED_FACE('',(#2334),#2345,.T.);
#2334 = FACE_BOUND('',#2335,.T.);
#2335 = EDGE_LOOP('',(#2336,#2342,#2343,#2344));
#2336 = ORIENTED_EDGE('',*,*,#2337,.T.);
#2337 = EDGE_CURVE('',#1250,#1186,#2338,.T.);
#2338 = LINE('',#2339,#2340);
#2339 = CARTESIAN_POINT('',(-0.1,-7.47,-3.1));
#2340 = VECTOR('',#2341,1.);
#2341 = DIRECTION('',(1.,-1.110223024625E-16,0.));
#2342 = ORIENTED_EDGE('',*,*,#1193,.T.);
#2343 = ORIENTED_EDGE('',*,*,#2320,.F.);
#2344 = ORIENTED_EDGE('',*,*,#1257,.T.);
#2345 = PLANE('',#2346);
#2346 = AXIS2_PLACEMENT_3D('',#2347,#2348,#2349);
#2347 = CARTESIAN_POINT('',(-0.1,-7.47,-3.1));
#2348 = DIRECTION('',(0.,-0.,-1.));
#2349 = DIRECTION('',(-1.110223024625E-16,-1.,0.));
#2350 = ADVANCED_FACE('',(#2351),#2362,.T.);
#2351 = FACE_BOUND('',#2352,.T.);
#2352 = EDGE_LOOP('',(#2353,#2359,#2360,#2361));
#2353 = ORIENTED_EDGE('',*,*,#2354,.T.);
#2354 = EDGE_CURVE('',#1242,#1178,#2355,.T.);
#2355 = LINE('',#2356,#2357);
#2356 = CARTESIAN_POINT('',(-0.1,-7.32,-2.5));
#2357 = VECTOR('',#2358,1.);
#2358 = DIRECTION('',(1.,-1.110223024625E-16,0.));
#2359 = ORIENTED_EDGE('',*,*,#1185,.T.);
#2360 = ORIENTED_EDGE('',*,*,#2337,.F.);
#2361 = ORIENTED_EDGE('',*,*,#1249,.F.);
#2362 = PLANE('',#2363);
#2363 = AXIS2_PLACEMENT_3D('',#2364,#2365,#2366);
#2364 = CARTESIAN_POINT('',(-0.1,-7.32,-2.5));
#2365 = DIRECTION('',(1.077074540829E-16,0.970142500145,-0.242535625036)
  );
#2366 = DIRECTION('',(-2.692686352073E-17,-0.242535625036,
    -0.970142500145));
#2367 = ADVANCED_FACE('',(#2368),#2374,.T.);
#2368 = FACE_BOUND('',#2369,.T.);
#2369 = EDGE_LOOP('',(#2370,#2371,#2372,#2373));
#2370 = ORIENTED_EDGE('',*,*,#1215,.T.);
#2371 = ORIENTED_EDGE('',*,*,#1177,.T.);
#2372 = ORIENTED_EDGE('',*,*,#2354,.F.);
#2373 = ORIENTED_EDGE('',*,*,#1241,.F.);
#2374 = PLANE('',#2375);
#2375 = AXIS2_PLACEMENT_3D('',#2376,#2377,#2378);
#2376 = CARTESIAN_POINT('',(-0.1,-7.32,0.2));
#2377 = DIRECTION('',(1.110223024625E-16,1.,0.));
#2378 = DIRECTION('',(0.,0.,-1.));
#2379 = ADVANCED_FACE('',(#2380),#2391,.T.);
#2380 = FACE_BOUND('',#2381,.T.);
#2381 = EDGE_LOOP('',(#2382,#2388,#2389,#2390));
#2382 = ORIENTED_EDGE('',*,*,#2383,.T.);
#2383 = EDGE_CURVE('',#1361,#1297,#2384,.T.);
#2384 = LINE('',#2385,#2386);
#2385 = CARTESIAN_POINT('',(-0.1,-5.38,-2.5));
#2386 = VECTOR('',#2387,1.);
#2387 = DIRECTION('',(1.,-1.110223024625E-16,0.));
#2388 = ORIENTED_EDGE('',*,*,#1296,.T.);
#2389 = ORIENTED_EDGE('',*,*,#1281,.F.);
#2390 = ORIENTED_EDGE('',*,*,#1360,.F.);
#2391 = PLANE('',#2392);
#2392 = AXIS2_PLACEMENT_3D('',#2393,#2394,#2395);
#2393 = CARTESIAN_POINT('',(-0.1,-5.38,-2.5));
#2394 = DIRECTION('',(-1.110223024625E-16,-1.,0.));
#2395 = DIRECTION('',(0.,0.,1.));
#2396 = ADVANCED_FACE('',(#2397),#2408,.T.);
#2397 = FACE_BOUND('',#2398,.T.);
#2398 = EDGE_LOOP('',(#2399,#2405,#2406,#2407));
#2399 = ORIENTED_EDGE('',*,*,#2400,.T.);
#2400 = EDGE_CURVE('',#1386,#1322,#2401,.T.);
#2401 = LINE('',#2402,#2403);
#2402 = CARTESIAN_POINT('',(-0.1,-5.23,-3.1));
#2403 = VECTOR('',#2404,1.);
#2404 = DIRECTION('',(1.,-1.110223024625E-16,0.));
#2405 = ORIENTED_EDGE('',*,*,#1329,.T.);
#2406 = ORIENTED_EDGE('',*,*,#2383,.F.);
#2407 = ORIENTED_EDGE('',*,*,#1393,.F.);
#2408 = PLANE('',#2409);
#2409 = AXIS2_PLACEMENT_3D('',#2410,#2411,#2412);
#2410 = CARTESIAN_POINT('',(-0.1,-5.23,-3.1));
#2411 = DIRECTION('',(-1.077074540829E-16,-0.970142500145,
    -0.242535625036));
#2412 = DIRECTION('',(-2.692686352073E-17,-0.242535625036,0.970142500145
    ));
#2413 = ADVANCED_FACE('',(#2414),#2425,.T.);
#2414 = FACE_BOUND('',#2415,.T.);
#2415 = EDGE_LOOP('',(#2416,#2422,#2423,#2424));
#2416 = ORIENTED_EDGE('',*,*,#2417,.T.);
#2417 = EDGE_CURVE('',#1378,#1314,#2418,.T.);
#2418 = LINE('',#2419,#2420);
#2419 = CARTESIAN_POINT('',(-0.1,-4.93,-3.1));
#2420 = VECTOR('',#2421,1.);
#2421 = DIRECTION('',(1.,-1.110223024625E-16,0.));
#2422 = ORIENTED_EDGE('',*,*,#1321,.T.);
#2423 = ORIENTED_EDGE('',*,*,#2400,.F.);
#2424 = ORIENTED_EDGE('',*,*,#1385,.T.);
#2425 = PLANE('',#2426);
#2426 = AXIS2_PLACEMENT_3D('',#2427,#2428,#2429);
#2427 = CARTESIAN_POINT('',(-0.1,-4.93,-3.1));
#2428 = DIRECTION('',(0.,-0.,-1.));
#2429 = DIRECTION('',(-1.110223024625E-16,-1.,0.));
#2430 = ADVANCED_FACE('',(#2431),#2442,.T.);
#2431 = FACE_BOUND('',#2432,.T.);
#2432 = EDGE_LOOP('',(#2433,#2439,#2440,#2441));
#2433 = ORIENTED_EDGE('',*,*,#2434,.T.);
#2434 = EDGE_CURVE('',#1370,#1306,#2435,.T.);
#2435 = LINE('',#2436,#2437);
#2436 = CARTESIAN_POINT('',(-0.1,-4.78,-2.5));
#2437 = VECTOR('',#2438,1.);
#2438 = DIRECTION('',(1.,-1.110223024625E-16,0.));
#2439 = ORIENTED_EDGE('',*,*,#1313,.T.);
#2440 = ORIENTED_EDGE('',*,*,#2417,.F.);
#2441 = ORIENTED_EDGE('',*,*,#1377,.F.);
#2442 = PLANE('',#2443);
#2443 = AXIS2_PLACEMENT_3D('',#2444,#2445,#2446);
#2444 = CARTESIAN_POINT('',(-0.1,-4.78,-2.5));
#2445 = DIRECTION('',(1.077074540829E-16,0.970142500145,-0.242535625036)
  );
#2446 = DIRECTION('',(-2.692686352073E-17,-0.242535625036,
    -0.970142500145));
#2447 = ADVANCED_FACE('',(#2448),#2454,.T.);
#2448 = FACE_BOUND('',#2449,.T.);
#2449 = EDGE_LOOP('',(#2450,#2451,#2452,#2453));
#2450 = ORIENTED_EDGE('',*,*,#1343,.T.);
#2451 = ORIENTED_EDGE('',*,*,#1305,.T.);
#2452 = ORIENTED_EDGE('',*,*,#2434,.F.);
#2453 = ORIENTED_EDGE('',*,*,#1369,.F.);
#2454 = PLANE('',#2455);
#2455 = AXIS2_PLACEMENT_3D('',#2456,#2457,#2458);
#2456 = CARTESIAN_POINT('',(-0.1,-4.78,0.2));
#2457 = DIRECTION('',(1.110223024625E-16,1.,0.));
#2458 = DIRECTION('',(0.,0.,-1.));
#2459 = ADVANCED_FACE('',(#2460),#2471,.T.);
#2460 = FACE_BOUND('',#2461,.T.);
#2461 = EDGE_LOOP('',(#2462,#2468,#2469,#2470));
#2462 = ORIENTED_EDGE('',*,*,#2463,.T.);
#2463 = EDGE_CURVE('',#1489,#1425,#2464,.T.);
#2464 = LINE('',#2465,#2466);
#2465 = CARTESIAN_POINT('',(-0.1,-2.84,-2.5));
#2466 = VECTOR('',#2467,1.);
#2467 = DIRECTION('',(1.,-1.110223024625E-16,0.));
#2468 = ORIENTED_EDGE('',*,*,#1424,.T.);
#2469 = ORIENTED_EDGE('',*,*,#1409,.F.);
#2470 = ORIENTED_EDGE('',*,*,#1488,.F.);
#2471 = PLANE('',#2472);
#2472 = AXIS2_PLACEMENT_3D('',#2473,#2474,#2475);
#2473 = CARTESIAN_POINT('',(-0.1,-2.84,-2.5));
#2474 = DIRECTION('',(-1.110223024625E-16,-1.,0.));
#2475 = DIRECTION('',(0.,0.,1.));
#2476 = ADVANCED_FACE('',(#2477),#2488,.T.);
#2477 = FACE_BOUND('',#2478,.T.);
#2478 = EDGE_LOOP('',(#2479,#2485,#2486,#2487));
#2479 = ORIENTED_EDGE('',*,*,#2480,.T.);
#2480 = EDGE_CURVE('',#1514,#1450,#2481,.T.);
#2481 = LINE('',#2482,#2483);
#2482 = CARTESIAN_POINT('',(-0.1,-2.69,-3.1));
#2483 = VECTOR('',#2484,1.);
#2484 = DIRECTION('',(1.,-1.110223024625E-16,0.));
#2485 = ORIENTED_EDGE('',*,*,#1457,.T.);
#2486 = ORIENTED_EDGE('',*,*,#2463,.F.);
#2487 = ORIENTED_EDGE('',*,*,#1521,.F.);
#2488 = PLANE('',#2489);
#2489 = AXIS2_PLACEMENT_3D('',#2490,#2491,#2492);
#2490 = CARTESIAN_POINT('',(-0.1,-2.69,-3.1));
#2491 = DIRECTION('',(-1.077074540829E-16,-0.970142500145,
    -0.242535625036));
#2492 = DIRECTION('',(-2.692686352073E-17,-0.242535625036,0.970142500145
    ));
#2493 = ADVANCED_FACE('',(#2494),#2505,.T.);
#2494 = FACE_BOUND('',#2495,.T.);
#2495 = EDGE_LOOP('',(#2496,#2502,#2503,#2504));
#2496 = ORIENTED_EDGE('',*,*,#2497,.T.);
#2497 = EDGE_CURVE('',#1506,#1442,#2498,.T.);
#2498 = LINE('',#2499,#2500);
#2499 = CARTESIAN_POINT('',(-0.1,-2.39,-3.1));
#2500 = VECTOR('',#2501,1.);
#2501 = DIRECTION('',(1.,-1.110223024625E-16,0.));
#2502 = ORIENTED_EDGE('',*,*,#1449,.T.);
#2503 = ORIENTED_EDGE('',*,*,#2480,.F.);
#2504 = ORIENTED_EDGE('',*,*,#1513,.T.);
#2505 = PLANE('',#2506);
#2506 = AXIS2_PLACEMENT_3D('',#2507,#2508,#2509);
#2507 = CARTESIAN_POINT('',(-0.1,-2.39,-3.1));
#2508 = DIRECTION('',(0.,-0.,-1.));
#2509 = DIRECTION('',(-1.110223024625E-16,-1.,0.));
#2510 = ADVANCED_FACE('',(#2511),#2522,.T.);
#2511 = FACE_BOUND('',#2512,.T.);
#2512 = EDGE_LOOP('',(#2513,#2519,#2520,#2521));
#2513 = ORIENTED_EDGE('',*,*,#2514,.T.);
#2514 = EDGE_CURVE('',#1498,#1434,#2515,.T.);
#2515 = LINE('',#2516,#2517);
#2516 = CARTESIAN_POINT('',(-0.1,-2.24,-2.5));
#2517 = VECTOR('',#2518,1.);
#2518 = DIRECTION('',(1.,-1.110223024625E-16,0.));
#2519 = ORIENTED_EDGE('',*,*,#1441,.T.);
#2520 = ORIENTED_EDGE('',*,*,#2497,.F.);
#2521 = ORIENTED_EDGE('',*,*,#1505,.F.);
#2522 = PLANE('',#2523);
#2523 = AXIS2_PLACEMENT_3D('',#2524,#2525,#2526);
#2524 = CARTESIAN_POINT('',(-0.1,-2.24,-2.5));
#2525 = DIRECTION('',(1.077074540829E-16,0.970142500145,-0.242535625036)
  );
#2526 = DIRECTION('',(-2.692686352073E-17,-0.242535625036,
    -0.970142500145));
#2527 = ADVANCED_FACE('',(#2528),#2534,.T.);
#2528 = FACE_BOUND('',#2529,.T.);
#2529 = EDGE_LOOP('',(#2530,#2531,#2532,#2533));
#2530 = ORIENTED_EDGE('',*,*,#1471,.T.);
#2531 = ORIENTED_EDGE('',*,*,#1433,.T.);
#2532 = ORIENTED_EDGE('',*,*,#2514,.F.);
#2533 = ORIENTED_EDGE('',*,*,#1497,.F.);
#2534 = PLANE('',#2535);
#2535 = AXIS2_PLACEMENT_3D('',#2536,#2537,#2538);
#2536 = CARTESIAN_POINT('',(-0.1,-2.24,0.2));
#2537 = DIRECTION('',(1.110223024625E-16,1.,0.));
#2538 = DIRECTION('',(0.,0.,-1.));
#2539 = ADVANCED_FACE('',(#2540),#2551,.T.);
#2540 = FACE_BOUND('',#2541,.T.);
#2541 = EDGE_LOOP('',(#2542,#2548,#2549,#2550));
#2542 = ORIENTED_EDGE('',*,*,#2543,.T.);
#2543 = EDGE_CURVE('',#1617,#1553,#2544,.T.);
#2544 = LINE('',#2545,#2546);
#2545 = CARTESIAN_POINT('',(-0.1,-0.3,-2.5));
#2546 = VECTOR('',#2547,1.);
#2547 = DIRECTION('',(1.,-1.110223024625E-16,0.));
#2548 = ORIENTED_EDGE('',*,*,#1552,.T.);
#2549 = ORIENTED_EDGE('',*,*,#1537,.F.);
#2550 = ORIENTED_EDGE('',*,*,#1616,.F.);
#2551 = PLANE('',#2552);
#2552 = AXIS2_PLACEMENT_3D('',#2553,#2554,#2555);
#2553 = CARTESIAN_POINT('',(-0.1,-0.3,-2.5));
#2554 = DIRECTION('',(-1.110223024625E-16,-1.,0.));
#2555 = DIRECTION('',(0.,0.,1.));
#2556 = ADVANCED_FACE('',(#2557),#2568,.T.);
#2557 = FACE_BOUND('',#2558,.T.);
#2558 = EDGE_LOOP('',(#2559,#2565,#2566,#2567));
#2559 = ORIENTED_EDGE('',*,*,#2560,.T.);
#2560 = EDGE_CURVE('',#1642,#1578,#2561,.T.);
#2561 = LINE('',#2562,#2563);
#2562 = CARTESIAN_POINT('',(-0.1,-0.15,-3.1));
#2563 = VECTOR('',#2564,1.);
#2564 = DIRECTION('',(1.,-1.110223024625E-16,0.));
#2565 = ORIENTED_EDGE('',*,*,#1585,.T.);
#2566 = ORIENTED_EDGE('',*,*,#2543,.F.);
#2567 = ORIENTED_EDGE('',*,*,#1649,.F.);
#2568 = PLANE('',#2569);
#2569 = AXIS2_PLACEMENT_3D('',#2570,#2571,#2572);
#2570 = CARTESIAN_POINT('',(-0.1,-0.15,-3.1));
#2571 = DIRECTION('',(-1.077074540829E-16,-0.970142500145,
    -0.242535625036));
#2572 = DIRECTION('',(-2.692686352073E-17,-0.242535625036,0.970142500145
    ));
#2573 = ADVANCED_FACE('',(#2574),#2585,.T.);
#2574 = FACE_BOUND('',#2575,.T.);
#2575 = EDGE_LOOP('',(#2576,#2582,#2583,#2584));
#2576 = ORIENTED_EDGE('',*,*,#2577,.T.);
#2577 = EDGE_CURVE('',#1634,#1570,#2578,.T.);
#2578 = LINE('',#2579,#2580);
#2579 = CARTESIAN_POINT('',(-0.1,0.15,-3.1));
#2580 = VECTOR('',#2581,1.);
#2581 = DIRECTION('',(1.,-1.110223024625E-16,0.));
#2582 = ORIENTED_EDGE('',*,*,#1577,.T.);
#2583 = ORIENTED_EDGE('',*,*,#2560,.F.);
#2584 = ORIENTED_EDGE('',*,*,#1641,.T.);
#2585 = PLANE('',#2586);
#2586 = AXIS2_PLACEMENT_3D('',#2587,#2588,#2589);
#2587 = CARTESIAN_POINT('',(-0.1,0.15,-3.1));
#2588 = DIRECTION('',(0.,-0.,-1.));
#2589 = DIRECTION('',(-1.110223024625E-16,-1.,0.));
#2590 = ADVANCED_FACE('',(#2591),#2602,.T.);
#2591 = FACE_BOUND('',#2592,.T.);
#2592 = EDGE_LOOP('',(#2593,#2599,#2600,#2601));
#2593 = ORIENTED_EDGE('',*,*,#2594,.T.);
#2594 = EDGE_CURVE('',#1626,#1562,#2595,.T.);
#2595 = LINE('',#2596,#2597);
#2596 = CARTESIAN_POINT('',(-0.1,0.3,-2.5));
#2597 = VECTOR('',#2598,1.);
#2598 = DIRECTION('',(1.,-1.110223024625E-16,0.));
#2599 = ORIENTED_EDGE('',*,*,#1569,.T.);
#2600 = ORIENTED_EDGE('',*,*,#2577,.F.);
#2601 = ORIENTED_EDGE('',*,*,#1633,.F.);
#2602 = PLANE('',#2603);
#2603 = AXIS2_PLACEMENT_3D('',#2604,#2605,#2606);
#2604 = CARTESIAN_POINT('',(-0.1,0.3,-2.5));
#2605 = DIRECTION('',(1.077074540829E-16,0.970142500145,-0.242535625036)
  );
#2606 = DIRECTION('',(-2.692686352073E-17,-0.242535625036,
    -0.970142500145));
#2607 = ADVANCED_FACE('',(#2608),#2614,.T.);
#2608 = FACE_BOUND('',#2609,.T.);
#2609 = EDGE_LOOP('',(#2610,#2611,#2612,#2613));
#2610 = ORIENTED_EDGE('',*,*,#1599,.T.);
#2611 = ORIENTED_EDGE('',*,*,#1561,.T.);
#2612 = ORIENTED_EDGE('',*,*,#2594,.F.);
#2613 = ORIENTED_EDGE('',*,*,#1625,.F.);
#2614 = PLANE('',#2615);
#2615 = AXIS2_PLACEMENT_3D('',#2616,#2617,#2618);
#2616 = CARTESIAN_POINT('',(-0.1,0.3,0.2));
#2617 = DIRECTION('',(1.110223024625E-16,1.,0.));
#2618 = DIRECTION('',(0.,0.,-1.));
#2619 = ADVANCED_FACE('',(#2620),#2631,.T.);
#2620 = FACE_BOUND('',#2621,.T.);
#2621 = EDGE_LOOP('',(#2622,#2623,#2624,#2625));
#2622 = ORIENTED_EDGE('',*,*,#1808,.T.);
#2623 = ORIENTED_EDGE('',*,*,#1671,.T.);
#2624 = ORIENTED_EDGE('',*,*,#1696,.T.);
#2625 = ORIENTED_EDGE('',*,*,#2626,.T.);
#2626 = EDGE_CURVE('',#1697,#1801,#2627,.T.);
#2627 = LINE('',#2628,#2629);
#2628 = CARTESIAN_POINT('',(0.1,-7.62,0.9));
#2629 = VECTOR('',#2630,1.);
#2630 = DIRECTION('',(-1.110223024625E-16,-1.,0.));
#2631 = PLANE('',#2632);
#2632 = AXIS2_PLACEMENT_3D('',#2633,#2634,#2635);
#2633 = CARTESIAN_POINT('',(-9.281001892939E-16,-7.62,0.9));
#2634 = DIRECTION('',(0.,0.,1.));
#2635 = DIRECTION('',(1.110223024625E-16,1.,-0.));
#2636 = ADVANCED_FACE('',(#2637),#2648,.T.);
#2637 = FACE_BOUND('',#2638,.T.);
#2638 = EDGE_LOOP('',(#2639,#2640,#2646,#2647));
#2639 = ORIENTED_EDGE('',*,*,#1776,.T.);
#2640 = ORIENTED_EDGE('',*,*,#2641,.F.);
#2641 = EDGE_CURVE('',#1721,#1777,#2642,.T.);
#2642 = LINE('',#2643,#2644);
#2643 = CARTESIAN_POINT('',(-0.1,-7.62,0.9));
#2644 = VECTOR('',#2645,1.);
#2645 = DIRECTION('',(-1.110223024625E-16,-1.,0.));
#2646 = ORIENTED_EDGE('',*,*,#1728,.T.);
#2647 = ORIENTED_EDGE('',*,*,#1751,.T.);
#2648 = PLANE('',#2649);
#2649 = AXIS2_PLACEMENT_3D('',#2650,#2651,#2652);
#2650 = CARTESIAN_POINT('',(-9.281001892939E-16,-7.62,0.9));
#2651 = DIRECTION('',(0.,0.,1.));
#2652 = DIRECTION('',(1.110223024625E-16,1.,-0.));
#2653 = ADVANCED_FACE('',(#2654),#2697,.T.);
#2654 = FACE_BOUND('',#2655,.T.);
#2655 = EDGE_LOOP('',(#2656,#2657,#2665,#2673,#2681,#2689,#2695,#2696));
#2656 = ORIENTED_EDGE('',*,*,#1784,.F.);
#2657 = ORIENTED_EDGE('',*,*,#2658,.T.);
#2658 = EDGE_CURVE('',#1785,#2659,#2661,.T.);
#2659 = VERTEX_POINT('',#2660);
#2660 = CARTESIAN_POINT('',(-0.1,-7.87,7.35));
#2661 = LINE('',#2662,#2663);
#2662 = CARTESIAN_POINT('',(-0.1,-7.92,7.4));
#2663 = VECTOR('',#2664,1.);
#2664 = DIRECTION('',(7.850462293414E-17,0.707106781187,-0.707106781187)
  );
#2665 = ORIENTED_EDGE('',*,*,#2666,.T.);
#2666 = EDGE_CURVE('',#2659,#2667,#2669,.T.);
#2667 = VERTEX_POINT('',#2668);
#2668 = CARTESIAN_POINT('',(-0.1,-7.87,1.25));
#2669 = LINE('',#2670,#2671);
#2670 = CARTESIAN_POINT('',(-0.1,-7.87,7.35));
#2671 = VECTOR('',#2672,1.);
#2672 = DIRECTION('',(0.,0.,-1.));
#2673 = ORIENTED_EDGE('',*,*,#2674,.T.);
#2674 = EDGE_CURVE('',#2667,#2675,#2677,.T.);
#2675 = VERTEX_POINT('',#2676);
#2676 = CARTESIAN_POINT('',(-0.1,-7.37,1.25));
#2677 = LINE('',#2678,#2679);
#2678 = CARTESIAN_POINT('',(-0.1,-7.87,1.25));
#2679 = VECTOR('',#2680,1.);
#2680 = DIRECTION('',(1.110223024625E-16,1.,0.));
#2681 = ORIENTED_EDGE('',*,*,#2682,.T.);
#2682 = EDGE_CURVE('',#2675,#2683,#2685,.T.);
#2683 = VERTEX_POINT('',#2684);
#2684 = CARTESIAN_POINT('',(-0.1,-7.37,7.35));
#2685 = LINE('',#2686,#2687);
#2686 = CARTESIAN_POINT('',(-0.1,-7.37,1.25));
#2687 = VECTOR('',#2688,1.);
#2688 = DIRECTION('',(0.,0.,1.));
#2689 = ORIENTED_EDGE('',*,*,#2690,.T.);
#2690 = EDGE_CURVE('',#2683,#1713,#2691,.T.);
#2691 = LINE('',#2692,#2693);
#2692 = CARTESIAN_POINT('',(-0.1,-7.37,7.35));
#2693 = VECTOR('',#2694,1.);
#2694 = DIRECTION('',(7.850462293414E-17,0.707106781187,0.707106781187)
  );
#2695 = ORIENTED_EDGE('',*,*,#1720,.F.);
#2696 = ORIENTED_EDGE('',*,*,#2641,.T.);
#2697 = PLANE('',#2698);
#2698 = AXIS2_PLACEMENT_3D('',#2699,#2700,#2701);
#2699 = CARTESIAN_POINT('',(-0.1,-7.62,3.911477598424));
#2700 = DIRECTION('',(-1.,1.110223024625E-16,0.));
#2701 = DIRECTION('',(0.,0.,1.));
#2702 = ADVANCED_FACE('',(#2703),#2721,.T.);
#2703 = FACE_BOUND('',#2704,.T.);
#2704 = EDGE_LOOP('',(#2705,#2713,#2719,#2720));
#2705 = ORIENTED_EDGE('',*,*,#2706,.T.);
#2706 = EDGE_CURVE('',#2683,#2707,#2709,.T.);
#2707 = VERTEX_POINT('',#2708);
#2708 = CARTESIAN_POINT('',(0.1,-7.37,7.35));
#2709 = LINE('',#2710,#2711);
#2710 = CARTESIAN_POINT('',(-0.1,-7.37,7.35));
#2711 = VECTOR('',#2712,1.);
#2712 = DIRECTION('',(1.,-1.110223024625E-16,0.));
#2713 = ORIENTED_EDGE('',*,*,#2714,.T.);
#2714 = EDGE_CURVE('',#2707,#1705,#2715,.T.);
#2715 = LINE('',#2716,#2717);
#2716 = CARTESIAN_POINT('',(0.1,-7.37,7.35));
#2717 = VECTOR('',#2718,1.);
#2718 = DIRECTION('',(7.850462293414E-17,0.707106781187,0.707106781187)
  );
#2719 = ORIENTED_EDGE('',*,*,#1712,.F.);
#2720 = ORIENTED_EDGE('',*,*,#2690,.F.);
#2721 = PLANE('',#2722);
#2722 = AXIS2_PLACEMENT_3D('',#2723,#2724,#2725);
#2723 = CARTESIAN_POINT('',(-0.1,-7.37,7.35));
#2724 = DIRECTION('',(-7.850462293414E-17,-0.707106781187,0.707106781187
    ));
#2725 = DIRECTION('',(7.850462293414E-17,0.707106781187,0.707106781187)
  );
#2726 = ADVANCED_FACE('',(#2727),#2763,.F.);
#2727 = FACE_BOUND('',#2728,.F.);
#2728 = EDGE_LOOP('',(#2729,#2730,#2738,#2746,#2754,#2760,#2761,#2762));
#2729 = ORIENTED_EDGE('',*,*,#1800,.F.);
#2730 = ORIENTED_EDGE('',*,*,#2731,.T.);
#2731 = EDGE_CURVE('',#1793,#2732,#2734,.T.);
#2732 = VERTEX_POINT('',#2733);
#2733 = CARTESIAN_POINT('',(0.1,-7.87,7.35));
#2734 = LINE('',#2735,#2736);
#2735 = CARTESIAN_POINT('',(0.1,-7.92,7.4));
#2736 = VECTOR('',#2737,1.);
#2737 = DIRECTION('',(7.850462293414E-17,0.707106781187,-0.707106781187)
  );
#2738 = ORIENTED_EDGE('',*,*,#2739,.T.);
#2739 = EDGE_CURVE('',#2732,#2740,#2742,.T.);
#2740 = VERTEX_POINT('',#2741);
#2741 = CARTESIAN_POINT('',(0.1,-7.87,1.25));
#2742 = LINE('',#2743,#2744);
#2743 = CARTESIAN_POINT('',(0.1,-7.87,7.35));
#2744 = VECTOR('',#2745,1.);
#2745 = DIRECTION('',(0.,0.,-1.));
#2746 = ORIENTED_EDGE('',*,*,#2747,.T.);
#2747 = EDGE_CURVE('',#2740,#2748,#2750,.T.);
#2748 = VERTEX_POINT('',#2749);
#2749 = CARTESIAN_POINT('',(0.1,-7.37,1.25));
#2750 = LINE('',#2751,#2752);
#2751 = CARTESIAN_POINT('',(0.1,-7.87,1.25));
#2752 = VECTOR('',#2753,1.);
#2753 = DIRECTION('',(1.110223024625E-16,1.,0.));
#2754 = ORIENTED_EDGE('',*,*,#2755,.T.);
#2755 = EDGE_CURVE('',#2748,#2707,#2756,.T.);
#2756 = LINE('',#2757,#2758);
#2757 = CARTESIAN_POINT('',(0.1,-7.37,1.25));
#2758 = VECTOR('',#2759,1.);
#2759 = DIRECTION('',(0.,0.,1.));
#2760 = ORIENTED_EDGE('',*,*,#2714,.T.);
#2761 = ORIENTED_EDGE('',*,*,#1704,.F.);
#2762 = ORIENTED_EDGE('',*,*,#2626,.T.);
#2763 = PLANE('',#2764);
#2764 = AXIS2_PLACEMENT_3D('',#2765,#2766,#2767);
#2765 = CARTESIAN_POINT('',(0.1,-7.62,3.911477598424));
#2766 = DIRECTION('',(-1.,1.110223024625E-16,0.));
#2767 = DIRECTION('',(0.,0.,1.));
#2768 = ADVANCED_FACE('',(#2769),#2780,.T.);
#2769 = FACE_BOUND('',#2770,.T.);
#2770 = EDGE_LOOP('',(#2771,#2772,#2773,#2779));
#2771 = ORIENTED_EDGE('',*,*,#1792,.T.);
#2772 = ORIENTED_EDGE('',*,*,#2731,.T.);
#2773 = ORIENTED_EDGE('',*,*,#2774,.F.);
#2774 = EDGE_CURVE('',#2659,#2732,#2775,.T.);
#2775 = LINE('',#2776,#2777);
#2776 = CARTESIAN_POINT('',(-0.1,-7.87,7.35));
#2777 = VECTOR('',#2778,1.);
#2778 = DIRECTION('',(1.,-1.110223024625E-16,0.));
#2779 = ORIENTED_EDGE('',*,*,#2658,.F.);
#2780 = PLANE('',#2781);
#2781 = AXIS2_PLACEMENT_3D('',#2782,#2783,#2784);
#2782 = CARTESIAN_POINT('',(-0.1,-7.92,7.4));
#2783 = DIRECTION('',(7.850462293414E-17,0.707106781187,0.707106781187)
  );
#2784 = DIRECTION('',(7.850462293414E-17,0.707106781187,-0.707106781187)
  );
#2785 = ADVANCED_FACE('',(#2786),#2797,.T.);
#2786 = FACE_BOUND('',#2787,.T.);
#2787 = EDGE_LOOP('',(#2788,#2789,#2790,#2791));
#2788 = ORIENTED_EDGE('',*,*,#1968,.T.);
#2789 = ORIENTED_EDGE('',*,*,#1831,.T.);
#2790 = ORIENTED_EDGE('',*,*,#1856,.T.);
#2791 = ORIENTED_EDGE('',*,*,#2792,.T.);
#2792 = EDGE_CURVE('',#1857,#1961,#2793,.T.);
#2793 = LINE('',#2794,#2795);
#2794 = CARTESIAN_POINT('',(0.1,-5.08,0.9));
#2795 = VECTOR('',#2796,1.);
#2796 = DIRECTION('',(-1.110223024625E-16,-1.,0.));
#2797 = PLANE('',#2798);
#2798 = AXIS2_PLACEMENT_3D('',#2799,#2800,#2801);
#2799 = CARTESIAN_POINT('',(-6.461035410391E-16,-5.08,0.9));
#2800 = DIRECTION('',(0.,0.,1.));
#2801 = DIRECTION('',(1.110223024625E-16,1.,-0.));
#2802 = ADVANCED_FACE('',(#2803),#2814,.T.);
#2803 = FACE_BOUND('',#2804,.T.);
#2804 = EDGE_LOOP('',(#2805,#2806,#2812,#2813));
#2805 = ORIENTED_EDGE('',*,*,#1936,.T.);
#2806 = ORIENTED_EDGE('',*,*,#2807,.F.);
#2807 = EDGE_CURVE('',#1881,#1937,#2808,.T.);
#2808 = LINE('',#2809,#2810);
#2809 = CARTESIAN_POINT('',(-0.1,-5.08,0.9));
#2810 = VECTOR('',#2811,1.);
#2811 = DIRECTION('',(-1.110223024625E-16,-1.,0.));
#2812 = ORIENTED_EDGE('',*,*,#1888,.T.);
#2813 = ORIENTED_EDGE('',*,*,#1911,.T.);
#2814 = PLANE('',#2815);
#2815 = AXIS2_PLACEMENT_3D('',#2816,#2817,#2818);
#2816 = CARTESIAN_POINT('',(-6.461035410391E-16,-5.08,0.9));
#2817 = DIRECTION('',(0.,0.,1.));
#2818 = DIRECTION('',(1.110223024625E-16,1.,-0.));
#2819 = ADVANCED_FACE('',(#2820),#2863,.T.);
#2820 = FACE_BOUND('',#2821,.T.);
#2821 = EDGE_LOOP('',(#2822,#2823,#2831,#2839,#2847,#2855,#2861,#2862));
#2822 = ORIENTED_EDGE('',*,*,#1944,.F.);
#2823 = ORIENTED_EDGE('',*,*,#2824,.T.);
#2824 = EDGE_CURVE('',#1945,#2825,#2827,.T.);
#2825 = VERTEX_POINT('',#2826);
#2826 = CARTESIAN_POINT('',(-0.1,-5.33,7.35));
#2827 = LINE('',#2828,#2829);
#2828 = CARTESIAN_POINT('',(-0.1,-5.38,7.4));
#2829 = VECTOR('',#2830,1.);
#2830 = DIRECTION('',(7.850462293414E-17,0.707106781187,-0.707106781187)
  );
#2831 = ORIENTED_EDGE('',*,*,#2832,.T.);
#2832 = EDGE_CURVE('',#2825,#2833,#2835,.T.);
#2833 = VERTEX_POINT('',#2834);
#2834 = CARTESIAN_POINT('',(-0.1,-5.33,1.25));
#2835 = LINE('',#2836,#2837);
#2836 = CARTESIAN_POINT('',(-0.1,-5.33,7.35));
#2837 = VECTOR('',#2838,1.);
#2838 = DIRECTION('',(0.,0.,-1.));
#2839 = ORIENTED_EDGE('',*,*,#2840,.T.);
#2840 = EDGE_CURVE('',#2833,#2841,#2843,.T.);
#2841 = VERTEX_POINT('',#2842);
#2842 = CARTESIAN_POINT('',(-0.1,-4.83,1.25));
#2843 = LINE('',#2844,#2845);
#2844 = CARTESIAN_POINT('',(-0.1,-5.33,1.25));
#2845 = VECTOR('',#2846,1.);
#2846 = DIRECTION('',(1.110223024625E-16,1.,0.));
#2847 = ORIENTED_EDGE('',*,*,#2848,.T.);
#2848 = EDGE_CURVE('',#2841,#2849,#2851,.T.);
#2849 = VERTEX_POINT('',#2850);
#2850 = CARTESIAN_POINT('',(-0.1,-4.83,7.35));
#2851 = LINE('',#2852,#2853);
#2852 = CARTESIAN_POINT('',(-0.1,-4.83,1.25));
#2853 = VECTOR('',#2854,1.);
#2854 = DIRECTION('',(0.,0.,1.));
#2855 = ORIENTED_EDGE('',*,*,#2856,.T.);
#2856 = EDGE_CURVE('',#2849,#1873,#2857,.T.);
#2857 = LINE('',#2858,#2859);
#2858 = CARTESIAN_POINT('',(-0.1,-4.83,7.35));
#2859 = VECTOR('',#2860,1.);
#2860 = DIRECTION('',(7.850462293414E-17,0.707106781187,0.707106781187)
  );
#2861 = ORIENTED_EDGE('',*,*,#1880,.F.);
#2862 = ORIENTED_EDGE('',*,*,#2807,.T.);
#2863 = PLANE('',#2864);
#2864 = AXIS2_PLACEMENT_3D('',#2865,#2866,#2867);
#2865 = CARTESIAN_POINT('',(-0.1,-5.08,3.911477598424));
#2866 = DIRECTION('',(-1.,1.110223024625E-16,0.));
#2867 = DIRECTION('',(0.,0.,1.));
#2868 = ADVANCED_FACE('',(#2869),#2887,.T.);
#2869 = FACE_BOUND('',#2870,.T.);
#2870 = EDGE_LOOP('',(#2871,#2879,#2885,#2886));
#2871 = ORIENTED_EDGE('',*,*,#2872,.T.);
#2872 = EDGE_CURVE('',#2849,#2873,#2875,.T.);
#2873 = VERTEX_POINT('',#2874);
#2874 = CARTESIAN_POINT('',(0.1,-4.83,7.35));
#2875 = LINE('',#2876,#2877);
#2876 = CARTESIAN_POINT('',(-0.1,-4.83,7.35));
#2877 = VECTOR('',#2878,1.);
#2878 = DIRECTION('',(1.,-1.110223024625E-16,0.));
#2879 = ORIENTED_EDGE('',*,*,#2880,.T.);
#2880 = EDGE_CURVE('',#2873,#1865,#2881,.T.);
#2881 = LINE('',#2882,#2883);
#2882 = CARTESIAN_POINT('',(0.1,-4.83,7.35));
#2883 = VECTOR('',#2884,1.);
#2884 = DIRECTION('',(7.850462293414E-17,0.707106781187,0.707106781187)
  );
#2885 = ORIENTED_EDGE('',*,*,#1872,.F.);
#2886 = ORIENTED_EDGE('',*,*,#2856,.F.);
#2887 = PLANE('',#2888);
#2888 = AXIS2_PLACEMENT_3D('',#2889,#2890,#2891);
#2889 = CARTESIAN_POINT('',(-0.1,-4.83,7.35));
#2890 = DIRECTION('',(-7.850462293414E-17,-0.707106781187,0.707106781187
    ));
#2891 = DIRECTION('',(7.850462293414E-17,0.707106781187,0.707106781187)
  );
#2892 = ADVANCED_FACE('',(#2893),#2929,.F.);
#2893 = FACE_BOUND('',#2894,.F.);
#2894 = EDGE_LOOP('',(#2895,#2896,#2904,#2912,#2920,#2926,#2927,#2928));
#2895 = ORIENTED_EDGE('',*,*,#1960,.F.);
#2896 = ORIENTED_EDGE('',*,*,#2897,.T.);
#2897 = EDGE_CURVE('',#1953,#2898,#2900,.T.);
#2898 = VERTEX_POINT('',#2899);
#2899 = CARTESIAN_POINT('',(0.1,-5.33,7.35));
#2900 = LINE('',#2901,#2902);
#2901 = CARTESIAN_POINT('',(0.1,-5.38,7.4));
#2902 = VECTOR('',#2903,1.);
#2903 = DIRECTION('',(7.850462293414E-17,0.707106781187,-0.707106781187)
  );
#2904 = ORIENTED_EDGE('',*,*,#2905,.T.);
#2905 = EDGE_CURVE('',#2898,#2906,#2908,.T.);
#2906 = VERTEX_POINT('',#2907);
#2907 = CARTESIAN_POINT('',(0.1,-5.33,1.25));
#2908 = LINE('',#2909,#2910);
#2909 = CARTESIAN_POINT('',(0.1,-5.33,7.35));
#2910 = VECTOR('',#2911,1.);
#2911 = DIRECTION('',(0.,0.,-1.));
#2912 = ORIENTED_EDGE('',*,*,#2913,.T.);
#2913 = EDGE_CURVE('',#2906,#2914,#2916,.T.);
#2914 = VERTEX_POINT('',#2915);
#2915 = CARTESIAN_POINT('',(0.1,-4.83,1.25));
#2916 = LINE('',#2917,#2918);
#2917 = CARTESIAN_POINT('',(0.1,-5.33,1.25));
#2918 = VECTOR('',#2919,1.);
#2919 = DIRECTION('',(1.110223024625E-16,1.,0.));
#2920 = ORIENTED_EDGE('',*,*,#2921,.T.);
#2921 = EDGE_CURVE('',#2914,#2873,#2922,.T.);
#2922 = LINE('',#2923,#2924);
#2923 = CARTESIAN_POINT('',(0.1,-4.83,1.25));
#2924 = VECTOR('',#2925,1.);
#2925 = DIRECTION('',(0.,0.,1.));
#2926 = ORIENTED_EDGE('',*,*,#2880,.T.);
#2927 = ORIENTED_EDGE('',*,*,#1864,.F.);
#2928 = ORIENTED_EDGE('',*,*,#2792,.T.);
#2929 = PLANE('',#2930);
#2930 = AXIS2_PLACEMENT_3D('',#2931,#2932,#2933);
#2931 = CARTESIAN_POINT('',(0.1,-5.08,3.911477598424));
#2932 = DIRECTION('',(-1.,1.110223024625E-16,0.));
#2933 = DIRECTION('',(0.,0.,1.));
#2934 = ADVANCED_FACE('',(#2935),#2946,.T.);
#2935 = FACE_BOUND('',#2936,.T.);
#2936 = EDGE_LOOP('',(#2937,#2938,#2939,#2945));
#2937 = ORIENTED_EDGE('',*,*,#1952,.T.);
#2938 = ORIENTED_EDGE('',*,*,#2897,.T.);
#2939 = ORIENTED_EDGE('',*,*,#2940,.F.);
#2940 = EDGE_CURVE('',#2825,#2898,#2941,.T.);
#2941 = LINE('',#2942,#2943);
#2942 = CARTESIAN_POINT('',(-0.1,-5.33,7.35));
#2943 = VECTOR('',#2944,1.);
#2944 = DIRECTION('',(1.,-1.110223024625E-16,0.));
#2945 = ORIENTED_EDGE('',*,*,#2824,.F.);
#2946 = PLANE('',#2947);
#2947 = AXIS2_PLACEMENT_3D('',#2948,#2949,#2950);
#2948 = CARTESIAN_POINT('',(-0.1,-5.38,7.4));
#2949 = DIRECTION('',(7.850462293414E-17,0.707106781187,0.707106781187)
  );
#2950 = DIRECTION('',(7.850462293414E-17,0.707106781187,-0.707106781187)
  );
#2951 = ADVANCED_FACE('',(#2952),#2963,.T.);
#2952 = FACE_BOUND('',#2953,.T.);
#2953 = EDGE_LOOP('',(#2954,#2955,#2956,#2957));
#2954 = ORIENTED_EDGE('',*,*,#2128,.T.);
#2955 = ORIENTED_EDGE('',*,*,#1991,.T.);
#2956 = ORIENTED_EDGE('',*,*,#2016,.T.);
#2957 = ORIENTED_EDGE('',*,*,#2958,.T.);
#2958 = EDGE_CURVE('',#2017,#2121,#2959,.T.);
#2959 = LINE('',#2960,#2961);
#2960 = CARTESIAN_POINT('',(0.1,-2.54,0.9));
#2961 = VECTOR('',#2962,1.);
#2962 = DIRECTION('',(-1.110223024625E-16,-1.,0.));
#2963 = PLANE('',#2964);
#2964 = AXIS2_PLACEMENT_3D('',#2965,#2966,#2967);
#2965 = CARTESIAN_POINT('',(-3.641068927844E-16,-2.54,0.9));
#2966 = DIRECTION('',(0.,0.,1.));
#2967 = DIRECTION('',(1.110223024625E-16,1.,-0.));
#2968 = ADVANCED_FACE('',(#2969),#2980,.T.);
#2969 = FACE_BOUND('',#2970,.T.);
#2970 = EDGE_LOOP('',(#2971,#2972,#2978,#2979));
#2971 = ORIENTED_EDGE('',*,*,#2096,.T.);
#2972 = ORIENTED_EDGE('',*,*,#2973,.F.);
#2973 = EDGE_CURVE('',#2041,#2097,#2974,.T.);
#2974 = LINE('',#2975,#2976);
#2975 = CARTESIAN_POINT('',(-0.1,-2.54,0.9));
#2976 = VECTOR('',#2977,1.);
#2977 = DIRECTION('',(-1.110223024625E-16,-1.,0.));
#2978 = ORIENTED_EDGE('',*,*,#2048,.T.);
#2979 = ORIENTED_EDGE('',*,*,#2071,.T.);
#2980 = PLANE('',#2981);
#2981 = AXIS2_PLACEMENT_3D('',#2982,#2983,#2984);
#2982 = CARTESIAN_POINT('',(-3.641068927844E-16,-2.54,0.9));
#2983 = DIRECTION('',(0.,0.,1.));
#2984 = DIRECTION('',(1.110223024625E-16,1.,-0.));
#2985 = ADVANCED_FACE('',(#2986),#3029,.T.);
#2986 = FACE_BOUND('',#2987,.T.);
#2987 = EDGE_LOOP('',(#2988,#2989,#2997,#3005,#3013,#3021,#3027,#3028));
#2988 = ORIENTED_EDGE('',*,*,#2104,.F.);
#2989 = ORIENTED_EDGE('',*,*,#2990,.T.);
#2990 = EDGE_CURVE('',#2105,#2991,#2993,.T.);
#2991 = VERTEX_POINT('',#2992);
#2992 = CARTESIAN_POINT('',(-0.1,-2.79,7.35));
#2993 = LINE('',#2994,#2995);
#2994 = CARTESIAN_POINT('',(-0.1,-2.84,7.4));
#2995 = VECTOR('',#2996,1.);
#2996 = DIRECTION('',(7.850462293414E-17,0.707106781187,-0.707106781187)
  );
#2997 = ORIENTED_EDGE('',*,*,#2998,.T.);
#2998 = EDGE_CURVE('',#2991,#2999,#3001,.T.);
#2999 = VERTEX_POINT('',#3000);
#3000 = CARTESIAN_POINT('',(-0.1,-2.79,1.25));
#3001 = LINE('',#3002,#3003);
#3002 = CARTESIAN_POINT('',(-0.1,-2.79,7.35));
#3003 = VECTOR('',#3004,1.);
#3004 = DIRECTION('',(0.,0.,-1.));
#3005 = ORIENTED_EDGE('',*,*,#3006,.T.);
#3006 = EDGE_CURVE('',#2999,#3007,#3009,.T.);
#3007 = VERTEX_POINT('',#3008);
#3008 = CARTESIAN_POINT('',(-0.1,-2.29,1.25));
#3009 = LINE('',#3010,#3011);
#3010 = CARTESIAN_POINT('',(-0.1,-2.79,1.25));
#3011 = VECTOR('',#3012,1.);
#3012 = DIRECTION('',(1.110223024625E-16,1.,0.));
#3013 = ORIENTED_EDGE('',*,*,#3014,.T.);
#3014 = EDGE_CURVE('',#3007,#3015,#3017,.T.);
#3015 = VERTEX_POINT('',#3016);
#3016 = CARTESIAN_POINT('',(-0.1,-2.29,7.35));
#3017 = LINE('',#3018,#3019);
#3018 = CARTESIAN_POINT('',(-0.1,-2.29,1.25));
#3019 = VECTOR('',#3020,1.);
#3020 = DIRECTION('',(0.,0.,1.));
#3021 = ORIENTED_EDGE('',*,*,#3022,.T.);
#3022 = EDGE_CURVE('',#3015,#2033,#3023,.T.);
#3023 = LINE('',#3024,#3025);
#3024 = CARTESIAN_POINT('',(-0.1,-2.29,7.35));
#3025 = VECTOR('',#3026,1.);
#3026 = DIRECTION('',(7.850462293414E-17,0.707106781187,0.707106781187)
  );
#3027 = ORIENTED_EDGE('',*,*,#2040,.F.);
#3028 = ORIENTED_EDGE('',*,*,#2973,.T.);
#3029 = PLANE('',#3030);
#3030 = AXIS2_PLACEMENT_3D('',#3031,#3032,#3033);
#3031 = CARTESIAN_POINT('',(-0.1,-2.54,3.911477598424));
#3032 = DIRECTION('',(-1.,1.110223024625E-16,0.));
#3033 = DIRECTION('',(0.,0.,1.));
#3034 = ADVANCED_FACE('',(#3035),#3053,.T.);
#3035 = FACE_BOUND('',#3036,.T.);
#3036 = EDGE_LOOP('',(#3037,#3045,#3051,#3052));
#3037 = ORIENTED_EDGE('',*,*,#3038,.T.);
#3038 = EDGE_CURVE('',#3015,#3039,#3041,.T.);
#3039 = VERTEX_POINT('',#3040);
#3040 = CARTESIAN_POINT('',(0.1,-2.29,7.35));
#3041 = LINE('',#3042,#3043);
#3042 = CARTESIAN_POINT('',(-0.1,-2.29,7.35));
#3043 = VECTOR('',#3044,1.);
#3044 = DIRECTION('',(1.,-1.110223024625E-16,0.));
#3045 = ORIENTED_EDGE('',*,*,#3046,.T.);
#3046 = EDGE_CURVE('',#3039,#2025,#3047,.T.);
#3047 = LINE('',#3048,#3049);
#3048 = CARTESIAN_POINT('',(0.1,-2.29,7.35));
#3049 = VECTOR('',#3050,1.);
#3050 = DIRECTION('',(7.850462293414E-17,0.707106781187,0.707106781187)
  );
#3051 = ORIENTED_EDGE('',*,*,#2032,.F.);
#3052 = ORIENTED_EDGE('',*,*,#3022,.F.);
#3053 = PLANE('',#3054);
#3054 = AXIS2_PLACEMENT_3D('',#3055,#3056,#3057);
#3055 = CARTESIAN_POINT('',(-0.1,-2.29,7.35));
#3056 = DIRECTION('',(-7.850462293414E-17,-0.707106781187,0.707106781187
    ));
#3057 = DIRECTION('',(7.850462293414E-17,0.707106781187,0.707106781187)
  );
#3058 = ADVANCED_FACE('',(#3059),#3095,.F.);
#3059 = FACE_BOUND('',#3060,.F.);
#3060 = EDGE_LOOP('',(#3061,#3062,#3070,#3078,#3086,#3092,#3093,#3094));
#3061 = ORIENTED_EDGE('',*,*,#2120,.F.);
#3062 = ORIENTED_EDGE('',*,*,#3063,.T.);
#3063 = EDGE_CURVE('',#2113,#3064,#3066,.T.);
#3064 = VERTEX_POINT('',#3065);
#3065 = CARTESIAN_POINT('',(0.1,-2.79,7.35));
#3066 = LINE('',#3067,#3068);
#3067 = CARTESIAN_POINT('',(0.1,-2.84,7.4));
#3068 = VECTOR('',#3069,1.);
#3069 = DIRECTION('',(7.850462293414E-17,0.707106781187,-0.707106781187)
  );
#3070 = ORIENTED_EDGE('',*,*,#3071,.T.);
#3071 = EDGE_CURVE('',#3064,#3072,#3074,.T.);
#3072 = VERTEX_POINT('',#3073);
#3073 = CARTESIAN_POINT('',(0.1,-2.79,1.25));
#3074 = LINE('',#3075,#3076);
#3075 = CARTESIAN_POINT('',(0.1,-2.79,7.35));
#3076 = VECTOR('',#3077,1.);
#3077 = DIRECTION('',(0.,0.,-1.));
#3078 = ORIENTED_EDGE('',*,*,#3079,.T.);
#3079 = EDGE_CURVE('',#3072,#3080,#3082,.T.);
#3080 = VERTEX_POINT('',#3081);
#3081 = CARTESIAN_POINT('',(0.1,-2.29,1.25));
#3082 = LINE('',#3083,#3084);
#3083 = CARTESIAN_POINT('',(0.1,-2.79,1.25));
#3084 = VECTOR('',#3085,1.);
#3085 = DIRECTION('',(1.110223024625E-16,1.,0.));
#3086 = ORIENTED_EDGE('',*,*,#3087,.T.);
#3087 = EDGE_CURVE('',#3080,#3039,#3088,.T.);
#3088 = LINE('',#3089,#3090);
#3089 = CARTESIAN_POINT('',(0.1,-2.29,1.25));
#3090 = VECTOR('',#3091,1.);
#3091 = DIRECTION('',(0.,0.,1.));
#3092 = ORIENTED_EDGE('',*,*,#3046,.T.);
#3093 = ORIENTED_EDGE('',*,*,#2024,.F.);
#3094 = ORIENTED_EDGE('',*,*,#2958,.T.);
#3095 = PLANE('',#3096);
#3096 = AXIS2_PLACEMENT_3D('',#3097,#3098,#3099);
#3097 = CARTESIAN_POINT('',(0.1,-2.54,3.911477598424));
#3098 = DIRECTION('',(-1.,1.110223024625E-16,0.));
#3099 = DIRECTION('',(0.,0.,1.));
#3100 = ADVANCED_FACE('',(#3101),#3112,.T.);
#3101 = FACE_BOUND('',#3102,.T.);
#3102 = EDGE_LOOP('',(#3103,#3104,#3105,#3111));
#3103 = ORIENTED_EDGE('',*,*,#2112,.T.);
#3104 = ORIENTED_EDGE('',*,*,#3063,.T.);
#3105 = ORIENTED_EDGE('',*,*,#3106,.F.);
#3106 = EDGE_CURVE('',#2991,#3064,#3107,.T.);
#3107 = LINE('',#3108,#3109);
#3108 = CARTESIAN_POINT('',(-0.1,-2.79,7.35));
#3109 = VECTOR('',#3110,1.);
#3110 = DIRECTION('',(1.,-1.110223024625E-16,0.));
#3111 = ORIENTED_EDGE('',*,*,#2990,.F.);
#3112 = PLANE('',#3113);
#3113 = AXIS2_PLACEMENT_3D('',#3114,#3115,#3116);
#3114 = CARTESIAN_POINT('',(-0.1,-2.84,7.4));
#3115 = DIRECTION('',(7.850462293414E-17,0.707106781187,0.707106781187)
  );
#3116 = DIRECTION('',(7.850462293414E-17,0.707106781187,-0.707106781187)
  );
#3117 = ADVANCED_FACE('',(#3118),#3129,.T.);
#3118 = FACE_BOUND('',#3119,.T.);
#3119 = EDGE_LOOP('',(#3120,#3121,#3122,#3123));
#3120 = ORIENTED_EDGE('',*,*,#2288,.T.);
#3121 = ORIENTED_EDGE('',*,*,#2151,.T.);
#3122 = ORIENTED_EDGE('',*,*,#2176,.T.);
#3123 = ORIENTED_EDGE('',*,*,#3124,.T.);
#3124 = EDGE_CURVE('',#2177,#2281,#3125,.T.);
#3125 = LINE('',#3126,#3127);
#3126 = CARTESIAN_POINT('',(0.1,4.329869796038E-16,0.9));
#3127 = VECTOR('',#3128,1.);
#3128 = DIRECTION('',(-1.110223024625E-16,-1.,0.));
#3129 = PLANE('',#3130);
#3130 = AXIS2_PLACEMENT_3D('',#3131,#3132,#3133);
#3131 = CARTESIAN_POINT('',(-8.211024452957E-17,8.881784197001E-16,0.9)
  );
#3132 = DIRECTION('',(0.,0.,1.));
#3133 = DIRECTION('',(1.110223024625E-16,1.,-0.));
#3134 = ADVANCED_FACE('',(#3135),#3146,.T.);
#3135 = FACE_BOUND('',#3136,.T.);
#3136 = EDGE_LOOP('',(#3137,#3138,#3144,#3145));
#3137 = ORIENTED_EDGE('',*,*,#2256,.T.);
#3138 = ORIENTED_EDGE('',*,*,#3139,.F.);
#3139 = EDGE_CURVE('',#2201,#2257,#3140,.T.);
#3140 = LINE('',#3141,#3142);
#3141 = CARTESIAN_POINT('',(-0.1,4.551914400963E-16,0.9));
#3142 = VECTOR('',#3143,1.);
#3143 = DIRECTION('',(-1.110223024625E-16,-1.,0.));
#3144 = ORIENTED_EDGE('',*,*,#2208,.T.);
#3145 = ORIENTED_EDGE('',*,*,#2231,.T.);
#3146 = PLANE('',#3147);
#3147 = AXIS2_PLACEMENT_3D('',#3148,#3149,#3150);
#3148 = CARTESIAN_POINT('',(-8.211024452957E-17,8.881784197001E-16,0.9)
  );
#3149 = DIRECTION('',(0.,0.,1.));
#3150 = DIRECTION('',(1.110223024625E-16,1.,-0.));
#3151 = ADVANCED_FACE('',(#3152),#3195,.T.);
#3152 = FACE_BOUND('',#3153,.T.);
#3153 = EDGE_LOOP('',(#3154,#3155,#3163,#3171,#3179,#3187,#3193,#3194));
#3154 = ORIENTED_EDGE('',*,*,#2264,.F.);
#3155 = ORIENTED_EDGE('',*,*,#3156,.T.);
#3156 = EDGE_CURVE('',#2265,#3157,#3159,.T.);
#3157 = VERTEX_POINT('',#3158);
#3158 = CARTESIAN_POINT('',(-0.1,-0.25,7.35));
#3159 = LINE('',#3160,#3161);
#3160 = CARTESIAN_POINT('',(-0.1,-0.3,7.4));
#3161 = VECTOR('',#3162,1.);
#3162 = DIRECTION('',(7.850462293414E-17,0.707106781187,-0.707106781187)
  );
#3163 = ORIENTED_EDGE('',*,*,#3164,.T.);
#3164 = EDGE_CURVE('',#3157,#3165,#3167,.T.);
#3165 = VERTEX_POINT('',#3166);
#3166 = CARTESIAN_POINT('',(-0.1,-0.25,1.25));
#3167 = LINE('',#3168,#3169);
#3168 = CARTESIAN_POINT('',(-0.1,-0.25,7.35));
#3169 = VECTOR('',#3170,1.);
#3170 = DIRECTION('',(0.,0.,-1.));
#3171 = ORIENTED_EDGE('',*,*,#3172,.T.);
#3172 = EDGE_CURVE('',#3165,#3173,#3175,.T.);
#3173 = VERTEX_POINT('',#3174);
#3174 = CARTESIAN_POINT('',(-0.1,0.25,1.25));
#3175 = LINE('',#3176,#3177);
#3176 = CARTESIAN_POINT('',(-0.1,-0.25,1.25));
#3177 = VECTOR('',#3178,1.);
#3178 = DIRECTION('',(1.110223024625E-16,1.,0.));
#3179 = ORIENTED_EDGE('',*,*,#3180,.T.);
#3180 = EDGE_CURVE('',#3173,#3181,#3183,.T.);
#3181 = VERTEX_POINT('',#3182);
#3182 = CARTESIAN_POINT('',(-0.1,0.25,7.35));
#3183 = LINE('',#3184,#3185);
#3184 = CARTESIAN_POINT('',(-0.1,0.25,1.25));
#3185 = VECTOR('',#3186,1.);
#3186 = DIRECTION('',(0.,0.,1.));
#3187 = ORIENTED_EDGE('',*,*,#3188,.T.);
#3188 = EDGE_CURVE('',#3181,#2193,#3189,.T.);
#3189 = LINE('',#3190,#3191);
#3190 = CARTESIAN_POINT('',(-0.1,0.25,7.35));
#3191 = VECTOR('',#3192,1.);
#3192 = DIRECTION('',(7.850462293414E-17,0.707106781187,0.707106781187)
  );
#3193 = ORIENTED_EDGE('',*,*,#2200,.F.);
#3194 = ORIENTED_EDGE('',*,*,#3139,.T.);
#3195 = PLANE('',#3196);
#3196 = AXIS2_PLACEMENT_3D('',#3197,#3198,#3199);
#3197 = CARTESIAN_POINT('',(-0.1,1.110223024625E-17,3.911477598424));
#3198 = DIRECTION('',(-1.,1.110223024625E-16,0.));
#3199 = DIRECTION('',(0.,0.,1.));
#3200 = ADVANCED_FACE('',(#3201),#3219,.T.);
#3201 = FACE_BOUND('',#3202,.T.);
#3202 = EDGE_LOOP('',(#3203,#3211,#3217,#3218));
#3203 = ORIENTED_EDGE('',*,*,#3204,.T.);
#3204 = EDGE_CURVE('',#3181,#3205,#3207,.T.);
#3205 = VERTEX_POINT('',#3206);
#3206 = CARTESIAN_POINT('',(0.1,0.25,7.35));
#3207 = LINE('',#3208,#3209);
#3208 = CARTESIAN_POINT('',(-0.1,0.25,7.35));
#3209 = VECTOR('',#3210,1.);
#3210 = DIRECTION('',(1.,-1.110223024625E-16,0.));
#3211 = ORIENTED_EDGE('',*,*,#3212,.T.);
#3212 = EDGE_CURVE('',#3205,#2185,#3213,.T.);
#3213 = LINE('',#3214,#3215);
#3214 = CARTESIAN_POINT('',(0.1,0.25,7.35));
#3215 = VECTOR('',#3216,1.);
#3216 = DIRECTION('',(7.850462293414E-17,0.707106781187,0.707106781187)
  );
#3217 = ORIENTED_EDGE('',*,*,#2192,.F.);
#3218 = ORIENTED_EDGE('',*,*,#3188,.F.);
#3219 = PLANE('',#3220);
#3220 = AXIS2_PLACEMENT_3D('',#3221,#3222,#3223);
#3221 = CARTESIAN_POINT('',(-0.1,0.25,7.35));
#3222 = DIRECTION('',(-7.850462293414E-17,-0.707106781187,0.707106781187
    ));
#3223 = DIRECTION('',(7.850462293414E-17,0.707106781187,0.707106781187)
  );
#3224 = ADVANCED_FACE('',(#3225),#3261,.F.);
#3225 = FACE_BOUND('',#3226,.F.);
#3226 = EDGE_LOOP('',(#3227,#3228,#3236,#3244,#3252,#3258,#3259,#3260));
#3227 = ORIENTED_EDGE('',*,*,#2280,.F.);
#3228 = ORIENTED_EDGE('',*,*,#3229,.T.);
#3229 = EDGE_CURVE('',#2273,#3230,#3232,.T.);
#3230 = VERTEX_POINT('',#3231);
#3231 = CARTESIAN_POINT('',(0.1,-0.25,7.35));
#3232 = LINE('',#3233,#3234);
#3233 = CARTESIAN_POINT('',(0.1,-0.3,7.4));
#3234 = VECTOR('',#3235,1.);
#3235 = DIRECTION('',(7.850462293414E-17,0.707106781187,-0.707106781187)
  );
#3236 = ORIENTED_EDGE('',*,*,#3237,.T.);
#3237 = EDGE_CURVE('',#3230,#3238,#3240,.T.);
#3238 = VERTEX_POINT('',#3239);
#3239 = CARTESIAN_POINT('',(0.1,-0.25,1.25));
#3240 = LINE('',#3241,#3242);
#3241 = CARTESIAN_POINT('',(0.1,-0.25,7.35));
#3242 = VECTOR('',#3243,1.);
#3243 = DIRECTION('',(0.,0.,-1.));
#3244 = ORIENTED_EDGE('',*,*,#3245,.T.);
#3245 = EDGE_CURVE('',#3238,#3246,#3248,.T.);
#3246 = VERTEX_POINT('',#3247);
#3247 = CARTESIAN_POINT('',(0.1,0.25,1.25));
#3248 = LINE('',#3249,#3250);
#3249 = CARTESIAN_POINT('',(0.1,-0.25,1.25));
#3250 = VECTOR('',#3251,1.);
#3251 = DIRECTION('',(1.110223024625E-16,1.,0.));
#3252 = ORIENTED_EDGE('',*,*,#3253,.T.);
#3253 = EDGE_CURVE('',#3246,#3205,#3254,.T.);
#3254 = LINE('',#3255,#3256);
#3255 = CARTESIAN_POINT('',(0.1,0.25,1.25));
#3256 = VECTOR('',#3257,1.);
#3257 = DIRECTION('',(0.,0.,1.));
#3258 = ORIENTED_EDGE('',*,*,#3212,.T.);
#3259 = ORIENTED_EDGE('',*,*,#2184,.F.);
#3260 = ORIENTED_EDGE('',*,*,#3124,.T.);
#3261 = PLANE('',#3262);
#3262 = AXIS2_PLACEMENT_3D('',#3263,#3264,#3265);
#3263 = CARTESIAN_POINT('',(0.1,-1.110223024625E-17,3.911477598424));
#3264 = DIRECTION('',(-1.,1.110223024625E-16,0.));
#3265 = DIRECTION('',(0.,0.,1.));
#3266 = ADVANCED_FACE('',(#3267),#3278,.T.);
#3267 = FACE_BOUND('',#3268,.T.);
#3268 = EDGE_LOOP('',(#3269,#3270,#3271,#3277));
#3269 = ORIENTED_EDGE('',*,*,#2272,.T.);
#3270 = ORIENTED_EDGE('',*,*,#3229,.T.);
#3271 = ORIENTED_EDGE('',*,*,#3272,.F.);
#3272 = EDGE_CURVE('',#3157,#3230,#3273,.T.);
#3273 = LINE('',#3274,#3275);
#3274 = CARTESIAN_POINT('',(-0.1,-0.25,7.35));
#3275 = VECTOR('',#3276,1.);
#3276 = DIRECTION('',(1.,-1.110223024625E-16,0.));
#3277 = ORIENTED_EDGE('',*,*,#3156,.F.);
#3278 = PLANE('',#3279);
#3279 = AXIS2_PLACEMENT_3D('',#3280,#3281,#3282);
#3280 = CARTESIAN_POINT('',(-0.1,-0.3,7.4));
#3281 = DIRECTION('',(7.850462293414E-17,0.707106781187,0.707106781187)
  );
#3282 = DIRECTION('',(7.850462293414E-17,0.707106781187,-0.707106781187)
  );
#3283 = ADVANCED_FACE('',(#3284),#3295,.T.);
#3284 = FACE_BOUND('',#3285,.T.);
#3285 = EDGE_LOOP('',(#3286,#3292,#3293,#3294));
#3286 = ORIENTED_EDGE('',*,*,#3287,.T.);
#3287 = EDGE_CURVE('',#2675,#2748,#3288,.T.);
#3288 = LINE('',#3289,#3290);
#3289 = CARTESIAN_POINT('',(-0.1,-7.37,1.25));
#3290 = VECTOR('',#3291,1.);
#3291 = DIRECTION('',(1.,-1.110223024625E-16,0.));
#3292 = ORIENTED_EDGE('',*,*,#2755,.T.);
#3293 = ORIENTED_EDGE('',*,*,#2706,.F.);
#3294 = ORIENTED_EDGE('',*,*,#2682,.F.);
#3295 = PLANE('',#3296);
#3296 = AXIS2_PLACEMENT_3D('',#3297,#3298,#3299);
#3297 = CARTESIAN_POINT('',(-0.1,-7.37,1.25));
#3298 = DIRECTION('',(-1.110223024625E-16,-1.,0.));
#3299 = DIRECTION('',(0.,0.,1.));
#3300 = ADVANCED_FACE('',(#3301),#3312,.T.);
#3301 = FACE_BOUND('',#3302,.T.);
#3302 = EDGE_LOOP('',(#3303,#3309,#3310,#3311));
#3303 = ORIENTED_EDGE('',*,*,#3304,.T.);
#3304 = EDGE_CURVE('',#2667,#2740,#3305,.T.);
#3305 = LINE('',#3306,#3307);
#3306 = CARTESIAN_POINT('',(-0.1,-7.87,1.25));
#3307 = VECTOR('',#3308,1.);
#3308 = DIRECTION('',(1.,-1.110223024625E-16,0.));
#3309 = ORIENTED_EDGE('',*,*,#2747,.T.);
#3310 = ORIENTED_EDGE('',*,*,#3287,.F.);
#3311 = ORIENTED_EDGE('',*,*,#2674,.F.);
#3312 = PLANE('',#3313);
#3313 = AXIS2_PLACEMENT_3D('',#3314,#3315,#3316);
#3314 = CARTESIAN_POINT('',(-0.1,-7.87,1.25));
#3315 = DIRECTION('',(0.,0.,1.));
#3316 = DIRECTION('',(1.110223024625E-16,1.,-0.));
#3317 = ADVANCED_FACE('',(#3318),#3324,.T.);
#3318 = FACE_BOUND('',#3319,.T.);
#3319 = EDGE_LOOP('',(#3320,#3321,#3322,#3323));
#3320 = ORIENTED_EDGE('',*,*,#2774,.T.);
#3321 = ORIENTED_EDGE('',*,*,#2739,.T.);
#3322 = ORIENTED_EDGE('',*,*,#3304,.F.);
#3323 = ORIENTED_EDGE('',*,*,#2666,.F.);
#3324 = PLANE('',#3325);
#3325 = AXIS2_PLACEMENT_3D('',#3326,#3327,#3328);
#3326 = CARTESIAN_POINT('',(-0.1,-7.87,7.35));
#3327 = DIRECTION('',(1.110223024625E-16,1.,0.));
#3328 = DIRECTION('',(0.,0.,-1.));
#3329 = ADVANCED_FACE('',(#3330),#3341,.T.);
#3330 = FACE_BOUND('',#3331,.T.);
#3331 = EDGE_LOOP('',(#3332,#3338,#3339,#3340));
#3332 = ORIENTED_EDGE('',*,*,#3333,.T.);
#3333 = EDGE_CURVE('',#2841,#2914,#3334,.T.);
#3334 = LINE('',#3335,#3336);
#3335 = CARTESIAN_POINT('',(-0.1,-4.83,1.25));
#3336 = VECTOR('',#3337,1.);
#3337 = DIRECTION('',(1.,-1.110223024625E-16,0.));
#3338 = ORIENTED_EDGE('',*,*,#2921,.T.);
#3339 = ORIENTED_EDGE('',*,*,#2872,.F.);
#3340 = ORIENTED_EDGE('',*,*,#2848,.F.);
#3341 = PLANE('',#3342);
#3342 = AXIS2_PLACEMENT_3D('',#3343,#3344,#3345);
#3343 = CARTESIAN_POINT('',(-0.1,-4.83,1.25));
#3344 = DIRECTION('',(-1.110223024625E-16,-1.,0.));
#3345 = DIRECTION('',(0.,0.,1.));
#3346 = ADVANCED_FACE('',(#3347),#3358,.T.);
#3347 = FACE_BOUND('',#3348,.T.);
#3348 = EDGE_LOOP('',(#3349,#3355,#3356,#3357));
#3349 = ORIENTED_EDGE('',*,*,#3350,.T.);
#3350 = EDGE_CURVE('',#2833,#2906,#3351,.T.);
#3351 = LINE('',#3352,#3353);
#3352 = CARTESIAN_POINT('',(-0.1,-5.33,1.25));
#3353 = VECTOR('',#3354,1.);
#3354 = DIRECTION('',(1.,-1.110223024625E-16,0.));
#3355 = ORIENTED_EDGE('',*,*,#2913,.T.);
#3356 = ORIENTED_EDGE('',*,*,#3333,.F.);
#3357 = ORIENTED_EDGE('',*,*,#2840,.F.);
#3358 = PLANE('',#3359);
#3359 = AXIS2_PLACEMENT_3D('',#3360,#3361,#3362);
#3360 = CARTESIAN_POINT('',(-0.1,-5.33,1.25));
#3361 = DIRECTION('',(0.,0.,1.));
#3362 = DIRECTION('',(1.110223024625E-16,1.,-0.));
#3363 = ADVANCED_FACE('',(#3364),#3370,.T.);
#3364 = FACE_BOUND('',#3365,.T.);
#3365 = EDGE_LOOP('',(#3366,#3367,#3368,#3369));
#3366 = ORIENTED_EDGE('',*,*,#2940,.T.);
#3367 = ORIENTED_EDGE('',*,*,#2905,.T.);
#3368 = ORIENTED_EDGE('',*,*,#3350,.F.);
#3369 = ORIENTED_EDGE('',*,*,#2832,.F.);
#3370 = PLANE('',#3371);
#3371 = AXIS2_PLACEMENT_3D('',#3372,#3373,#3374);
#3372 = CARTESIAN_POINT('',(-0.1,-5.33,7.35));
#3373 = DIRECTION('',(1.110223024625E-16,1.,0.));
#3374 = DIRECTION('',(0.,0.,-1.));
#3375 = ADVANCED_FACE('',(#3376),#3387,.T.);
#3376 = FACE_BOUND('',#3377,.T.);
#3377 = EDGE_LOOP('',(#3378,#3384,#3385,#3386));
#3378 = ORIENTED_EDGE('',*,*,#3379,.T.);
#3379 = EDGE_CURVE('',#3007,#3080,#3380,.T.);
#3380 = LINE('',#3381,#3382);
#3381 = CARTESIAN_POINT('',(-0.1,-2.29,1.25));
#3382 = VECTOR('',#3383,1.);
#3383 = DIRECTION('',(1.,-1.110223024625E-16,0.));
#3384 = ORIENTED_EDGE('',*,*,#3087,.T.);
#3385 = ORIENTED_EDGE('',*,*,#3038,.F.);
#3386 = ORIENTED_EDGE('',*,*,#3014,.F.);
#3387 = PLANE('',#3388);
#3388 = AXIS2_PLACEMENT_3D('',#3389,#3390,#3391);
#3389 = CARTESIAN_POINT('',(-0.1,-2.29,1.25));
#3390 = DIRECTION('',(-1.110223024625E-16,-1.,0.));
#3391 = DIRECTION('',(0.,0.,1.));
#3392 = ADVANCED_FACE('',(#3393),#3404,.T.);
#3393 = FACE_BOUND('',#3394,.T.);
#3394 = EDGE_LOOP('',(#3395,#3401,#3402,#3403));
#3395 = ORIENTED_EDGE('',*,*,#3396,.T.);
#3396 = EDGE_CURVE('',#2999,#3072,#3397,.T.);
#3397 = LINE('',#3398,#3399);
#3398 = CARTESIAN_POINT('',(-0.1,-2.79,1.25));
#3399 = VECTOR('',#3400,1.);
#3400 = DIRECTION('',(1.,-1.110223024625E-16,0.));
#3401 = ORIENTED_EDGE('',*,*,#3079,.T.);
#3402 = ORIENTED_EDGE('',*,*,#3379,.F.);
#3403 = ORIENTED_EDGE('',*,*,#3006,.F.);
#3404 = PLANE('',#3405);
#3405 = AXIS2_PLACEMENT_3D('',#3406,#3407,#3408);
#3406 = CARTESIAN_POINT('',(-0.1,-2.79,1.25));
#3407 = DIRECTION('',(0.,0.,1.));
#3408 = DIRECTION('',(1.110223024625E-16,1.,-0.));
#3409 = ADVANCED_FACE('',(#3410),#3416,.T.);
#3410 = FACE_BOUND('',#3411,.T.);
#3411 = EDGE_LOOP('',(#3412,#3413,#3414,#3415));
#3412 = ORIENTED_EDGE('',*,*,#3106,.T.);
#3413 = ORIENTED_EDGE('',*,*,#3071,.T.);
#3414 = ORIENTED_EDGE('',*,*,#3396,.F.);
#3415 = ORIENTED_EDGE('',*,*,#2998,.F.);
#3416 = PLANE('',#3417);
#3417 = AXIS2_PLACEMENT_3D('',#3418,#3419,#3420);
#3418 = CARTESIAN_POINT('',(-0.1,-2.79,7.35));
#3419 = DIRECTION('',(1.110223024625E-16,1.,0.));
#3420 = DIRECTION('',(0.,0.,-1.));
#3421 = ADVANCED_FACE('',(#3422),#3433,.T.);
#3422 = FACE_BOUND('',#3423,.T.);
#3423 = EDGE_LOOP('',(#3424,#3430,#3431,#3432));
#3424 = ORIENTED_EDGE('',*,*,#3425,.T.);
#3425 = EDGE_CURVE('',#3173,#3246,#3426,.T.);
#3426 = LINE('',#3427,#3428);
#3427 = CARTESIAN_POINT('',(-0.1,0.25,1.25));
#3428 = VECTOR('',#3429,1.);
#3429 = DIRECTION('',(1.,-1.110223024625E-16,0.));
#3430 = ORIENTED_EDGE('',*,*,#3253,.T.);
#3431 = ORIENTED_EDGE('',*,*,#3204,.F.);
#3432 = ORIENTED_EDGE('',*,*,#3180,.F.);
#3433 = PLANE('',#3434);
#3434 = AXIS2_PLACEMENT_3D('',#3435,#3436,#3437);
#3435 = CARTESIAN_POINT('',(-0.1,0.25,1.25));
#3436 = DIRECTION('',(-1.110223024625E-16,-1.,0.));
#3437 = DIRECTION('',(0.,0.,1.));
#3438 = ADVANCED_FACE('',(#3439),#3450,.T.);
#3439 = FACE_BOUND('',#3440,.T.);
#3440 = EDGE_LOOP('',(#3441,#3447,#3448,#3449));
#3441 = ORIENTED_EDGE('',*,*,#3442,.T.);
#3442 = EDGE_CURVE('',#3165,#3238,#3443,.T.);
#3443 = LINE('',#3444,#3445);
#3444 = CARTESIAN_POINT('',(-0.1,-0.25,1.25));
#3445 = VECTOR('',#3446,1.);
#3446 = DIRECTION('',(1.,-1.110223024625E-16,0.));
#3447 = ORIENTED_EDGE('',*,*,#3245,.T.);
#3448 = ORIENTED_EDGE('',*,*,#3425,.F.);
#3449 = ORIENTED_EDGE('',*,*,#3172,.F.);
#3450 = PLANE('',#3451);
#3451 = AXIS2_PLACEMENT_3D('',#3452,#3453,#3454);
#3452 = CARTESIAN_POINT('',(-0.1,-0.25,1.25));
#3453 = DIRECTION('',(0.,0.,1.));
#3454 = DIRECTION('',(1.110223024625E-16,1.,-0.));
#3455 = ADVANCED_FACE('',(#3456),#3462,.T.);
#3456 = FACE_BOUND('',#3457,.T.);
#3457 = EDGE_LOOP('',(#3458,#3459,#3460,#3461));
#3458 = ORIENTED_EDGE('',*,*,#3272,.T.);
#3459 = ORIENTED_EDGE('',*,*,#3237,.T.);
#3460 = ORIENTED_EDGE('',*,*,#3442,.F.);
#3461 = ORIENTED_EDGE('',*,*,#3164,.F.);
#3462 = PLANE('',#3463);
#3463 = AXIS2_PLACEMENT_3D('',#3464,#3465,#3466);
#3464 = CARTESIAN_POINT('',(-0.1,-0.25,7.35));
#3465 = DIRECTION('',(1.110223024625E-16,1.,0.));
#3466 = DIRECTION('',(0.,0.,-1.));
#3467 = ( GEOMETRIC_REPRESENTATION_CONTEXT(3) 
GLOBAL_UNCERTAINTY_ASSIGNED_CONTEXT((#3471)) 
GLOBAL_UNIT_ASSIGNED_CONTEXT((#3468,#3469,#3470)) REPRESENTATION_CONTEXT
('Context #1','3D Context with UNIT and UNCERTAINTY') );
#3468 = ( LENGTH_UNIT() NAMED_UNIT(*) SI_UNIT(.MILLI.,.METRE.) );
#3469 = ( NAMED_UNIT(*) PLANE_ANGLE_UNIT() SI_UNIT($,.RADIAN.) );
#3470 = ( NAMED_UNIT(*) SI_UNIT($,.STERADIAN.) SOLID_ANGLE_UNIT() );
#3471 = UNCERTAINTY_MEASURE_WITH_UNIT(LENGTH_MEASURE(1.E-07),#3468,
  'distance_accuracy_value','confusion accuracy');
#3472 = CONTEXT_DEPENDENT_SHAPE_REPRESENTATION(#3473,#3475);
#3473 = ( REPRESENTATION_RELATIONSHIP('','',#80,#10) 
REPRESENTATION_RELATIONSHIP_WITH_TRANSFORMATION(#3474) 
SHAPE_REPRESENTATION_RELATIONSHIP() );
#3474 = ITEM_DEFINED_TRANSFORMATION('','',#11,#15);
#3475 = PRODUCT_DEFINITION_SHAPE('Placement','Placement of an item',
  #3476);
#3476 = NEXT_ASSEMBLY_USAGE_OCCURRENCE('1','J13','',#5,#75,$);
#3477 = PRODUCT_RELATED_PRODUCT_CATEGORY('part',$,(#77));
#3478 = CONTEXT_DEPENDENT_SHAPE_REPRESENTATION(#3479,#3481);
#3479 = ( REPRESENTATION_RELATIONSHIP('','',#80,#10) 
REPRESENTATION_RELATIONSHIP_WITH_TRANSFORMATION(#3480) 
SHAPE_REPRESENTATION_RELATIONSHIP() );
#3480 = ITEM_DEFINED_TRANSFORMATION('','',#11,#19);
#3481 = PRODUCT_DEFINITION_SHAPE('Placement','Placement of an item',
  #3482);
#3482 = NEXT_ASSEMBLY_USAGE_OCCURRENCE('2','J19','',#5,#75,$);
#3483 = CONTEXT_DEPENDENT_SHAPE_REPRESENTATION(#3484,#3486);
#3484 = ( REPRESENTATION_RELATIONSHIP('','',#80,#10) 
REPRESENTATION_RELATIONSHIP_WITH_TRANSFORMATION(#3485) 
SHAPE_REPRESENTATION_RELATIONSHIP() );
#3485 = ITEM_DEFINED_TRANSFORMATION('','',#11,#23);
#3486 = PRODUCT_DEFINITION_SHAPE('Placement','Placement of an item',
  #3487);
#3487 = NEXT_ASSEMBLY_USAGE_OCCURRENCE('3','J38','',#5,#75,$);
#3488 = CONTEXT_DEPENDENT_SHAPE_REPRESENTATION(#3489,#3491);
#3489 = ( REPRESENTATION_RELATIONSHIP('','',#80,#10) 
REPRESENTATION_RELATIONSHIP_WITH_TRANSFORMATION(#3490) 
SHAPE_REPRESENTATION_RELATIONSHIP() );
#3490 = ITEM_DEFINED_TRANSFORMATION('','',#11,#27);
#3491 = PRODUCT_DEFINITION_SHAPE('Placement','Placement of an item',
  #3492);
#3492 = NEXT_ASSEMBLY_USAGE_OCCURRENCE('4','J40','',#5,#75,$);
#3493 = CONTEXT_DEPENDENT_SHAPE_REPRESENTATION(#3494,#3496);
#3494 = ( REPRESENTATION_RELATIONSHIP('','',#80,#10) 
REPRESENTATION_RELATIONSHIP_WITH_TRANSFORMATION(#3495) 
SHAPE_REPRESENTATION_RELATIONSHIP() );
#3495 = ITEM_DEFINED_TRANSFORMATION('','',#11,#31);
#3496 = PRODUCT_DEFINITION_SHAPE('Placement','Placement of an item',
  #3497);
#3497 = NEXT_ASSEMBLY_USAGE_OCCURRENCE('5','J47','',#5,#75,$);
#3498 = SHAPE_DEFINITION_REPRESENTATION(#3499,#3505);
#3499 = PRODUCT_DEFINITION_SHAPE('','',#3500);
#3500 = PRODUCT_DEFINITION('design','',#3501,#3504);
#3501 = PRODUCT_DEFINITION_FORMATION('','',#3502);
#3502 = PRODUCT('R_0805_2012Metric','R_0805_2012Metric','',(#3503));
#3503 = PRODUCT_CONTEXT('',#2,'mechanical');
#3504 = PRODUCT_DEFINITION_CONTEXT('part definition',#2,'design');
#3505 = ADVANCED_BREP_SHAPE_REPRESENTATION('',(#11,#3506),#4296);
#3506 = MANIFOLD_SOLID_BREP('',#3507);
#3507 = CLOSED_SHELL('',(#3508,#3548,#3631,#3656,#3681,#3748,#3765,#3782
    ,#3831,#3848,#3865,#3914,#3931,#4000,#4031,#4055,#4124,#4148,#4165,
    #4182,#4199,#4216,#4233,#4250,#4267,#4284));
#3508 = ADVANCED_FACE('',(#3509),#3543,.F.);
#3509 = FACE_BOUND('',#3510,.F.);
#3510 = EDGE_LOOP('',(#3511,#3521,#3529,#3537));
#3511 = ORIENTED_EDGE('',*,*,#3512,.F.);
#3512 = EDGE_CURVE('',#3513,#3515,#3517,.T.);
#3513 = VERTEX_POINT('',#3514);
#3514 = CARTESIAN_POINT('',(-1.,-0.6,4.5E-02));
#3515 = VERTEX_POINT('',#3516);
#3516 = CARTESIAN_POINT('',(-1.,-0.6,0.405));
#3517 = LINE('',#3518,#3519);
#3518 = CARTESIAN_POINT('',(-1.,-0.6,0.));
#3519 = VECTOR('',#3520,1.);
#3520 = DIRECTION('',(0.,0.,1.));
#3521 = ORIENTED_EDGE('',*,*,#3522,.T.);
#3522 = EDGE_CURVE('',#3513,#3523,#3525,.T.);
#3523 = VERTEX_POINT('',#3524);
#3524 = CARTESIAN_POINT('',(-1.,0.6,4.5E-02));
#3525 = LINE('',#3526,#3527);
#3526 = CARTESIAN_POINT('',(-1.,-0.6,4.5E-02));
#3527 = VECTOR('',#3528,1.);
#3528 = DIRECTION('',(0.,1.,0.));
#3529 = ORIENTED_EDGE('',*,*,#3530,.T.);
#3530 = EDGE_CURVE('',#3523,#3531,#3533,.T.);
#3531 = VERTEX_POINT('',#3532);
#3532 = CARTESIAN_POINT('',(-1.,0.6,0.405));
#3533 = LINE('',#3534,#3535);
#3534 = CARTESIAN_POINT('',(-1.,0.6,0.));
#3535 = VECTOR('',#3536,1.);
#3536 = DIRECTION('',(0.,0.,1.));
#3537 = ORIENTED_EDGE('',*,*,#3538,.F.);
#3538 = EDGE_CURVE('',#3515,#3531,#3539,.T.);
#3539 = LINE('',#3540,#3541);
#3540 = CARTESIAN_POINT('',(-1.,-0.6,0.405));
#3541 = VECTOR('',#3542,1.);
#3542 = DIRECTION('',(0.,1.,0.));
#3543 = PLANE('',#3544);
#3544 = AXIS2_PLACEMENT_3D('',#3545,#3546,#3547);
#3545 = CARTESIAN_POINT('',(-1.,-0.6,0.));
#3546 = DIRECTION('',(1.,0.,0.));
#3547 = DIRECTION('',(0.,0.,1.));
#3548 = ADVANCED_FACE('',(#3549),#3626,.F.);
#3549 = FACE_BOUND('',#3550,.F.);
#3550 = EDGE_LOOP('',(#3551,#3561,#3568,#3569,#3578,#3586,#3595,#3603,
    #3611,#3619));
#3551 = ORIENTED_EDGE('',*,*,#3552,.F.);
#3552 = EDGE_CURVE('',#3553,#3555,#3557,.T.);
#3553 = VERTEX_POINT('',#3554);
#3554 = CARTESIAN_POINT('',(-0.955,-0.6,-2.775557561563E-17));
#3555 = VERTEX_POINT('',#3556);
#3556 = CARTESIAN_POINT('',(-0.745,-0.6,-2.775557561563E-17));
#3557 = LINE('',#3558,#3559);
#3558 = CARTESIAN_POINT('',(-1.,-0.6,0.));
#3559 = VECTOR('',#3560,1.);
#3560 = DIRECTION('',(1.,0.,0.));
#3561 = ORIENTED_EDGE('',*,*,#3562,.F.);
#3562 = EDGE_CURVE('',#3513,#3553,#3563,.T.);
#3563 = CIRCLE('',#3564,4.5E-02);
#3564 = AXIS2_PLACEMENT_3D('',#3565,#3566,#3567);
#3565 = CARTESIAN_POINT('',(-0.955,-0.6,4.5E-02));
#3566 = DIRECTION('',(0.,-1.,0.));
#3567 = DIRECTION('',(0.,0.,1.));
#3568 = ORIENTED_EDGE('',*,*,#3512,.T.);
#3569 = ORIENTED_EDGE('',*,*,#3570,.T.);
#3570 = EDGE_CURVE('',#3515,#3571,#3573,.T.);
#3571 = VERTEX_POINT('',#3572);
#3572 = CARTESIAN_POINT('',(-0.955,-0.6,0.45));
#3573 = CIRCLE('',#3574,4.5E-02);
#3574 = AXIS2_PLACEMENT_3D('',#3575,#3576,#3577);
#3575 = CARTESIAN_POINT('',(-0.955,-0.6,0.405));
#3576 = DIRECTION('',(0.,1.,0.));
#3577 = DIRECTION('',(0.,-0.,1.));
#3578 = ORIENTED_EDGE('',*,*,#3579,.T.);
#3579 = EDGE_CURVE('',#3571,#3580,#3582,.T.);
#3580 = VERTEX_POINT('',#3581);
#3581 = CARTESIAN_POINT('',(-0.745,-0.6,0.45));
#3582 = LINE('',#3583,#3584);
#3583 = CARTESIAN_POINT('',(-1.,-0.6,0.45));
#3584 = VECTOR('',#3585,1.);
#3585 = DIRECTION('',(1.,0.,0.));
#3586 = ORIENTED_EDGE('',*,*,#3587,.F.);
#3587 = EDGE_CURVE('',#3588,#3580,#3590,.T.);
#3588 = VERTEX_POINT('',#3589);
#3589 = CARTESIAN_POINT('',(-0.7,-0.6,0.405));
#3590 = CIRCLE('',#3591,4.5E-02);
#3591 = AXIS2_PLACEMENT_3D('',#3592,#3593,#3594);
#3592 = CARTESIAN_POINT('',(-0.745,-0.6,0.405));
#3593 = DIRECTION('',(0.,-1.,0.));
#3594 = DIRECTION('',(0.,0.,1.));
#3595 = ORIENTED_EDGE('',*,*,#3596,.F.);
#3596 = EDGE_CURVE('',#3597,#3588,#3599,.T.);
#3597 = VERTEX_POINT('',#3598);
#3598 = CARTESIAN_POINT('',(-0.955,-0.6,0.405));
#3599 = LINE('',#3600,#3601);
#3600 = CARTESIAN_POINT('',(-0.955,-0.6,0.405));
#3601 = VECTOR('',#3602,1.);
#3602 = DIRECTION('',(1.,0.,0.));
#3603 = ORIENTED_EDGE('',*,*,#3604,.F.);
#3604 = EDGE_CURVE('',#3605,#3597,#3607,.T.);
#3605 = VERTEX_POINT('',#3606);
#3606 = CARTESIAN_POINT('',(-0.955,-0.6,4.5E-02));
#3607 = LINE('',#3608,#3609);
#3608 = CARTESIAN_POINT('',(-0.955,-0.6,4.5E-02));
#3609 = VECTOR('',#3610,1.);
#3610 = DIRECTION('',(0.,0.,1.));
#3611 = ORIENTED_EDGE('',*,*,#3612,.T.);
#3612 = EDGE_CURVE('',#3605,#3613,#3615,.T.);
#3613 = VERTEX_POINT('',#3614);
#3614 = CARTESIAN_POINT('',(-0.7,-0.6,4.5E-02));
#3615 = LINE('',#3616,#3617);
#3616 = CARTESIAN_POINT('',(-0.955,-0.6,4.5E-02));
#3617 = VECTOR('',#3618,1.);
#3618 = DIRECTION('',(1.,0.,0.));
#3619 = ORIENTED_EDGE('',*,*,#3620,.T.);
#3620 = EDGE_CURVE('',#3613,#3555,#3621,.T.);
#3621 = CIRCLE('',#3622,4.5E-02);
#3622 = AXIS2_PLACEMENT_3D('',#3623,#3624,#3625);
#3623 = CARTESIAN_POINT('',(-0.745,-0.6,4.5E-02));
#3624 = DIRECTION('',(0.,1.,0.));
#3625 = DIRECTION('',(0.,-0.,1.));
#3626 = PLANE('',#3627);
#3627 = AXIS2_PLACEMENT_3D('',#3628,#3629,#3630);
#3628 = CARTESIAN_POINT('',(-1.,-0.6,0.));
#3629 = DIRECTION('',(0.,1.,0.));
#3630 = DIRECTION('',(0.,-0.,1.));
#3631 = ADVANCED_FACE('',(#3632),#3651,.T.);
#3632 = FACE_BOUND('',#3633,.T.);
#3633 = EDGE_LOOP('',(#3634,#3635,#3644,#3650));
#3634 = ORIENTED_EDGE('',*,*,#3522,.T.);
#3635 = ORIENTED_EDGE('',*,*,#3636,.T.);
#3636 = EDGE_CURVE('',#3523,#3637,#3639,.T.);
#3637 = VERTEX_POINT('',#3638);
#3638 = CARTESIAN_POINT('',(-0.955,0.6,-2.775557561563E-17));
#3639 = CIRCLE('',#3640,4.5E-02);
#3640 = AXIS2_PLACEMENT_3D('',#3641,#3642,#3643);
#3641 = CARTESIAN_POINT('',(-0.955,0.6,4.5E-02));
#3642 = DIRECTION('',(0.,-1.,0.));
#3643 = DIRECTION('',(0.,0.,1.));
#3644 = ORIENTED_EDGE('',*,*,#3645,.F.);
#3645 = EDGE_CURVE('',#3553,#3637,#3646,.T.);
#3646 = LINE('',#3647,#3648);
#3647 = CARTESIAN_POINT('',(-0.955,-0.6,-2.775557561563E-17));
#3648 = VECTOR('',#3649,1.);
#3649 = DIRECTION('',(0.,1.,0.));
#3650 = ORIENTED_EDGE('',*,*,#3562,.F.);
#3651 = CYLINDRICAL_SURFACE('',#3652,4.5E-02);
#3652 = AXIS2_PLACEMENT_3D('',#3653,#3654,#3655);
#3653 = CARTESIAN_POINT('',(-0.955,-0.6,4.5E-02));
#3654 = DIRECTION('',(0.,1.,0.));
#3655 = DIRECTION('',(-1.,0.,0.));
#3656 = ADVANCED_FACE('',(#3657),#3676,.T.);
#3657 = FACE_BOUND('',#3658,.T.);
#3658 = EDGE_LOOP('',(#3659,#3660,#3668,#3675));
#3659 = ORIENTED_EDGE('',*,*,#3570,.T.);
#3660 = ORIENTED_EDGE('',*,*,#3661,.T.);
#3661 = EDGE_CURVE('',#3571,#3662,#3664,.T.);
#3662 = VERTEX_POINT('',#3663);
#3663 = CARTESIAN_POINT('',(-0.955,0.6,0.45));
#3664 = LINE('',#3665,#3666);
#3665 = CARTESIAN_POINT('',(-0.955,-0.6,0.45));
#3666 = VECTOR('',#3667,1.);
#3667 = DIRECTION('',(0.,1.,0.));
#3668 = ORIENTED_EDGE('',*,*,#3669,.F.);
#3669 = EDGE_CURVE('',#3531,#3662,#3670,.T.);
#3670 = CIRCLE('',#3671,4.5E-02);
#3671 = AXIS2_PLACEMENT_3D('',#3672,#3673,#3674);
#3672 = CARTESIAN_POINT('',(-0.955,0.6,0.405));
#3673 = DIRECTION('',(0.,1.,0.));
#3674 = DIRECTION('',(0.,-0.,1.));
#3675 = ORIENTED_EDGE('',*,*,#3538,.F.);
#3676 = CYLINDRICAL_SURFACE('',#3677,4.5E-02);
#3677 = AXIS2_PLACEMENT_3D('',#3678,#3679,#3680);
#3678 = CARTESIAN_POINT('',(-0.955,-0.6,0.405));
#3679 = DIRECTION('',(0.,1.,0.));
#3680 = DIRECTION('',(-1.,0.,0.));
#3681 = ADVANCED_FACE('',(#3682),#3743,.T.);
#3682 = FACE_BOUND('',#3683,.T.);
#3683 = EDGE_LOOP('',(#3684,#3692,#3693,#3694,#3695,#3703,#3712,#3720,
    #3728,#3736));
#3684 = ORIENTED_EDGE('',*,*,#3685,.F.);
#3685 = EDGE_CURVE('',#3637,#3686,#3688,.T.);
#3686 = VERTEX_POINT('',#3687);
#3687 = CARTESIAN_POINT('',(-0.745,0.6,-2.775557561563E-17));
#3688 = LINE('',#3689,#3690);
#3689 = CARTESIAN_POINT('',(-1.,0.6,0.));
#3690 = VECTOR('',#3691,1.);
#3691 = DIRECTION('',(1.,0.,0.));
#3692 = ORIENTED_EDGE('',*,*,#3636,.F.);
#3693 = ORIENTED_EDGE('',*,*,#3530,.T.);
#3694 = ORIENTED_EDGE('',*,*,#3669,.T.);
#3695 = ORIENTED_EDGE('',*,*,#3696,.T.);
#3696 = EDGE_CURVE('',#3662,#3697,#3699,.T.);
#3697 = VERTEX_POINT('',#3698);
#3698 = CARTESIAN_POINT('',(-0.745,0.6,0.45));
#3699 = LINE('',#3700,#3701);
#3700 = CARTESIAN_POINT('',(-1.,0.6,0.45));
#3701 = VECTOR('',#3702,1.);
#3702 = DIRECTION('',(1.,0.,0.));
#3703 = ORIENTED_EDGE('',*,*,#3704,.F.);
#3704 = EDGE_CURVE('',#3705,#3697,#3707,.T.);
#3705 = VERTEX_POINT('',#3706);
#3706 = CARTESIAN_POINT('',(-0.7,0.6,0.405));
#3707 = CIRCLE('',#3708,4.5E-02);
#3708 = AXIS2_PLACEMENT_3D('',#3709,#3710,#3711);
#3709 = CARTESIAN_POINT('',(-0.745,0.6,0.405));
#3710 = DIRECTION('',(0.,-1.,0.));
#3711 = DIRECTION('',(0.,0.,1.));
#3712 = ORIENTED_EDGE('',*,*,#3713,.F.);
#3713 = EDGE_CURVE('',#3714,#3705,#3716,.T.);
#3714 = VERTEX_POINT('',#3715);
#3715 = CARTESIAN_POINT('',(-0.955,0.6,0.405));
#3716 = LINE('',#3717,#3718);
#3717 = CARTESIAN_POINT('',(-0.955,0.6,0.405));
#3718 = VECTOR('',#3719,1.);
#3719 = DIRECTION('',(1.,0.,0.));
#3720 = ORIENTED_EDGE('',*,*,#3721,.F.);
#3721 = EDGE_CURVE('',#3722,#3714,#3724,.T.);
#3722 = VERTEX_POINT('',#3723);
#3723 = CARTESIAN_POINT('',(-0.955,0.6,4.5E-02));
#3724 = LINE('',#3725,#3726);
#3725 = CARTESIAN_POINT('',(-0.955,0.6,4.5E-02));
#3726 = VECTOR('',#3727,1.);
#3727 = DIRECTION('',(0.,0.,1.));
#3728 = ORIENTED_EDGE('',*,*,#3729,.T.);
#3729 = EDGE_CURVE('',#3722,#3730,#3732,.T.);
#3730 = VERTEX_POINT('',#3731);
#3731 = CARTESIAN_POINT('',(-0.7,0.6,4.5E-02));
#3732 = LINE('',#3733,#3734);
#3733 = CARTESIAN_POINT('',(-0.955,0.6,4.5E-02));
#3734 = VECTOR('',#3735,1.);
#3735 = DIRECTION('',(1.,0.,0.));
#3736 = ORIENTED_EDGE('',*,*,#3737,.T.);
#3737 = EDGE_CURVE('',#3730,#3686,#3738,.T.);
#3738 = CIRCLE('',#3739,4.5E-02);
#3739 = AXIS2_PLACEMENT_3D('',#3740,#3741,#3742);
#3740 = CARTESIAN_POINT('',(-0.745,0.6,4.5E-02));
#3741 = DIRECTION('',(0.,1.,0.));
#3742 = DIRECTION('',(0.,-0.,1.));
#3743 = PLANE('',#3744);
#3744 = AXIS2_PLACEMENT_3D('',#3745,#3746,#3747);
#3745 = CARTESIAN_POINT('',(-1.,0.6,0.));
#3746 = DIRECTION('',(0.,1.,0.));
#3747 = DIRECTION('',(0.,-0.,1.));
#3748 = ADVANCED_FACE('',(#3749),#3760,.F.);
#3749 = FACE_BOUND('',#3750,.F.);
#3750 = EDGE_LOOP('',(#3751,#3752,#3753,#3754));
#3751 = ORIENTED_EDGE('',*,*,#3685,.F.);
#3752 = ORIENTED_EDGE('',*,*,#3645,.F.);
#3753 = ORIENTED_EDGE('',*,*,#3552,.T.);
#3754 = ORIENTED_EDGE('',*,*,#3755,.T.);
#3755 = EDGE_CURVE('',#3555,#3686,#3756,.T.);
#3756 = LINE('',#3757,#3758);
#3757 = CARTESIAN_POINT('',(-0.745,-0.6,-2.775557561563E-17));
#3758 = VECTOR('',#3759,1.);
#3759 = DIRECTION('',(0.,1.,0.));
#3760 = PLANE('',#3761);
#3761 = AXIS2_PLACEMENT_3D('',#3762,#3763,#3764);
#3762 = CARTESIAN_POINT('',(-1.,-0.6,0.));
#3763 = DIRECTION('',(0.,0.,1.));
#3764 = DIRECTION('',(1.,0.,-0.));
#3765 = ADVANCED_FACE('',(#3766),#3777,.T.);
#3766 = FACE_BOUND('',#3767,.T.);
#3767 = EDGE_LOOP('',(#3768,#3769,#3770,#3771));
#3768 = ORIENTED_EDGE('',*,*,#3620,.T.);
#3769 = ORIENTED_EDGE('',*,*,#3755,.T.);
#3770 = ORIENTED_EDGE('',*,*,#3737,.F.);
#3771 = ORIENTED_EDGE('',*,*,#3772,.F.);
#3772 = EDGE_CURVE('',#3613,#3730,#3773,.T.);
#3773 = LINE('',#3774,#3775);
#3774 = CARTESIAN_POINT('',(-0.7,-0.6,4.5E-02));
#3775 = VECTOR('',#3776,1.);
#3776 = DIRECTION('',(0.,1.,0.));
#3777 = CYLINDRICAL_SURFACE('',#3778,4.5E-02);
#3778 = AXIS2_PLACEMENT_3D('',#3779,#3780,#3781);
#3779 = CARTESIAN_POINT('',(-0.745,-0.6,4.5E-02));
#3780 = DIRECTION('',(0.,1.,0.));
#3781 = DIRECTION('',(1.,0.,0.));
#3782 = ADVANCED_FACE('',(#3783),#3826,.F.);
#3783 = FACE_BOUND('',#3784,.F.);
#3784 = EDGE_LOOP('',(#3785,#3786,#3787,#3788,#3796,#3804,#3812,#3820));
#3785 = ORIENTED_EDGE('',*,*,#3612,.F.);
#3786 = ORIENTED_EDGE('',*,*,#3604,.T.);
#3787 = ORIENTED_EDGE('',*,*,#3596,.T.);
#3788 = ORIENTED_EDGE('',*,*,#3789,.T.);
#3789 = EDGE_CURVE('',#3588,#3790,#3792,.T.);
#3790 = VERTEX_POINT('',#3791);
#3791 = CARTESIAN_POINT('',(0.7,-0.6,0.405));
#3792 = LINE('',#3793,#3794);
#3793 = CARTESIAN_POINT('',(-0.7,-0.6,0.405));
#3794 = VECTOR('',#3795,1.);
#3795 = DIRECTION('',(1.,0.,0.));
#3796 = ORIENTED_EDGE('',*,*,#3797,.T.);
#3797 = EDGE_CURVE('',#3790,#3798,#3800,.T.);
#3798 = VERTEX_POINT('',#3799);
#3799 = CARTESIAN_POINT('',(0.955,-0.6,0.405));
#3800 = LINE('',#3801,#3802);
#3801 = CARTESIAN_POINT('',(-0.955,-0.6,0.405));
#3802 = VECTOR('',#3803,1.);
#3803 = DIRECTION('',(1.,0.,0.));
#3804 = ORIENTED_EDGE('',*,*,#3805,.F.);
#3805 = EDGE_CURVE('',#3806,#3798,#3808,.T.);
#3806 = VERTEX_POINT('',#3807);
#3807 = CARTESIAN_POINT('',(0.955,-0.6,4.5E-02));
#3808 = LINE('',#3809,#3810);
#3809 = CARTESIAN_POINT('',(0.955,-0.6,4.5E-02));
#3810 = VECTOR('',#3811,1.);
#3811 = DIRECTION('',(0.,0.,1.));
#3812 = ORIENTED_EDGE('',*,*,#3813,.F.);
#3813 = EDGE_CURVE('',#3814,#3806,#3816,.T.);
#3814 = VERTEX_POINT('',#3815);
#3815 = CARTESIAN_POINT('',(0.7,-0.6,4.5E-02));
#3816 = LINE('',#3817,#3818);
#3817 = CARTESIAN_POINT('',(-0.955,-0.6,4.5E-02));
#3818 = VECTOR('',#3819,1.);
#3819 = DIRECTION('',(1.,0.,0.));
#3820 = ORIENTED_EDGE('',*,*,#3821,.F.);
#3821 = EDGE_CURVE('',#3613,#3814,#3822,.T.);
#3822 = LINE('',#3823,#3824);
#3823 = CARTESIAN_POINT('',(-0.955,-0.6,4.5E-02));
#3824 = VECTOR('',#3825,1.);
#3825 = DIRECTION('',(1.,0.,0.));
#3826 = PLANE('',#3827);
#3827 = AXIS2_PLACEMENT_3D('',#3828,#3829,#3830);
#3828 = CARTESIAN_POINT('',(-0.955,-0.6,4.5E-02));
#3829 = DIRECTION('',(0.,1.,0.));
#3830 = DIRECTION('',(0.,-0.,1.));
#3831 = ADVANCED_FACE('',(#3832),#3843,.T.);
#3832 = FACE_BOUND('',#3833,.T.);
#3833 = EDGE_LOOP('',(#3834,#3835,#3836,#3837));
#3834 = ORIENTED_EDGE('',*,*,#3696,.F.);
#3835 = ORIENTED_EDGE('',*,*,#3661,.F.);
#3836 = ORIENTED_EDGE('',*,*,#3579,.T.);
#3837 = ORIENTED_EDGE('',*,*,#3838,.T.);
#3838 = EDGE_CURVE('',#3580,#3697,#3839,.T.);
#3839 = LINE('',#3840,#3841);
#3840 = CARTESIAN_POINT('',(-0.745,-0.6,0.45));
#3841 = VECTOR('',#3842,1.);
#3842 = DIRECTION('',(0.,1.,0.));
#3843 = PLANE('',#3844);
#3844 = AXIS2_PLACEMENT_3D('',#3845,#3846,#3847);
#3845 = CARTESIAN_POINT('',(-1.,-0.6,0.45));
#3846 = DIRECTION('',(0.,0.,1.));
#3847 = DIRECTION('',(1.,0.,-0.));
#3848 = ADVANCED_FACE('',(#3849),#3860,.T.);
#3849 = FACE_BOUND('',#3850,.T.);
#3850 = EDGE_LOOP('',(#3851,#3857,#3858,#3859));
#3851 = ORIENTED_EDGE('',*,*,#3852,.T.);
#3852 = EDGE_CURVE('',#3588,#3705,#3853,.T.);
#3853 = LINE('',#3854,#3855);
#3854 = CARTESIAN_POINT('',(-0.7,-0.6,0.405));
#3855 = VECTOR('',#3856,1.);
#3856 = DIRECTION('',(0.,1.,0.));
#3857 = ORIENTED_EDGE('',*,*,#3704,.T.);
#3858 = ORIENTED_EDGE('',*,*,#3838,.F.);
#3859 = ORIENTED_EDGE('',*,*,#3587,.F.);
#3860 = CYLINDRICAL_SURFACE('',#3861,4.5E-02);
#3861 = AXIS2_PLACEMENT_3D('',#3862,#3863,#3864);
#3862 = CARTESIAN_POINT('',(-0.745,-0.6,0.405));
#3863 = DIRECTION('',(0.,1.,0.));
#3864 = DIRECTION('',(1.,0.,0.));
#3865 = ADVANCED_FACE('',(#3866),#3909,.T.);
#3866 = FACE_BOUND('',#3867,.T.);
#3867 = EDGE_LOOP('',(#3868,#3869,#3870,#3871,#3879,#3887,#3895,#3903));
#3868 = ORIENTED_EDGE('',*,*,#3729,.F.);
#3869 = ORIENTED_EDGE('',*,*,#3721,.T.);
#3870 = ORIENTED_EDGE('',*,*,#3713,.T.);
#3871 = ORIENTED_EDGE('',*,*,#3872,.T.);
#3872 = EDGE_CURVE('',#3705,#3873,#3875,.T.);
#3873 = VERTEX_POINT('',#3874);
#3874 = CARTESIAN_POINT('',(0.7,0.6,0.405));
#3875 = LINE('',#3876,#3877);
#3876 = CARTESIAN_POINT('',(-0.7,0.6,0.405));
#3877 = VECTOR('',#3878,1.);
#3878 = DIRECTION('',(1.,0.,0.));
#3879 = ORIENTED_EDGE('',*,*,#3880,.T.);
#3880 = EDGE_CURVE('',#3873,#3881,#3883,.T.);
#3881 = VERTEX_POINT('',#3882);
#3882 = CARTESIAN_POINT('',(0.955,0.6,0.405));
#3883 = LINE('',#3884,#3885);
#3884 = CARTESIAN_POINT('',(-0.955,0.6,0.405));
#3885 = VECTOR('',#3886,1.);
#3886 = DIRECTION('',(1.,0.,0.));
#3887 = ORIENTED_EDGE('',*,*,#3888,.F.);
#3888 = EDGE_CURVE('',#3889,#3881,#3891,.T.);
#3889 = VERTEX_POINT('',#3890);
#3890 = CARTESIAN_POINT('',(0.955,0.6,4.5E-02));
#3891 = LINE('',#3892,#3893);
#3892 = CARTESIAN_POINT('',(0.955,0.6,4.5E-02));
#3893 = VECTOR('',#3894,1.);
#3894 = DIRECTION('',(0.,0.,1.));
#3895 = ORIENTED_EDGE('',*,*,#3896,.F.);
#3896 = EDGE_CURVE('',#3897,#3889,#3899,.T.);
#3897 = VERTEX_POINT('',#3898);
#3898 = CARTESIAN_POINT('',(0.7,0.6,4.5E-02));
#3899 = LINE('',#3900,#3901);
#3900 = CARTESIAN_POINT('',(-0.955,0.6,4.5E-02));
#3901 = VECTOR('',#3902,1.);
#3902 = DIRECTION('',(1.,0.,0.));
#3903 = ORIENTED_EDGE('',*,*,#3904,.F.);
#3904 = EDGE_CURVE('',#3730,#3897,#3905,.T.);
#3905 = LINE('',#3906,#3907);
#3906 = CARTESIAN_POINT('',(-0.955,0.6,4.5E-02));
#3907 = VECTOR('',#3908,1.);
#3908 = DIRECTION('',(1.,0.,0.));
#3909 = PLANE('',#3910);
#3910 = AXIS2_PLACEMENT_3D('',#3911,#3912,#3913);
#3911 = CARTESIAN_POINT('',(-0.955,0.6,4.5E-02));
#3912 = DIRECTION('',(0.,1.,0.));
#3913 = DIRECTION('',(0.,-0.,1.));
#3914 = ADVANCED_FACE('',(#3915),#3926,.F.);
#3915 = FACE_BOUND('',#3916,.F.);
#3916 = EDGE_LOOP('',(#3917,#3918,#3919,#3925));
#3917 = ORIENTED_EDGE('',*,*,#3772,.F.);
#3918 = ORIENTED_EDGE('',*,*,#3821,.T.);
#3919 = ORIENTED_EDGE('',*,*,#3920,.T.);
#3920 = EDGE_CURVE('',#3814,#3897,#3921,.T.);
#3921 = LINE('',#3922,#3923);
#3922 = CARTESIAN_POINT('',(0.7,-0.6,4.5E-02));
#3923 = VECTOR('',#3924,1.);
#3924 = DIRECTION('',(0.,1.,0.));
#3925 = ORIENTED_EDGE('',*,*,#3904,.F.);
#3926 = PLANE('',#3927);
#3927 = AXIS2_PLACEMENT_3D('',#3928,#3929,#3930);
#3928 = CARTESIAN_POINT('',(-0.955,-0.6,4.5E-02));
#3929 = DIRECTION('',(0.,0.,1.));
#3930 = DIRECTION('',(1.,0.,-0.));
#3931 = ADVANCED_FACE('',(#3932),#3995,.F.);
#3932 = FACE_BOUND('',#3933,.F.);
#3933 = EDGE_LOOP('',(#3934,#3944,#3951,#3952,#3953,#3954,#3963,#3971,
    #3980,#3988));
#3934 = ORIENTED_EDGE('',*,*,#3935,.F.);
#3935 = EDGE_CURVE('',#3936,#3938,#3940,.T.);
#3936 = VERTEX_POINT('',#3937);
#3937 = CARTESIAN_POINT('',(0.745,-0.6,-2.775557561563E-17));
#3938 = VERTEX_POINT('',#3939);
#3939 = CARTESIAN_POINT('',(0.955,-0.6,-2.775557561563E-17));
#3940 = LINE('',#3941,#3942);
#3941 = CARTESIAN_POINT('',(0.7,-0.6,0.));
#3942 = VECTOR('',#3943,1.);
#3943 = DIRECTION('',(1.,0.,0.));
#3944 = ORIENTED_EDGE('',*,*,#3945,.F.);
#3945 = EDGE_CURVE('',#3814,#3936,#3946,.T.);
#3946 = CIRCLE('',#3947,4.5E-02);
#3947 = AXIS2_PLACEMENT_3D('',#3948,#3949,#3950);
#3948 = CARTESIAN_POINT('',(0.745,-0.6,4.5E-02));
#3949 = DIRECTION('',(0.,-1.,0.));
#3950 = DIRECTION('',(0.,0.,1.));
#3951 = ORIENTED_EDGE('',*,*,#3813,.T.);
#3952 = ORIENTED_EDGE('',*,*,#3805,.T.);
#3953 = ORIENTED_EDGE('',*,*,#3797,.F.);
#3954 = ORIENTED_EDGE('',*,*,#3955,.T.);
#3955 = EDGE_CURVE('',#3790,#3956,#3958,.T.);
#3956 = VERTEX_POINT('',#3957);
#3957 = CARTESIAN_POINT('',(0.745,-0.6,0.45));
#3958 = CIRCLE('',#3959,4.5E-02);
#3959 = AXIS2_PLACEMENT_3D('',#3960,#3961,#3962);
#3960 = CARTESIAN_POINT('',(0.745,-0.6,0.405));
#3961 = DIRECTION('',(0.,1.,0.));
#3962 = DIRECTION('',(0.,-0.,1.));
#3963 = ORIENTED_EDGE('',*,*,#3964,.T.);
#3964 = EDGE_CURVE('',#3956,#3965,#3967,.T.);
#3965 = VERTEX_POINT('',#3966);
#3966 = CARTESIAN_POINT('',(0.955,-0.6,0.45));
#3967 = LINE('',#3968,#3969);
#3968 = CARTESIAN_POINT('',(0.7,-0.6,0.45));
#3969 = VECTOR('',#3970,1.);
#3970 = DIRECTION('',(1.,0.,0.));
#3971 = ORIENTED_EDGE('',*,*,#3972,.F.);
#3972 = EDGE_CURVE('',#3973,#3965,#3975,.T.);
#3973 = VERTEX_POINT('',#3974);
#3974 = CARTESIAN_POINT('',(1.,-0.6,0.405));
#3975 = CIRCLE('',#3976,4.5E-02);
#3976 = AXIS2_PLACEMENT_3D('',#3977,#3978,#3979);
#3977 = CARTESIAN_POINT('',(0.955,-0.6,0.405));
#3978 = DIRECTION('',(0.,-1.,0.));
#3979 = DIRECTION('',(0.,0.,1.));
#3980 = ORIENTED_EDGE('',*,*,#3981,.F.);
#3981 = EDGE_CURVE('',#3982,#3973,#3984,.T.);
#3982 = VERTEX_POINT('',#3983);
#3983 = CARTESIAN_POINT('',(1.,-0.6,4.5E-02));
#3984 = LINE('',#3985,#3986);
#3985 = CARTESIAN_POINT('',(1.,-0.6,0.));
#3986 = VECTOR('',#3987,1.);
#3987 = DIRECTION('',(0.,0.,1.));
#3988 = ORIENTED_EDGE('',*,*,#3989,.T.);
#3989 = EDGE_CURVE('',#3982,#3938,#3990,.T.);
#3990 = CIRCLE('',#3991,4.5E-02);
#3991 = AXIS2_PLACEMENT_3D('',#3992,#3993,#3994);
#3992 = CARTESIAN_POINT('',(0.955,-0.6,4.5E-02));
#3993 = DIRECTION('',(0.,1.,0.));
#3994 = DIRECTION('',(0.,-0.,1.));
#3995 = PLANE('',#3996);
#3996 = AXIS2_PLACEMENT_3D('',#3997,#3998,#3999);
#3997 = CARTESIAN_POINT('',(0.7,-0.6,0.));
#3998 = DIRECTION('',(0.,1.,0.));
#3999 = DIRECTION('',(0.,-0.,1.));
#4000 = ADVANCED_FACE('',(#4001),#4026,.F.);
#4001 = FACE_BOUND('',#4002,.F.);
#4002 = EDGE_LOOP('',(#4003,#4004,#4012,#4020));
#4003 = ORIENTED_EDGE('',*,*,#3789,.F.);
#4004 = ORIENTED_EDGE('',*,*,#4005,.T.);
#4005 = EDGE_CURVE('',#3588,#4006,#4008,.T.);
#4006 = VERTEX_POINT('',#4007);
#4007 = CARTESIAN_POINT('',(-0.7,-0.6,0.45));
#4008 = LINE('',#4009,#4010);
#4009 = CARTESIAN_POINT('',(-0.7,-0.6,0.405));
#4010 = VECTOR('',#4011,1.);
#4011 = DIRECTION('',(0.,0.,1.));
#4012 = ORIENTED_EDGE('',*,*,#4013,.T.);
#4013 = EDGE_CURVE('',#4006,#4014,#4016,.T.);
#4014 = VERTEX_POINT('',#4015);
#4015 = CARTESIAN_POINT('',(0.7,-0.6,0.45));
#4016 = LINE('',#4017,#4018);
#4017 = CARTESIAN_POINT('',(-0.7,-0.6,0.45));
#4018 = VECTOR('',#4019,1.);
#4019 = DIRECTION('',(1.,0.,0.));
#4020 = ORIENTED_EDGE('',*,*,#4021,.F.);
#4021 = EDGE_CURVE('',#3790,#4014,#4022,.T.);
#4022 = LINE('',#4023,#4024);
#4023 = CARTESIAN_POINT('',(0.7,-0.6,0.405));
#4024 = VECTOR('',#4025,1.);
#4025 = DIRECTION('',(0.,0.,1.));
#4026 = PLANE('',#4027);
#4027 = AXIS2_PLACEMENT_3D('',#4028,#4029,#4030);
#4028 = CARTESIAN_POINT('',(-0.7,-0.6,0.405));
#4029 = DIRECTION('',(0.,1.,0.));
#4030 = DIRECTION('',(0.,-0.,1.));
#4031 = ADVANCED_FACE('',(#4032),#4050,.F.);
#4032 = FACE_BOUND('',#4033,.F.);
#4033 = EDGE_LOOP('',(#4034,#4035,#4036,#4044));
#4034 = ORIENTED_EDGE('',*,*,#4005,.F.);
#4035 = ORIENTED_EDGE('',*,*,#3852,.T.);
#4036 = ORIENTED_EDGE('',*,*,#4037,.T.);
#4037 = EDGE_CURVE('',#3705,#4038,#4040,.T.);
#4038 = VERTEX_POINT('',#4039);
#4039 = CARTESIAN_POINT('',(-0.7,0.6,0.45));
#4040 = LINE('',#4041,#4042);
#4041 = CARTESIAN_POINT('',(-0.7,0.6,0.405));
#4042 = VECTOR('',#4043,1.);
#4043 = DIRECTION('',(0.,0.,1.));
#4044 = ORIENTED_EDGE('',*,*,#4045,.F.);
#4045 = EDGE_CURVE('',#4006,#4038,#4046,.T.);
#4046 = LINE('',#4047,#4048);
#4047 = CARTESIAN_POINT('',(-0.7,-0.6,0.45));
#4048 = VECTOR('',#4049,1.);
#4049 = DIRECTION('',(0.,1.,0.));
#4050 = PLANE('',#4051);
#4051 = AXIS2_PLACEMENT_3D('',#4052,#4053,#4054);
#4052 = CARTESIAN_POINT('',(-0.7,-0.6,0.405));
#4053 = DIRECTION('',(1.,0.,0.));
#4054 = DIRECTION('',(0.,0.,1.));
#4055 = ADVANCED_FACE('',(#4056),#4119,.T.);
#4056 = FACE_BOUND('',#4057,.T.);
#4057 = EDGE_LOOP('',(#4058,#4068,#4075,#4076,#4077,#4078,#4087,#4095,
    #4104,#4112));
#4058 = ORIENTED_EDGE('',*,*,#4059,.F.);
#4059 = EDGE_CURVE('',#4060,#4062,#4064,.T.);
#4060 = VERTEX_POINT('',#4061);
#4061 = CARTESIAN_POINT('',(0.745,0.6,-2.775557561563E-17));
#4062 = VERTEX_POINT('',#4063);
#4063 = CARTESIAN_POINT('',(0.955,0.6,-2.775557561563E-17));
#4064 = LINE('',#4065,#4066);
#4065 = CARTESIAN_POINT('',(0.7,0.6,0.));
#4066 = VECTOR('',#4067,1.);
#4067 = DIRECTION('',(1.,0.,0.));
#4068 = ORIENTED_EDGE('',*,*,#4069,.F.);
#4069 = EDGE_CURVE('',#3897,#4060,#4070,.T.);
#4070 = CIRCLE('',#4071,4.5E-02);
#4071 = AXIS2_PLACEMENT_3D('',#4072,#4073,#4074);
#4072 = CARTESIAN_POINT('',(0.745,0.6,4.5E-02));
#4073 = DIRECTION('',(0.,-1.,0.));
#4074 = DIRECTION('',(0.,0.,1.));
#4075 = ORIENTED_EDGE('',*,*,#3896,.T.);
#4076 = ORIENTED_EDGE('',*,*,#3888,.T.);
#4077 = ORIENTED_EDGE('',*,*,#3880,.F.);
#4078 = ORIENTED_EDGE('',*,*,#4079,.T.);
#4079 = EDGE_CURVE('',#3873,#4080,#4082,.T.);
#4080 = VERTEX_POINT('',#4081);
#4081 = CARTESIAN_POINT('',(0.745,0.6,0.45));
#4082 = CIRCLE('',#4083,4.5E-02);
#4083 = AXIS2_PLACEMENT_3D('',#4084,#4085,#4086);
#4084 = CARTESIAN_POINT('',(0.745,0.6,0.405));
#4085 = DIRECTION('',(0.,1.,0.));
#4086 = DIRECTION('',(0.,-0.,1.));
#4087 = ORIENTED_EDGE('',*,*,#4088,.T.);
#4088 = EDGE_CURVE('',#4080,#4089,#4091,.T.);
#4089 = VERTEX_POINT('',#4090);
#4090 = CARTESIAN_POINT('',(0.955,0.6,0.45));
#4091 = LINE('',#4092,#4093);
#4092 = CARTESIAN_POINT('',(0.7,0.6,0.45));
#4093 = VECTOR('',#4094,1.);
#4094 = DIRECTION('',(1.,0.,0.));
#4095 = ORIENTED_EDGE('',*,*,#4096,.F.);
#4096 = EDGE_CURVE('',#4097,#4089,#4099,.T.);
#4097 = VERTEX_POINT('',#4098);
#4098 = CARTESIAN_POINT('',(1.,0.6,0.405));
#4099 = CIRCLE('',#4100,4.5E-02);
#4100 = AXIS2_PLACEMENT_3D('',#4101,#4102,#4103);
#4101 = CARTESIAN_POINT('',(0.955,0.6,0.405));
#4102 = DIRECTION('',(0.,-1.,0.));
#4103 = DIRECTION('',(0.,0.,1.));
#4104 = ORIENTED_EDGE('',*,*,#4105,.F.);
#4105 = EDGE_CURVE('',#4106,#4097,#4108,.T.);
#4106 = VERTEX_POINT('',#4107);
#4107 = CARTESIAN_POINT('',(1.,0.6,4.5E-02));
#4108 = LINE('',#4109,#4110);
#4109 = CARTESIAN_POINT('',(1.,0.6,0.));
#4110 = VECTOR('',#4111,1.);
#4111 = DIRECTION('',(0.,0.,1.));
#4112 = ORIENTED_EDGE('',*,*,#4113,.T.);
#4113 = EDGE_CURVE('',#4106,#4062,#4114,.T.);
#4114 = CIRCLE('',#4115,4.5E-02);
#4115 = AXIS2_PLACEMENT_3D('',#4116,#4117,#4118);
#4116 = CARTESIAN_POINT('',(0.955,0.6,4.5E-02));
#4117 = DIRECTION('',(0.,1.,0.));
#4118 = DIRECTION('',(0.,-0.,1.));
#4119 = PLANE('',#4120);
#4120 = AXIS2_PLACEMENT_3D('',#4121,#4122,#4123);
#4121 = CARTESIAN_POINT('',(0.7,0.6,0.));
#4122 = DIRECTION('',(0.,1.,0.));
#4123 = DIRECTION('',(0.,-0.,1.));
#4124 = ADVANCED_FACE('',(#4125),#4143,.T.);
#4125 = FACE_BOUND('',#4126,.T.);
#4126 = EDGE_LOOP('',(#4127,#4128,#4129,#4137));
#4127 = ORIENTED_EDGE('',*,*,#3872,.F.);
#4128 = ORIENTED_EDGE('',*,*,#4037,.T.);
#4129 = ORIENTED_EDGE('',*,*,#4130,.T.);
#4130 = EDGE_CURVE('',#4038,#4131,#4133,.T.);
#4131 = VERTEX_POINT('',#4132);
#4132 = CARTESIAN_POINT('',(0.7,0.6,0.45));
#4133 = LINE('',#4134,#4135);
#4134 = CARTESIAN_POINT('',(-0.7,0.6,0.45));
#4135 = VECTOR('',#4136,1.);
#4136 = DIRECTION('',(1.,0.,0.));
#4137 = ORIENTED_EDGE('',*,*,#4138,.F.);
#4138 = EDGE_CURVE('',#3873,#4131,#4139,.T.);
#4139 = LINE('',#4140,#4141);
#4140 = CARTESIAN_POINT('',(0.7,0.6,0.405));
#4141 = VECTOR('',#4142,1.);
#4142 = DIRECTION('',(0.,0.,1.));
#4143 = PLANE('',#4144);
#4144 = AXIS2_PLACEMENT_3D('',#4145,#4146,#4147);
#4145 = CARTESIAN_POINT('',(-0.7,0.6,0.405));
#4146 = DIRECTION('',(0.,1.,0.));
#4147 = DIRECTION('',(0.,-0.,1.));
#4148 = ADVANCED_FACE('',(#4149),#4160,.T.);
#4149 = FACE_BOUND('',#4150,.T.);
#4150 = EDGE_LOOP('',(#4151,#4152,#4153,#4159));
#4151 = ORIENTED_EDGE('',*,*,#3920,.T.);
#4152 = ORIENTED_EDGE('',*,*,#4069,.T.);
#4153 = ORIENTED_EDGE('',*,*,#4154,.F.);
#4154 = EDGE_CURVE('',#3936,#4060,#4155,.T.);
#4155 = LINE('',#4156,#4157);
#4156 = CARTESIAN_POINT('',(0.745,-0.6,-2.775557561563E-17));
#4157 = VECTOR('',#4158,1.);
#4158 = DIRECTION('',(0.,1.,0.));
#4159 = ORIENTED_EDGE('',*,*,#3945,.F.);
#4160 = CYLINDRICAL_SURFACE('',#4161,4.5E-02);
#4161 = AXIS2_PLACEMENT_3D('',#4162,#4163,#4164);
#4162 = CARTESIAN_POINT('',(0.745,-0.6,4.5E-02));
#4163 = DIRECTION('',(0.,1.,0.));
#4164 = DIRECTION('',(-1.,0.,0.));
#4165 = ADVANCED_FACE('',(#4166),#4177,.F.);
#4166 = FACE_BOUND('',#4167,.F.);
#4167 = EDGE_LOOP('',(#4168,#4169,#4170,#4171));
#4168 = ORIENTED_EDGE('',*,*,#4059,.F.);
#4169 = ORIENTED_EDGE('',*,*,#4154,.F.);
#4170 = ORIENTED_EDGE('',*,*,#3935,.T.);
#4171 = ORIENTED_EDGE('',*,*,#4172,.T.);
#4172 = EDGE_CURVE('',#3938,#4062,#4173,.T.);
#4173 = LINE('',#4174,#4175);
#4174 = CARTESIAN_POINT('',(0.955,-0.6,-2.775557561563E-17));
#4175 = VECTOR('',#4176,1.);
#4176 = DIRECTION('',(0.,1.,0.));
#4177 = PLANE('',#4178);
#4178 = AXIS2_PLACEMENT_3D('',#4179,#4180,#4181);
#4179 = CARTESIAN_POINT('',(0.7,-0.6,0.));
#4180 = DIRECTION('',(0.,0.,1.));
#4181 = DIRECTION('',(1.,0.,-0.));
#4182 = ADVANCED_FACE('',(#4183),#4194,.T.);
#4183 = FACE_BOUND('',#4184,.T.);
#4184 = EDGE_LOOP('',(#4185,#4186,#4187,#4188));
#4185 = ORIENTED_EDGE('',*,*,#3989,.T.);
#4186 = ORIENTED_EDGE('',*,*,#4172,.T.);
#4187 = ORIENTED_EDGE('',*,*,#4113,.F.);
#4188 = ORIENTED_EDGE('',*,*,#4189,.F.);
#4189 = EDGE_CURVE('',#3982,#4106,#4190,.T.);
#4190 = LINE('',#4191,#4192);
#4191 = CARTESIAN_POINT('',(1.,-0.6,4.5E-02));
#4192 = VECTOR('',#4193,1.);
#4193 = DIRECTION('',(0.,1.,0.));
#4194 = CYLINDRICAL_SURFACE('',#4195,4.5E-02);
#4195 = AXIS2_PLACEMENT_3D('',#4196,#4197,#4198);
#4196 = CARTESIAN_POINT('',(0.955,-0.6,4.5E-02));
#4197 = DIRECTION('',(0.,1.,0.));
#4198 = DIRECTION('',(1.,0.,0.));
#4199 = ADVANCED_FACE('',(#4200),#4211,.T.);
#4200 = FACE_BOUND('',#4201,.T.);
#4201 = EDGE_LOOP('',(#4202,#4203,#4204,#4205));
#4202 = ORIENTED_EDGE('',*,*,#3981,.F.);
#4203 = ORIENTED_EDGE('',*,*,#4189,.T.);
#4204 = ORIENTED_EDGE('',*,*,#4105,.T.);
#4205 = ORIENTED_EDGE('',*,*,#4206,.F.);
#4206 = EDGE_CURVE('',#3973,#4097,#4207,.T.);
#4207 = LINE('',#4208,#4209);
#4208 = CARTESIAN_POINT('',(1.,-0.6,0.405));
#4209 = VECTOR('',#4210,1.);
#4210 = DIRECTION('',(0.,1.,0.));
#4211 = PLANE('',#4212);
#4212 = AXIS2_PLACEMENT_3D('',#4213,#4214,#4215);
#4213 = CARTESIAN_POINT('',(1.,-0.6,0.));
#4214 = DIRECTION('',(1.,0.,0.));
#4215 = DIRECTION('',(0.,0.,1.));
#4216 = ADVANCED_FACE('',(#4217),#4228,.T.);
#4217 = FACE_BOUND('',#4218,.T.);
#4218 = EDGE_LOOP('',(#4219,#4220,#4221,#4227));
#4219 = ORIENTED_EDGE('',*,*,#4206,.T.);
#4220 = ORIENTED_EDGE('',*,*,#4096,.T.);
#4221 = ORIENTED_EDGE('',*,*,#4222,.F.);
#4222 = EDGE_CURVE('',#3965,#4089,#4223,.T.);
#4223 = LINE('',#4224,#4225);
#4224 = CARTESIAN_POINT('',(0.955,-0.6,0.45));
#4225 = VECTOR('',#4226,1.);
#4226 = DIRECTION('',(0.,1.,0.));
#4227 = ORIENTED_EDGE('',*,*,#3972,.F.);
#4228 = CYLINDRICAL_SURFACE('',#4229,4.5E-02);
#4229 = AXIS2_PLACEMENT_3D('',#4230,#4231,#4232);
#4230 = CARTESIAN_POINT('',(0.955,-0.6,0.405));
#4231 = DIRECTION('',(0.,1.,0.));
#4232 = DIRECTION('',(1.,0.,0.));
#4233 = ADVANCED_FACE('',(#4234),#4245,.T.);
#4234 = FACE_BOUND('',#4235,.T.);
#4235 = EDGE_LOOP('',(#4236,#4237,#4243,#4244));
#4236 = ORIENTED_EDGE('',*,*,#4088,.F.);
#4237 = ORIENTED_EDGE('',*,*,#4238,.F.);
#4238 = EDGE_CURVE('',#3956,#4080,#4239,.T.);
#4239 = LINE('',#4240,#4241);
#4240 = CARTESIAN_POINT('',(0.745,-0.6,0.45));
#4241 = VECTOR('',#4242,1.);
#4242 = DIRECTION('',(0.,1.,0.));
#4243 = ORIENTED_EDGE('',*,*,#3964,.T.);
#4244 = ORIENTED_EDGE('',*,*,#4222,.T.);
#4245 = PLANE('',#4246);
#4246 = AXIS2_PLACEMENT_3D('',#4247,#4248,#4249);
#4247 = CARTESIAN_POINT('',(0.7,-0.6,0.45));
#4248 = DIRECTION('',(0.,0.,1.));
#4249 = DIRECTION('',(1.,0.,-0.));
#4250 = ADVANCED_FACE('',(#4251),#4262,.T.);
#4251 = FACE_BOUND('',#4252,.T.);
#4252 = EDGE_LOOP('',(#4253,#4254,#4255,#4256));
#4253 = ORIENTED_EDGE('',*,*,#3955,.T.);
#4254 = ORIENTED_EDGE('',*,*,#4238,.T.);
#4255 = ORIENTED_EDGE('',*,*,#4079,.F.);
#4256 = ORIENTED_EDGE('',*,*,#4257,.F.);
#4257 = EDGE_CURVE('',#3790,#3873,#4258,.T.);
#4258 = LINE('',#4259,#4260);
#4259 = CARTESIAN_POINT('',(0.7,-0.6,0.405));
#4260 = VECTOR('',#4261,1.);
#4261 = DIRECTION('',(0.,1.,0.));
#4262 = CYLINDRICAL_SURFACE('',#4263,4.5E-02);
#4263 = AXIS2_PLACEMENT_3D('',#4264,#4265,#4266);
#4264 = CARTESIAN_POINT('',(0.745,-0.6,0.405));
#4265 = DIRECTION('',(0.,1.,0.));
#4266 = DIRECTION('',(-1.,0.,0.));
#4267 = ADVANCED_FACE('',(#4268),#4279,.T.);
#4268 = FACE_BOUND('',#4269,.T.);
#4269 = EDGE_LOOP('',(#4270,#4271,#4272,#4273));
#4270 = ORIENTED_EDGE('',*,*,#4021,.F.);
#4271 = ORIENTED_EDGE('',*,*,#4257,.T.);
#4272 = ORIENTED_EDGE('',*,*,#4138,.T.);
#4273 = ORIENTED_EDGE('',*,*,#4274,.F.);
#4274 = EDGE_CURVE('',#4014,#4131,#4275,.T.);
#4275 = LINE('',#4276,#4277);
#4276 = CARTESIAN_POINT('',(0.7,-0.6,0.45));
#4277 = VECTOR('',#4278,1.);
#4278 = DIRECTION('',(0.,1.,0.));
#4279 = PLANE('',#4280);
#4280 = AXIS2_PLACEMENT_3D('',#4281,#4282,#4283);
#4281 = CARTESIAN_POINT('',(0.7,-0.6,0.405));
#4282 = DIRECTION('',(1.,0.,0.));
#4283 = DIRECTION('',(0.,0.,1.));
#4284 = ADVANCED_FACE('',(#4285),#4291,.T.);
#4285 = FACE_BOUND('',#4286,.T.);
#4286 = EDGE_LOOP('',(#4287,#4288,#4289,#4290));
#4287 = ORIENTED_EDGE('',*,*,#4045,.F.);
#4288 = ORIENTED_EDGE('',*,*,#4013,.T.);
#4289 = ORIENTED_EDGE('',*,*,#4274,.T.);
#4290 = ORIENTED_EDGE('',*,*,#4130,.F.);
#4291 = PLANE('',#4292);
#4292 = AXIS2_PLACEMENT_3D('',#4293,#4294,#4295);
#4293 = CARTESIAN_POINT('',(-0.7,-0.6,0.45));
#4294 = DIRECTION('',(0.,0.,1.));
#4295 = DIRECTION('',(1.,0.,-0.));
#4296 = ( GEOMETRIC_REPRESENTATION_CONTEXT(3) 
GLOBAL_UNCERTAINTY_ASSIGNED_CONTEXT((#4300)) 
GLOBAL_UNIT_ASSIGNED_CONTEXT((#4297,#4298,#4299)) REPRESENTATION_CONTEXT
('Context #1','3D Context with UNIT and UNCERTAINTY') );
#4297 = ( LENGTH_UNIT() NAMED_UNIT(*) SI_UNIT(.MILLI.,.METRE.) );
#4298 = ( NAMED_UNIT(*) PLANE_ANGLE_UNIT() SI_UNIT($,.RADIAN.) );
#4299 = ( NAMED_UNIT(*) SI_UNIT($,.STERADIAN.) SOLID_ANGLE_UNIT() );
#4300 = UNCERTAINTY_MEASURE_WITH_UNIT(LENGTH_MEASURE(1.E-07),#4297,
  'distance_accuracy_value','confusion accuracy');
#4301 = CONTEXT_DEPENDENT_SHAPE_REPRESENTATION(#4302,#4304);
#4302 = ( REPRESENTATION_RELATIONSHIP('','',#3505,#10) 
REPRESENTATION_RELATIONSHIP_WITH_TRANSFORMATION(#4303) 
SHAPE_REPRESENTATION_RELATIONSHIP() );
#4303 = ITEM_DEFINED_TRANSFORMATION('','',#11,#35);
#4304 = PRODUCT_DEFINITION_SHAPE('Placement','Placement of an item',
  #4305);
#4305 = NEXT_ASSEMBLY_USAGE_OCCURRENCE('6','R4','',#5,#3500,$);
#4306 = PRODUCT_RELATED_PRODUCT_CATEGORY('part',$,(#3502));
#4307 = CONTEXT_DEPENDENT_SHAPE_REPRESENTATION(#4308,#4310);
#4308 = ( REPRESENTATION_RELATIONSHIP('','',#80,#10) 
REPRESENTATION_RELATIONSHIP_WITH_TRANSFORMATION(#4309) 
SHAPE_REPRESENTATION_RELATIONSHIP() );
#4309 = ITEM_DEFINED_TRANSFORMATION('','',#11,#39);
#4310 = PRODUCT_DEFINITION_SHAPE('Placement','Placement of an item',
  #4311);
#4311 = NEXT_ASSEMBLY_USAGE_OCCURRENCE('7','J34','',#5,#75,$);
#4312 = CONTEXT_DEPENDENT_SHAPE_REPRESENTATION(#4313,#4315);
#4313 = ( REPRESENTATION_RELATIONSHIP('','',#3505,#10) 
REPRESENTATION_RELATIONSHIP_WITH_TRANSFORMATION(#4314) 
SHAPE_REPRESENTATION_RELATIONSHIP() );
#4314 = ITEM_DEFINED_TRANSFORMATION('','',#11,#43);
#4315 = PRODUCT_DEFINITION_SHAPE('Placement','Placement of an item',
  #4316);
#4316 = NEXT_ASSEMBLY_USAGE_OCCURRENCE('8','R5','',#5,#3500,$);
#4317 = CONTEXT_DEPENDENT_SHAPE_REPRESENTATION(#4318,#4320);
#4318 = ( REPRESENTATION_RELATIONSHIP('','',#80,#10) 
REPRESENTATION_RELATIONSHIP_WITH_TRANSFORMATION(#4319) 
SHAPE_REPRESENTATION_RELATIONSHIP() );
#4319 = ITEM_DEFINED_TRANSFORMATION('','',#11,#47);
#4320 = PRODUCT_DEFINITION_SHAPE('Placement','Placement of an item',
  #4321);
#4321 = NEXT_ASSEMBLY_USAGE_OCCURRENCE('9','J9','',#5,#75,$);
#4322 = CONTEXT_DEPENDENT_SHAPE_REPRESENTATION(#4323,#4325);
#4323 = ( REPRESENTATION_RELATIONSHIP('','',#3505,#10) 
REPRESENTATION_RELATIONSHIP_WITH_TRANSFORMATION(#4324) 
SHAPE_REPRESENTATION_RELATIONSHIP() );
#4324 = ITEM_DEFINED_TRANSFORMATION('','',#11,#51);
#4325 = PRODUCT_DEFINITION_SHAPE('Placement','Placement of an item',
  #4326);
#4326 = NEXT_ASSEMBLY_USAGE_OCCURRENCE('10','R2','',#5,#3500,$);
#4327 = CONTEXT_DEPENDENT_SHAPE_REPRESENTATION(#4328,#4330);
#4328 = ( REPRESENTATION_RELATIONSHIP('','',#3505,#10) 
REPRESENTATION_RELATIONSHIP_WITH_TRANSFORMATION(#4329) 
SHAPE_REPRESENTATION_RELATIONSHIP() );
#4329 = ITEM_DEFINED_TRANSFORMATION('','',#11,#55);
#4330 = PRODUCT_DEFINITION_SHAPE('Placement','Placement of an item',
  #4331);
#4331 = NEXT_ASSEMBLY_USAGE_OCCURRENCE('11','R1','',#5,#3500,$);
#4332 = CONTEXT_DEPENDENT_SHAPE_REPRESENTATION(#4333,#4335);
#4333 = ( REPRESENTATION_RELATIONSHIP('','',#3505,#10) 
REPRESENTATION_RELATIONSHIP_WITH_TRANSFORMATION(#4334) 
SHAPE_REPRESENTATION_RELATIONSHIP() );
#4334 = ITEM_DEFINED_TRANSFORMATION('','',#11,#59);
#4335 = PRODUCT_DEFINITION_SHAPE('Placement','Placement of an item',
  #4336);
#4336 = NEXT_ASSEMBLY_USAGE_OCCURRENCE('12','R17','',#5,#3500,$);
#4337 = SHAPE_DEFINITION_REPRESENTATION(#4338,#4344);
#4338 = PRODUCT_DEFINITION_SHAPE('','',#4339);
#4339 = PRODUCT_DEFINITION('design','',#4340,#4343);
#4340 = PRODUCT_DEFINITION_FORMATION('','',#4341);
#4341 = PRODUCT('ThumbsUp_PCB','ThumbsUp_PCB','',(#4342));
#4342 = PRODUCT_CONTEXT('',#2,'mechanical');
#4343 = PRODUCT_DEFINITION_CONTEXT('part definition',#2,'design');
#4344 = ADVANCED_BREP_SHAPE_REPRESENTATION('',(#11,#4345),#11013);
#4345 = MANIFOLD_SOLID_BREP('',#4346);
#4346 = CLOSED_SHELL('',(#4347,#4389,#4420,#4451,#6264,#8077,#8094,#8111
    ,#8128,#8145,#8162,#8179,#8196,#8213,#8230,#8247,#8264,#8281,#8298,
    #8310,#8327,#8344,#8361,#8378,#8395,#8412,#8429,#8446,#8463,#8480,
    #8497,#8514,#8531,#8548,#8565,#8582,#8599,#8616,#8633,#8650,#8667,
    #8684,#8701,#8718,#8735,#8752,#8769,#8786,#8803,#8820,#8837,#8854,
    #8871,#8888,#8905,#8922,#8939,#8956,#8973,#8990,#9007,#9024,#9041,
    #9058,#9075,#9092,#9109,#9126,#9143,#9160,#9177,#9194,#9211,#9228,
    #9245,#9262,#9279,#9296,#9313,#9330,#9347,#9364,#9381,#9398,#9415,
    #9432,#9449,#9466,#9483,#9500,#9517,#9539,#9556,#9573,#9585,#9607,
    #9624,#9641,#9653,#9670,#9687,#9704,#9721,#9738,#9755,#9772,#9794,
    #9811,#9828,#9840,#9857,#9874,#9891,#9913,#9930,#9947,#9959,#9981,
    #9998,#10015,#10027,#10044,#10066,#10083,#10100,#10112,#10129,#10146
    ,#10168,#10185,#10202,#10214,#10231,#10248,#10270,#10287,#10304,
    #10316,#10333,#10350,#10367,#10384,#10401,#10418,#10435,#10452,
    #10469,#10486,#10503,#10520,#10537,#10554,#10571,#10588,#10605,
    #10622,#10639,#10656,#10673,#10690,#10707,#10724,#10741,#10758,
    #10775,#10792,#10809,#10826,#10843,#10860,#10877,#10894,#10911,
    #10928,#10945,#10962,#10979,#10996));
#4347 = ADVANCED_FACE('',(#4348),#4384,.T.);
#4348 = FACE_BOUND('',#4349,.T.);
#4349 = EDGE_LOOP('',(#4350,#4360,#4369,#4377));
#4350 = ORIENTED_EDGE('',*,*,#4351,.T.);
#4351 = EDGE_CURVE('',#4352,#4354,#4356,.T.);
#4352 = VERTEX_POINT('',#4353);
#4353 = CARTESIAN_POINT('',(111.13167,-25.5,0.));
#4354 = VERTEX_POINT('',#4355);
#4355 = CARTESIAN_POINT('',(111.13167,-25.5,1.51));
#4356 = LINE('',#4357,#4358);
#4357 = CARTESIAN_POINT('',(111.13167,-25.5,0.));
#4358 = VECTOR('',#4359,1.);
#4359 = DIRECTION('',(0.,0.,1.));
#4360 = ORIENTED_EDGE('',*,*,#4361,.T.);
#4361 = EDGE_CURVE('',#4354,#4362,#4364,.T.);
#4362 = VERTEX_POINT('',#4363);
#4363 = CARTESIAN_POINT('',(120.618503,-27.039501,1.51));
#4364 = CIRCLE('',#4365,29.999671432031);
#4365 = AXIS2_PLACEMENT_3D('',#4366,#4367,#4368);
#4366 = CARTESIAN_POINT('',(111.13172351419,-55.49967143198,1.51));
#4367 = DIRECTION('',(0.,0.,-1.));
#4368 = DIRECTION('',(-1.783826050281E-06,0.999999999998,0.));
#4369 = ORIENTED_EDGE('',*,*,#4370,.F.);
#4370 = EDGE_CURVE('',#4371,#4362,#4373,.T.);
#4371 = VERTEX_POINT('',#4372);
#4372 = CARTESIAN_POINT('',(120.618503,-27.039501,0.));
#4373 = LINE('',#4374,#4375);
#4374 = CARTESIAN_POINT('',(120.618503,-27.039501,0.));
#4375 = VECTOR('',#4376,1.);
#4376 = DIRECTION('',(0.,0.,1.));
#4377 = ORIENTED_EDGE('',*,*,#4378,.F.);
#4378 = EDGE_CURVE('',#4352,#4371,#4379,.T.);
#4379 = CIRCLE('',#4380,29.999671432031);
#4380 = AXIS2_PLACEMENT_3D('',#4381,#4382,#4383);
#4381 = CARTESIAN_POINT('',(111.13172351419,-55.49967143198,0.));
#4382 = DIRECTION('',(0.,0.,-1.));
#4383 = DIRECTION('',(-1.783826050281E-06,0.999999999998,0.));
#4384 = CYLINDRICAL_SURFACE('',#4385,29.999671432031);
#4385 = AXIS2_PLACEMENT_3D('',#4386,#4387,#4388);
#4386 = CARTESIAN_POINT('',(111.13172351419,-55.49967143198,0.));
#4387 = DIRECTION('',(0.,0.,-1.));
#4388 = DIRECTION('',(-1.783826050281E-06,0.999999999998,0.));
#4389 = ADVANCED_FACE('',(#4390),#4415,.T.);
#4390 = FACE_BOUND('',#4391,.T.);
#4391 = EDGE_LOOP('',(#4392,#4402,#4408,#4409));
#4392 = ORIENTED_EDGE('',*,*,#4393,.T.);
#4393 = EDGE_CURVE('',#4394,#4396,#4398,.T.);
#4394 = VERTEX_POINT('',#4395);
#4395 = CARTESIAN_POINT('',(36.5,-25.5,0.));
#4396 = VERTEX_POINT('',#4397);
#4397 = CARTESIAN_POINT('',(36.5,-25.5,1.51));
#4398 = LINE('',#4399,#4400);
#4399 = CARTESIAN_POINT('',(36.5,-25.5,0.));
#4400 = VECTOR('',#4401,1.);
#4401 = DIRECTION('',(0.,0.,1.));
#4402 = ORIENTED_EDGE('',*,*,#4403,.T.);
#4403 = EDGE_CURVE('',#4396,#4354,#4404,.T.);
#4404 = LINE('',#4405,#4406);
#4405 = CARTESIAN_POINT('',(36.5,-25.5,1.51));
#4406 = VECTOR('',#4407,1.);
#4407 = DIRECTION('',(1.,0.,0.));
#4408 = ORIENTED_EDGE('',*,*,#4351,.F.);
#4409 = ORIENTED_EDGE('',*,*,#4410,.F.);
#4410 = EDGE_CURVE('',#4394,#4352,#4411,.T.);
#4411 = LINE('',#4412,#4413);
#4412 = CARTESIAN_POINT('',(36.5,-25.5,0.));
#4413 = VECTOR('',#4414,1.);
#4414 = DIRECTION('',(1.,0.,0.));
#4415 = PLANE('',#4416);
#4416 = AXIS2_PLACEMENT_3D('',#4417,#4418,#4419);
#4417 = CARTESIAN_POINT('',(36.5,-25.5,0.));
#4418 = DIRECTION('',(0.,1.,0.));
#4419 = DIRECTION('',(1.,0.,0.));
#4420 = ADVANCED_FACE('',(#4421),#4446,.T.);
#4421 = FACE_BOUND('',#4422,.T.);
#4422 = EDGE_LOOP('',(#4423,#4424,#4432,#4440));
#4423 = ORIENTED_EDGE('',*,*,#4370,.T.);
#4424 = ORIENTED_EDGE('',*,*,#4425,.T.);
#4425 = EDGE_CURVE('',#4362,#4426,#4428,.T.);
#4426 = VERTEX_POINT('',#4427);
#4427 = CARTESIAN_POINT('',(129.381497,-29.960499,1.51));
#4428 = LINE('',#4429,#4430);
#4429 = CARTESIAN_POINT('',(120.618503,-27.039501,1.51));
#4430 = VECTOR('',#4431,1.);
#4431 = DIRECTION('',(0.948683298051,-0.316227766017,0.));
#4432 = ORIENTED_EDGE('',*,*,#4433,.F.);
#4433 = EDGE_CURVE('',#4434,#4426,#4436,.T.);
#4434 = VERTEX_POINT('',#4435);
#4435 = CARTESIAN_POINT('',(129.381497,-29.960499,0.));
#4436 = LINE('',#4437,#4438);
#4437 = CARTESIAN_POINT('',(129.381497,-29.960499,0.));
#4438 = VECTOR('',#4439,1.);
#4439 = DIRECTION('',(0.,0.,1.));
#4440 = ORIENTED_EDGE('',*,*,#4441,.F.);
#4441 = EDGE_CURVE('',#4371,#4434,#4442,.T.);
#4442 = LINE('',#4443,#4444);
#4443 = CARTESIAN_POINT('',(120.618503,-27.039501,0.));
#4444 = VECTOR('',#4445,1.);
#4445 = DIRECTION('',(0.948683298051,-0.316227766017,0.));
#4446 = PLANE('',#4447);
#4447 = AXIS2_PLACEMENT_3D('',#4448,#4449,#4450);
#4448 = CARTESIAN_POINT('',(120.618503,-27.039501,0.));
#4449 = DIRECTION('',(0.316227766017,0.948683298051,-0.));
#4450 = DIRECTION('',(0.948683298051,-0.316227766017,0.));
#4451 = ADVANCED_FACE('',(#4452,#4574,#4585,#4596,#4607,#4618,#4629,
    #4640,#4651,#4662,#4673,#4684,#4695,#4706,#4717,#4728,#4739,#4750,
    #4761,#4772,#4783,#4794,#4805,#4816,#4827,#4838,#4849,#4860,#4871,
    #4882,#4893,#4904,#4915,#4926,#4937,#4948,#4959,#4970,#4981,#4992,
    #5003,#5014,#5025,#5036,#5047,#5058,#5069,#5080,#5091,#5102,#5113,
    #5124,#5135,#5146,#5157,#5168,#5179,#5190,#5201,#5212,#5223,#5234,
    #5245,#5256,#5267,#5278,#5289,#5300,#5311,#5322,#5333,#5344,#5355,
    #5391,#5427,#5438,#5449,#5460,#5471,#5482,#5493,#5504,#5540,#5551,
    #5562,#5573,#5609,#5645,#5656,#5692,#5703,#5714,#5750,#5761,#5772,
    #5808,#5819,#5830,#5841,#5852,#5863,#5874,#5885,#5896,#5907,#5918,
    #5929,#5940,#5951,#5962,#5973,#5984,#5995,#6006,#6017,#6028,#6039,
    #6050,#6061,#6072,#6083,#6094,#6105,#6116,#6127,#6138,#6149,#6160,
    #6171,#6182,#6193,#6204,#6215,#6226,#6237,#6248),#6259,.F.);
#4452 = FACE_BOUND('',#4453,.F.);
#4453 = EDGE_LOOP('',(#4454,#4455,#4456,#4465,#4473,#4482,#4490,#4499,
    #4507,#4516,#4524,#4533,#4541,#4550,#4558,#4566,#4573));
#4454 = ORIENTED_EDGE('',*,*,#4378,.F.);
#4455 = ORIENTED_EDGE('',*,*,#4410,.F.);
#4456 = ORIENTED_EDGE('',*,*,#4457,.F.);
#4457 = EDGE_CURVE('',#4458,#4394,#4460,.T.);
#4458 = VERTEX_POINT('',#4459);
#4459 = CARTESIAN_POINT('',(31.5,-30.5,0.));
#4460 = CIRCLE('',#4461,4.999999678834);
#4461 = AXIS2_PLACEMENT_3D('',#4462,#4463,#4464);
#4462 = CARTESIAN_POINT('',(36.499999678834,-30.49999967883,0.));
#4463 = DIRECTION('',(0.,0.,-1.));
#4464 = DIRECTION('',(-1.,-6.423314275614E-08,-0.));
#4465 = ORIENTED_EDGE('',*,*,#4466,.F.);
#4466 = EDGE_CURVE('',#4467,#4458,#4469,.T.);
#4467 = VERTEX_POINT('',#4468);
#4468 = CARTESIAN_POINT('',(31.5,-98.811312,0.));
#4469 = LINE('',#4470,#4471);
#4470 = CARTESIAN_POINT('',(31.5,-98.811312,0.));
#4471 = VECTOR('',#4472,1.);
#4472 = DIRECTION('',(0.,1.,0.));
#4473 = ORIENTED_EDGE('',*,*,#4474,.F.);
#4474 = EDGE_CURVE('',#4475,#4467,#4477,.T.);
#4475 = VERTEX_POINT('',#4476);
#4476 = CARTESIAN_POINT('',(33.369532,-107.254423,0.));
#4477 = CIRCLE('',#4478,19.999885247499);
#4478 = AXIS2_PLACEMENT_3D('',#4479,#4480,#4481);
#4479 = CARTESIAN_POINT('',(51.499885247483,-98.81133700999,0.));
#4480 = DIRECTION('',(0.,0.,-1.));
#4481 = DIRECTION('',(-0.906522863662,-0.422156721677,-0.));
#4482 = ORIENTED_EDGE('',*,*,#4483,.F.);
#4483 = EDGE_CURVE('',#4484,#4475,#4486,.T.);
#4484 = VERTEX_POINT('',#4485);
#4485 = CARTESIAN_POINT('',(46.8,-136.094584,0.));
#4486 = LINE('',#4487,#4488);
#4487 = CARTESIAN_POINT('',(46.8,-136.094584,0.));
#4488 = VECTOR('',#4489,1.);
#4489 = DIRECTION('',(-0.422155538909,0.906523414462,0.));
#4490 = ORIENTED_EDGE('',*,*,#4491,.F.);
#4491 = EDGE_CURVE('',#4492,#4484,#4494,.T.);
#4492 = VERTEX_POINT('',#4493);
#4493 = CARTESIAN_POINT('',(53.439741,-138.523539,0.));
#4494 = CIRCLE('',#4495,4.996106595159);
#4495 = AXIS2_PLACEMENT_3D('',#4496,#4497,#4498);
#4496 = CARTESIAN_POINT('',(51.332796397607,-133.9934324281,0.));
#4497 = DIRECTION('',(-0.,0.,-1.));
#4498 = DIRECTION('',(0.421717303717,-0.90672736572,-0.));
#4499 = ORIENTED_EDGE('',*,*,#4500,.F.);
#4500 = EDGE_CURVE('',#4501,#4492,#4503,.T.);
#4501 = VERTEX_POINT('',#4502);
#4502 = CARTESIAN_POINT('',(92.382865,-120.372362,0.));
#4503 = LINE('',#4504,#4505);
#4504 = CARTESIAN_POINT('',(92.382865,-120.372362,0.));
#4505 = VECTOR('',#4506,1.);
#4506 = DIRECTION('',(-0.906381764336,-0.422459580645,0.));
#4507 = ORIENTED_EDGE('',*,*,#4508,.F.);
#4508 = EDGE_CURVE('',#4509,#4501,#4511,.T.);
#4509 = VERTEX_POINT('',#4510);
#4510 = CARTESIAN_POINT('',(100.832057,-118.499997,0.));
#4511 = CIRCLE('',#4512,19.9996269313);
#4512 = AXIS2_PLACEMENT_3D('',#4513,#4514,#4515);
#4513 = CARTESIAN_POINT('',(100.83197455494,-138.4996239311,0.));
#4514 = DIRECTION('',(0.,0.,1.));
#4515 = DIRECTION('',(4.122329887902E-06,0.999999999992,-0.));
#4516 = ORIENTED_EDGE('',*,*,#4517,.F.);
#4517 = EDGE_CURVE('',#4518,#4509,#4520,.T.);
#4518 = VERTEX_POINT('',#4519);
#4519 = CARTESIAN_POINT('',(161.,-118.5,0.));
#4520 = LINE('',#4521,#4522);
#4521 = CARTESIAN_POINT('',(161.,-118.5,0.));
#4522 = VECTOR('',#4523,1.);
#4523 = DIRECTION('',(-1.,4.986043825092E-08,0.));
#4524 = ORIENTED_EDGE('',*,*,#4525,.F.);
#4525 = EDGE_CURVE('',#4526,#4518,#4528,.T.);
#4526 = VERTEX_POINT('',#4527);
#4527 = CARTESIAN_POINT('',(166.,-113.5,0.));
#4528 = CIRCLE('',#4529,4.999999678834);
#4529 = AXIS2_PLACEMENT_3D('',#4530,#4531,#4532);
#4530 = CARTESIAN_POINT('',(161.00000032116,-113.5000003211,0.));
#4531 = DIRECTION('',(0.,0.,-1.));
#4532 = DIRECTION('',(1.,6.42331470194E-08,0.));
#4533 = ORIENTED_EDGE('',*,*,#4534,.F.);
#4534 = EDGE_CURVE('',#4535,#4526,#4537,.T.);
#4535 = VERTEX_POINT('',#4536);
#4536 = CARTESIAN_POINT('',(166.,-36.5,0.));
#4537 = LINE('',#4538,#4539);
#4538 = CARTESIAN_POINT('',(166.,-36.5,0.));
#4539 = VECTOR('',#4540,1.);
#4540 = DIRECTION('',(0.,-1.,0.));
#4541 = ORIENTED_EDGE('',*,*,#4542,.F.);
#4542 = EDGE_CURVE('',#4543,#4535,#4545,.T.);
#4543 = VERTEX_POINT('',#4544);
#4544 = CARTESIAN_POINT('',(161.,-31.5,0.));
#4545 = CIRCLE('',#4546,4.999999678834);
#4546 = AXIS2_PLACEMENT_3D('',#4547,#4548,#4549);
#4547 = CARTESIAN_POINT('',(161.00000032116,-36.49999967883,0.));
#4548 = DIRECTION('',(0.,0.,-1.));
#4549 = DIRECTION('',(-6.42331470194E-08,1.,0.));
#4550 = ORIENTED_EDGE('',*,*,#4551,.F.);
#4551 = EDGE_CURVE('',#4552,#4543,#4554,.T.);
#4552 = VERTEX_POINT('',#4553);
#4553 = CARTESIAN_POINT('',(152.,-31.5,0.));
#4554 = LINE('',#4555,#4556);
#4555 = CARTESIAN_POINT('',(152.,-31.5,0.));
#4556 = VECTOR('',#4557,1.);
#4557 = DIRECTION('',(1.,0.,0.));
#4558 = ORIENTED_EDGE('',*,*,#4559,.F.);
#4559 = EDGE_CURVE('',#4560,#4552,#4562,.T.);
#4560 = VERTEX_POINT('',#4561);
#4561 = CARTESIAN_POINT('',(138.86833,-31.5,0.));
#4562 = LINE('',#4563,#4564);
#4563 = CARTESIAN_POINT('',(138.86833,-31.5,0.));
#4564 = VECTOR('',#4565,1.);
#4565 = DIRECTION('',(1.,0.,0.));
#4566 = ORIENTED_EDGE('',*,*,#4567,.F.);
#4567 = EDGE_CURVE('',#4434,#4560,#4568,.T.);
#4568 = CIRCLE('',#4569,29.999671432031);
#4569 = AXIS2_PLACEMENT_3D('',#4570,#4571,#4572);
#4570 = CARTESIAN_POINT('',(138.8682764858,-1.500328568016,0.));
#4571 = DIRECTION('',(0.,0.,1.));
#4572 = DIRECTION('',(-0.316229446289,-0.948682737958,0.));
#4573 = ORIENTED_EDGE('',*,*,#4441,.F.);
#4574 = FACE_BOUND('',#4575,.F.);
#4575 = EDGE_LOOP('',(#4576));
#4576 = ORIENTED_EDGE('',*,*,#4577,.T.);
#4577 = EDGE_CURVE('',#4578,#4578,#4580,.T.);
#4578 = VERTEX_POINT('',#4579);
#4579 = CARTESIAN_POINT('',(49.475896,-112.858802,0.));
#4580 = CIRCLE('',#4581,0.5969);
#4581 = AXIS2_PLACEMENT_3D('',#4582,#4583,#4584);
#4582 = CARTESIAN_POINT('',(49.475896,-112.261902,0.));
#4583 = DIRECTION('',(-0.,0.,-1.));
#4584 = DIRECTION('',(-0.,-1.,0.));
#4585 = FACE_BOUND('',#4586,.F.);
#4586 = EDGE_LOOP('',(#4587));
#4587 = ORIENTED_EDGE('',*,*,#4588,.T.);
#4588 = EDGE_CURVE('',#4589,#4589,#4591,.T.);
#4589 = VERTEX_POINT('',#4590);
#4590 = CARTESIAN_POINT('',(45.697153,-110.670765,0.));
#4591 = CIRCLE('',#4592,0.5969);
#4592 = AXIS2_PLACEMENT_3D('',#4593,#4594,#4595);
#4593 = CARTESIAN_POINT('',(45.697153,-110.073865,0.));
#4594 = DIRECTION('',(-0.,0.,-1.));
#4595 = DIRECTION('',(-0.,-1.,0.));
#4596 = FACE_BOUND('',#4597,.F.);
#4597 = EDGE_LOOP('',(#4598));
#4598 = ORIENTED_EDGE('',*,*,#4599,.T.);
#4599 = EDGE_CURVE('',#4600,#4600,#4602,.T.);
#4600 = VERTEX_POINT('',#4601);
#4601 = CARTESIAN_POINT('',(47.328995,-108.254758,0.));
#4602 = CIRCLE('',#4603,0.5969);
#4603 = AXIS2_PLACEMENT_3D('',#4604,#4605,#4606);
#4604 = CARTESIAN_POINT('',(47.328995,-107.657858,0.));
#4605 = DIRECTION('',(-0.,0.,-1.));
#4606 = DIRECTION('',(-0.,-1.,0.));
#4607 = FACE_BOUND('',#4608,.F.);
#4608 = EDGE_LOOP('',(#4609));
#4609 = ORIENTED_EDGE('',*,*,#4610,.T.);
#4610 = EDGE_CURVE('',#4611,#4611,#4613,.T.);
#4611 = VERTEX_POINT('',#4612);
#4612 = CARTESIAN_POINT('',(51.622796,-117.462844,0.));
#4613 = CIRCLE('',#4614,0.5969);
#4614 = AXIS2_PLACEMENT_3D('',#4615,#4616,#4617);
#4615 = CARTESIAN_POINT('',(51.622796,-116.865944,0.));
#4616 = DIRECTION('',(-0.,0.,-1.));
#4617 = DIRECTION('',(-0.,-1.,0.));
#4618 = FACE_BOUND('',#4619,.F.);
#4619 = EDGE_LOOP('',(#4620));
#4620 = ORIENTED_EDGE('',*,*,#4621,.T.);
#4621 = EDGE_CURVE('',#4622,#4622,#4624,.T.);
#4622 = VERTEX_POINT('',#4623);
#4623 = CARTESIAN_POINT('',(50.228692,-108.557674,0.));
#4624 = CIRCLE('',#4625,0.5969);
#4625 = AXIS2_PLACEMENT_3D('',#4626,#4627,#4628);
#4626 = CARTESIAN_POINT('',(50.228692,-107.960774,0.));
#4627 = DIRECTION('',(-0.,0.,-1.));
#4628 = DIRECTION('',(1.190388232133E-14,-1.,-0.));
#4629 = FACE_BOUND('',#4630,.F.);
#4630 = EDGE_LOOP('',(#4631));
#4631 = ORIENTED_EDGE('',*,*,#4632,.T.);
#4632 = EDGE_CURVE('',#4633,#4633,#4635,.T.);
#4633 = VERTEX_POINT('',#4634);
#4634 = CARTESIAN_POINT('',(65.670567,-110.912261,0.));
#4635 = CIRCLE('',#4636,0.5969);
#4636 = AXIS2_PLACEMENT_3D('',#4637,#4638,#4639);
#4637 = CARTESIAN_POINT('',(65.670567,-110.315361,0.));
#4638 = DIRECTION('',(-0.,0.,-1.));
#4639 = DIRECTION('',(-0.,-1.,0.));
#4640 = FACE_BOUND('',#4641,.F.);
#4641 = EDGE_LOOP('',(#4642));
#4642 = ORIENTED_EDGE('',*,*,#4643,.T.);
#4643 = EDGE_CURVE('',#4644,#4644,#4646,.T.);
#4644 = VERTEX_POINT('',#4645);
#4645 = CARTESIAN_POINT('',(49.037128,-97.966619,0.));
#4646 = CIRCLE('',#4647,0.5);
#4647 = AXIS2_PLACEMENT_3D('',#4648,#4649,#4650);
#4648 = CARTESIAN_POINT('',(49.037128,-97.466619,0.));
#4649 = DIRECTION('',(-0.,0.,-1.));
#4650 = DIRECTION('',(-0.,-1.,0.));
#4651 = FACE_BOUND('',#4652,.F.);
#4652 = EDGE_LOOP('',(#4653));
#4653 = ORIENTED_EDGE('',*,*,#4654,.T.);
#4654 = EDGE_CURVE('',#4655,#4655,#4657,.T.);
#4655 = VERTEX_POINT('',#4656);
#4656 = CARTESIAN_POINT('',(59.744924,-104.120182,0.));
#4657 = CIRCLE('',#4658,0.5969);
#4658 = AXIS2_PLACEMENT_3D('',#4659,#4660,#4661);
#4659 = CARTESIAN_POINT('',(59.744924,-103.523282,0.));
#4660 = DIRECTION('',(-0.,0.,-1.));
#4661 = DIRECTION('',(-0.,-1.,0.));
#4662 = FACE_BOUND('',#4663,.F.);
#4663 = EDGE_LOOP('',(#4664));
#4664 = ORIENTED_EDGE('',*,*,#4665,.T.);
#4665 = EDGE_CURVE('',#4666,#4666,#4668,.T.);
#4666 = VERTEX_POINT('',#4667);
#4667 = CARTESIAN_POINT('',(63.523667,-106.308219,0.));
#4668 = CIRCLE('',#4669,0.5969);
#4669 = AXIS2_PLACEMENT_3D('',#4670,#4671,#4672);
#4670 = CARTESIAN_POINT('',(63.523667,-105.711319,0.));
#4671 = DIRECTION('',(-0.,0.,-1.));
#4672 = DIRECTION('',(1.190388232133E-14,-1.,-0.));
#4673 = FACE_BOUND('',#4674,.F.);
#4674 = EDGE_LOOP('',(#4675));
#4675 = ORIENTED_EDGE('',*,*,#4676,.T.);
#4676 = EDGE_CURVE('',#4677,#4677,#4679,.T.);
#4677 = VERTEX_POINT('',#4678);
#4678 = CARTESIAN_POINT('',(61.376766,-101.704175,0.));
#4679 = CIRCLE('',#4680,0.5969);
#4680 = AXIS2_PLACEMENT_3D('',#4681,#4682,#4683);
#4681 = CARTESIAN_POINT('',(61.376766,-101.107275,0.));
#4682 = DIRECTION('',(-0.,0.,-1.));
#4683 = DIRECTION('',(-0.,-1.,0.));
#4684 = FACE_BOUND('',#4685,.F.);
#4685 = EDGE_LOOP('',(#4686));
#4686 = ORIENTED_EDGE('',*,*,#4687,.T.);
#4687 = EDGE_CURVE('',#4688,#4688,#4690,.T.);
#4688 = VERTEX_POINT('',#4689);
#4689 = CARTESIAN_POINT('',(64.276463,-102.007091,0.));
#4690 = CIRCLE('',#4691,0.5969);
#4691 = AXIS2_PLACEMENT_3D('',#4692,#4693,#4694);
#4692 = CARTESIAN_POINT('',(64.276463,-101.410191,0.));
#4693 = DIRECTION('',(-0.,0.,-1.));
#4694 = DIRECTION('',(-0.,-1.,0.));
#4695 = FACE_BOUND('',#4696,.F.);
#4696 = EDGE_LOOP('',(#4697));
#4697 = ORIENTED_EDGE('',*,*,#4698,.T.);
#4698 = EDGE_CURVE('',#4699,#4699,#4701,.T.);
#4699 = VERTEX_POINT('',#4700);
#4700 = CARTESIAN_POINT('',(51.339149,-96.893169,0.));
#4701 = CIRCLE('',#4702,0.5);
#4702 = AXIS2_PLACEMENT_3D('',#4703,#4704,#4705);
#4703 = CARTESIAN_POINT('',(51.339149,-96.393169,0.));
#4704 = DIRECTION('',(-0.,0.,-1.));
#4705 = DIRECTION('',(-0.,-1.,0.));
#4706 = FACE_BOUND('',#4707,.F.);
#4707 = EDGE_LOOP('',(#4708));
#4708 = ORIENTED_EDGE('',*,*,#4709,.T.);
#4709 = EDGE_CURVE('',#4710,#4710,#4712,.T.);
#4710 = VERTEX_POINT('',#4711);
#4711 = CARTESIAN_POINT('',(53.641171,-95.819718,0.));
#4712 = CIRCLE('',#4713,0.5);
#4713 = AXIS2_PLACEMENT_3D('',#4714,#4715,#4716);
#4714 = CARTESIAN_POINT('',(53.641171,-95.319718,0.));
#4715 = DIRECTION('',(-0.,0.,-1.));
#4716 = DIRECTION('',(-0.,-1.,0.));
#4717 = FACE_BOUND('',#4718,.F.);
#4718 = EDGE_LOOP('',(#4719));
#4719 = ORIENTED_EDGE('',*,*,#4720,.T.);
#4720 = EDGE_CURVE('',#4721,#4721,#4723,.T.);
#4721 = VERTEX_POINT('',#4722);
#4722 = CARTESIAN_POINT('',(83.68,-117.5,0.));
#4723 = CIRCLE('',#4724,0.5);
#4724 = AXIS2_PLACEMENT_3D('',#4725,#4726,#4727);
#4725 = CARTESIAN_POINT('',(83.68,-117.,0.));
#4726 = DIRECTION('',(-0.,0.,-1.));
#4727 = DIRECTION('',(-0.,-1.,0.));
#4728 = FACE_BOUND('',#4729,.F.);
#4729 = EDGE_LOOP('',(#4730));
#4730 = ORIENTED_EDGE('',*,*,#4731,.T.);
#4731 = EDGE_CURVE('',#4732,#4732,#4734,.T.);
#4732 = VERTEX_POINT('',#4733);
#4733 = CARTESIAN_POINT('',(86.219999,-117.5,0.));
#4734 = CIRCLE('',#4735,0.5);
#4735 = AXIS2_PLACEMENT_3D('',#4736,#4737,#4738);
#4736 = CARTESIAN_POINT('',(86.219999,-117.,0.));
#4737 = DIRECTION('',(-0.,0.,-1.));
#4738 = DIRECTION('',(-0.,-1.,0.));
#4739 = FACE_BOUND('',#4740,.F.);
#4740 = EDGE_LOOP('',(#4741));
#4741 = ORIENTED_EDGE('',*,*,#4742,.T.);
#4742 = EDGE_CURVE('',#4743,#4743,#4745,.T.);
#4743 = VERTEX_POINT('',#4744);
#4744 = CARTESIAN_POINT('',(88.76,-117.5,0.));
#4745 = CIRCLE('',#4746,0.5);
#4746 = AXIS2_PLACEMENT_3D('',#4747,#4748,#4749);
#4747 = CARTESIAN_POINT('',(88.76,-117.,0.));
#4748 = DIRECTION('',(-0.,0.,-1.));
#4749 = DIRECTION('',(-0.,-1.,0.));
#4750 = FACE_BOUND('',#4751,.F.);
#4751 = EDGE_LOOP('',(#4752));
#4752 = ORIENTED_EDGE('',*,*,#4753,.T.);
#4753 = EDGE_CURVE('',#4754,#4754,#4756,.T.);
#4754 = VERTEX_POINT('',#4755);
#4755 = CARTESIAN_POINT('',(91.3,-117.5,0.));
#4756 = CIRCLE('',#4757,0.5);
#4757 = AXIS2_PLACEMENT_3D('',#4758,#4759,#4760);
#4758 = CARTESIAN_POINT('',(91.3,-117.,0.));
#4759 = DIRECTION('',(-0.,0.,-1.));
#4760 = DIRECTION('',(-0.,-1.,0.));
#4761 = FACE_BOUND('',#4762,.F.);
#4762 = EDGE_LOOP('',(#4763));
#4763 = ORIENTED_EDGE('',*,*,#4764,.T.);
#4764 = EDGE_CURVE('',#4765,#4765,#4767,.T.);
#4765 = VERTEX_POINT('',#4766);
#4766 = CARTESIAN_POINT('',(85.,-107.2569,0.));
#4767 = CIRCLE('',#4768,0.5969);
#4768 = AXIS2_PLACEMENT_3D('',#4769,#4770,#4771);
#4769 = CARTESIAN_POINT('',(85.,-106.66,0.));
#4770 = DIRECTION('',(-0.,0.,-1.));
#4771 = DIRECTION('',(-0.,-1.,0.));
#4772 = FACE_BOUND('',#4773,.F.);
#4773 = EDGE_LOOP('',(#4774));
#4774 = ORIENTED_EDGE('',*,*,#4775,.T.);
#4775 = EDGE_CURVE('',#4776,#4776,#4778,.T.);
#4776 = VERTEX_POINT('',#4777);
#4777 = CARTESIAN_POINT('',(87.5,-108.7569,0.));
#4778 = CIRCLE('',#4779,0.5969);
#4779 = AXIS2_PLACEMENT_3D('',#4780,#4781,#4782);
#4780 = CARTESIAN_POINT('',(87.5,-108.16,0.));
#4781 = DIRECTION('',(-0.,0.,-1.));
#4782 = DIRECTION('',(-0.,-1.,0.));
#4783 = FACE_BOUND('',#4784,.F.);
#4784 = EDGE_LOOP('',(#4785));
#4785 = ORIENTED_EDGE('',*,*,#4786,.T.);
#4786 = EDGE_CURVE('',#4787,#4787,#4789,.T.);
#4787 = VERTEX_POINT('',#4788);
#4788 = CARTESIAN_POINT('',(90.,-107.2569,0.));
#4789 = CIRCLE('',#4790,0.5969);
#4790 = AXIS2_PLACEMENT_3D('',#4791,#4792,#4793);
#4791 = CARTESIAN_POINT('',(90.,-106.66,0.));
#4792 = DIRECTION('',(-0.,0.,-1.));
#4793 = DIRECTION('',(-0.,-1.,0.));
#4794 = FACE_BOUND('',#4795,.F.);
#4795 = EDGE_LOOP('',(#4796));
#4796 = ORIENTED_EDGE('',*,*,#4797,.T.);
#4797 = EDGE_CURVE('',#4798,#4798,#4800,.T.);
#4798 = VERTEX_POINT('',#4799);
#4799 = CARTESIAN_POINT('',(87.5,-103.6769,0.));
#4800 = CIRCLE('',#4801,0.5969);
#4801 = AXIS2_PLACEMENT_3D('',#4802,#4803,#4804);
#4802 = CARTESIAN_POINT('',(87.5,-103.08,0.));
#4803 = DIRECTION('',(-0.,0.,-1.));
#4804 = DIRECTION('',(-0.,-1.,0.));
#4805 = FACE_BOUND('',#4806,.F.);
#4806 = EDGE_LOOP('',(#4807));
#4807 = ORIENTED_EDGE('',*,*,#4808,.T.);
#4808 = EDGE_CURVE('',#4809,#4809,#4811,.T.);
#4809 = VERTEX_POINT('',#4810);
#4810 = CARTESIAN_POINT('',(87.5,-98.5969,0.));
#4811 = CIRCLE('',#4812,0.5969);
#4812 = AXIS2_PLACEMENT_3D('',#4813,#4814,#4815);
#4813 = CARTESIAN_POINT('',(87.5,-98.,0.));
#4814 = DIRECTION('',(-0.,0.,-1.));
#4815 = DIRECTION('',(-0.,-1.,0.));
#4816 = FACE_BOUND('',#4817,.F.);
#4817 = EDGE_LOOP('',(#4818));
#4818 = ORIENTED_EDGE('',*,*,#4819,.T.);
#4819 = EDGE_CURVE('',#4820,#4820,#4822,.T.);
#4820 = VERTEX_POINT('',#4821);
#4821 = CARTESIAN_POINT('',(55.943193,-94.746268,0.));
#4822 = CIRCLE('',#4823,0.5);
#4823 = AXIS2_PLACEMENT_3D('',#4824,#4825,#4826);
#4824 = CARTESIAN_POINT('',(55.943193,-94.246268,0.));
#4825 = DIRECTION('',(-0.,0.,-1.));
#4826 = DIRECTION('',(-0.,-1.,0.));
#4827 = FACE_BOUND('',#4828,.F.);
#4828 = EDGE_LOOP('',(#4829));
#4829 = ORIENTED_EDGE('',*,*,#4830,.T.);
#4830 = EDGE_CURVE('',#4831,#4831,#4833,.T.);
#4831 = VERTEX_POINT('',#4832);
#4832 = CARTESIAN_POINT('',(36.9,-78.15,0.));
#4833 = CIRCLE('',#4834,1.75);
#4834 = AXIS2_PLACEMENT_3D('',#4835,#4836,#4837);
#4835 = CARTESIAN_POINT('',(36.9,-76.4,0.));
#4836 = DIRECTION('',(-0.,0.,-1.));
#4837 = DIRECTION('',(-0.,-1.,0.));
#4838 = FACE_BOUND('',#4839,.F.);
#4839 = EDGE_LOOP('',(#4840));
#4840 = ORIENTED_EDGE('',*,*,#4841,.T.);
#4841 = EDGE_CURVE('',#4842,#4842,#4844,.T.);
#4842 = VERTEX_POINT('',#4843);
#4843 = CARTESIAN_POINT('',(48.192893,-77.004007,0.));
#4844 = CIRCLE('',#4845,0.5969);
#4845 = AXIS2_PLACEMENT_3D('',#4846,#4847,#4848);
#4846 = CARTESIAN_POINT('',(48.192893,-76.407107,0.));
#4847 = DIRECTION('',(-0.,0.,-1.));
#4848 = DIRECTION('',(-0.,-1.,0.));
#4849 = FACE_BOUND('',#4850,.F.);
#4850 = EDGE_LOOP('',(#4851));
#4851 = ORIENTED_EDGE('',*,*,#4852,.T.);
#4852 = EDGE_CURVE('',#4853,#4853,#4855,.T.);
#4853 = VERTEX_POINT('',#4854);
#4854 = CARTESIAN_POINT('',(49.692893,-79.504007,0.));
#4855 = CIRCLE('',#4856,0.5969);
#4856 = AXIS2_PLACEMENT_3D('',#4857,#4858,#4859);
#4857 = CARTESIAN_POINT('',(49.692893,-78.907107,0.));
#4858 = DIRECTION('',(-0.,0.,-1.));
#4859 = DIRECTION('',(-0.,-1.,0.));
#4860 = FACE_BOUND('',#4861,.F.);
#4861 = EDGE_LOOP('',(#4862));
#4862 = ORIENTED_EDGE('',*,*,#4863,.T.);
#4863 = EDGE_CURVE('',#4864,#4864,#4866,.T.);
#4864 = VERTEX_POINT('',#4865);
#4865 = CARTESIAN_POINT('',(53.272893,-77.004007,0.));
#4866 = CIRCLE('',#4867,0.5969);
#4867 = AXIS2_PLACEMENT_3D('',#4868,#4869,#4870);
#4868 = CARTESIAN_POINT('',(53.272893,-76.407107,0.));
#4869 = DIRECTION('',(-0.,0.,-1.));
#4870 = DIRECTION('',(1.190388232133E-14,-1.,-0.));
#4871 = FACE_BOUND('',#4872,.F.);
#4872 = EDGE_LOOP('',(#4873));
#4873 = ORIENTED_EDGE('',*,*,#4874,.T.);
#4874 = EDGE_CURVE('',#4875,#4875,#4877,.T.);
#4875 = VERTEX_POINT('',#4876);
#4876 = CARTESIAN_POINT('',(49.692893,-74.504007,0.));
#4877 = CIRCLE('',#4878,0.5969);
#4878 = AXIS2_PLACEMENT_3D('',#4879,#4880,#4881);
#4879 = CARTESIAN_POINT('',(49.692893,-73.907107,0.));
#4880 = DIRECTION('',(-0.,0.,-1.));
#4881 = DIRECTION('',(-0.,-1.,0.));
#4882 = FACE_BOUND('',#4883,.F.);
#4883 = EDGE_LOOP('',(#4884));
#4884 = ORIENTED_EDGE('',*,*,#4885,.T.);
#4885 = EDGE_CURVE('',#4886,#4886,#4888,.T.);
#4886 = VERTEX_POINT('',#4887);
#4887 = CARTESIAN_POINT('',(58.352893,-77.004007,0.));
#4888 = CIRCLE('',#4889,0.5969);
#4889 = AXIS2_PLACEMENT_3D('',#4890,#4891,#4892);
#4890 = CARTESIAN_POINT('',(58.352893,-76.407107,0.));
#4891 = DIRECTION('',(-0.,0.,-1.));
#4892 = DIRECTION('',(1.190388232133E-14,-1.,-0.));
#4893 = FACE_BOUND('',#4894,.F.);
#4894 = EDGE_LOOP('',(#4895));
#4895 = ORIENTED_EDGE('',*,*,#4896,.T.);
#4896 = EDGE_CURVE('',#4897,#4897,#4899,.T.);
#4897 = VERTEX_POINT('',#4898);
#4898 = CARTESIAN_POINT('',(93.6,-77.35,0.));
#4899 = CIRCLE('',#4900,2.25);
#4900 = AXIS2_PLACEMENT_3D('',#4901,#4902,#4903);
#4901 = CARTESIAN_POINT('',(93.6,-75.1,0.));
#4902 = DIRECTION('',(-0.,0.,-1.));
#4903 = DIRECTION('',(-0.,-1.,0.));
#4904 = FACE_BOUND('',#4905,.F.);
#4905 = EDGE_LOOP('',(#4906));
#4906 = ORIENTED_EDGE('',*,*,#4907,.T.);
#4907 = EDGE_CURVE('',#4908,#4908,#4910,.T.);
#4908 = VERTEX_POINT('',#4909);
#4909 = CARTESIAN_POINT('',(103.1,-113.05,0.));
#4910 = CIRCLE('',#4911,1.75);
#4911 = AXIS2_PLACEMENT_3D('',#4912,#4913,#4914);
#4912 = CARTESIAN_POINT('',(103.1,-111.3,0.));
#4913 = DIRECTION('',(-0.,0.,-1.));
#4914 = DIRECTION('',(-0.,-1.,0.));
#4915 = FACE_BOUND('',#4916,.F.);
#4916 = EDGE_LOOP('',(#4917));
#4917 = ORIENTED_EDGE('',*,*,#4918,.T.);
#4918 = EDGE_CURVE('',#4919,#4919,#4921,.T.);
#4919 = VERTEX_POINT('',#4920);
#4920 = CARTESIAN_POINT('',(125.72,-117.5,0.));
#4921 = CIRCLE('',#4922,0.5);
#4922 = AXIS2_PLACEMENT_3D('',#4923,#4924,#4925);
#4923 = CARTESIAN_POINT('',(125.72,-117.,0.));
#4924 = DIRECTION('',(-0.,0.,-1.));
#4925 = DIRECTION('',(-0.,-1.,0.));
#4926 = FACE_BOUND('',#4927,.F.);
#4927 = EDGE_LOOP('',(#4928));
#4928 = ORIENTED_EDGE('',*,*,#4929,.T.);
#4929 = EDGE_CURVE('',#4930,#4930,#4932,.T.);
#4930 = VERTEX_POINT('',#4931);
#4931 = CARTESIAN_POINT('',(128.26,-117.5,0.));
#4932 = CIRCLE('',#4933,0.5);
#4933 = AXIS2_PLACEMENT_3D('',#4934,#4935,#4936);
#4934 = CARTESIAN_POINT('',(128.26,-117.,0.));
#4935 = DIRECTION('',(-0.,0.,-1.));
#4936 = DIRECTION('',(-0.,-1.,0.));
#4937 = FACE_BOUND('',#4938,.F.);
#4938 = EDGE_LOOP('',(#4939));
#4939 = ORIENTED_EDGE('',*,*,#4940,.T.);
#4940 = EDGE_CURVE('',#4941,#4941,#4943,.T.);
#4941 = VERTEX_POINT('',#4942);
#4942 = CARTESIAN_POINT('',(130.8,-117.5,0.));
#4943 = CIRCLE('',#4944,0.5);
#4944 = AXIS2_PLACEMENT_3D('',#4945,#4946,#4947);
#4945 = CARTESIAN_POINT('',(130.8,-117.,0.));
#4946 = DIRECTION('',(-0.,0.,-1.));
#4947 = DIRECTION('',(-0.,-1.,0.));
#4948 = FACE_BOUND('',#4949,.F.);
#4949 = EDGE_LOOP('',(#4950));
#4950 = ORIENTED_EDGE('',*,*,#4951,.T.);
#4951 = EDGE_CURVE('',#4952,#4952,#4954,.T.);
#4952 = VERTEX_POINT('',#4953);
#4953 = CARTESIAN_POINT('',(103.,-99.7569,0.));
#4954 = CIRCLE('',#4955,0.5969);
#4955 = AXIS2_PLACEMENT_3D('',#4956,#4957,#4958);
#4956 = CARTESIAN_POINT('',(103.,-99.16,0.));
#4957 = DIRECTION('',(-0.,0.,-1.));
#4958 = DIRECTION('',(-0.,-1.,0.));
#4959 = FACE_BOUND('',#4960,.F.);
#4960 = EDGE_LOOP('',(#4961));
#4961 = ORIENTED_EDGE('',*,*,#4962,.T.);
#4962 = EDGE_CURVE('',#4963,#4963,#4965,.T.);
#4963 = VERTEX_POINT('',#4964);
#4964 = CARTESIAN_POINT('',(100.5,-98.2569,0.));
#4965 = CIRCLE('',#4966,0.5969);
#4966 = AXIS2_PLACEMENT_3D('',#4967,#4968,#4969);
#4967 = CARTESIAN_POINT('',(100.5,-97.66,0.));
#4968 = DIRECTION('',(-0.,0.,-1.));
#4969 = DIRECTION('',(-0.,-1.,0.));
#4970 = FACE_BOUND('',#4971,.F.);
#4971 = EDGE_LOOP('',(#4972));
#4972 = ORIENTED_EDGE('',*,*,#4973,.T.);
#4973 = EDGE_CURVE('',#4974,#4974,#4976,.T.);
#4974 = VERTEX_POINT('',#4975);
#4975 = CARTESIAN_POINT('',(105.5,-98.2569,0.));
#4976 = CIRCLE('',#4977,0.5969);
#4977 = AXIS2_PLACEMENT_3D('',#4978,#4979,#4980);
#4978 = CARTESIAN_POINT('',(105.5,-97.66,0.));
#4979 = DIRECTION('',(-0.,0.,-1.));
#4980 = DIRECTION('',(-0.,-1.,0.));
#4981 = FACE_BOUND('',#4982,.F.);
#4982 = EDGE_LOOP('',(#4983));
#4983 = ORIENTED_EDGE('',*,*,#4984,.T.);
#4984 = EDGE_CURVE('',#4985,#4985,#4987,.T.);
#4985 = VERTEX_POINT('',#4986);
#4986 = CARTESIAN_POINT('',(121.,-104.7569,0.));
#4987 = CIRCLE('',#4988,0.5969);
#4988 = AXIS2_PLACEMENT_3D('',#4989,#4990,#4991);
#4989 = CARTESIAN_POINT('',(121.,-104.16,0.));
#4990 = DIRECTION('',(-0.,0.,-1.));
#4991 = DIRECTION('',(-0.,-1.,0.));
#4992 = FACE_BOUND('',#4993,.F.);
#4993 = EDGE_LOOP('',(#4994));
#4994 = ORIENTED_EDGE('',*,*,#4995,.T.);
#4995 = EDGE_CURVE('',#4996,#4996,#4998,.T.);
#4996 = VERTEX_POINT('',#4997);
#4997 = CARTESIAN_POINT('',(118.5,-103.2569,0.));
#4998 = CIRCLE('',#4999,0.5969);
#4999 = AXIS2_PLACEMENT_3D('',#5000,#5001,#5002);
#5000 = CARTESIAN_POINT('',(118.5,-102.66,0.));
#5001 = DIRECTION('',(-0.,0.,-1.));
#5002 = DIRECTION('',(-0.,-1.,0.));
#5003 = FACE_BOUND('',#5004,.F.);
#5004 = EDGE_LOOP('',(#5005));
#5005 = ORIENTED_EDGE('',*,*,#5006,.T.);
#5006 = EDGE_CURVE('',#5007,#5007,#5009,.T.);
#5007 = VERTEX_POINT('',#5008);
#5008 = CARTESIAN_POINT('',(123.5,-103.2569,0.));
#5009 = CIRCLE('',#5010,0.5969);
#5010 = AXIS2_PLACEMENT_3D('',#5011,#5012,#5013);
#5011 = CARTESIAN_POINT('',(123.5,-102.66,0.));
#5012 = DIRECTION('',(-0.,0.,-1.));
#5013 = DIRECTION('',(-0.,-1.,0.));
#5014 = FACE_BOUND('',#5015,.F.);
#5015 = EDGE_LOOP('',(#5016));
#5016 = ORIENTED_EDGE('',*,*,#5017,.T.);
#5017 = EDGE_CURVE('',#5018,#5018,#5020,.T.);
#5018 = VERTEX_POINT('',#5019);
#5019 = CARTESIAN_POINT('',(121.,-99.6769,0.));
#5020 = CIRCLE('',#5021,0.5969);
#5021 = AXIS2_PLACEMENT_3D('',#5022,#5023,#5024);
#5022 = CARTESIAN_POINT('',(121.,-99.08,0.));
#5023 = DIRECTION('',(-0.,0.,-1.));
#5024 = DIRECTION('',(-0.,-1.,0.));
#5025 = FACE_BOUND('',#5026,.F.);
#5026 = EDGE_LOOP('',(#5027));
#5027 = ORIENTED_EDGE('',*,*,#5028,.T.);
#5028 = EDGE_CURVE('',#5029,#5029,#5031,.T.);
#5029 = VERTEX_POINT('',#5030);
#5030 = CARTESIAN_POINT('',(133.34,-117.5,0.));
#5031 = CIRCLE('',#5032,0.5);
#5032 = AXIS2_PLACEMENT_3D('',#5033,#5034,#5035);
#5033 = CARTESIAN_POINT('',(133.34,-117.,0.));
#5034 = DIRECTION('',(-0.,0.,-1.));
#5035 = DIRECTION('',(-0.,-1.,0.));
#5036 = FACE_BOUND('',#5037,.F.);
#5037 = EDGE_LOOP('',(#5038));
#5038 = ORIENTED_EDGE('',*,*,#5039,.T.);
#5039 = EDGE_CURVE('',#5040,#5040,#5042,.T.);
#5040 = VERTEX_POINT('',#5041);
#5041 = CARTESIAN_POINT('',(136.5,-109.7569,0.));
#5042 = CIRCLE('',#5043,0.5969);
#5043 = AXIS2_PLACEMENT_3D('',#5044,#5045,#5046);
#5044 = CARTESIAN_POINT('',(136.5,-109.16,0.));
#5045 = DIRECTION('',(-0.,0.,-1.));
#5046 = DIRECTION('',(-0.,-1.,0.));
#5047 = FACE_BOUND('',#5048,.F.);
#5048 = EDGE_LOOP('',(#5049));
#5049 = ORIENTED_EDGE('',*,*,#5050,.T.);
#5050 = EDGE_CURVE('',#5051,#5051,#5053,.T.);
#5051 = VERTEX_POINT('',#5052);
#5052 = CARTESIAN_POINT('',(134.,-108.2569,0.));
#5053 = CIRCLE('',#5054,0.5969);
#5054 = AXIS2_PLACEMENT_3D('',#5055,#5056,#5057);
#5055 = CARTESIAN_POINT('',(134.,-107.66,0.));
#5056 = DIRECTION('',(-0.,0.,-1.));
#5057 = DIRECTION('',(-0.,-1.,0.));
#5058 = FACE_BOUND('',#5059,.F.);
#5059 = EDGE_LOOP('',(#5060));
#5060 = ORIENTED_EDGE('',*,*,#5061,.T.);
#5061 = EDGE_CURVE('',#5062,#5062,#5064,.T.);
#5062 = VERTEX_POINT('',#5063);
#5063 = CARTESIAN_POINT('',(139.,-108.2569,0.));
#5064 = CIRCLE('',#5065,0.5969);
#5065 = AXIS2_PLACEMENT_3D('',#5066,#5067,#5068);
#5066 = CARTESIAN_POINT('',(139.,-107.66,0.));
#5067 = DIRECTION('',(-0.,0.,-1.));
#5068 = DIRECTION('',(-0.,-1.,0.));
#5069 = FACE_BOUND('',#5070,.F.);
#5070 = EDGE_LOOP('',(#5071));
#5071 = ORIENTED_EDGE('',*,*,#5072,.T.);
#5072 = EDGE_CURVE('',#5073,#5073,#5075,.T.);
#5073 = VERTEX_POINT('',#5074);
#5074 = CARTESIAN_POINT('',(162.,-116.35,0.));
#5075 = CIRCLE('',#5076,1.75);
#5076 = AXIS2_PLACEMENT_3D('',#5077,#5078,#5079);
#5077 = CARTESIAN_POINT('',(162.,-114.6,0.));
#5078 = DIRECTION('',(-0.,0.,-1.));
#5079 = DIRECTION('',(-0.,-1.,0.));
#5080 = FACE_BOUND('',#5081,.F.);
#5081 = EDGE_LOOP('',(#5082));
#5082 = ORIENTED_EDGE('',*,*,#5083,.T.);
#5083 = EDGE_CURVE('',#5084,#5084,#5086,.T.);
#5084 = VERTEX_POINT('',#5085);
#5085 = CARTESIAN_POINT('',(152.,-108.7569,0.));
#5086 = CIRCLE('',#5087,0.5969);
#5087 = AXIS2_PLACEMENT_3D('',#5088,#5089,#5090);
#5088 = CARTESIAN_POINT('',(152.,-108.16,0.));
#5089 = DIRECTION('',(-0.,0.,-1.));
#5090 = DIRECTION('',(-0.,-1.,0.));
#5091 = FACE_BOUND('',#5092,.F.);
#5092 = EDGE_LOOP('',(#5093));
#5093 = ORIENTED_EDGE('',*,*,#5094,.T.);
#5094 = EDGE_CURVE('',#5095,#5095,#5097,.T.);
#5095 = VERTEX_POINT('',#5096);
#5096 = CARTESIAN_POINT('',(149.5,-107.2569,0.));
#5097 = CIRCLE('',#5098,0.5969);
#5098 = AXIS2_PLACEMENT_3D('',#5099,#5100,#5101);
#5099 = CARTESIAN_POINT('',(149.5,-106.66,0.));
#5100 = DIRECTION('',(-0.,0.,-1.));
#5101 = DIRECTION('',(-0.,-1.,0.));
#5102 = FACE_BOUND('',#5103,.F.);
#5103 = EDGE_LOOP('',(#5104));
#5104 = ORIENTED_EDGE('',*,*,#5105,.T.);
#5105 = EDGE_CURVE('',#5106,#5106,#5108,.T.);
#5106 = VERTEX_POINT('',#5107);
#5107 = CARTESIAN_POINT('',(154.5,-107.2569,0.));
#5108 = CIRCLE('',#5109,0.5969);
#5109 = AXIS2_PLACEMENT_3D('',#5110,#5111,#5112);
#5110 = CARTESIAN_POINT('',(154.5,-106.66,0.));
#5111 = DIRECTION('',(-0.,0.,-1.));
#5112 = DIRECTION('',(-0.,-1.,0.));
#5113 = FACE_BOUND('',#5114,.F.);
#5114 = EDGE_LOOP('',(#5115));
#5115 = ORIENTED_EDGE('',*,*,#5116,.T.);
#5116 = EDGE_CURVE('',#5117,#5117,#5119,.T.);
#5117 = VERTEX_POINT('',#5118);
#5118 = CARTESIAN_POINT('',(136.5,-104.6769,0.));
#5119 = CIRCLE('',#5120,0.5969);
#5120 = AXIS2_PLACEMENT_3D('',#5121,#5122,#5123);
#5121 = CARTESIAN_POINT('',(136.5,-104.08,0.));
#5122 = DIRECTION('',(-0.,0.,-1.));
#5123 = DIRECTION('',(-0.,-1.,0.));
#5124 = FACE_BOUND('',#5125,.F.);
#5125 = EDGE_LOOP('',(#5126));
#5126 = ORIENTED_EDGE('',*,*,#5127,.T.);
#5127 = EDGE_CURVE('',#5128,#5128,#5130,.T.);
#5128 = VERTEX_POINT('',#5129);
#5129 = CARTESIAN_POINT('',(136.5,-99.5969,0.));
#5130 = CIRCLE('',#5131,0.5969);
#5131 = AXIS2_PLACEMENT_3D('',#5132,#5133,#5134);
#5132 = CARTESIAN_POINT('',(136.5,-99.,0.));
#5133 = DIRECTION('',(-0.,0.,-1.));
#5134 = DIRECTION('',(-0.,-1.,0.));
#5135 = FACE_BOUND('',#5136,.F.);
#5136 = EDGE_LOOP('',(#5137));
#5137 = ORIENTED_EDGE('',*,*,#5138,.T.);
#5138 = EDGE_CURVE('',#5139,#5139,#5141,.T.);
#5139 = VERTEX_POINT('',#5140);
#5140 = CARTESIAN_POINT('',(152.,-103.6769,0.));
#5141 = CIRCLE('',#5142,0.5969);
#5142 = AXIS2_PLACEMENT_3D('',#5143,#5144,#5145);
#5143 = CARTESIAN_POINT('',(152.,-103.08,0.));
#5144 = DIRECTION('',(-0.,0.,-1.));
#5145 = DIRECTION('',(-0.,-1.,0.));
#5146 = FACE_BOUND('',#5147,.F.);
#5147 = EDGE_LOOP('',(#5148));
#5148 = ORIENTED_EDGE('',*,*,#5149,.T.);
#5149 = EDGE_CURVE('',#5150,#5150,#5152,.T.);
#5150 = VERTEX_POINT('',#5151);
#5151 = CARTESIAN_POINT('',(152.,-98.5969,0.));
#5152 = CIRCLE('',#5153,0.5969);
#5153 = AXIS2_PLACEMENT_3D('',#5154,#5155,#5156);
#5154 = CARTESIAN_POINT('',(152.,-98.,0.));
#5155 = DIRECTION('',(-0.,0.,-1.));
#5156 = DIRECTION('',(-0.,-1.,0.));
#5157 = FACE_BOUND('',#5158,.F.);
#5158 = EDGE_LOOP('',(#5159));
#5159 = ORIENTED_EDGE('',*,*,#5160,.T.);
#5160 = EDGE_CURVE('',#5161,#5161,#5163,.T.);
#5161 = VERTEX_POINT('',#5162);
#5162 = CARTESIAN_POINT('',(103.,-94.6769,0.));
#5163 = CIRCLE('',#5164,0.5969);
#5164 = AXIS2_PLACEMENT_3D('',#5165,#5166,#5167);
#5165 = CARTESIAN_POINT('',(103.,-94.08,0.));
#5166 = DIRECTION('',(-0.,0.,-1.));
#5167 = DIRECTION('',(-0.,-1.,0.));
#5168 = FACE_BOUND('',#5169,.F.);
#5169 = EDGE_LOOP('',(#5170));
#5170 = ORIENTED_EDGE('',*,*,#5171,.T.);
#5171 = EDGE_CURVE('',#5172,#5172,#5174,.T.);
#5172 = VERTEX_POINT('',#5173);
#5173 = CARTESIAN_POINT('',(103.,-89.5969,0.));
#5174 = CIRCLE('',#5175,0.5969);
#5175 = AXIS2_PLACEMENT_3D('',#5176,#5177,#5178);
#5176 = CARTESIAN_POINT('',(103.,-89.,0.));
#5177 = DIRECTION('',(-0.,0.,-1.));
#5178 = DIRECTION('',(-0.,-1.,0.));
#5179 = FACE_BOUND('',#5180,.F.);
#5180 = EDGE_LOOP('',(#5181));
#5181 = ORIENTED_EDGE('',*,*,#5182,.T.);
#5182 = EDGE_CURVE('',#5183,#5183,#5185,.T.);
#5183 = VERTEX_POINT('',#5184);
#5184 = CARTESIAN_POINT('',(121.,-94.5969,0.));
#5185 = CIRCLE('',#5186,0.5969);
#5186 = AXIS2_PLACEMENT_3D('',#5187,#5188,#5189);
#5187 = CARTESIAN_POINT('',(121.,-94.,0.));
#5188 = DIRECTION('',(-0.,0.,-1.));
#5189 = DIRECTION('',(-0.,-1.,0.));
#5190 = FACE_BOUND('',#5191,.F.);
#5191 = EDGE_LOOP('',(#5192));
#5192 = ORIENTED_EDGE('',*,*,#5193,.T.);
#5193 = EDGE_CURVE('',#5194,#5194,#5196,.T.);
#5194 = VERTEX_POINT('',#5195);
#5195 = CARTESIAN_POINT('',(164.5,-77.52,0.));
#5196 = CIRCLE('',#5197,0.5);
#5197 = AXIS2_PLACEMENT_3D('',#5198,#5199,#5200);
#5198 = CARTESIAN_POINT('',(164.5,-77.02,0.));
#5199 = DIRECTION('',(-0.,0.,-1.));
#5200 = DIRECTION('',(-0.,-1.,0.));
#5201 = FACE_BOUND('',#5202,.F.);
#5202 = EDGE_LOOP('',(#5203));
#5203 = ORIENTED_EDGE('',*,*,#5204,.T.);
#5204 = EDGE_CURVE('',#5205,#5205,#5207,.T.);
#5205 = VERTEX_POINT('',#5206);
#5206 = CARTESIAN_POINT('',(164.5,-74.98,0.));
#5207 = CIRCLE('',#5208,0.5);
#5208 = AXIS2_PLACEMENT_3D('',#5209,#5210,#5211);
#5209 = CARTESIAN_POINT('',(164.5,-74.48,0.));
#5210 = DIRECTION('',(-0.,0.,-1.));
#5211 = DIRECTION('',(-0.,-1.,0.));
#5212 = FACE_BOUND('',#5213,.F.);
#5213 = EDGE_LOOP('',(#5214));
#5214 = ORIENTED_EDGE('',*,*,#5215,.T.);
#5215 = EDGE_CURVE('',#5216,#5216,#5218,.T.);
#5216 = VERTEX_POINT('',#5217);
#5217 = CARTESIAN_POINT('',(46.06,-57.43,0.));
#5218 = CIRCLE('',#5219,0.55);
#5219 = AXIS2_PLACEMENT_3D('',#5220,#5221,#5222);
#5220 = CARTESIAN_POINT('',(46.06,-56.88,0.));
#5221 = DIRECTION('',(-0.,0.,-1.));
#5222 = DIRECTION('',(-0.,-1.,0.));
#5223 = FACE_BOUND('',#5224,.F.);
#5224 = EDGE_LOOP('',(#5225));
#5225 = ORIENTED_EDGE('',*,*,#5226,.T.);
#5226 = EDGE_CURVE('',#5227,#5227,#5229,.T.);
#5227 = VERTEX_POINT('',#5228);
#5228 = CARTESIAN_POINT('',(46.06,-54.89,0.));
#5229 = CIRCLE('',#5230,0.55);
#5230 = AXIS2_PLACEMENT_3D('',#5231,#5232,#5233);
#5231 = CARTESIAN_POINT('',(46.06,-54.34,0.));
#5232 = DIRECTION('',(-0.,0.,-1.));
#5233 = DIRECTION('',(-0.,-1.,0.));
#5234 = FACE_BOUND('',#5235,.F.);
#5235 = EDGE_LOOP('',(#5236));
#5236 = ORIENTED_EDGE('',*,*,#5237,.T.);
#5237 = EDGE_CURVE('',#5238,#5238,#5240,.T.);
#5238 = VERTEX_POINT('',#5239);
#5239 = CARTESIAN_POINT('',(46.06,-52.35,0.));
#5240 = CIRCLE('',#5241,0.55);
#5241 = AXIS2_PLACEMENT_3D('',#5242,#5243,#5244);
#5242 = CARTESIAN_POINT('',(46.06,-51.8,0.));
#5243 = DIRECTION('',(-0.,0.,-1.));
#5244 = DIRECTION('',(-0.,-1.,0.));
#5245 = FACE_BOUND('',#5246,.F.);
#5246 = EDGE_LOOP('',(#5247));
#5247 = ORIENTED_EDGE('',*,*,#5248,.T.);
#5248 = EDGE_CURVE('',#5249,#5249,#5251,.T.);
#5249 = VERTEX_POINT('',#5250);
#5250 = CARTESIAN_POINT('',(46.06,-49.81,0.));
#5251 = CIRCLE('',#5252,0.55);
#5252 = AXIS2_PLACEMENT_3D('',#5253,#5254,#5255);
#5253 = CARTESIAN_POINT('',(46.06,-49.26,0.));
#5254 = DIRECTION('',(-0.,0.,-1.));
#5255 = DIRECTION('',(-0.,-1.,0.));
#5256 = FACE_BOUND('',#5257,.F.);
#5257 = EDGE_LOOP('',(#5258));
#5258 = ORIENTED_EDGE('',*,*,#5259,.T.);
#5259 = EDGE_CURVE('',#5260,#5260,#5262,.T.);
#5260 = VERTEX_POINT('',#5261);
#5261 = CARTESIAN_POINT('',(61.3,-57.43,0.));
#5262 = CIRCLE('',#5263,0.55);
#5263 = AXIS2_PLACEMENT_3D('',#5264,#5265,#5266);
#5264 = CARTESIAN_POINT('',(61.3,-56.88,0.));
#5265 = DIRECTION('',(-0.,0.,-1.));
#5266 = DIRECTION('',(-0.,-1.,0.));
#5267 = FACE_BOUND('',#5268,.F.);
#5268 = EDGE_LOOP('',(#5269));
#5269 = ORIENTED_EDGE('',*,*,#5270,.T.);
#5270 = EDGE_CURVE('',#5271,#5271,#5273,.T.);
#5271 = VERTEX_POINT('',#5272);
#5272 = CARTESIAN_POINT('',(61.3,-54.89,0.));
#5273 = CIRCLE('',#5274,0.55);
#5274 = AXIS2_PLACEMENT_3D('',#5275,#5276,#5277);
#5275 = CARTESIAN_POINT('',(61.3,-54.34,0.));
#5276 = DIRECTION('',(-0.,0.,-1.));
#5277 = DIRECTION('',(-0.,-1.,0.));
#5278 = FACE_BOUND('',#5279,.F.);
#5279 = EDGE_LOOP('',(#5280));
#5280 = ORIENTED_EDGE('',*,*,#5281,.T.);
#5281 = EDGE_CURVE('',#5282,#5282,#5284,.T.);
#5282 = VERTEX_POINT('',#5283);
#5283 = CARTESIAN_POINT('',(61.3,-52.35,0.));
#5284 = CIRCLE('',#5285,0.55);
#5285 = AXIS2_PLACEMENT_3D('',#5286,#5287,#5288);
#5286 = CARTESIAN_POINT('',(61.3,-51.8,0.));
#5287 = DIRECTION('',(-0.,0.,-1.));
#5288 = DIRECTION('',(-0.,-1.,0.));
#5289 = FACE_BOUND('',#5290,.F.);
#5290 = EDGE_LOOP('',(#5291));
#5291 = ORIENTED_EDGE('',*,*,#5292,.T.);
#5292 = EDGE_CURVE('',#5293,#5293,#5295,.T.);
#5293 = VERTEX_POINT('',#5294);
#5294 = CARTESIAN_POINT('',(61.3,-49.81,0.));
#5295 = CIRCLE('',#5296,0.55);
#5296 = AXIS2_PLACEMENT_3D('',#5297,#5298,#5299);
#5297 = CARTESIAN_POINT('',(61.3,-49.26,0.));
#5298 = DIRECTION('',(-0.,0.,-1.));
#5299 = DIRECTION('',(-0.,-1.,0.));
#5300 = FACE_BOUND('',#5301,.F.);
#5301 = EDGE_LOOP('',(#5302));
#5302 = ORIENTED_EDGE('',*,*,#5303,.T.);
#5303 = EDGE_CURVE('',#5304,#5304,#5306,.T.);
#5304 = VERTEX_POINT('',#5305);
#5305 = CARTESIAN_POINT('',(87.5,-55.2569,0.));
#5306 = CIRCLE('',#5307,0.5969);
#5307 = AXIS2_PLACEMENT_3D('',#5308,#5309,#5310);
#5308 = CARTESIAN_POINT('',(87.5,-54.66,0.));
#5309 = DIRECTION('',(-0.,0.,-1.));
#5310 = DIRECTION('',(-0.,-1.,0.));
#5311 = FACE_BOUND('',#5312,.F.);
#5312 = EDGE_LOOP('',(#5313));
#5313 = ORIENTED_EDGE('',*,*,#5314,.T.);
#5314 = EDGE_CURVE('',#5315,#5315,#5317,.T.);
#5315 = VERTEX_POINT('',#5316);
#5316 = CARTESIAN_POINT('',(87.5,-50.1769,0.));
#5317 = CIRCLE('',#5318,0.5969);
#5318 = AXIS2_PLACEMENT_3D('',#5319,#5320,#5321);
#5319 = CARTESIAN_POINT('',(87.5,-49.58,0.));
#5320 = DIRECTION('',(-0.,0.,-1.));
#5321 = DIRECTION('',(-0.,-1.,0.));
#5322 = FACE_BOUND('',#5323,.F.);
#5323 = EDGE_LOOP('',(#5324));
#5324 = ORIENTED_EDGE('',*,*,#5325,.T.);
#5325 = EDGE_CURVE('',#5326,#5326,#5328,.T.);
#5326 = VERTEX_POINT('',#5327);
#5327 = CARTESIAN_POINT('',(46.06,-47.27,0.));
#5328 = CIRCLE('',#5329,0.55);
#5329 = AXIS2_PLACEMENT_3D('',#5330,#5331,#5332);
#5330 = CARTESIAN_POINT('',(46.06,-46.72,0.));
#5331 = DIRECTION('',(-0.,0.,-1.));
#5332 = DIRECTION('',(-0.,-1.,0.));
#5333 = FACE_BOUND('',#5334,.F.);
#5334 = EDGE_LOOP('',(#5335));
#5335 = ORIENTED_EDGE('',*,*,#5336,.T.);
#5336 = EDGE_CURVE('',#5337,#5337,#5339,.T.);
#5337 = VERTEX_POINT('',#5338);
#5338 = CARTESIAN_POINT('',(46.06,-44.73,0.));
#5339 = CIRCLE('',#5340,0.55);
#5340 = AXIS2_PLACEMENT_3D('',#5341,#5342,#5343);
#5341 = CARTESIAN_POINT('',(46.06,-44.18,0.));
#5342 = DIRECTION('',(-0.,0.,-1.));
#5343 = DIRECTION('',(-0.,-1.,0.));
#5344 = FACE_BOUND('',#5345,.F.);
#5345 = EDGE_LOOP('',(#5346));
#5346 = ORIENTED_EDGE('',*,*,#5347,.T.);
#5347 = EDGE_CURVE('',#5348,#5348,#5350,.T.);
#5348 = VERTEX_POINT('',#5349);
#5349 = CARTESIAN_POINT('',(33.6,-39.52,0.));
#5350 = CIRCLE('',#5351,0.5);
#5351 = AXIS2_PLACEMENT_3D('',#5352,#5353,#5354);
#5352 = CARTESIAN_POINT('',(33.6,-39.02,0.));
#5353 = DIRECTION('',(-0.,0.,-1.));
#5354 = DIRECTION('',(-0.,-1.,0.));
#5355 = FACE_BOUND('',#5356,.F.);
#5356 = EDGE_LOOP('',(#5357,#5368,#5376,#5385));
#5357 = ORIENTED_EDGE('',*,*,#5358,.T.);
#5358 = EDGE_CURVE('',#5359,#5361,#5363,.T.);
#5359 = VERTEX_POINT('',#5360);
#5360 = CARTESIAN_POINT('',(39.03,-38.77,0.));
#5361 = VERTEX_POINT('',#5362);
#5362 = CARTESIAN_POINT('',(38.43,-38.77,0.));
#5363 = CIRCLE('',#5364,0.3);
#5364 = AXIS2_PLACEMENT_3D('',#5365,#5366,#5367);
#5365 = CARTESIAN_POINT('',(38.73,-38.77,0.));
#5366 = DIRECTION('',(-0.,0.,-1.));
#5367 = DIRECTION('',(-1.,0.,0.));
#5368 = ORIENTED_EDGE('',*,*,#5369,.T.);
#5369 = EDGE_CURVE('',#5361,#5370,#5372,.T.);
#5370 = VERTEX_POINT('',#5371);
#5371 = CARTESIAN_POINT('',(38.43,-38.17,0.));
#5372 = LINE('',#5373,#5374);
#5373 = CARTESIAN_POINT('',(38.43,-19.085,0.));
#5374 = VECTOR('',#5375,1.);
#5375 = DIRECTION('',(-0.,1.,0.));
#5376 = ORIENTED_EDGE('',*,*,#5377,.T.);
#5377 = EDGE_CURVE('',#5370,#5378,#5380,.T.);
#5378 = VERTEX_POINT('',#5379);
#5379 = CARTESIAN_POINT('',(39.03,-38.17,0.));
#5380 = CIRCLE('',#5381,0.3);
#5381 = AXIS2_PLACEMENT_3D('',#5382,#5383,#5384);
#5382 = CARTESIAN_POINT('',(38.73,-38.17,0.));
#5383 = DIRECTION('',(0.,-0.,-1.));
#5384 = DIRECTION('',(1.,-2.368475785867E-14,0.));
#5385 = ORIENTED_EDGE('',*,*,#5386,.T.);
#5386 = EDGE_CURVE('',#5378,#5359,#5387,.T.);
#5387 = LINE('',#5388,#5389);
#5388 = CARTESIAN_POINT('',(39.03,-19.385,0.));
#5389 = VECTOR('',#5390,1.);
#5390 = DIRECTION('',(0.,-1.,0.));
#5391 = FACE_BOUND('',#5392,.F.);
#5392 = EDGE_LOOP('',(#5393,#5404,#5412,#5421));
#5393 = ORIENTED_EDGE('',*,*,#5394,.T.);
#5394 = EDGE_CURVE('',#5395,#5397,#5399,.T.);
#5395 = VERTEX_POINT('',#5396);
#5396 = CARTESIAN_POINT('',(41.46,-38.79,0.));
#5397 = VERTEX_POINT('',#5398);
#5398 = CARTESIAN_POINT('',(40.86,-38.79,0.));
#5399 = CIRCLE('',#5400,0.3);
#5400 = AXIS2_PLACEMENT_3D('',#5401,#5402,#5403);
#5401 = CARTESIAN_POINT('',(41.16,-38.79,0.));
#5402 = DIRECTION('',(-0.,0.,-1.));
#5403 = DIRECTION('',(-1.,0.,0.));
#5404 = ORIENTED_EDGE('',*,*,#5405,.T.);
#5405 = EDGE_CURVE('',#5397,#5406,#5408,.T.);
#5406 = VERTEX_POINT('',#5407);
#5407 = CARTESIAN_POINT('',(40.86,-38.19,0.));
#5408 = LINE('',#5409,#5410);
#5409 = CARTESIAN_POINT('',(40.86,-19.095,0.));
#5410 = VECTOR('',#5411,1.);
#5411 = DIRECTION('',(-0.,1.,0.));
#5412 = ORIENTED_EDGE('',*,*,#5413,.T.);
#5413 = EDGE_CURVE('',#5406,#5414,#5416,.T.);
#5414 = VERTEX_POINT('',#5415);
#5415 = CARTESIAN_POINT('',(41.46,-38.19,0.));
#5416 = CIRCLE('',#5417,0.3);
#5417 = AXIS2_PLACEMENT_3D('',#5418,#5419,#5420);
#5418 = CARTESIAN_POINT('',(41.16,-38.19,0.));
#5419 = DIRECTION('',(0.,-0.,-1.));
#5420 = DIRECTION('',(1.,2.368475785867E-14,-0.));
#5421 = ORIENTED_EDGE('',*,*,#5422,.T.);
#5422 = EDGE_CURVE('',#5414,#5395,#5423,.T.);
#5423 = LINE('',#5424,#5425);
#5424 = CARTESIAN_POINT('',(41.46,-19.395,0.));
#5425 = VECTOR('',#5426,1.);
#5426 = DIRECTION('',(0.,-1.,0.));
#5427 = FACE_BOUND('',#5428,.F.);
#5428 = EDGE_LOOP('',(#5429));
#5429 = ORIENTED_EDGE('',*,*,#5430,.T.);
#5430 = EDGE_CURVE('',#5431,#5431,#5433,.T.);
#5431 = VERTEX_POINT('',#5432);
#5432 = CARTESIAN_POINT('',(46.06,-42.19,0.));
#5433 = CIRCLE('',#5434,0.55);
#5434 = AXIS2_PLACEMENT_3D('',#5435,#5436,#5437);
#5435 = CARTESIAN_POINT('',(46.06,-41.64,0.));
#5436 = DIRECTION('',(-0.,0.,-1.));
#5437 = DIRECTION('',(-0.,-1.,0.));
#5438 = FACE_BOUND('',#5439,.F.);
#5439 = EDGE_LOOP('',(#5440));
#5440 = ORIENTED_EDGE('',*,*,#5441,.T.);
#5441 = EDGE_CURVE('',#5442,#5442,#5444,.T.);
#5442 = VERTEX_POINT('',#5443);
#5443 = CARTESIAN_POINT('',(46.06,-39.65,0.));
#5444 = CIRCLE('',#5445,0.55);
#5445 = AXIS2_PLACEMENT_3D('',#5446,#5447,#5448);
#5446 = CARTESIAN_POINT('',(46.06,-39.1,0.));
#5447 = DIRECTION('',(-0.,0.,-1.));
#5448 = DIRECTION('',(-0.,-1.,0.));
#5449 = FACE_BOUND('',#5450,.F.);
#5450 = EDGE_LOOP('',(#5451));
#5451 = ORIENTED_EDGE('',*,*,#5452,.T.);
#5452 = EDGE_CURVE('',#5453,#5453,#5455,.T.);
#5453 = VERTEX_POINT('',#5454);
#5454 = CARTESIAN_POINT('',(61.3,-47.27,0.));
#5455 = CIRCLE('',#5456,0.55);
#5456 = AXIS2_PLACEMENT_3D('',#5457,#5458,#5459);
#5457 = CARTESIAN_POINT('',(61.3,-46.72,0.));
#5458 = DIRECTION('',(-0.,0.,-1.));
#5459 = DIRECTION('',(-0.,-1.,0.));
#5460 = FACE_BOUND('',#5461,.F.);
#5461 = EDGE_LOOP('',(#5462));
#5462 = ORIENTED_EDGE('',*,*,#5463,.T.);
#5463 = EDGE_CURVE('',#5464,#5464,#5466,.T.);
#5464 = VERTEX_POINT('',#5465);
#5465 = CARTESIAN_POINT('',(61.3,-44.73,0.));
#5466 = CIRCLE('',#5467,0.55);
#5467 = AXIS2_PLACEMENT_3D('',#5468,#5469,#5470);
#5468 = CARTESIAN_POINT('',(61.3,-44.18,0.));
#5469 = DIRECTION('',(-0.,0.,-1.));
#5470 = DIRECTION('',(-0.,-1.,0.));
#5471 = FACE_BOUND('',#5472,.F.);
#5472 = EDGE_LOOP('',(#5473));
#5473 = ORIENTED_EDGE('',*,*,#5474,.T.);
#5474 = EDGE_CURVE('',#5475,#5475,#5477,.T.);
#5475 = VERTEX_POINT('',#5476);
#5476 = CARTESIAN_POINT('',(61.3,-42.19,0.));
#5477 = CIRCLE('',#5478,0.55);
#5478 = AXIS2_PLACEMENT_3D('',#5479,#5480,#5481);
#5479 = CARTESIAN_POINT('',(61.3,-41.64,0.));
#5480 = DIRECTION('',(-0.,0.,-1.));
#5481 = DIRECTION('',(-0.,-1.,0.));
#5482 = FACE_BOUND('',#5483,.F.);
#5483 = EDGE_LOOP('',(#5484));
#5484 = ORIENTED_EDGE('',*,*,#5485,.T.);
#5485 = EDGE_CURVE('',#5486,#5486,#5488,.T.);
#5486 = VERTEX_POINT('',#5487);
#5487 = CARTESIAN_POINT('',(61.3,-39.65,0.));
#5488 = CIRCLE('',#5489,0.55);
#5489 = AXIS2_PLACEMENT_3D('',#5490,#5491,#5492);
#5490 = CARTESIAN_POINT('',(61.3,-39.1,0.));
#5491 = DIRECTION('',(-0.,0.,-1.));
#5492 = DIRECTION('',(-0.,-1.,0.));
#5493 = FACE_BOUND('',#5494,.F.);
#5494 = EDGE_LOOP('',(#5495));
#5495 = ORIENTED_EDGE('',*,*,#5496,.T.);
#5496 = EDGE_CURVE('',#5497,#5497,#5499,.T.);
#5497 = VERTEX_POINT('',#5498);
#5498 = CARTESIAN_POINT('',(33.6,-36.98,0.));
#5499 = CIRCLE('',#5500,0.5);
#5500 = AXIS2_PLACEMENT_3D('',#5501,#5502,#5503);
#5501 = CARTESIAN_POINT('',(33.6,-36.48,0.));
#5502 = DIRECTION('',(-0.,0.,-1.));
#5503 = DIRECTION('',(-0.,-1.,0.));
#5504 = FACE_BOUND('',#5505,.F.);
#5505 = EDGE_LOOP('',(#5506,#5517,#5525,#5534));
#5506 = ORIENTED_EDGE('',*,*,#5507,.T.);
#5507 = EDGE_CURVE('',#5508,#5510,#5512,.T.);
#5508 = VERTEX_POINT('',#5509);
#5509 = CARTESIAN_POINT('',(36.86,-37.69,0.));
#5510 = VERTEX_POINT('',#5511);
#5511 = CARTESIAN_POINT('',(36.26,-37.69,0.));
#5512 = CIRCLE('',#5513,0.3);
#5513 = AXIS2_PLACEMENT_3D('',#5514,#5515,#5516);
#5514 = CARTESIAN_POINT('',(36.56,-37.69,0.));
#5515 = DIRECTION('',(-0.,0.,-1.));
#5516 = DIRECTION('',(-1.,2.368475785867E-14,0.));
#5517 = ORIENTED_EDGE('',*,*,#5518,.T.);
#5518 = EDGE_CURVE('',#5510,#5519,#5521,.T.);
#5519 = VERTEX_POINT('',#5520);
#5520 = CARTESIAN_POINT('',(36.26,-37.09,0.));
#5521 = LINE('',#5522,#5523);
#5522 = CARTESIAN_POINT('',(36.26,-18.545,0.));
#5523 = VECTOR('',#5524,1.);
#5524 = DIRECTION('',(-0.,1.,0.));
#5525 = ORIENTED_EDGE('',*,*,#5526,.T.);
#5526 = EDGE_CURVE('',#5519,#5527,#5529,.T.);
#5527 = VERTEX_POINT('',#5528);
#5528 = CARTESIAN_POINT('',(36.86,-37.09,0.));
#5529 = CIRCLE('',#5530,0.3);
#5530 = AXIS2_PLACEMENT_3D('',#5531,#5532,#5533);
#5531 = CARTESIAN_POINT('',(36.56,-37.09,0.));
#5532 = DIRECTION('',(0.,-0.,-1.));
#5533 = DIRECTION('',(1.,-2.368475785867E-14,0.));
#5534 = ORIENTED_EDGE('',*,*,#5535,.T.);
#5535 = EDGE_CURVE('',#5527,#5508,#5536,.T.);
#5536 = LINE('',#5537,#5538);
#5537 = CARTESIAN_POINT('',(36.86,-18.845,0.));
#5538 = VECTOR('',#5539,1.);
#5539 = DIRECTION('',(0.,-1.,0.));
#5540 = FACE_BOUND('',#5541,.F.);
#5541 = EDGE_LOOP('',(#5542));
#5542 = ORIENTED_EDGE('',*,*,#5543,.T.);
#5543 = EDGE_CURVE('',#5544,#5544,#5546,.T.);
#5544 = VERTEX_POINT('',#5545);
#5545 = CARTESIAN_POINT('',(38.86,-36.54,0.));
#5546 = CIRCLE('',#5547,0.75);
#5547 = AXIS2_PLACEMENT_3D('',#5548,#5549,#5550);
#5548 = CARTESIAN_POINT('',(38.86,-35.79,0.));
#5549 = DIRECTION('',(-0.,0.,-1.));
#5550 = DIRECTION('',(-0.,-1.,0.));
#5551 = FACE_BOUND('',#5552,.F.);
#5552 = EDGE_LOOP('',(#5553));
#5553 = ORIENTED_EDGE('',*,*,#5554,.T.);
#5554 = EDGE_CURVE('',#5555,#5555,#5557,.T.);
#5555 = VERTEX_POINT('',#5556);
#5556 = CARTESIAN_POINT('',(41.03,-36.52,0.));
#5557 = CIRCLE('',#5558,0.75);
#5558 = AXIS2_PLACEMENT_3D('',#5559,#5560,#5561);
#5559 = CARTESIAN_POINT('',(41.03,-35.77,0.));
#5560 = DIRECTION('',(-0.,0.,-1.));
#5561 = DIRECTION('',(-0.,-1.,0.));
#5562 = FACE_BOUND('',#5563,.F.);
#5563 = EDGE_LOOP('',(#5564));
#5564 = ORIENTED_EDGE('',*,*,#5565,.T.);
#5565 = EDGE_CURVE('',#5566,#5566,#5568,.T.);
#5566 = VERTEX_POINT('',#5567);
#5567 = CARTESIAN_POINT('',(33.6,-34.44,0.));
#5568 = CIRCLE('',#5569,0.5);
#5569 = AXIS2_PLACEMENT_3D('',#5570,#5571,#5572);
#5570 = CARTESIAN_POINT('',(33.6,-33.94,0.));
#5571 = DIRECTION('',(-0.,0.,-1.));
#5572 = DIRECTION('',(-0.,-1.,0.));
#5573 = FACE_BOUND('',#5574,.F.);
#5574 = EDGE_LOOP('',(#5575,#5586,#5594,#5603));
#5575 = ORIENTED_EDGE('',*,*,#5576,.T.);
#5576 = EDGE_CURVE('',#5577,#5579,#5581,.T.);
#5577 = VERTEX_POINT('',#5578);
#5578 = CARTESIAN_POINT('',(36.86,-33.69,0.));
#5579 = VERTEX_POINT('',#5580);
#5580 = CARTESIAN_POINT('',(36.26,-33.69,0.));
#5581 = CIRCLE('',#5582,0.3);
#5582 = AXIS2_PLACEMENT_3D('',#5583,#5584,#5585);
#5583 = CARTESIAN_POINT('',(36.56,-33.69,0.));
#5584 = DIRECTION('',(-0.,0.,-1.));
#5585 = DIRECTION('',(-1.,2.368475785867E-14,0.));
#5586 = ORIENTED_EDGE('',*,*,#5587,.T.);
#5587 = EDGE_CURVE('',#5579,#5588,#5590,.T.);
#5588 = VERTEX_POINT('',#5589);
#5589 = CARTESIAN_POINT('',(36.26,-33.09,0.));
#5590 = LINE('',#5591,#5592);
#5591 = CARTESIAN_POINT('',(36.26,-16.545,0.));
#5592 = VECTOR('',#5593,1.);
#5593 = DIRECTION('',(-0.,1.,0.));
#5594 = ORIENTED_EDGE('',*,*,#5595,.T.);
#5595 = EDGE_CURVE('',#5588,#5596,#5598,.T.);
#5596 = VERTEX_POINT('',#5597);
#5597 = CARTESIAN_POINT('',(36.86,-33.09,0.));
#5598 = CIRCLE('',#5599,0.3);
#5599 = AXIS2_PLACEMENT_3D('',#5600,#5601,#5602);
#5600 = CARTESIAN_POINT('',(36.56,-33.09,0.));
#5601 = DIRECTION('',(0.,-0.,-1.));
#5602 = DIRECTION('',(1.,-2.368475785867E-14,0.));
#5603 = ORIENTED_EDGE('',*,*,#5604,.T.);
#5604 = EDGE_CURVE('',#5596,#5577,#5605,.T.);
#5605 = LINE('',#5606,#5607);
#5606 = CARTESIAN_POINT('',(36.86,-16.845,0.));
#5607 = VECTOR('',#5608,1.);
#5608 = DIRECTION('',(0.,-1.,0.));
#5609 = FACE_BOUND('',#5610,.F.);
#5610 = EDGE_LOOP('',(#5611,#5622,#5630,#5639));
#5611 = ORIENTED_EDGE('',*,*,#5612,.T.);
#5612 = EDGE_CURVE('',#5613,#5615,#5617,.T.);
#5613 = VERTEX_POINT('',#5614);
#5614 = CARTESIAN_POINT('',(43.63,-37.67,0.));
#5615 = VERTEX_POINT('',#5616);
#5616 = CARTESIAN_POINT('',(43.03,-37.67,0.));
#5617 = CIRCLE('',#5618,0.3);
#5618 = AXIS2_PLACEMENT_3D('',#5619,#5620,#5621);
#5619 = CARTESIAN_POINT('',(43.33,-37.67,0.));
#5620 = DIRECTION('',(-0.,0.,-1.));
#5621 = DIRECTION('',(-1.,-2.368475785867E-14,0.));
#5622 = ORIENTED_EDGE('',*,*,#5623,.T.);
#5623 = EDGE_CURVE('',#5615,#5624,#5626,.T.);
#5624 = VERTEX_POINT('',#5625);
#5625 = CARTESIAN_POINT('',(43.03,-37.07,0.));
#5626 = LINE('',#5627,#5628);
#5627 = CARTESIAN_POINT('',(43.03,-18.535,0.));
#5628 = VECTOR('',#5629,1.);
#5629 = DIRECTION('',(-0.,1.,0.));
#5630 = ORIENTED_EDGE('',*,*,#5631,.T.);
#5631 = EDGE_CURVE('',#5624,#5632,#5634,.T.);
#5632 = VERTEX_POINT('',#5633);
#5633 = CARTESIAN_POINT('',(43.63,-37.07,0.));
#5634 = CIRCLE('',#5635,0.3);
#5635 = AXIS2_PLACEMENT_3D('',#5636,#5637,#5638);
#5636 = CARTESIAN_POINT('',(43.33,-37.07,0.));
#5637 = DIRECTION('',(0.,-0.,-1.));
#5638 = DIRECTION('',(1.,2.368475785867E-14,-0.));
#5639 = ORIENTED_EDGE('',*,*,#5640,.T.);
#5640 = EDGE_CURVE('',#5632,#5613,#5641,.T.);
#5641 = LINE('',#5642,#5643);
#5642 = CARTESIAN_POINT('',(43.63,-18.835,0.));
#5643 = VECTOR('',#5644,1.);
#5644 = DIRECTION('',(0.,-1.,0.));
#5645 = FACE_BOUND('',#5646,.F.);
#5646 = EDGE_LOOP('',(#5647));
#5647 = ORIENTED_EDGE('',*,*,#5648,.T.);
#5648 = EDGE_CURVE('',#5649,#5649,#5651,.T.);
#5649 = VERTEX_POINT('',#5650);
#5650 = CARTESIAN_POINT('',(46.06,-37.11,0.));
#5651 = CIRCLE('',#5652,0.55);
#5652 = AXIS2_PLACEMENT_3D('',#5653,#5654,#5655);
#5653 = CARTESIAN_POINT('',(46.06,-36.56,0.));
#5654 = DIRECTION('',(-0.,0.,-1.));
#5655 = DIRECTION('',(-0.,-1.,0.));
#5656 = FACE_BOUND('',#5657,.F.);
#5657 = EDGE_LOOP('',(#5658,#5669,#5677,#5686));
#5658 = ORIENTED_EDGE('',*,*,#5659,.T.);
#5659 = EDGE_CURVE('',#5660,#5662,#5664,.T.);
#5660 = VERTEX_POINT('',#5661);
#5661 = CARTESIAN_POINT('',(43.63,-33.67,0.));
#5662 = VERTEX_POINT('',#5663);
#5663 = CARTESIAN_POINT('',(43.03,-33.67,0.));
#5664 = CIRCLE('',#5665,0.3);
#5665 = AXIS2_PLACEMENT_3D('',#5666,#5667,#5668);
#5666 = CARTESIAN_POINT('',(43.33,-33.67,0.));
#5667 = DIRECTION('',(-0.,0.,-1.));
#5668 = DIRECTION('',(-1.,-2.368475785867E-14,0.));
#5669 = ORIENTED_EDGE('',*,*,#5670,.T.);
#5670 = EDGE_CURVE('',#5662,#5671,#5673,.T.);
#5671 = VERTEX_POINT('',#5672);
#5672 = CARTESIAN_POINT('',(43.03,-33.07,0.));
#5673 = LINE('',#5674,#5675);
#5674 = CARTESIAN_POINT('',(43.03,-16.535,0.));
#5675 = VECTOR('',#5676,1.);
#5676 = DIRECTION('',(-0.,1.,0.));
#5677 = ORIENTED_EDGE('',*,*,#5678,.T.);
#5678 = EDGE_CURVE('',#5671,#5679,#5681,.T.);
#5679 = VERTEX_POINT('',#5680);
#5680 = CARTESIAN_POINT('',(43.63,-33.07,0.));
#5681 = CIRCLE('',#5682,0.3);
#5682 = AXIS2_PLACEMENT_3D('',#5683,#5684,#5685);
#5683 = CARTESIAN_POINT('',(43.33,-33.07,0.));
#5684 = DIRECTION('',(0.,-0.,-1.));
#5685 = DIRECTION('',(1.,2.368475785867E-14,-0.));
#5686 = ORIENTED_EDGE('',*,*,#5687,.T.);
#5687 = EDGE_CURVE('',#5679,#5660,#5688,.T.);
#5688 = LINE('',#5689,#5690);
#5689 = CARTESIAN_POINT('',(43.63,-16.835,0.));
#5690 = VECTOR('',#5691,1.);
#5691 = DIRECTION('',(0.,-1.,0.));
#5692 = FACE_BOUND('',#5693,.F.);
#5693 = EDGE_LOOP('',(#5694));
#5694 = ORIENTED_EDGE('',*,*,#5695,.T.);
#5695 = EDGE_CURVE('',#5696,#5696,#5698,.T.);
#5696 = VERTEX_POINT('',#5697);
#5697 = CARTESIAN_POINT('',(46.06,-34.57,0.));
#5698 = CIRCLE('',#5699,0.55);
#5699 = AXIS2_PLACEMENT_3D('',#5700,#5701,#5702);
#5700 = CARTESIAN_POINT('',(46.06,-34.02,0.));
#5701 = DIRECTION('',(-0.,0.,-1.));
#5702 = DIRECTION('',(-0.,-1.,0.));
#5703 = FACE_BOUND('',#5704,.F.);
#5704 = EDGE_LOOP('',(#5705));
#5705 = ORIENTED_EDGE('',*,*,#5706,.T.);
#5706 = EDGE_CURVE('',#5707,#5707,#5709,.T.);
#5707 = VERTEX_POINT('',#5708);
#5708 = CARTESIAN_POINT('',(33.6,-31.9,0.));
#5709 = CIRCLE('',#5710,0.5);
#5710 = AXIS2_PLACEMENT_3D('',#5711,#5712,#5713);
#5711 = CARTESIAN_POINT('',(33.6,-31.4,0.));
#5712 = DIRECTION('',(-0.,0.,-1.));
#5713 = DIRECTION('',(-0.,-1.,0.));
#5714 = FACE_BOUND('',#5715,.F.);
#5715 = EDGE_LOOP('',(#5716,#5727,#5735,#5744));
#5716 = ORIENTED_EDGE('',*,*,#5717,.T.);
#5717 = EDGE_CURVE('',#5718,#5720,#5722,.T.);
#5718 = VERTEX_POINT('',#5719);
#5719 = CARTESIAN_POINT('',(36.86,-30.69,0.));
#5720 = VERTEX_POINT('',#5721);
#5721 = CARTESIAN_POINT('',(36.26,-30.69,0.));
#5722 = CIRCLE('',#5723,0.3);
#5723 = AXIS2_PLACEMENT_3D('',#5724,#5725,#5726);
#5724 = CARTESIAN_POINT('',(36.56,-30.69,0.));
#5725 = DIRECTION('',(-0.,0.,-1.));
#5726 = DIRECTION('',(-1.,-1.184237892934E-14,0.));
#5727 = ORIENTED_EDGE('',*,*,#5728,.T.);
#5728 = EDGE_CURVE('',#5720,#5729,#5731,.T.);
#5729 = VERTEX_POINT('',#5730);
#5730 = CARTESIAN_POINT('',(36.26,-30.09,0.));
#5731 = LINE('',#5732,#5733);
#5732 = CARTESIAN_POINT('',(36.26,-15.045,0.));
#5733 = VECTOR('',#5734,1.);
#5734 = DIRECTION('',(-0.,1.,0.));
#5735 = ORIENTED_EDGE('',*,*,#5736,.T.);
#5736 = EDGE_CURVE('',#5729,#5737,#5739,.T.);
#5737 = VERTEX_POINT('',#5738);
#5738 = CARTESIAN_POINT('',(36.86,-30.09,0.));
#5739 = CIRCLE('',#5740,0.3);
#5740 = AXIS2_PLACEMENT_3D('',#5741,#5742,#5743);
#5741 = CARTESIAN_POINT('',(36.56,-30.09,0.));
#5742 = DIRECTION('',(0.,-0.,-1.));
#5743 = DIRECTION('',(1.,0.,-0.));
#5744 = ORIENTED_EDGE('',*,*,#5745,.T.);
#5745 = EDGE_CURVE('',#5737,#5718,#5746,.T.);
#5746 = LINE('',#5747,#5748);
#5747 = CARTESIAN_POINT('',(36.86,-15.345,0.));
#5748 = VECTOR('',#5749,1.);
#5749 = DIRECTION('',(0.,-1.,0.));
#5750 = FACE_BOUND('',#5751,.F.);
#5751 = EDGE_LOOP('',(#5752));
#5752 = ORIENTED_EDGE('',*,*,#5753,.T.);
#5753 = EDGE_CURVE('',#5754,#5754,#5756,.T.);
#5754 = VERTEX_POINT('',#5755);
#5755 = CARTESIAN_POINT('',(38.86,-29.54,0.));
#5756 = CIRCLE('',#5757,0.75);
#5757 = AXIS2_PLACEMENT_3D('',#5758,#5759,#5760);
#5758 = CARTESIAN_POINT('',(38.86,-28.79,0.));
#5759 = DIRECTION('',(-0.,0.,-1.));
#5760 = DIRECTION('',(-0.,-1.,0.));
#5761 = FACE_BOUND('',#5762,.F.);
#5762 = EDGE_LOOP('',(#5763));
#5763 = ORIENTED_EDGE('',*,*,#5764,.T.);
#5764 = EDGE_CURVE('',#5765,#5765,#5767,.T.);
#5765 = VERTEX_POINT('',#5766);
#5766 = CARTESIAN_POINT('',(41.03,-29.52,0.));
#5767 = CIRCLE('',#5768,0.75);
#5768 = AXIS2_PLACEMENT_3D('',#5769,#5770,#5771);
#5769 = CARTESIAN_POINT('',(41.03,-28.77,0.));
#5770 = DIRECTION('',(-0.,0.,-1.));
#5771 = DIRECTION('',(-0.,-1.,0.));
#5772 = FACE_BOUND('',#5773,.F.);
#5773 = EDGE_LOOP('',(#5774,#5785,#5793,#5802));
#5774 = ORIENTED_EDGE('',*,*,#5775,.T.);
#5775 = EDGE_CURVE('',#5776,#5778,#5780,.T.);
#5776 = VERTEX_POINT('',#5777);
#5777 = CARTESIAN_POINT('',(43.63,-30.67,0.));
#5778 = VERTEX_POINT('',#5779);
#5779 = CARTESIAN_POINT('',(43.03,-30.67,0.));
#5780 = CIRCLE('',#5781,0.3);
#5781 = AXIS2_PLACEMENT_3D('',#5782,#5783,#5784);
#5782 = CARTESIAN_POINT('',(43.33,-30.67,0.));
#5783 = DIRECTION('',(-0.,0.,-1.));
#5784 = DIRECTION('',(-1.,-2.368475785867E-14,0.));
#5785 = ORIENTED_EDGE('',*,*,#5786,.T.);
#5786 = EDGE_CURVE('',#5778,#5787,#5789,.T.);
#5787 = VERTEX_POINT('',#5788);
#5788 = CARTESIAN_POINT('',(43.03,-30.07,0.));
#5789 = LINE('',#5790,#5791);
#5790 = CARTESIAN_POINT('',(43.03,-15.035,0.));
#5791 = VECTOR('',#5792,1.);
#5792 = DIRECTION('',(-0.,1.,0.));
#5793 = ORIENTED_EDGE('',*,*,#5794,.T.);
#5794 = EDGE_CURVE('',#5787,#5795,#5797,.T.);
#5795 = VERTEX_POINT('',#5796);
#5796 = CARTESIAN_POINT('',(43.63,-30.07,0.));
#5797 = CIRCLE('',#5798,0.3);
#5798 = AXIS2_PLACEMENT_3D('',#5799,#5800,#5801);
#5799 = CARTESIAN_POINT('',(43.33,-30.07,0.));
#5800 = DIRECTION('',(0.,-0.,-1.));
#5801 = DIRECTION('',(1.,1.184237892934E-14,-0.));
#5802 = ORIENTED_EDGE('',*,*,#5803,.T.);
#5803 = EDGE_CURVE('',#5795,#5776,#5804,.T.);
#5804 = LINE('',#5805,#5806);
#5805 = CARTESIAN_POINT('',(43.63,-15.335,0.));
#5806 = VECTOR('',#5807,1.);
#5807 = DIRECTION('',(0.,-1.,0.));
#5808 = FACE_BOUND('',#5809,.F.);
#5809 = EDGE_LOOP('',(#5810));
#5810 = ORIENTED_EDGE('',*,*,#5811,.T.);
#5811 = EDGE_CURVE('',#5812,#5812,#5814,.T.);
#5812 = VERTEX_POINT('',#5813);
#5813 = CARTESIAN_POINT('',(46.06,-32.03,0.));
#5814 = CIRCLE('',#5815,0.55);
#5815 = AXIS2_PLACEMENT_3D('',#5816,#5817,#5818);
#5816 = CARTESIAN_POINT('',(46.06,-31.48,0.));
#5817 = DIRECTION('',(-0.,0.,-1.));
#5818 = DIRECTION('',(-0.,-1.,0.));
#5819 = FACE_BOUND('',#5820,.F.);
#5820 = EDGE_LOOP('',(#5821));
#5821 = ORIENTED_EDGE('',*,*,#5822,.T.);
#5822 = EDGE_CURVE('',#5823,#5823,#5825,.T.);
#5823 = VERTEX_POINT('',#5824);
#5824 = CARTESIAN_POINT('',(46.06,-29.49,0.));
#5825 = CIRCLE('',#5826,0.55);
#5826 = AXIS2_PLACEMENT_3D('',#5827,#5828,#5829);
#5827 = CARTESIAN_POINT('',(46.06,-28.94,0.));
#5828 = DIRECTION('',(-0.,0.,-1.));
#5829 = DIRECTION('',(-0.,-1.,0.));
#5830 = FACE_BOUND('',#5831,.F.);
#5831 = EDGE_LOOP('',(#5832));
#5832 = ORIENTED_EDGE('',*,*,#5833,.T.);
#5833 = EDGE_CURVE('',#5834,#5834,#5836,.T.);
#5834 = VERTEX_POINT('',#5835);
#5835 = CARTESIAN_POINT('',(61.3,-37.11,0.));
#5836 = CIRCLE('',#5837,0.55);
#5837 = AXIS2_PLACEMENT_3D('',#5838,#5839,#5840);
#5838 = CARTESIAN_POINT('',(61.3,-36.56,0.));
#5839 = DIRECTION('',(-0.,0.,-1.));
#5840 = DIRECTION('',(-0.,-1.,0.));
#5841 = FACE_BOUND('',#5842,.F.);
#5842 = EDGE_LOOP('',(#5843));
#5843 = ORIENTED_EDGE('',*,*,#5844,.T.);
#5844 = EDGE_CURVE('',#5845,#5845,#5847,.T.);
#5845 = VERTEX_POINT('',#5846);
#5846 = CARTESIAN_POINT('',(61.3,-34.57,0.));
#5847 = CIRCLE('',#5848,0.55);
#5848 = AXIS2_PLACEMENT_3D('',#5849,#5850,#5851);
#5849 = CARTESIAN_POINT('',(61.3,-34.02,0.));
#5850 = DIRECTION('',(-0.,0.,-1.));
#5851 = DIRECTION('',(-0.,-1.,0.));
#5852 = FACE_BOUND('',#5853,.F.);
#5853 = EDGE_LOOP('',(#5854));
#5854 = ORIENTED_EDGE('',*,*,#5855,.T.);
#5855 = EDGE_CURVE('',#5856,#5856,#5858,.T.);
#5856 = VERTEX_POINT('',#5857);
#5857 = CARTESIAN_POINT('',(61.3,-32.03,0.));
#5858 = CIRCLE('',#5859,0.55);
#5859 = AXIS2_PLACEMENT_3D('',#5860,#5861,#5862);
#5860 = CARTESIAN_POINT('',(61.3,-31.48,0.));
#5861 = DIRECTION('',(-0.,0.,-1.));
#5862 = DIRECTION('',(-0.,-1.,0.));
#5863 = FACE_BOUND('',#5864,.F.);
#5864 = EDGE_LOOP('',(#5865));
#5865 = ORIENTED_EDGE('',*,*,#5866,.T.);
#5866 = EDGE_CURVE('',#5867,#5867,#5869,.T.);
#5867 = VERTEX_POINT('',#5868);
#5868 = CARTESIAN_POINT('',(61.3,-29.49,0.));
#5869 = CIRCLE('',#5870,0.55);
#5870 = AXIS2_PLACEMENT_3D('',#5871,#5872,#5873);
#5871 = CARTESIAN_POINT('',(61.3,-28.94,0.));
#5872 = DIRECTION('',(-0.,0.,-1.));
#5873 = DIRECTION('',(-0.,-1.,0.));
#5874 = FACE_BOUND('',#5875,.F.);
#5875 = EDGE_LOOP('',(#5876));
#5876 = ORIENTED_EDGE('',*,*,#5877,.T.);
#5877 = EDGE_CURVE('',#5878,#5878,#5880,.T.);
#5878 = VERTEX_POINT('',#5879);
#5879 = CARTESIAN_POINT('',(85.,-46.5969,0.));
#5880 = CIRCLE('',#5881,0.5969);
#5881 = AXIS2_PLACEMENT_3D('',#5882,#5883,#5884);
#5882 = CARTESIAN_POINT('',(85.,-46.,0.));
#5883 = DIRECTION('',(-0.,0.,-1.));
#5884 = DIRECTION('',(-0.,-1.,0.));
#5885 = FACE_BOUND('',#5886,.F.);
#5886 = EDGE_LOOP('',(#5887));
#5887 = ORIENTED_EDGE('',*,*,#5888,.T.);
#5888 = EDGE_CURVE('',#5889,#5889,#5891,.T.);
#5889 = VERTEX_POINT('',#5890);
#5890 = CARTESIAN_POINT('',(90.,-46.5969,0.));
#5891 = CIRCLE('',#5892,0.5969);
#5892 = AXIS2_PLACEMENT_3D('',#5893,#5894,#5895);
#5893 = CARTESIAN_POINT('',(90.,-46.,0.));
#5894 = DIRECTION('',(-0.,0.,-1.));
#5895 = DIRECTION('',(-0.,-1.,0.));
#5896 = FACE_BOUND('',#5897,.F.);
#5897 = EDGE_LOOP('',(#5898));
#5898 = ORIENTED_EDGE('',*,*,#5899,.T.);
#5899 = EDGE_CURVE('',#5900,#5900,#5902,.T.);
#5900 = VERTEX_POINT('',#5901);
#5901 = CARTESIAN_POINT('',(87.5,-45.0969,0.));
#5902 = CIRCLE('',#5903,0.5969);
#5903 = AXIS2_PLACEMENT_3D('',#5904,#5905,#5906);
#5904 = CARTESIAN_POINT('',(87.5,-44.5,0.));
#5905 = DIRECTION('',(-0.,0.,-1.));
#5906 = DIRECTION('',(-0.,-1.,0.));
#5907 = FACE_BOUND('',#5908,.F.);
#5908 = EDGE_LOOP('',(#5909));
#5909 = ORIENTED_EDGE('',*,*,#5910,.T.);
#5910 = EDGE_CURVE('',#5911,#5911,#5913,.T.);
#5911 = VERTEX_POINT('',#5912);
#5912 = CARTESIAN_POINT('',(85.8,-33.95,0.));
#5913 = CIRCLE('',#5914,1.75);
#5914 = AXIS2_PLACEMENT_3D('',#5915,#5916,#5917);
#5915 = CARTESIAN_POINT('',(85.8,-32.2,0.));
#5916 = DIRECTION('',(-0.,0.,-1.));
#5917 = DIRECTION('',(-0.,-1.,0.));
#5918 = FACE_BOUND('',#5919,.F.);
#5919 = EDGE_LOOP('',(#5920));
#5920 = ORIENTED_EDGE('',*,*,#5921,.T.);
#5921 = EDGE_CURVE('',#5922,#5922,#5924,.T.);
#5922 = VERTEX_POINT('',#5923);
#5923 = CARTESIAN_POINT('',(121.,-51.2569,0.));
#5924 = CIRCLE('',#5925,0.5969);
#5925 = AXIS2_PLACEMENT_3D('',#5926,#5927,#5928);
#5926 = CARTESIAN_POINT('',(121.,-50.66,0.));
#5927 = DIRECTION('',(-0.,0.,-1.));
#5928 = DIRECTION('',(-0.,-1.,0.));
#5929 = FACE_BOUND('',#5930,.F.);
#5930 = EDGE_LOOP('',(#5931));
#5931 = ORIENTED_EDGE('',*,*,#5932,.T.);
#5932 = EDGE_CURVE('',#5933,#5933,#5935,.T.);
#5933 = VERTEX_POINT('',#5934);
#5934 = CARTESIAN_POINT('',(164.5,-72.44,0.));
#5935 = CIRCLE('',#5936,0.5);
#5936 = AXIS2_PLACEMENT_3D('',#5937,#5938,#5939);
#5937 = CARTESIAN_POINT('',(164.5,-71.94,0.));
#5938 = DIRECTION('',(-0.,0.,-1.));
#5939 = DIRECTION('',(-0.,-1.,0.));
#5940 = FACE_BOUND('',#5941,.F.);
#5941 = EDGE_LOOP('',(#5942));
#5942 = ORIENTED_EDGE('',*,*,#5943,.T.);
#5943 = EDGE_CURVE('',#5944,#5944,#5946,.T.);
#5944 = VERTEX_POINT('',#5945);
#5945 = CARTESIAN_POINT('',(164.5,-69.9,0.));
#5946 = CIRCLE('',#5947,0.5);
#5947 = AXIS2_PLACEMENT_3D('',#5948,#5949,#5950);
#5948 = CARTESIAN_POINT('',(164.5,-69.4,0.));
#5949 = DIRECTION('',(-0.,0.,-1.));
#5950 = DIRECTION('',(-0.,-1.,0.));
#5951 = FACE_BOUND('',#5952,.F.);
#5952 = EDGE_LOOP('',(#5953));
#5953 = ORIENTED_EDGE('',*,*,#5954,.T.);
#5954 = EDGE_CURVE('',#5955,#5955,#5957,.T.);
#5955 = VERTEX_POINT('',#5956);
#5956 = CARTESIAN_POINT('',(136.5,-56.2569,0.));
#5957 = CIRCLE('',#5958,0.5969);
#5958 = AXIS2_PLACEMENT_3D('',#5959,#5960,#5961);
#5959 = CARTESIAN_POINT('',(136.5,-55.66,0.));
#5960 = DIRECTION('',(-0.,0.,-1.));
#5961 = DIRECTION('',(-0.,-1.,0.));
#5962 = FACE_BOUND('',#5963,.F.);
#5963 = EDGE_LOOP('',(#5964));
#5964 = ORIENTED_EDGE('',*,*,#5965,.T.);
#5965 = EDGE_CURVE('',#5966,#5966,#5968,.T.);
#5966 = VERTEX_POINT('',#5967);
#5967 = CARTESIAN_POINT('',(136.5,-51.1769,0.));
#5968 = CIRCLE('',#5969,0.5969);
#5969 = AXIS2_PLACEMENT_3D('',#5970,#5971,#5972);
#5970 = CARTESIAN_POINT('',(136.5,-50.58,0.));
#5971 = DIRECTION('',(-0.,0.,-1.));
#5972 = DIRECTION('',(-0.,-1.,0.));
#5973 = FACE_BOUND('',#5974,.F.);
#5974 = EDGE_LOOP('',(#5975));
#5975 = ORIENTED_EDGE('',*,*,#5976,.T.);
#5976 = EDGE_CURVE('',#5977,#5977,#5979,.T.);
#5977 = VERTEX_POINT('',#5978);
#5978 = CARTESIAN_POINT('',(152.,-55.2569,0.));
#5979 = CIRCLE('',#5980,0.5969);
#5980 = AXIS2_PLACEMENT_3D('',#5981,#5982,#5983);
#5981 = CARTESIAN_POINT('',(152.,-54.66,0.));
#5982 = DIRECTION('',(-0.,0.,-1.));
#5983 = DIRECTION('',(-0.,-1.,0.));
#5984 = FACE_BOUND('',#5985,.F.);
#5985 = EDGE_LOOP('',(#5986));
#5986 = ORIENTED_EDGE('',*,*,#5987,.T.);
#5987 = EDGE_CURVE('',#5988,#5988,#5990,.T.);
#5988 = VERTEX_POINT('',#5989);
#5989 = CARTESIAN_POINT('',(152.,-50.1769,0.));
#5990 = CIRCLE('',#5991,0.5969);
#5991 = AXIS2_PLACEMENT_3D('',#5992,#5993,#5994);
#5992 = CARTESIAN_POINT('',(152.,-49.58,0.));
#5993 = DIRECTION('',(-0.,0.,-1.));
#5994 = DIRECTION('',(-0.,-1.,0.));
#5995 = FACE_BOUND('',#5996,.F.);
#5996 = EDGE_LOOP('',(#5997));
#5997 = ORIENTED_EDGE('',*,*,#5998,.T.);
#5998 = EDGE_CURVE('',#5999,#5999,#6001,.T.);
#5999 = VERTEX_POINT('',#6000);
#6000 = CARTESIAN_POINT('',(103.,-46.2569,0.));
#6001 = CIRCLE('',#6002,0.5969);
#6002 = AXIS2_PLACEMENT_3D('',#6003,#6004,#6005);
#6003 = CARTESIAN_POINT('',(103.,-45.66,0.));
#6004 = DIRECTION('',(-0.,0.,-1.));
#6005 = DIRECTION('',(-0.,-1.,0.));
#6006 = FACE_BOUND('',#6007,.F.);
#6007 = EDGE_LOOP('',(#6008));
#6008 = ORIENTED_EDGE('',*,*,#6009,.T.);
#6009 = EDGE_CURVE('',#6010,#6010,#6012,.T.);
#6010 = VERTEX_POINT('',#6011);
#6011 = CARTESIAN_POINT('',(103.,-41.1769,0.));
#6012 = CIRCLE('',#6013,0.5969);
#6013 = AXIS2_PLACEMENT_3D('',#6014,#6015,#6016);
#6014 = CARTESIAN_POINT('',(103.,-40.58,0.));
#6015 = DIRECTION('',(-0.,0.,-1.));
#6016 = DIRECTION('',(-0.,-1.,0.));
#6017 = FACE_BOUND('',#6018,.F.);
#6018 = EDGE_LOOP('',(#6019));
#6019 = ORIENTED_EDGE('',*,*,#6020,.T.);
#6020 = EDGE_CURVE('',#6021,#6021,#6023,.T.);
#6021 = VERTEX_POINT('',#6022);
#6022 = CARTESIAN_POINT('',(121.,-46.1769,0.));
#6023 = CIRCLE('',#6024,0.5969);
#6024 = AXIS2_PLACEMENT_3D('',#6025,#6026,#6027);
#6025 = CARTESIAN_POINT('',(121.,-45.58,0.));
#6026 = DIRECTION('',(-0.,0.,-1.));
#6027 = DIRECTION('',(-0.,-1.,0.));
#6028 = FACE_BOUND('',#6029,.F.);
#6029 = EDGE_LOOP('',(#6030));
#6030 = ORIENTED_EDGE('',*,*,#6031,.T.);
#6031 = EDGE_CURVE('',#6032,#6032,#6034,.T.);
#6032 = VERTEX_POINT('',#6033);
#6033 = CARTESIAN_POINT('',(118.5,-42.5969,0.));
#6034 = CIRCLE('',#6035,0.5969);
#6035 = AXIS2_PLACEMENT_3D('',#6036,#6037,#6038);
#6036 = CARTESIAN_POINT('',(118.5,-42.,0.));
#6037 = DIRECTION('',(-0.,0.,-1.));
#6038 = DIRECTION('',(-0.,-1.,0.));
#6039 = FACE_BOUND('',#6040,.F.);
#6040 = EDGE_LOOP('',(#6041));
#6041 = ORIENTED_EDGE('',*,*,#6042,.T.);
#6042 = EDGE_CURVE('',#6043,#6043,#6045,.T.);
#6043 = VERTEX_POINT('',#6044);
#6044 = CARTESIAN_POINT('',(123.5,-42.5969,0.));
#6045 = CIRCLE('',#6046,0.5969);
#6046 = AXIS2_PLACEMENT_3D('',#6047,#6048,#6049);
#6047 = CARTESIAN_POINT('',(123.5,-42.,0.));
#6048 = DIRECTION('',(-0.,0.,-1.));
#6049 = DIRECTION('',(-0.,-1.,0.));
#6050 = FACE_BOUND('',#6051,.F.);
#6051 = EDGE_LOOP('',(#6052));
#6052 = ORIENTED_EDGE('',*,*,#6053,.T.);
#6053 = EDGE_CURVE('',#6054,#6054,#6056,.T.);
#6054 = VERTEX_POINT('',#6055);
#6055 = CARTESIAN_POINT('',(121.,-41.0969,0.));
#6056 = CIRCLE('',#6057,0.5969);
#6057 = AXIS2_PLACEMENT_3D('',#6058,#6059,#6060);
#6058 = CARTESIAN_POINT('',(121.,-40.5,0.));
#6059 = DIRECTION('',(-0.,0.,-1.));
#6060 = DIRECTION('',(-0.,-1.,0.));
#6061 = FACE_BOUND('',#6062,.F.);
#6062 = EDGE_LOOP('',(#6063));
#6063 = ORIENTED_EDGE('',*,*,#6064,.T.);
#6064 = EDGE_CURVE('',#6065,#6065,#6067,.T.);
#6065 = VERTEX_POINT('',#6066);
#6066 = CARTESIAN_POINT('',(100.5,-37.5969,0.));
#6067 = CIRCLE('',#6068,0.5969);
#6068 = AXIS2_PLACEMENT_3D('',#6069,#6070,#6071);
#6069 = CARTESIAN_POINT('',(100.5,-37.,0.));
#6070 = DIRECTION('',(-0.,0.,-1.));
#6071 = DIRECTION('',(-0.,-1.,0.));
#6072 = FACE_BOUND('',#6073,.F.);
#6073 = EDGE_LOOP('',(#6074));
#6074 = ORIENTED_EDGE('',*,*,#6075,.T.);
#6075 = EDGE_CURVE('',#6076,#6076,#6078,.T.);
#6076 = VERTEX_POINT('',#6077);
#6077 = CARTESIAN_POINT('',(103.,-36.0969,0.));
#6078 = CIRCLE('',#6079,0.5969);
#6079 = AXIS2_PLACEMENT_3D('',#6080,#6081,#6082);
#6080 = CARTESIAN_POINT('',(103.,-35.5,0.));
#6081 = DIRECTION('',(-0.,0.,-1.));
#6082 = DIRECTION('',(-0.,-1.,0.));
#6083 = FACE_BOUND('',#6084,.F.);
#6084 = EDGE_LOOP('',(#6085));
#6085 = ORIENTED_EDGE('',*,*,#6086,.T.);
#6086 = EDGE_CURVE('',#6087,#6087,#6089,.T.);
#6087 = VERTEX_POINT('',#6088);
#6088 = CARTESIAN_POINT('',(105.5,-37.5969,0.));
#6089 = CIRCLE('',#6090,0.5969);
#6090 = AXIS2_PLACEMENT_3D('',#6091,#6092,#6093);
#6091 = CARTESIAN_POINT('',(105.5,-37.,0.));
#6092 = DIRECTION('',(-0.,0.,-1.));
#6093 = DIRECTION('',(-0.,-1.,0.));
#6094 = FACE_BOUND('',#6095,.F.);
#6095 = EDGE_LOOP('',(#6096));
#6096 = ORIENTED_EDGE('',*,*,#6097,.T.);
#6097 = EDGE_CURVE('',#6098,#6098,#6100,.T.);
#6098 = VERTEX_POINT('',#6099);
#6099 = CARTESIAN_POINT('',(99.16,-27.5,0.));
#6100 = CIRCLE('',#6101,0.5);
#6101 = AXIS2_PLACEMENT_3D('',#6102,#6103,#6104);
#6102 = CARTESIAN_POINT('',(99.16,-27.,0.));
#6103 = DIRECTION('',(-0.,0.,-1.));
#6104 = DIRECTION('',(-0.,-1.,0.));
#6105 = FACE_BOUND('',#6106,.F.);
#6106 = EDGE_LOOP('',(#6107));
#6107 = ORIENTED_EDGE('',*,*,#6108,.T.);
#6108 = EDGE_CURVE('',#6109,#6109,#6111,.T.);
#6109 = VERTEX_POINT('',#6110);
#6110 = CARTESIAN_POINT('',(101.7,-27.5,0.));
#6111 = CIRCLE('',#6112,0.5);
#6112 = AXIS2_PLACEMENT_3D('',#6113,#6114,#6115);
#6113 = CARTESIAN_POINT('',(101.7,-27.,0.));
#6114 = DIRECTION('',(-0.,0.,-1.));
#6115 = DIRECTION('',(-0.,-1.,0.));
#6116 = FACE_BOUND('',#6117,.F.);
#6117 = EDGE_LOOP('',(#6118));
#6118 = ORIENTED_EDGE('',*,*,#6119,.T.);
#6119 = EDGE_CURVE('',#6120,#6120,#6122,.T.);
#6120 = VERTEX_POINT('',#6121);
#6121 = CARTESIAN_POINT('',(104.24,-27.5,0.));
#6122 = CIRCLE('',#6123,0.5);
#6123 = AXIS2_PLACEMENT_3D('',#6124,#6125,#6126);
#6124 = CARTESIAN_POINT('',(104.24,-27.,0.));
#6125 = DIRECTION('',(-0.,0.,-1.));
#6126 = DIRECTION('',(-0.,-1.,0.));
#6127 = FACE_BOUND('',#6128,.F.);
#6128 = EDGE_LOOP('',(#6129));
#6129 = ORIENTED_EDGE('',*,*,#6130,.T.);
#6130 = EDGE_CURVE('',#6131,#6131,#6133,.T.);
#6131 = VERTEX_POINT('',#6132);
#6132 = CARTESIAN_POINT('',(106.78,-27.5,0.));
#6133 = CIRCLE('',#6134,0.5);
#6134 = AXIS2_PLACEMENT_3D('',#6135,#6136,#6137);
#6135 = CARTESIAN_POINT('',(106.78,-27.,0.));
#6136 = DIRECTION('',(-0.,0.,-1.));
#6137 = DIRECTION('',(-0.,-1.,0.));
#6138 = FACE_BOUND('',#6139,.F.);
#6139 = EDGE_LOOP('',(#6140));
#6140 = ORIENTED_EDGE('',*,*,#6141,.T.);
#6141 = EDGE_CURVE('',#6142,#6142,#6144,.T.);
#6142 = VERTEX_POINT('',#6143);
#6143 = CARTESIAN_POINT('',(134.,-47.5969,0.));
#6144 = CIRCLE('',#6145,0.5969);
#6145 = AXIS2_PLACEMENT_3D('',#6146,#6147,#6148);
#6146 = CARTESIAN_POINT('',(134.,-47.,0.));
#6147 = DIRECTION('',(-0.,0.,-1.));
#6148 = DIRECTION('',(-0.,-1.,0.));
#6149 = FACE_BOUND('',#6150,.F.);
#6150 = EDGE_LOOP('',(#6151));
#6151 = ORIENTED_EDGE('',*,*,#6152,.T.);
#6152 = EDGE_CURVE('',#6153,#6153,#6155,.T.);
#6153 = VERTEX_POINT('',#6154);
#6154 = CARTESIAN_POINT('',(139.,-47.5969,0.));
#6155 = CIRCLE('',#6156,0.5969);
#6156 = AXIS2_PLACEMENT_3D('',#6157,#6158,#6159);
#6157 = CARTESIAN_POINT('',(139.,-47.,0.));
#6158 = DIRECTION('',(-0.,0.,-1.));
#6159 = DIRECTION('',(-0.,-1.,0.));
#6160 = FACE_BOUND('',#6161,.F.);
#6161 = EDGE_LOOP('',(#6162));
#6162 = ORIENTED_EDGE('',*,*,#6163,.T.);
#6163 = EDGE_CURVE('',#6164,#6164,#6166,.T.);
#6164 = VERTEX_POINT('',#6165);
#6165 = CARTESIAN_POINT('',(136.5,-46.0969,0.));
#6166 = CIRCLE('',#6167,0.5969);
#6167 = AXIS2_PLACEMENT_3D('',#6168,#6169,#6170);
#6168 = CARTESIAN_POINT('',(136.5,-45.5,0.));
#6169 = DIRECTION('',(-0.,0.,-1.));
#6170 = DIRECTION('',(-0.,-1.,0.));
#6171 = FACE_BOUND('',#6172,.F.);
#6172 = EDGE_LOOP('',(#6173));
#6173 = ORIENTED_EDGE('',*,*,#6174,.T.);
#6174 = EDGE_CURVE('',#6175,#6175,#6177,.T.);
#6175 = VERTEX_POINT('',#6176);
#6176 = CARTESIAN_POINT('',(149.5,-46.5969,0.));
#6177 = CIRCLE('',#6178,0.5969);
#6178 = AXIS2_PLACEMENT_3D('',#6179,#6180,#6181);
#6179 = CARTESIAN_POINT('',(149.5,-46.,0.));
#6180 = DIRECTION('',(-0.,0.,-1.));
#6181 = DIRECTION('',(-0.,-1.,0.));
#6182 = FACE_BOUND('',#6183,.F.);
#6183 = EDGE_LOOP('',(#6184));
#6184 = ORIENTED_EDGE('',*,*,#6185,.T.);
#6185 = EDGE_CURVE('',#6186,#6186,#6188,.T.);
#6186 = VERTEX_POINT('',#6187);
#6187 = CARTESIAN_POINT('',(152.,-45.0969,0.));
#6188 = CIRCLE('',#6189,0.5969);
#6189 = AXIS2_PLACEMENT_3D('',#6190,#6191,#6192);
#6190 = CARTESIAN_POINT('',(152.,-44.5,0.));
#6191 = DIRECTION('',(-0.,0.,-1.));
#6192 = DIRECTION('',(-0.,-1.,0.));
#6193 = FACE_BOUND('',#6194,.F.);
#6194 = EDGE_LOOP('',(#6195));
#6195 = ORIENTED_EDGE('',*,*,#6196,.T.);
#6196 = EDGE_CURVE('',#6197,#6197,#6199,.T.);
#6197 = VERTEX_POINT('',#6198);
#6198 = CARTESIAN_POINT('',(154.5,-46.5969,0.));
#6199 = CIRCLE('',#6200,0.5969);
#6200 = AXIS2_PLACEMENT_3D('',#6201,#6202,#6203);
#6201 = CARTESIAN_POINT('',(154.5,-46.,0.));
#6202 = DIRECTION('',(-0.,0.,-1.));
#6203 = DIRECTION('',(-0.,-1.,0.));
#6204 = FACE_BOUND('',#6205,.F.);
#6205 = EDGE_LOOP('',(#6206));
#6206 = ORIENTED_EDGE('',*,*,#6207,.T.);
#6207 = EDGE_CURVE('',#6208,#6208,#6210,.T.);
#6208 = VERTEX_POINT('',#6209);
#6209 = CARTESIAN_POINT('',(134.9,-37.45,0.));
#6210 = CIRCLE('',#6211,1.75);
#6211 = AXIS2_PLACEMENT_3D('',#6212,#6213,#6214);
#6212 = CARTESIAN_POINT('',(134.9,-35.7,0.));
#6213 = DIRECTION('',(-0.,0.,-1.));
#6214 = DIRECTION('',(-0.,-1.,0.));
#6215 = FACE_BOUND('',#6216,.F.);
#6216 = EDGE_LOOP('',(#6217));
#6217 = ORIENTED_EDGE('',*,*,#6218,.T.);
#6218 = EDGE_CURVE('',#6219,#6219,#6221,.T.);
#6219 = VERTEX_POINT('',#6220);
#6220 = CARTESIAN_POINT('',(148.38,-33.5,0.));
#6221 = CIRCLE('',#6222,0.5);
#6222 = AXIS2_PLACEMENT_3D('',#6223,#6224,#6225);
#6223 = CARTESIAN_POINT('',(148.38,-33.,0.));
#6224 = DIRECTION('',(-0.,0.,-1.));
#6225 = DIRECTION('',(-0.,-1.,0.));
#6226 = FACE_BOUND('',#6227,.F.);
#6227 = EDGE_LOOP('',(#6228));
#6228 = ORIENTED_EDGE('',*,*,#6229,.T.);
#6229 = EDGE_CURVE('',#6230,#6230,#6232,.T.);
#6230 = VERTEX_POINT('',#6231);
#6231 = CARTESIAN_POINT('',(150.92,-33.5,0.));
#6232 = CIRCLE('',#6233,0.5);
#6233 = AXIS2_PLACEMENT_3D('',#6234,#6235,#6236);
#6234 = CARTESIAN_POINT('',(150.92,-33.,0.));
#6235 = DIRECTION('',(-0.,0.,-1.));
#6236 = DIRECTION('',(-0.,-1.,0.));
#6237 = FACE_BOUND('',#6238,.F.);
#6238 = EDGE_LOOP('',(#6239));
#6239 = ORIENTED_EDGE('',*,*,#6240,.T.);
#6240 = EDGE_CURVE('',#6241,#6241,#6243,.T.);
#6241 = VERTEX_POINT('',#6242);
#6242 = CARTESIAN_POINT('',(153.46,-33.5,0.));
#6243 = CIRCLE('',#6244,0.5);
#6244 = AXIS2_PLACEMENT_3D('',#6245,#6246,#6247);
#6245 = CARTESIAN_POINT('',(153.46,-33.,0.));
#6246 = DIRECTION('',(-0.,0.,-1.));
#6247 = DIRECTION('',(-0.,-1.,0.));
#6248 = FACE_BOUND('',#6249,.F.);
#6249 = EDGE_LOOP('',(#6250));
#6250 = ORIENTED_EDGE('',*,*,#6251,.T.);
#6251 = EDGE_CURVE('',#6252,#6252,#6254,.T.);
#6252 = VERTEX_POINT('',#6253);
#6253 = CARTESIAN_POINT('',(156.,-33.5,0.));
#6254 = CIRCLE('',#6255,0.5);
#6255 = AXIS2_PLACEMENT_3D('',#6256,#6257,#6258);
#6256 = CARTESIAN_POINT('',(156.,-33.,0.));
#6257 = DIRECTION('',(-0.,0.,-1.));
#6258 = DIRECTION('',(-0.,-1.,0.));
#6259 = PLANE('',#6260);
#6260 = AXIS2_PLACEMENT_3D('',#6261,#6262,#6263);
#6261 = CARTESIAN_POINT('',(0.,0.,0.));
#6262 = DIRECTION('',(0.,0.,1.));
#6263 = DIRECTION('',(1.,0.,-0.));
#6264 = ADVANCED_FACE('',(#6265,#6387,#6398,#6409,#6420,#6431,#6442,
    #6453,#6464,#6475,#6486,#6497,#6508,#6519,#6530,#6541,#6552,#6563,
    #6574,#6585,#6596,#6607,#6618,#6629,#6640,#6651,#6662,#6673,#6684,
    #6695,#6706,#6717,#6728,#6739,#6750,#6761,#6772,#6783,#6794,#6805,
    #6816,#6827,#6838,#6849,#6860,#6871,#6882,#6893,#6904,#6915,#6926,
    #6937,#6948,#6959,#6970,#6981,#6992,#7003,#7014,#7025,#7036,#7047,
    #7058,#7069,#7080,#7091,#7102,#7113,#7124,#7135,#7146,#7157,#7168,
    #7204,#7240,#7251,#7262,#7273,#7284,#7295,#7306,#7317,#7353,#7364,
    #7375,#7386,#7422,#7458,#7469,#7505,#7516,#7527,#7563,#7574,#7585,
    #7621,#7632,#7643,#7654,#7665,#7676,#7687,#7698,#7709,#7720,#7731,
    #7742,#7753,#7764,#7775,#7786,#7797,#7808,#7819,#7830,#7841,#7852,
    #7863,#7874,#7885,#7896,#7907,#7918,#7929,#7940,#7951,#7962,#7973,
    #7984,#7995,#8006,#8017,#8028,#8039,#8050,#8061),#8072,.T.);
#6265 = FACE_BOUND('',#6266,.T.);
#6266 = EDGE_LOOP('',(#6267,#6268,#6269,#6278,#6286,#6295,#6303,#6312,
    #6320,#6329,#6337,#6346,#6354,#6363,#6371,#6379,#6386));
#6267 = ORIENTED_EDGE('',*,*,#4361,.F.);
#6268 = ORIENTED_EDGE('',*,*,#4403,.F.);
#6269 = ORIENTED_EDGE('',*,*,#6270,.F.);
#6270 = EDGE_CURVE('',#6271,#4396,#6273,.T.);
#6271 = VERTEX_POINT('',#6272);
#6272 = CARTESIAN_POINT('',(31.5,-30.5,1.51));
#6273 = CIRCLE('',#6274,4.999999678834);
#6274 = AXIS2_PLACEMENT_3D('',#6275,#6276,#6277);
#6275 = CARTESIAN_POINT('',(36.499999678834,-30.49999967883,1.51));
#6276 = DIRECTION('',(0.,0.,-1.));
#6277 = DIRECTION('',(-1.,-6.423314275614E-08,-0.));
#6278 = ORIENTED_EDGE('',*,*,#6279,.F.);
#6279 = EDGE_CURVE('',#6280,#6271,#6282,.T.);
#6280 = VERTEX_POINT('',#6281);
#6281 = CARTESIAN_POINT('',(31.5,-98.811312,1.51));
#6282 = LINE('',#6283,#6284);
#6283 = CARTESIAN_POINT('',(31.5,-98.811312,1.51));
#6284 = VECTOR('',#6285,1.);
#6285 = DIRECTION('',(0.,1.,0.));
#6286 = ORIENTED_EDGE('',*,*,#6287,.F.);
#6287 = EDGE_CURVE('',#6288,#6280,#6290,.T.);
#6288 = VERTEX_POINT('',#6289);
#6289 = CARTESIAN_POINT('',(33.369532,-107.254423,1.51));
#6290 = CIRCLE('',#6291,19.999885247499);
#6291 = AXIS2_PLACEMENT_3D('',#6292,#6293,#6294);
#6292 = CARTESIAN_POINT('',(51.499885247483,-98.81133700999,1.51));
#6293 = DIRECTION('',(0.,0.,-1.));
#6294 = DIRECTION('',(-0.906522863662,-0.422156721677,-0.));
#6295 = ORIENTED_EDGE('',*,*,#6296,.F.);
#6296 = EDGE_CURVE('',#6297,#6288,#6299,.T.);
#6297 = VERTEX_POINT('',#6298);
#6298 = CARTESIAN_POINT('',(46.8,-136.094584,1.51));
#6299 = LINE('',#6300,#6301);
#6300 = CARTESIAN_POINT('',(46.8,-136.094584,1.51));
#6301 = VECTOR('',#6302,1.);
#6302 = DIRECTION('',(-0.422155538909,0.906523414462,0.));
#6303 = ORIENTED_EDGE('',*,*,#6304,.F.);
#6304 = EDGE_CURVE('',#6305,#6297,#6307,.T.);
#6305 = VERTEX_POINT('',#6306);
#6306 = CARTESIAN_POINT('',(53.439741,-138.523539,1.51));
#6307 = CIRCLE('',#6308,4.996106595159);
#6308 = AXIS2_PLACEMENT_3D('',#6309,#6310,#6311);
#6309 = CARTESIAN_POINT('',(51.332796397607,-133.9934324281,1.51));
#6310 = DIRECTION('',(-0.,0.,-1.));
#6311 = DIRECTION('',(0.421717303717,-0.90672736572,-0.));
#6312 = ORIENTED_EDGE('',*,*,#6313,.F.);
#6313 = EDGE_CURVE('',#6314,#6305,#6316,.T.);
#6314 = VERTEX_POINT('',#6315);
#6315 = CARTESIAN_POINT('',(92.382865,-120.372362,1.51));
#6316 = LINE('',#6317,#6318);
#6317 = CARTESIAN_POINT('',(92.382865,-120.372362,1.51));
#6318 = VECTOR('',#6319,1.);
#6319 = DIRECTION('',(-0.906381764336,-0.422459580645,0.));
#6320 = ORIENTED_EDGE('',*,*,#6321,.F.);
#6321 = EDGE_CURVE('',#6322,#6314,#6324,.T.);
#6322 = VERTEX_POINT('',#6323);
#6323 = CARTESIAN_POINT('',(100.832057,-118.499997,1.51));
#6324 = CIRCLE('',#6325,19.9996269313);
#6325 = AXIS2_PLACEMENT_3D('',#6326,#6327,#6328);
#6326 = CARTESIAN_POINT('',(100.83197455494,-138.4996239311,1.51));
#6327 = DIRECTION('',(0.,0.,1.));
#6328 = DIRECTION('',(4.122329887902E-06,0.999999999992,-0.));
#6329 = ORIENTED_EDGE('',*,*,#6330,.F.);
#6330 = EDGE_CURVE('',#6331,#6322,#6333,.T.);
#6331 = VERTEX_POINT('',#6332);
#6332 = CARTESIAN_POINT('',(161.,-118.5,1.51));
#6333 = LINE('',#6334,#6335);
#6334 = CARTESIAN_POINT('',(161.,-118.5,1.51));
#6335 = VECTOR('',#6336,1.);
#6336 = DIRECTION('',(-1.,4.986043825092E-08,0.));
#6337 = ORIENTED_EDGE('',*,*,#6338,.F.);
#6338 = EDGE_CURVE('',#6339,#6331,#6341,.T.);
#6339 = VERTEX_POINT('',#6340);
#6340 = CARTESIAN_POINT('',(166.,-113.5,1.51));
#6341 = CIRCLE('',#6342,4.999999678834);
#6342 = AXIS2_PLACEMENT_3D('',#6343,#6344,#6345);
#6343 = CARTESIAN_POINT('',(161.00000032116,-113.5000003211,1.51));
#6344 = DIRECTION('',(0.,0.,-1.));
#6345 = DIRECTION('',(1.,6.42331470194E-08,0.));
#6346 = ORIENTED_EDGE('',*,*,#6347,.F.);
#6347 = EDGE_CURVE('',#6348,#6339,#6350,.T.);
#6348 = VERTEX_POINT('',#6349);
#6349 = CARTESIAN_POINT('',(166.,-36.5,1.51));
#6350 = LINE('',#6351,#6352);
#6351 = CARTESIAN_POINT('',(166.,-36.5,1.51));
#6352 = VECTOR('',#6353,1.);
#6353 = DIRECTION('',(0.,-1.,0.));
#6354 = ORIENTED_EDGE('',*,*,#6355,.F.);
#6355 = EDGE_CURVE('',#6356,#6348,#6358,.T.);
#6356 = VERTEX_POINT('',#6357);
#6357 = CARTESIAN_POINT('',(161.,-31.5,1.51));
#6358 = CIRCLE('',#6359,4.999999678834);
#6359 = AXIS2_PLACEMENT_3D('',#6360,#6361,#6362);
#6360 = CARTESIAN_POINT('',(161.00000032116,-36.49999967883,1.51));
#6361 = DIRECTION('',(0.,0.,-1.));
#6362 = DIRECTION('',(-6.42331470194E-08,1.,0.));
#6363 = ORIENTED_EDGE('',*,*,#6364,.F.);
#6364 = EDGE_CURVE('',#6365,#6356,#6367,.T.);
#6365 = VERTEX_POINT('',#6366);
#6366 = CARTESIAN_POINT('',(152.,-31.5,1.51));
#6367 = LINE('',#6368,#6369);
#6368 = CARTESIAN_POINT('',(152.,-31.5,1.51));
#6369 = VECTOR('',#6370,1.);
#6370 = DIRECTION('',(1.,0.,0.));
#6371 = ORIENTED_EDGE('',*,*,#6372,.F.);
#6372 = EDGE_CURVE('',#6373,#6365,#6375,.T.);
#6373 = VERTEX_POINT('',#6374);
#6374 = CARTESIAN_POINT('',(138.86833,-31.5,1.51));
#6375 = LINE('',#6376,#6377);
#6376 = CARTESIAN_POINT('',(138.86833,-31.5,1.51));
#6377 = VECTOR('',#6378,1.);
#6378 = DIRECTION('',(1.,0.,0.));
#6379 = ORIENTED_EDGE('',*,*,#6380,.F.);
#6380 = EDGE_CURVE('',#4426,#6373,#6381,.T.);
#6381 = CIRCLE('',#6382,29.999671432031);
#6382 = AXIS2_PLACEMENT_3D('',#6383,#6384,#6385);
#6383 = CARTESIAN_POINT('',(138.8682764858,-1.500328568016,1.51));
#6384 = DIRECTION('',(0.,0.,1.));
#6385 = DIRECTION('',(-0.316229446289,-0.948682737958,0.));
#6386 = ORIENTED_EDGE('',*,*,#4425,.F.);
#6387 = FACE_BOUND('',#6388,.T.);
#6388 = EDGE_LOOP('',(#6389));
#6389 = ORIENTED_EDGE('',*,*,#6390,.T.);
#6390 = EDGE_CURVE('',#6391,#6391,#6393,.T.);
#6391 = VERTEX_POINT('',#6392);
#6392 = CARTESIAN_POINT('',(49.475896,-112.858802,1.51));
#6393 = CIRCLE('',#6394,0.5969);
#6394 = AXIS2_PLACEMENT_3D('',#6395,#6396,#6397);
#6395 = CARTESIAN_POINT('',(49.475896,-112.261902,1.51));
#6396 = DIRECTION('',(-0.,0.,-1.));
#6397 = DIRECTION('',(-0.,-1.,0.));
#6398 = FACE_BOUND('',#6399,.T.);
#6399 = EDGE_LOOP('',(#6400));
#6400 = ORIENTED_EDGE('',*,*,#6401,.T.);
#6401 = EDGE_CURVE('',#6402,#6402,#6404,.T.);
#6402 = VERTEX_POINT('',#6403);
#6403 = CARTESIAN_POINT('',(45.697153,-110.670765,1.51));
#6404 = CIRCLE('',#6405,0.5969);
#6405 = AXIS2_PLACEMENT_3D('',#6406,#6407,#6408);
#6406 = CARTESIAN_POINT('',(45.697153,-110.073865,1.51));
#6407 = DIRECTION('',(-0.,0.,-1.));
#6408 = DIRECTION('',(-0.,-1.,0.));
#6409 = FACE_BOUND('',#6410,.T.);
#6410 = EDGE_LOOP('',(#6411));
#6411 = ORIENTED_EDGE('',*,*,#6412,.T.);
#6412 = EDGE_CURVE('',#6413,#6413,#6415,.T.);
#6413 = VERTEX_POINT('',#6414);
#6414 = CARTESIAN_POINT('',(47.328995,-108.254758,1.51));
#6415 = CIRCLE('',#6416,0.5969);
#6416 = AXIS2_PLACEMENT_3D('',#6417,#6418,#6419);
#6417 = CARTESIAN_POINT('',(47.328995,-107.657858,1.51));
#6418 = DIRECTION('',(-0.,0.,-1.));
#6419 = DIRECTION('',(-0.,-1.,0.));
#6420 = FACE_BOUND('',#6421,.T.);
#6421 = EDGE_LOOP('',(#6422));
#6422 = ORIENTED_EDGE('',*,*,#6423,.T.);
#6423 = EDGE_CURVE('',#6424,#6424,#6426,.T.);
#6424 = VERTEX_POINT('',#6425);
#6425 = CARTESIAN_POINT('',(51.622796,-117.462844,1.51));
#6426 = CIRCLE('',#6427,0.5969);
#6427 = AXIS2_PLACEMENT_3D('',#6428,#6429,#6430);
#6428 = CARTESIAN_POINT('',(51.622796,-116.865944,1.51));
#6429 = DIRECTION('',(-0.,0.,-1.));
#6430 = DIRECTION('',(-0.,-1.,0.));
#6431 = FACE_BOUND('',#6432,.T.);
#6432 = EDGE_LOOP('',(#6433));
#6433 = ORIENTED_EDGE('',*,*,#6434,.T.);
#6434 = EDGE_CURVE('',#6435,#6435,#6437,.T.);
#6435 = VERTEX_POINT('',#6436);
#6436 = CARTESIAN_POINT('',(50.228692,-108.557674,1.51));
#6437 = CIRCLE('',#6438,0.5969);
#6438 = AXIS2_PLACEMENT_3D('',#6439,#6440,#6441);
#6439 = CARTESIAN_POINT('',(50.228692,-107.960774,1.51));
#6440 = DIRECTION('',(-0.,0.,-1.));
#6441 = DIRECTION('',(1.190388232133E-14,-1.,-0.));
#6442 = FACE_BOUND('',#6443,.T.);
#6443 = EDGE_LOOP('',(#6444));
#6444 = ORIENTED_EDGE('',*,*,#6445,.T.);
#6445 = EDGE_CURVE('',#6446,#6446,#6448,.T.);
#6446 = VERTEX_POINT('',#6447);
#6447 = CARTESIAN_POINT('',(65.670567,-110.912261,1.51));
#6448 = CIRCLE('',#6449,0.5969);
#6449 = AXIS2_PLACEMENT_3D('',#6450,#6451,#6452);
#6450 = CARTESIAN_POINT('',(65.670567,-110.315361,1.51));
#6451 = DIRECTION('',(-0.,0.,-1.));
#6452 = DIRECTION('',(-0.,-1.,0.));
#6453 = FACE_BOUND('',#6454,.T.);
#6454 = EDGE_LOOP('',(#6455));
#6455 = ORIENTED_EDGE('',*,*,#6456,.T.);
#6456 = EDGE_CURVE('',#6457,#6457,#6459,.T.);
#6457 = VERTEX_POINT('',#6458);
#6458 = CARTESIAN_POINT('',(49.037128,-97.966619,1.51));
#6459 = CIRCLE('',#6460,0.5);
#6460 = AXIS2_PLACEMENT_3D('',#6461,#6462,#6463);
#6461 = CARTESIAN_POINT('',(49.037128,-97.466619,1.51));
#6462 = DIRECTION('',(-0.,0.,-1.));
#6463 = DIRECTION('',(-0.,-1.,0.));
#6464 = FACE_BOUND('',#6465,.T.);
#6465 = EDGE_LOOP('',(#6466));
#6466 = ORIENTED_EDGE('',*,*,#6467,.T.);
#6467 = EDGE_CURVE('',#6468,#6468,#6470,.T.);
#6468 = VERTEX_POINT('',#6469);
#6469 = CARTESIAN_POINT('',(59.744924,-104.120182,1.51));
#6470 = CIRCLE('',#6471,0.5969);
#6471 = AXIS2_PLACEMENT_3D('',#6472,#6473,#6474);
#6472 = CARTESIAN_POINT('',(59.744924,-103.523282,1.51));
#6473 = DIRECTION('',(-0.,0.,-1.));
#6474 = DIRECTION('',(-0.,-1.,0.));
#6475 = FACE_BOUND('',#6476,.T.);
#6476 = EDGE_LOOP('',(#6477));
#6477 = ORIENTED_EDGE('',*,*,#6478,.T.);
#6478 = EDGE_CURVE('',#6479,#6479,#6481,.T.);
#6479 = VERTEX_POINT('',#6480);
#6480 = CARTESIAN_POINT('',(63.523667,-106.308219,1.51));
#6481 = CIRCLE('',#6482,0.5969);
#6482 = AXIS2_PLACEMENT_3D('',#6483,#6484,#6485);
#6483 = CARTESIAN_POINT('',(63.523667,-105.711319,1.51));
#6484 = DIRECTION('',(-0.,0.,-1.));
#6485 = DIRECTION('',(1.190388232133E-14,-1.,-0.));
#6486 = FACE_BOUND('',#6487,.T.);
#6487 = EDGE_LOOP('',(#6488));
#6488 = ORIENTED_EDGE('',*,*,#6489,.T.);
#6489 = EDGE_CURVE('',#6490,#6490,#6492,.T.);
#6490 = VERTEX_POINT('',#6491);
#6491 = CARTESIAN_POINT('',(61.376766,-101.704175,1.51));
#6492 = CIRCLE('',#6493,0.5969);
#6493 = AXIS2_PLACEMENT_3D('',#6494,#6495,#6496);
#6494 = CARTESIAN_POINT('',(61.376766,-101.107275,1.51));
#6495 = DIRECTION('',(-0.,0.,-1.));
#6496 = DIRECTION('',(-0.,-1.,0.));
#6497 = FACE_BOUND('',#6498,.T.);
#6498 = EDGE_LOOP('',(#6499));
#6499 = ORIENTED_EDGE('',*,*,#6500,.T.);
#6500 = EDGE_CURVE('',#6501,#6501,#6503,.T.);
#6501 = VERTEX_POINT('',#6502);
#6502 = CARTESIAN_POINT('',(64.276463,-102.007091,1.51));
#6503 = CIRCLE('',#6504,0.5969);
#6504 = AXIS2_PLACEMENT_3D('',#6505,#6506,#6507);
#6505 = CARTESIAN_POINT('',(64.276463,-101.410191,1.51));
#6506 = DIRECTION('',(-0.,0.,-1.));
#6507 = DIRECTION('',(-0.,-1.,0.));
#6508 = FACE_BOUND('',#6509,.T.);
#6509 = EDGE_LOOP('',(#6510));
#6510 = ORIENTED_EDGE('',*,*,#6511,.T.);
#6511 = EDGE_CURVE('',#6512,#6512,#6514,.T.);
#6512 = VERTEX_POINT('',#6513);
#6513 = CARTESIAN_POINT('',(51.339149,-96.893169,1.51));
#6514 = CIRCLE('',#6515,0.5);
#6515 = AXIS2_PLACEMENT_3D('',#6516,#6517,#6518);
#6516 = CARTESIAN_POINT('',(51.339149,-96.393169,1.51));
#6517 = DIRECTION('',(-0.,0.,-1.));
#6518 = DIRECTION('',(-0.,-1.,0.));
#6519 = FACE_BOUND('',#6520,.T.);
#6520 = EDGE_LOOP('',(#6521));
#6521 = ORIENTED_EDGE('',*,*,#6522,.T.);
#6522 = EDGE_CURVE('',#6523,#6523,#6525,.T.);
#6523 = VERTEX_POINT('',#6524);
#6524 = CARTESIAN_POINT('',(53.641171,-95.819718,1.51));
#6525 = CIRCLE('',#6526,0.5);
#6526 = AXIS2_PLACEMENT_3D('',#6527,#6528,#6529);
#6527 = CARTESIAN_POINT('',(53.641171,-95.319718,1.51));
#6528 = DIRECTION('',(-0.,0.,-1.));
#6529 = DIRECTION('',(-0.,-1.,0.));
#6530 = FACE_BOUND('',#6531,.T.);
#6531 = EDGE_LOOP('',(#6532));
#6532 = ORIENTED_EDGE('',*,*,#6533,.T.);
#6533 = EDGE_CURVE('',#6534,#6534,#6536,.T.);
#6534 = VERTEX_POINT('',#6535);
#6535 = CARTESIAN_POINT('',(83.68,-117.5,1.51));
#6536 = CIRCLE('',#6537,0.5);
#6537 = AXIS2_PLACEMENT_3D('',#6538,#6539,#6540);
#6538 = CARTESIAN_POINT('',(83.68,-117.,1.51));
#6539 = DIRECTION('',(-0.,0.,-1.));
#6540 = DIRECTION('',(-0.,-1.,0.));
#6541 = FACE_BOUND('',#6542,.T.);
#6542 = EDGE_LOOP('',(#6543));
#6543 = ORIENTED_EDGE('',*,*,#6544,.T.);
#6544 = EDGE_CURVE('',#6545,#6545,#6547,.T.);
#6545 = VERTEX_POINT('',#6546);
#6546 = CARTESIAN_POINT('',(86.219999,-117.5,1.51));
#6547 = CIRCLE('',#6548,0.5);
#6548 = AXIS2_PLACEMENT_3D('',#6549,#6550,#6551);
#6549 = CARTESIAN_POINT('',(86.219999,-117.,1.51));
#6550 = DIRECTION('',(-0.,0.,-1.));
#6551 = DIRECTION('',(-0.,-1.,0.));
#6552 = FACE_BOUND('',#6553,.T.);
#6553 = EDGE_LOOP('',(#6554));
#6554 = ORIENTED_EDGE('',*,*,#6555,.T.);
#6555 = EDGE_CURVE('',#6556,#6556,#6558,.T.);
#6556 = VERTEX_POINT('',#6557);
#6557 = CARTESIAN_POINT('',(88.76,-117.5,1.51));
#6558 = CIRCLE('',#6559,0.5);
#6559 = AXIS2_PLACEMENT_3D('',#6560,#6561,#6562);
#6560 = CARTESIAN_POINT('',(88.76,-117.,1.51));
#6561 = DIRECTION('',(-0.,0.,-1.));
#6562 = DIRECTION('',(-0.,-1.,0.));
#6563 = FACE_BOUND('',#6564,.T.);
#6564 = EDGE_LOOP('',(#6565));
#6565 = ORIENTED_EDGE('',*,*,#6566,.T.);
#6566 = EDGE_CURVE('',#6567,#6567,#6569,.T.);
#6567 = VERTEX_POINT('',#6568);
#6568 = CARTESIAN_POINT('',(91.3,-117.5,1.51));
#6569 = CIRCLE('',#6570,0.5);
#6570 = AXIS2_PLACEMENT_3D('',#6571,#6572,#6573);
#6571 = CARTESIAN_POINT('',(91.3,-117.,1.51));
#6572 = DIRECTION('',(-0.,0.,-1.));
#6573 = DIRECTION('',(-0.,-1.,0.));
#6574 = FACE_BOUND('',#6575,.T.);
#6575 = EDGE_LOOP('',(#6576));
#6576 = ORIENTED_EDGE('',*,*,#6577,.T.);
#6577 = EDGE_CURVE('',#6578,#6578,#6580,.T.);
#6578 = VERTEX_POINT('',#6579);
#6579 = CARTESIAN_POINT('',(85.,-107.2569,1.51));
#6580 = CIRCLE('',#6581,0.5969);
#6581 = AXIS2_PLACEMENT_3D('',#6582,#6583,#6584);
#6582 = CARTESIAN_POINT('',(85.,-106.66,1.51));
#6583 = DIRECTION('',(-0.,0.,-1.));
#6584 = DIRECTION('',(-0.,-1.,0.));
#6585 = FACE_BOUND('',#6586,.T.);
#6586 = EDGE_LOOP('',(#6587));
#6587 = ORIENTED_EDGE('',*,*,#6588,.T.);
#6588 = EDGE_CURVE('',#6589,#6589,#6591,.T.);
#6589 = VERTEX_POINT('',#6590);
#6590 = CARTESIAN_POINT('',(87.5,-108.7569,1.51));
#6591 = CIRCLE('',#6592,0.5969);
#6592 = AXIS2_PLACEMENT_3D('',#6593,#6594,#6595);
#6593 = CARTESIAN_POINT('',(87.5,-108.16,1.51));
#6594 = DIRECTION('',(-0.,0.,-1.));
#6595 = DIRECTION('',(-0.,-1.,0.));
#6596 = FACE_BOUND('',#6597,.T.);
#6597 = EDGE_LOOP('',(#6598));
#6598 = ORIENTED_EDGE('',*,*,#6599,.T.);
#6599 = EDGE_CURVE('',#6600,#6600,#6602,.T.);
#6600 = VERTEX_POINT('',#6601);
#6601 = CARTESIAN_POINT('',(90.,-107.2569,1.51));
#6602 = CIRCLE('',#6603,0.5969);
#6603 = AXIS2_PLACEMENT_3D('',#6604,#6605,#6606);
#6604 = CARTESIAN_POINT('',(90.,-106.66,1.51));
#6605 = DIRECTION('',(-0.,0.,-1.));
#6606 = DIRECTION('',(-0.,-1.,0.));
#6607 = FACE_BOUND('',#6608,.T.);
#6608 = EDGE_LOOP('',(#6609));
#6609 = ORIENTED_EDGE('',*,*,#6610,.T.);
#6610 = EDGE_CURVE('',#6611,#6611,#6613,.T.);
#6611 = VERTEX_POINT('',#6612);
#6612 = CARTESIAN_POINT('',(87.5,-103.6769,1.51));
#6613 = CIRCLE('',#6614,0.5969);
#6614 = AXIS2_PLACEMENT_3D('',#6615,#6616,#6617);
#6615 = CARTESIAN_POINT('',(87.5,-103.08,1.51));
#6616 = DIRECTION('',(-0.,0.,-1.));
#6617 = DIRECTION('',(-0.,-1.,0.));
#6618 = FACE_BOUND('',#6619,.T.);
#6619 = EDGE_LOOP('',(#6620));
#6620 = ORIENTED_EDGE('',*,*,#6621,.T.);
#6621 = EDGE_CURVE('',#6622,#6622,#6624,.T.);
#6622 = VERTEX_POINT('',#6623);
#6623 = CARTESIAN_POINT('',(87.5,-98.5969,1.51));
#6624 = CIRCLE('',#6625,0.5969);
#6625 = AXIS2_PLACEMENT_3D('',#6626,#6627,#6628);
#6626 = CARTESIAN_POINT('',(87.5,-98.,1.51));
#6627 = DIRECTION('',(-0.,0.,-1.));
#6628 = DIRECTION('',(-0.,-1.,0.));
#6629 = FACE_BOUND('',#6630,.T.);
#6630 = EDGE_LOOP('',(#6631));
#6631 = ORIENTED_EDGE('',*,*,#6632,.T.);
#6632 = EDGE_CURVE('',#6633,#6633,#6635,.T.);
#6633 = VERTEX_POINT('',#6634);
#6634 = CARTESIAN_POINT('',(55.943193,-94.746268,1.51));
#6635 = CIRCLE('',#6636,0.5);
#6636 = AXIS2_PLACEMENT_3D('',#6637,#6638,#6639);
#6637 = CARTESIAN_POINT('',(55.943193,-94.246268,1.51));
#6638 = DIRECTION('',(-0.,0.,-1.));
#6639 = DIRECTION('',(-0.,-1.,0.));
#6640 = FACE_BOUND('',#6641,.T.);
#6641 = EDGE_LOOP('',(#6642));
#6642 = ORIENTED_EDGE('',*,*,#6643,.T.);
#6643 = EDGE_CURVE('',#6644,#6644,#6646,.T.);
#6644 = VERTEX_POINT('',#6645);
#6645 = CARTESIAN_POINT('',(36.9,-78.15,1.51));
#6646 = CIRCLE('',#6647,1.75);
#6647 = AXIS2_PLACEMENT_3D('',#6648,#6649,#6650);
#6648 = CARTESIAN_POINT('',(36.9,-76.4,1.51));
#6649 = DIRECTION('',(-0.,0.,-1.));
#6650 = DIRECTION('',(-0.,-1.,0.));
#6651 = FACE_BOUND('',#6652,.T.);
#6652 = EDGE_LOOP('',(#6653));
#6653 = ORIENTED_EDGE('',*,*,#6654,.T.);
#6654 = EDGE_CURVE('',#6655,#6655,#6657,.T.);
#6655 = VERTEX_POINT('',#6656);
#6656 = CARTESIAN_POINT('',(48.192893,-77.004007,1.51));
#6657 = CIRCLE('',#6658,0.5969);
#6658 = AXIS2_PLACEMENT_3D('',#6659,#6660,#6661);
#6659 = CARTESIAN_POINT('',(48.192893,-76.407107,1.51));
#6660 = DIRECTION('',(-0.,0.,-1.));
#6661 = DIRECTION('',(-0.,-1.,0.));
#6662 = FACE_BOUND('',#6663,.T.);
#6663 = EDGE_LOOP('',(#6664));
#6664 = ORIENTED_EDGE('',*,*,#6665,.T.);
#6665 = EDGE_CURVE('',#6666,#6666,#6668,.T.);
#6666 = VERTEX_POINT('',#6667);
#6667 = CARTESIAN_POINT('',(49.692893,-79.504007,1.51));
#6668 = CIRCLE('',#6669,0.5969);
#6669 = AXIS2_PLACEMENT_3D('',#6670,#6671,#6672);
#6670 = CARTESIAN_POINT('',(49.692893,-78.907107,1.51));
#6671 = DIRECTION('',(-0.,0.,-1.));
#6672 = DIRECTION('',(-0.,-1.,0.));
#6673 = FACE_BOUND('',#6674,.T.);
#6674 = EDGE_LOOP('',(#6675));
#6675 = ORIENTED_EDGE('',*,*,#6676,.T.);
#6676 = EDGE_CURVE('',#6677,#6677,#6679,.T.);
#6677 = VERTEX_POINT('',#6678);
#6678 = CARTESIAN_POINT('',(53.272893,-77.004007,1.51));
#6679 = CIRCLE('',#6680,0.5969);
#6680 = AXIS2_PLACEMENT_3D('',#6681,#6682,#6683);
#6681 = CARTESIAN_POINT('',(53.272893,-76.407107,1.51));
#6682 = DIRECTION('',(-0.,0.,-1.));
#6683 = DIRECTION('',(1.190388232133E-14,-1.,-0.));
#6684 = FACE_BOUND('',#6685,.T.);
#6685 = EDGE_LOOP('',(#6686));
#6686 = ORIENTED_EDGE('',*,*,#6687,.T.);
#6687 = EDGE_CURVE('',#6688,#6688,#6690,.T.);
#6688 = VERTEX_POINT('',#6689);
#6689 = CARTESIAN_POINT('',(49.692893,-74.504007,1.51));
#6690 = CIRCLE('',#6691,0.5969);
#6691 = AXIS2_PLACEMENT_3D('',#6692,#6693,#6694);
#6692 = CARTESIAN_POINT('',(49.692893,-73.907107,1.51));
#6693 = DIRECTION('',(-0.,0.,-1.));
#6694 = DIRECTION('',(-0.,-1.,0.));
#6695 = FACE_BOUND('',#6696,.T.);
#6696 = EDGE_LOOP('',(#6697));
#6697 = ORIENTED_EDGE('',*,*,#6698,.T.);
#6698 = EDGE_CURVE('',#6699,#6699,#6701,.T.);
#6699 = VERTEX_POINT('',#6700);
#6700 = CARTESIAN_POINT('',(58.352893,-77.004007,1.51));
#6701 = CIRCLE('',#6702,0.5969);
#6702 = AXIS2_PLACEMENT_3D('',#6703,#6704,#6705);
#6703 = CARTESIAN_POINT('',(58.352893,-76.407107,1.51));
#6704 = DIRECTION('',(-0.,0.,-1.));
#6705 = DIRECTION('',(1.190388232133E-14,-1.,-0.));
#6706 = FACE_BOUND('',#6707,.T.);
#6707 = EDGE_LOOP('',(#6708));
#6708 = ORIENTED_EDGE('',*,*,#6709,.T.);
#6709 = EDGE_CURVE('',#6710,#6710,#6712,.T.);
#6710 = VERTEX_POINT('',#6711);
#6711 = CARTESIAN_POINT('',(93.6,-77.35,1.51));
#6712 = CIRCLE('',#6713,2.25);
#6713 = AXIS2_PLACEMENT_3D('',#6714,#6715,#6716);
#6714 = CARTESIAN_POINT('',(93.6,-75.1,1.51));
#6715 = DIRECTION('',(-0.,0.,-1.));
#6716 = DIRECTION('',(-0.,-1.,0.));
#6717 = FACE_BOUND('',#6718,.T.);
#6718 = EDGE_LOOP('',(#6719));
#6719 = ORIENTED_EDGE('',*,*,#6720,.T.);
#6720 = EDGE_CURVE('',#6721,#6721,#6723,.T.);
#6721 = VERTEX_POINT('',#6722);
#6722 = CARTESIAN_POINT('',(103.1,-113.05,1.51));
#6723 = CIRCLE('',#6724,1.75);
#6724 = AXIS2_PLACEMENT_3D('',#6725,#6726,#6727);
#6725 = CARTESIAN_POINT('',(103.1,-111.3,1.51));
#6726 = DIRECTION('',(-0.,0.,-1.));
#6727 = DIRECTION('',(-0.,-1.,0.));
#6728 = FACE_BOUND('',#6729,.T.);
#6729 = EDGE_LOOP('',(#6730));
#6730 = ORIENTED_EDGE('',*,*,#6731,.T.);
#6731 = EDGE_CURVE('',#6732,#6732,#6734,.T.);
#6732 = VERTEX_POINT('',#6733);
#6733 = CARTESIAN_POINT('',(125.72,-117.5,1.51));
#6734 = CIRCLE('',#6735,0.5);
#6735 = AXIS2_PLACEMENT_3D('',#6736,#6737,#6738);
#6736 = CARTESIAN_POINT('',(125.72,-117.,1.51));
#6737 = DIRECTION('',(-0.,0.,-1.));
#6738 = DIRECTION('',(-0.,-1.,0.));
#6739 = FACE_BOUND('',#6740,.T.);
#6740 = EDGE_LOOP('',(#6741));
#6741 = ORIENTED_EDGE('',*,*,#6742,.T.);
#6742 = EDGE_CURVE('',#6743,#6743,#6745,.T.);
#6743 = VERTEX_POINT('',#6744);
#6744 = CARTESIAN_POINT('',(128.26,-117.5,1.51));
#6745 = CIRCLE('',#6746,0.5);
#6746 = AXIS2_PLACEMENT_3D('',#6747,#6748,#6749);
#6747 = CARTESIAN_POINT('',(128.26,-117.,1.51));
#6748 = DIRECTION('',(-0.,0.,-1.));
#6749 = DIRECTION('',(-0.,-1.,0.));
#6750 = FACE_BOUND('',#6751,.T.);
#6751 = EDGE_LOOP('',(#6752));
#6752 = ORIENTED_EDGE('',*,*,#6753,.T.);
#6753 = EDGE_CURVE('',#6754,#6754,#6756,.T.);
#6754 = VERTEX_POINT('',#6755);
#6755 = CARTESIAN_POINT('',(130.8,-117.5,1.51));
#6756 = CIRCLE('',#6757,0.5);
#6757 = AXIS2_PLACEMENT_3D('',#6758,#6759,#6760);
#6758 = CARTESIAN_POINT('',(130.8,-117.,1.51));
#6759 = DIRECTION('',(-0.,0.,-1.));
#6760 = DIRECTION('',(-0.,-1.,0.));
#6761 = FACE_BOUND('',#6762,.T.);
#6762 = EDGE_LOOP('',(#6763));
#6763 = ORIENTED_EDGE('',*,*,#6764,.T.);
#6764 = EDGE_CURVE('',#6765,#6765,#6767,.T.);
#6765 = VERTEX_POINT('',#6766);
#6766 = CARTESIAN_POINT('',(103.,-99.7569,1.51));
#6767 = CIRCLE('',#6768,0.5969);
#6768 = AXIS2_PLACEMENT_3D('',#6769,#6770,#6771);
#6769 = CARTESIAN_POINT('',(103.,-99.16,1.51));
#6770 = DIRECTION('',(-0.,0.,-1.));
#6771 = DIRECTION('',(-0.,-1.,0.));
#6772 = FACE_BOUND('',#6773,.T.);
#6773 = EDGE_LOOP('',(#6774));
#6774 = ORIENTED_EDGE('',*,*,#6775,.T.);
#6775 = EDGE_CURVE('',#6776,#6776,#6778,.T.);
#6776 = VERTEX_POINT('',#6777);
#6777 = CARTESIAN_POINT('',(100.5,-98.2569,1.51));
#6778 = CIRCLE('',#6779,0.5969);
#6779 = AXIS2_PLACEMENT_3D('',#6780,#6781,#6782);
#6780 = CARTESIAN_POINT('',(100.5,-97.66,1.51));
#6781 = DIRECTION('',(-0.,0.,-1.));
#6782 = DIRECTION('',(-0.,-1.,0.));
#6783 = FACE_BOUND('',#6784,.T.);
#6784 = EDGE_LOOP('',(#6785));
#6785 = ORIENTED_EDGE('',*,*,#6786,.T.);
#6786 = EDGE_CURVE('',#6787,#6787,#6789,.T.);
#6787 = VERTEX_POINT('',#6788);
#6788 = CARTESIAN_POINT('',(105.5,-98.2569,1.51));
#6789 = CIRCLE('',#6790,0.5969);
#6790 = AXIS2_PLACEMENT_3D('',#6791,#6792,#6793);
#6791 = CARTESIAN_POINT('',(105.5,-97.66,1.51));
#6792 = DIRECTION('',(-0.,0.,-1.));
#6793 = DIRECTION('',(-0.,-1.,0.));
#6794 = FACE_BOUND('',#6795,.T.);
#6795 = EDGE_LOOP('',(#6796));
#6796 = ORIENTED_EDGE('',*,*,#6797,.T.);
#6797 = EDGE_CURVE('',#6798,#6798,#6800,.T.);
#6798 = VERTEX_POINT('',#6799);
#6799 = CARTESIAN_POINT('',(121.,-104.7569,1.51));
#6800 = CIRCLE('',#6801,0.5969);
#6801 = AXIS2_PLACEMENT_3D('',#6802,#6803,#6804);
#6802 = CARTESIAN_POINT('',(121.,-104.16,1.51));
#6803 = DIRECTION('',(-0.,0.,-1.));
#6804 = DIRECTION('',(-0.,-1.,0.));
#6805 = FACE_BOUND('',#6806,.T.);
#6806 = EDGE_LOOP('',(#6807));
#6807 = ORIENTED_EDGE('',*,*,#6808,.T.);
#6808 = EDGE_CURVE('',#6809,#6809,#6811,.T.);
#6809 = VERTEX_POINT('',#6810);
#6810 = CARTESIAN_POINT('',(118.5,-103.2569,1.51));
#6811 = CIRCLE('',#6812,0.5969);
#6812 = AXIS2_PLACEMENT_3D('',#6813,#6814,#6815);
#6813 = CARTESIAN_POINT('',(118.5,-102.66,1.51));
#6814 = DIRECTION('',(-0.,0.,-1.));
#6815 = DIRECTION('',(-0.,-1.,0.));
#6816 = FACE_BOUND('',#6817,.T.);
#6817 = EDGE_LOOP('',(#6818));
#6818 = ORIENTED_EDGE('',*,*,#6819,.T.);
#6819 = EDGE_CURVE('',#6820,#6820,#6822,.T.);
#6820 = VERTEX_POINT('',#6821);
#6821 = CARTESIAN_POINT('',(123.5,-103.2569,1.51));
#6822 = CIRCLE('',#6823,0.5969);
#6823 = AXIS2_PLACEMENT_3D('',#6824,#6825,#6826);
#6824 = CARTESIAN_POINT('',(123.5,-102.66,1.51));
#6825 = DIRECTION('',(-0.,0.,-1.));
#6826 = DIRECTION('',(-0.,-1.,0.));
#6827 = FACE_BOUND('',#6828,.T.);
#6828 = EDGE_LOOP('',(#6829));
#6829 = ORIENTED_EDGE('',*,*,#6830,.T.);
#6830 = EDGE_CURVE('',#6831,#6831,#6833,.T.);
#6831 = VERTEX_POINT('',#6832);
#6832 = CARTESIAN_POINT('',(121.,-99.6769,1.51));
#6833 = CIRCLE('',#6834,0.5969);
#6834 = AXIS2_PLACEMENT_3D('',#6835,#6836,#6837);
#6835 = CARTESIAN_POINT('',(121.,-99.08,1.51));
#6836 = DIRECTION('',(-0.,0.,-1.));
#6837 = DIRECTION('',(-0.,-1.,0.));
#6838 = FACE_BOUND('',#6839,.T.);
#6839 = EDGE_LOOP('',(#6840));
#6840 = ORIENTED_EDGE('',*,*,#6841,.T.);
#6841 = EDGE_CURVE('',#6842,#6842,#6844,.T.);
#6842 = VERTEX_POINT('',#6843);
#6843 = CARTESIAN_POINT('',(133.34,-117.5,1.51));
#6844 = CIRCLE('',#6845,0.5);
#6845 = AXIS2_PLACEMENT_3D('',#6846,#6847,#6848);
#6846 = CARTESIAN_POINT('',(133.34,-117.,1.51));
#6847 = DIRECTION('',(-0.,0.,-1.));
#6848 = DIRECTION('',(-0.,-1.,0.));
#6849 = FACE_BOUND('',#6850,.T.);
#6850 = EDGE_LOOP('',(#6851));
#6851 = ORIENTED_EDGE('',*,*,#6852,.T.);
#6852 = EDGE_CURVE('',#6853,#6853,#6855,.T.);
#6853 = VERTEX_POINT('',#6854);
#6854 = CARTESIAN_POINT('',(136.5,-109.7569,1.51));
#6855 = CIRCLE('',#6856,0.5969);
#6856 = AXIS2_PLACEMENT_3D('',#6857,#6858,#6859);
#6857 = CARTESIAN_POINT('',(136.5,-109.16,1.51));
#6858 = DIRECTION('',(-0.,0.,-1.));
#6859 = DIRECTION('',(-0.,-1.,0.));
#6860 = FACE_BOUND('',#6861,.T.);
#6861 = EDGE_LOOP('',(#6862));
#6862 = ORIENTED_EDGE('',*,*,#6863,.T.);
#6863 = EDGE_CURVE('',#6864,#6864,#6866,.T.);
#6864 = VERTEX_POINT('',#6865);
#6865 = CARTESIAN_POINT('',(134.,-108.2569,1.51));
#6866 = CIRCLE('',#6867,0.5969);
#6867 = AXIS2_PLACEMENT_3D('',#6868,#6869,#6870);
#6868 = CARTESIAN_POINT('',(134.,-107.66,1.51));
#6869 = DIRECTION('',(-0.,0.,-1.));
#6870 = DIRECTION('',(-0.,-1.,0.));
#6871 = FACE_BOUND('',#6872,.T.);
#6872 = EDGE_LOOP('',(#6873));
#6873 = ORIENTED_EDGE('',*,*,#6874,.T.);
#6874 = EDGE_CURVE('',#6875,#6875,#6877,.T.);
#6875 = VERTEX_POINT('',#6876);
#6876 = CARTESIAN_POINT('',(139.,-108.2569,1.51));
#6877 = CIRCLE('',#6878,0.5969);
#6878 = AXIS2_PLACEMENT_3D('',#6879,#6880,#6881);
#6879 = CARTESIAN_POINT('',(139.,-107.66,1.51));
#6880 = DIRECTION('',(-0.,0.,-1.));
#6881 = DIRECTION('',(-0.,-1.,0.));
#6882 = FACE_BOUND('',#6883,.T.);
#6883 = EDGE_LOOP('',(#6884));
#6884 = ORIENTED_EDGE('',*,*,#6885,.T.);
#6885 = EDGE_CURVE('',#6886,#6886,#6888,.T.);
#6886 = VERTEX_POINT('',#6887);
#6887 = CARTESIAN_POINT('',(162.,-116.35,1.51));
#6888 = CIRCLE('',#6889,1.75);
#6889 = AXIS2_PLACEMENT_3D('',#6890,#6891,#6892);
#6890 = CARTESIAN_POINT('',(162.,-114.6,1.51));
#6891 = DIRECTION('',(-0.,0.,-1.));
#6892 = DIRECTION('',(-0.,-1.,0.));
#6893 = FACE_BOUND('',#6894,.T.);
#6894 = EDGE_LOOP('',(#6895));
#6895 = ORIENTED_EDGE('',*,*,#6896,.T.);
#6896 = EDGE_CURVE('',#6897,#6897,#6899,.T.);
#6897 = VERTEX_POINT('',#6898);
#6898 = CARTESIAN_POINT('',(152.,-108.7569,1.51));
#6899 = CIRCLE('',#6900,0.5969);
#6900 = AXIS2_PLACEMENT_3D('',#6901,#6902,#6903);
#6901 = CARTESIAN_POINT('',(152.,-108.16,1.51));
#6902 = DIRECTION('',(-0.,0.,-1.));
#6903 = DIRECTION('',(-0.,-1.,0.));
#6904 = FACE_BOUND('',#6905,.T.);
#6905 = EDGE_LOOP('',(#6906));
#6906 = ORIENTED_EDGE('',*,*,#6907,.T.);
#6907 = EDGE_CURVE('',#6908,#6908,#6910,.T.);
#6908 = VERTEX_POINT('',#6909);
#6909 = CARTESIAN_POINT('',(149.5,-107.2569,1.51));
#6910 = CIRCLE('',#6911,0.5969);
#6911 = AXIS2_PLACEMENT_3D('',#6912,#6913,#6914);
#6912 = CARTESIAN_POINT('',(149.5,-106.66,1.51));
#6913 = DIRECTION('',(-0.,0.,-1.));
#6914 = DIRECTION('',(-0.,-1.,0.));
#6915 = FACE_BOUND('',#6916,.T.);
#6916 = EDGE_LOOP('',(#6917));
#6917 = ORIENTED_EDGE('',*,*,#6918,.T.);
#6918 = EDGE_CURVE('',#6919,#6919,#6921,.T.);
#6919 = VERTEX_POINT('',#6920);
#6920 = CARTESIAN_POINT('',(154.5,-107.2569,1.51));
#6921 = CIRCLE('',#6922,0.5969);
#6922 = AXIS2_PLACEMENT_3D('',#6923,#6924,#6925);
#6923 = CARTESIAN_POINT('',(154.5,-106.66,1.51));
#6924 = DIRECTION('',(-0.,0.,-1.));
#6925 = DIRECTION('',(-0.,-1.,0.));
#6926 = FACE_BOUND('',#6927,.T.);
#6927 = EDGE_LOOP('',(#6928));
#6928 = ORIENTED_EDGE('',*,*,#6929,.T.);
#6929 = EDGE_CURVE('',#6930,#6930,#6932,.T.);
#6930 = VERTEX_POINT('',#6931);
#6931 = CARTESIAN_POINT('',(136.5,-104.6769,1.51));
#6932 = CIRCLE('',#6933,0.5969);
#6933 = AXIS2_PLACEMENT_3D('',#6934,#6935,#6936);
#6934 = CARTESIAN_POINT('',(136.5,-104.08,1.51));
#6935 = DIRECTION('',(-0.,0.,-1.));
#6936 = DIRECTION('',(-0.,-1.,0.));
#6937 = FACE_BOUND('',#6938,.T.);
#6938 = EDGE_LOOP('',(#6939));
#6939 = ORIENTED_EDGE('',*,*,#6940,.T.);
#6940 = EDGE_CURVE('',#6941,#6941,#6943,.T.);
#6941 = VERTEX_POINT('',#6942);
#6942 = CARTESIAN_POINT('',(136.5,-99.5969,1.51));
#6943 = CIRCLE('',#6944,0.5969);
#6944 = AXIS2_PLACEMENT_3D('',#6945,#6946,#6947);
#6945 = CARTESIAN_POINT('',(136.5,-99.,1.51));
#6946 = DIRECTION('',(-0.,0.,-1.));
#6947 = DIRECTION('',(-0.,-1.,0.));
#6948 = FACE_BOUND('',#6949,.T.);
#6949 = EDGE_LOOP('',(#6950));
#6950 = ORIENTED_EDGE('',*,*,#6951,.T.);
#6951 = EDGE_CURVE('',#6952,#6952,#6954,.T.);
#6952 = VERTEX_POINT('',#6953);
#6953 = CARTESIAN_POINT('',(152.,-103.6769,1.51));
#6954 = CIRCLE('',#6955,0.5969);
#6955 = AXIS2_PLACEMENT_3D('',#6956,#6957,#6958);
#6956 = CARTESIAN_POINT('',(152.,-103.08,1.51));
#6957 = DIRECTION('',(-0.,0.,-1.));
#6958 = DIRECTION('',(-0.,-1.,0.));
#6959 = FACE_BOUND('',#6960,.T.);
#6960 = EDGE_LOOP('',(#6961));
#6961 = ORIENTED_EDGE('',*,*,#6962,.T.);
#6962 = EDGE_CURVE('',#6963,#6963,#6965,.T.);
#6963 = VERTEX_POINT('',#6964);
#6964 = CARTESIAN_POINT('',(152.,-98.5969,1.51));
#6965 = CIRCLE('',#6966,0.5969);
#6966 = AXIS2_PLACEMENT_3D('',#6967,#6968,#6969);
#6967 = CARTESIAN_POINT('',(152.,-98.,1.51));
#6968 = DIRECTION('',(-0.,0.,-1.));
#6969 = DIRECTION('',(-0.,-1.,0.));
#6970 = FACE_BOUND('',#6971,.T.);
#6971 = EDGE_LOOP('',(#6972));
#6972 = ORIENTED_EDGE('',*,*,#6973,.T.);
#6973 = EDGE_CURVE('',#6974,#6974,#6976,.T.);
#6974 = VERTEX_POINT('',#6975);
#6975 = CARTESIAN_POINT('',(103.,-94.6769,1.51));
#6976 = CIRCLE('',#6977,0.5969);
#6977 = AXIS2_PLACEMENT_3D('',#6978,#6979,#6980);
#6978 = CARTESIAN_POINT('',(103.,-94.08,1.51));
#6979 = DIRECTION('',(-0.,0.,-1.));
#6980 = DIRECTION('',(-0.,-1.,0.));
#6981 = FACE_BOUND('',#6982,.T.);
#6982 = EDGE_LOOP('',(#6983));
#6983 = ORIENTED_EDGE('',*,*,#6984,.T.);
#6984 = EDGE_CURVE('',#6985,#6985,#6987,.T.);
#6985 = VERTEX_POINT('',#6986);
#6986 = CARTESIAN_POINT('',(103.,-89.5969,1.51));
#6987 = CIRCLE('',#6988,0.5969);
#6988 = AXIS2_PLACEMENT_3D('',#6989,#6990,#6991);
#6989 = CARTESIAN_POINT('',(103.,-89.,1.51));
#6990 = DIRECTION('',(-0.,0.,-1.));
#6991 = DIRECTION('',(-0.,-1.,0.));
#6992 = FACE_BOUND('',#6993,.T.);
#6993 = EDGE_LOOP('',(#6994));
#6994 = ORIENTED_EDGE('',*,*,#6995,.T.);
#6995 = EDGE_CURVE('',#6996,#6996,#6998,.T.);
#6996 = VERTEX_POINT('',#6997);
#6997 = CARTESIAN_POINT('',(121.,-94.5969,1.51));
#6998 = CIRCLE('',#6999,0.5969);
#6999 = AXIS2_PLACEMENT_3D('',#7000,#7001,#7002);
#7000 = CARTESIAN_POINT('',(121.,-94.,1.51));
#7001 = DIRECTION('',(-0.,0.,-1.));
#7002 = DIRECTION('',(-0.,-1.,0.));
#7003 = FACE_BOUND('',#7004,.T.);
#7004 = EDGE_LOOP('',(#7005));
#7005 = ORIENTED_EDGE('',*,*,#7006,.T.);
#7006 = EDGE_CURVE('',#7007,#7007,#7009,.T.);
#7007 = VERTEX_POINT('',#7008);
#7008 = CARTESIAN_POINT('',(164.5,-77.52,1.51));
#7009 = CIRCLE('',#7010,0.5);
#7010 = AXIS2_PLACEMENT_3D('',#7011,#7012,#7013);
#7011 = CARTESIAN_POINT('',(164.5,-77.02,1.51));
#7012 = DIRECTION('',(-0.,0.,-1.));
#7013 = DIRECTION('',(-0.,-1.,0.));
#7014 = FACE_BOUND('',#7015,.T.);
#7015 = EDGE_LOOP('',(#7016));
#7016 = ORIENTED_EDGE('',*,*,#7017,.T.);
#7017 = EDGE_CURVE('',#7018,#7018,#7020,.T.);
#7018 = VERTEX_POINT('',#7019);
#7019 = CARTESIAN_POINT('',(164.5,-74.98,1.51));
#7020 = CIRCLE('',#7021,0.5);
#7021 = AXIS2_PLACEMENT_3D('',#7022,#7023,#7024);
#7022 = CARTESIAN_POINT('',(164.5,-74.48,1.51));
#7023 = DIRECTION('',(-0.,0.,-1.));
#7024 = DIRECTION('',(-0.,-1.,0.));
#7025 = FACE_BOUND('',#7026,.T.);
#7026 = EDGE_LOOP('',(#7027));
#7027 = ORIENTED_EDGE('',*,*,#7028,.T.);
#7028 = EDGE_CURVE('',#7029,#7029,#7031,.T.);
#7029 = VERTEX_POINT('',#7030);
#7030 = CARTESIAN_POINT('',(46.06,-57.43,1.51));
#7031 = CIRCLE('',#7032,0.55);
#7032 = AXIS2_PLACEMENT_3D('',#7033,#7034,#7035);
#7033 = CARTESIAN_POINT('',(46.06,-56.88,1.51));
#7034 = DIRECTION('',(-0.,0.,-1.));
#7035 = DIRECTION('',(-0.,-1.,0.));
#7036 = FACE_BOUND('',#7037,.T.);
#7037 = EDGE_LOOP('',(#7038));
#7038 = ORIENTED_EDGE('',*,*,#7039,.T.);
#7039 = EDGE_CURVE('',#7040,#7040,#7042,.T.);
#7040 = VERTEX_POINT('',#7041);
#7041 = CARTESIAN_POINT('',(46.06,-54.89,1.51));
#7042 = CIRCLE('',#7043,0.55);
#7043 = AXIS2_PLACEMENT_3D('',#7044,#7045,#7046);
#7044 = CARTESIAN_POINT('',(46.06,-54.34,1.51));
#7045 = DIRECTION('',(-0.,0.,-1.));
#7046 = DIRECTION('',(-0.,-1.,0.));
#7047 = FACE_BOUND('',#7048,.T.);
#7048 = EDGE_LOOP('',(#7049));
#7049 = ORIENTED_EDGE('',*,*,#7050,.T.);
#7050 = EDGE_CURVE('',#7051,#7051,#7053,.T.);
#7051 = VERTEX_POINT('',#7052);
#7052 = CARTESIAN_POINT('',(46.06,-52.35,1.51));
#7053 = CIRCLE('',#7054,0.55);
#7054 = AXIS2_PLACEMENT_3D('',#7055,#7056,#7057);
#7055 = CARTESIAN_POINT('',(46.06,-51.8,1.51));
#7056 = DIRECTION('',(-0.,0.,-1.));
#7057 = DIRECTION('',(-0.,-1.,0.));
#7058 = FACE_BOUND('',#7059,.T.);
#7059 = EDGE_LOOP('',(#7060));
#7060 = ORIENTED_EDGE('',*,*,#7061,.T.);
#7061 = EDGE_CURVE('',#7062,#7062,#7064,.T.);
#7062 = VERTEX_POINT('',#7063);
#7063 = CARTESIAN_POINT('',(46.06,-49.81,1.51));
#7064 = CIRCLE('',#7065,0.55);
#7065 = AXIS2_PLACEMENT_3D('',#7066,#7067,#7068);
#7066 = CARTESIAN_POINT('',(46.06,-49.26,1.51));
#7067 = DIRECTION('',(-0.,0.,-1.));
#7068 = DIRECTION('',(-0.,-1.,0.));
#7069 = FACE_BOUND('',#7070,.T.);
#7070 = EDGE_LOOP('',(#7071));
#7071 = ORIENTED_EDGE('',*,*,#7072,.T.);
#7072 = EDGE_CURVE('',#7073,#7073,#7075,.T.);
#7073 = VERTEX_POINT('',#7074);
#7074 = CARTESIAN_POINT('',(61.3,-57.43,1.51));
#7075 = CIRCLE('',#7076,0.55);
#7076 = AXIS2_PLACEMENT_3D('',#7077,#7078,#7079);
#7077 = CARTESIAN_POINT('',(61.3,-56.88,1.51));
#7078 = DIRECTION('',(-0.,0.,-1.));
#7079 = DIRECTION('',(-0.,-1.,0.));
#7080 = FACE_BOUND('',#7081,.T.);
#7081 = EDGE_LOOP('',(#7082));
#7082 = ORIENTED_EDGE('',*,*,#7083,.T.);
#7083 = EDGE_CURVE('',#7084,#7084,#7086,.T.);
#7084 = VERTEX_POINT('',#7085);
#7085 = CARTESIAN_POINT('',(61.3,-54.89,1.51));
#7086 = CIRCLE('',#7087,0.55);
#7087 = AXIS2_PLACEMENT_3D('',#7088,#7089,#7090);
#7088 = CARTESIAN_POINT('',(61.3,-54.34,1.51));
#7089 = DIRECTION('',(-0.,0.,-1.));
#7090 = DIRECTION('',(-0.,-1.,0.));
#7091 = FACE_BOUND('',#7092,.T.);
#7092 = EDGE_LOOP('',(#7093));
#7093 = ORIENTED_EDGE('',*,*,#7094,.T.);
#7094 = EDGE_CURVE('',#7095,#7095,#7097,.T.);
#7095 = VERTEX_POINT('',#7096);
#7096 = CARTESIAN_POINT('',(61.3,-52.35,1.51));
#7097 = CIRCLE('',#7098,0.55);
#7098 = AXIS2_PLACEMENT_3D('',#7099,#7100,#7101);
#7099 = CARTESIAN_POINT('',(61.3,-51.8,1.51));
#7100 = DIRECTION('',(-0.,0.,-1.));
#7101 = DIRECTION('',(-0.,-1.,0.));
#7102 = FACE_BOUND('',#7103,.T.);
#7103 = EDGE_LOOP('',(#7104));
#7104 = ORIENTED_EDGE('',*,*,#7105,.T.);
#7105 = EDGE_CURVE('',#7106,#7106,#7108,.T.);
#7106 = VERTEX_POINT('',#7107);
#7107 = CARTESIAN_POINT('',(61.3,-49.81,1.51));
#7108 = CIRCLE('',#7109,0.55);
#7109 = AXIS2_PLACEMENT_3D('',#7110,#7111,#7112);
#7110 = CARTESIAN_POINT('',(61.3,-49.26,1.51));
#7111 = DIRECTION('',(-0.,0.,-1.));
#7112 = DIRECTION('',(-0.,-1.,0.));
#7113 = FACE_BOUND('',#7114,.T.);
#7114 = EDGE_LOOP('',(#7115));
#7115 = ORIENTED_EDGE('',*,*,#7116,.T.);
#7116 = EDGE_CURVE('',#7117,#7117,#7119,.T.);
#7117 = VERTEX_POINT('',#7118);
#7118 = CARTESIAN_POINT('',(87.5,-55.2569,1.51));
#7119 = CIRCLE('',#7120,0.5969);
#7120 = AXIS2_PLACEMENT_3D('',#7121,#7122,#7123);
#7121 = CARTESIAN_POINT('',(87.5,-54.66,1.51));
#7122 = DIRECTION('',(-0.,0.,-1.));
#7123 = DIRECTION('',(-0.,-1.,0.));
#7124 = FACE_BOUND('',#7125,.T.);
#7125 = EDGE_LOOP('',(#7126));
#7126 = ORIENTED_EDGE('',*,*,#7127,.T.);
#7127 = EDGE_CURVE('',#7128,#7128,#7130,.T.);
#7128 = VERTEX_POINT('',#7129);
#7129 = CARTESIAN_POINT('',(87.5,-50.1769,1.51));
#7130 = CIRCLE('',#7131,0.5969);
#7131 = AXIS2_PLACEMENT_3D('',#7132,#7133,#7134);
#7132 = CARTESIAN_POINT('',(87.5,-49.58,1.51));
#7133 = DIRECTION('',(-0.,0.,-1.));
#7134 = DIRECTION('',(-0.,-1.,0.));
#7135 = FACE_BOUND('',#7136,.T.);
#7136 = EDGE_LOOP('',(#7137));
#7137 = ORIENTED_EDGE('',*,*,#7138,.T.);
#7138 = EDGE_CURVE('',#7139,#7139,#7141,.T.);
#7139 = VERTEX_POINT('',#7140);
#7140 = CARTESIAN_POINT('',(46.06,-47.27,1.51));
#7141 = CIRCLE('',#7142,0.55);
#7142 = AXIS2_PLACEMENT_3D('',#7143,#7144,#7145);
#7143 = CARTESIAN_POINT('',(46.06,-46.72,1.51));
#7144 = DIRECTION('',(-0.,0.,-1.));
#7145 = DIRECTION('',(-0.,-1.,0.));
#7146 = FACE_BOUND('',#7147,.T.);
#7147 = EDGE_LOOP('',(#7148));
#7148 = ORIENTED_EDGE('',*,*,#7149,.T.);
#7149 = EDGE_CURVE('',#7150,#7150,#7152,.T.);
#7150 = VERTEX_POINT('',#7151);
#7151 = CARTESIAN_POINT('',(46.06,-44.73,1.51));
#7152 = CIRCLE('',#7153,0.55);
#7153 = AXIS2_PLACEMENT_3D('',#7154,#7155,#7156);
#7154 = CARTESIAN_POINT('',(46.06,-44.18,1.51));
#7155 = DIRECTION('',(-0.,0.,-1.));
#7156 = DIRECTION('',(-0.,-1.,0.));
#7157 = FACE_BOUND('',#7158,.T.);
#7158 = EDGE_LOOP('',(#7159));
#7159 = ORIENTED_EDGE('',*,*,#7160,.T.);
#7160 = EDGE_CURVE('',#7161,#7161,#7163,.T.);
#7161 = VERTEX_POINT('',#7162);
#7162 = CARTESIAN_POINT('',(33.6,-39.52,1.51));
#7163 = CIRCLE('',#7164,0.5);
#7164 = AXIS2_PLACEMENT_3D('',#7165,#7166,#7167);
#7165 = CARTESIAN_POINT('',(33.6,-39.02,1.51));
#7166 = DIRECTION('',(-0.,0.,-1.));
#7167 = DIRECTION('',(-0.,-1.,0.));
#7168 = FACE_BOUND('',#7169,.T.);
#7169 = EDGE_LOOP('',(#7170,#7181,#7189,#7198));
#7170 = ORIENTED_EDGE('',*,*,#7171,.T.);
#7171 = EDGE_CURVE('',#7172,#7174,#7176,.T.);
#7172 = VERTEX_POINT('',#7173);
#7173 = CARTESIAN_POINT('',(39.03,-38.77,1.51));
#7174 = VERTEX_POINT('',#7175);
#7175 = CARTESIAN_POINT('',(38.43,-38.77,1.51));
#7176 = CIRCLE('',#7177,0.3);
#7177 = AXIS2_PLACEMENT_3D('',#7178,#7179,#7180);
#7178 = CARTESIAN_POINT('',(38.73,-38.77,1.51));
#7179 = DIRECTION('',(-0.,0.,-1.));
#7180 = DIRECTION('',(-1.,0.,0.));
#7181 = ORIENTED_EDGE('',*,*,#7182,.T.);
#7182 = EDGE_CURVE('',#7174,#7183,#7185,.T.);
#7183 = VERTEX_POINT('',#7184);
#7184 = CARTESIAN_POINT('',(38.43,-38.17,1.51));
#7185 = LINE('',#7186,#7187);
#7186 = CARTESIAN_POINT('',(38.43,-19.085,1.51));
#7187 = VECTOR('',#7188,1.);
#7188 = DIRECTION('',(-0.,1.,0.));
#7189 = ORIENTED_EDGE('',*,*,#7190,.T.);
#7190 = EDGE_CURVE('',#7183,#7191,#7193,.T.);
#7191 = VERTEX_POINT('',#7192);
#7192 = CARTESIAN_POINT('',(39.03,-38.17,1.51));
#7193 = CIRCLE('',#7194,0.3);
#7194 = AXIS2_PLACEMENT_3D('',#7195,#7196,#7197);
#7195 = CARTESIAN_POINT('',(38.73,-38.17,1.51));
#7196 = DIRECTION('',(0.,-0.,-1.));
#7197 = DIRECTION('',(1.,-2.368475785867E-14,0.));
#7198 = ORIENTED_EDGE('',*,*,#7199,.T.);
#7199 = EDGE_CURVE('',#7191,#7172,#7200,.T.);
#7200 = LINE('',#7201,#7202);
#7201 = CARTESIAN_POINT('',(39.03,-19.385,1.51));
#7202 = VECTOR('',#7203,1.);
#7203 = DIRECTION('',(0.,-1.,0.));
#7204 = FACE_BOUND('',#7205,.T.);
#7205 = EDGE_LOOP('',(#7206,#7217,#7225,#7234));
#7206 = ORIENTED_EDGE('',*,*,#7207,.T.);
#7207 = EDGE_CURVE('',#7208,#7210,#7212,.T.);
#7208 = VERTEX_POINT('',#7209);
#7209 = CARTESIAN_POINT('',(41.46,-38.79,1.51));
#7210 = VERTEX_POINT('',#7211);
#7211 = CARTESIAN_POINT('',(40.86,-38.79,1.51));
#7212 = CIRCLE('',#7213,0.3);
#7213 = AXIS2_PLACEMENT_3D('',#7214,#7215,#7216);
#7214 = CARTESIAN_POINT('',(41.16,-38.79,1.51));
#7215 = DIRECTION('',(-0.,0.,-1.));
#7216 = DIRECTION('',(-1.,0.,0.));
#7217 = ORIENTED_EDGE('',*,*,#7218,.T.);
#7218 = EDGE_CURVE('',#7210,#7219,#7221,.T.);
#7219 = VERTEX_POINT('',#7220);
#7220 = CARTESIAN_POINT('',(40.86,-38.19,1.51));
#7221 = LINE('',#7222,#7223);
#7222 = CARTESIAN_POINT('',(40.86,-19.095,1.51));
#7223 = VECTOR('',#7224,1.);
#7224 = DIRECTION('',(-0.,1.,0.));
#7225 = ORIENTED_EDGE('',*,*,#7226,.T.);
#7226 = EDGE_CURVE('',#7219,#7227,#7229,.T.);
#7227 = VERTEX_POINT('',#7228);
#7228 = CARTESIAN_POINT('',(41.46,-38.19,1.51));
#7229 = CIRCLE('',#7230,0.3);
#7230 = AXIS2_PLACEMENT_3D('',#7231,#7232,#7233);
#7231 = CARTESIAN_POINT('',(41.16,-38.19,1.51));
#7232 = DIRECTION('',(0.,-0.,-1.));
#7233 = DIRECTION('',(1.,2.368475785867E-14,-0.));
#7234 = ORIENTED_EDGE('',*,*,#7235,.T.);
#7235 = EDGE_CURVE('',#7227,#7208,#7236,.T.);
#7236 = LINE('',#7237,#7238);
#7237 = CARTESIAN_POINT('',(41.46,-19.395,1.51));
#7238 = VECTOR('',#7239,1.);
#7239 = DIRECTION('',(0.,-1.,0.));
#7240 = FACE_BOUND('',#7241,.T.);
#7241 = EDGE_LOOP('',(#7242));
#7242 = ORIENTED_EDGE('',*,*,#7243,.T.);
#7243 = EDGE_CURVE('',#7244,#7244,#7246,.T.);
#7244 = VERTEX_POINT('',#7245);
#7245 = CARTESIAN_POINT('',(46.06,-42.19,1.51));
#7246 = CIRCLE('',#7247,0.55);
#7247 = AXIS2_PLACEMENT_3D('',#7248,#7249,#7250);
#7248 = CARTESIAN_POINT('',(46.06,-41.64,1.51));
#7249 = DIRECTION('',(-0.,0.,-1.));
#7250 = DIRECTION('',(-0.,-1.,0.));
#7251 = FACE_BOUND('',#7252,.T.);
#7252 = EDGE_LOOP('',(#7253));
#7253 = ORIENTED_EDGE('',*,*,#7254,.T.);
#7254 = EDGE_CURVE('',#7255,#7255,#7257,.T.);
#7255 = VERTEX_POINT('',#7256);
#7256 = CARTESIAN_POINT('',(46.06,-39.65,1.51));
#7257 = CIRCLE('',#7258,0.55);
#7258 = AXIS2_PLACEMENT_3D('',#7259,#7260,#7261);
#7259 = CARTESIAN_POINT('',(46.06,-39.1,1.51));
#7260 = DIRECTION('',(-0.,0.,-1.));
#7261 = DIRECTION('',(-0.,-1.,0.));
#7262 = FACE_BOUND('',#7263,.T.);
#7263 = EDGE_LOOP('',(#7264));
#7264 = ORIENTED_EDGE('',*,*,#7265,.T.);
#7265 = EDGE_CURVE('',#7266,#7266,#7268,.T.);
#7266 = VERTEX_POINT('',#7267);
#7267 = CARTESIAN_POINT('',(61.3,-47.27,1.51));
#7268 = CIRCLE('',#7269,0.55);
#7269 = AXIS2_PLACEMENT_3D('',#7270,#7271,#7272);
#7270 = CARTESIAN_POINT('',(61.3,-46.72,1.51));
#7271 = DIRECTION('',(-0.,0.,-1.));
#7272 = DIRECTION('',(-0.,-1.,0.));
#7273 = FACE_BOUND('',#7274,.T.);
#7274 = EDGE_LOOP('',(#7275));
#7275 = ORIENTED_EDGE('',*,*,#7276,.T.);
#7276 = EDGE_CURVE('',#7277,#7277,#7279,.T.);
#7277 = VERTEX_POINT('',#7278);
#7278 = CARTESIAN_POINT('',(61.3,-44.73,1.51));
#7279 = CIRCLE('',#7280,0.55);
#7280 = AXIS2_PLACEMENT_3D('',#7281,#7282,#7283);
#7281 = CARTESIAN_POINT('',(61.3,-44.18,1.51));
#7282 = DIRECTION('',(-0.,0.,-1.));
#7283 = DIRECTION('',(-0.,-1.,0.));
#7284 = FACE_BOUND('',#7285,.T.);
#7285 = EDGE_LOOP('',(#7286));
#7286 = ORIENTED_EDGE('',*,*,#7287,.T.);
#7287 = EDGE_CURVE('',#7288,#7288,#7290,.T.);
#7288 = VERTEX_POINT('',#7289);
#7289 = CARTESIAN_POINT('',(61.3,-42.19,1.51));
#7290 = CIRCLE('',#7291,0.55);
#7291 = AXIS2_PLACEMENT_3D('',#7292,#7293,#7294);
#7292 = CARTESIAN_POINT('',(61.3,-41.64,1.51));
#7293 = DIRECTION('',(-0.,0.,-1.));
#7294 = DIRECTION('',(-0.,-1.,0.));
#7295 = FACE_BOUND('',#7296,.T.);
#7296 = EDGE_LOOP('',(#7297));
#7297 = ORIENTED_EDGE('',*,*,#7298,.T.);
#7298 = EDGE_CURVE('',#7299,#7299,#7301,.T.);
#7299 = VERTEX_POINT('',#7300);
#7300 = CARTESIAN_POINT('',(61.3,-39.65,1.51));
#7301 = CIRCLE('',#7302,0.55);
#7302 = AXIS2_PLACEMENT_3D('',#7303,#7304,#7305);
#7303 = CARTESIAN_POINT('',(61.3,-39.1,1.51));
#7304 = DIRECTION('',(-0.,0.,-1.));
#7305 = DIRECTION('',(-0.,-1.,0.));
#7306 = FACE_BOUND('',#7307,.T.);
#7307 = EDGE_LOOP('',(#7308));
#7308 = ORIENTED_EDGE('',*,*,#7309,.T.);
#7309 = EDGE_CURVE('',#7310,#7310,#7312,.T.);
#7310 = VERTEX_POINT('',#7311);
#7311 = CARTESIAN_POINT('',(33.6,-36.98,1.51));
#7312 = CIRCLE('',#7313,0.5);
#7313 = AXIS2_PLACEMENT_3D('',#7314,#7315,#7316);
#7314 = CARTESIAN_POINT('',(33.6,-36.48,1.51));
#7315 = DIRECTION('',(-0.,0.,-1.));
#7316 = DIRECTION('',(-0.,-1.,0.));
#7317 = FACE_BOUND('',#7318,.T.);
#7318 = EDGE_LOOP('',(#7319,#7330,#7338,#7347));
#7319 = ORIENTED_EDGE('',*,*,#7320,.T.);
#7320 = EDGE_CURVE('',#7321,#7323,#7325,.T.);
#7321 = VERTEX_POINT('',#7322);
#7322 = CARTESIAN_POINT('',(36.86,-37.69,1.51));
#7323 = VERTEX_POINT('',#7324);
#7324 = CARTESIAN_POINT('',(36.26,-37.69,1.51));
#7325 = CIRCLE('',#7326,0.3);
#7326 = AXIS2_PLACEMENT_3D('',#7327,#7328,#7329);
#7327 = CARTESIAN_POINT('',(36.56,-37.69,1.51));
#7328 = DIRECTION('',(-0.,0.,-1.));
#7329 = DIRECTION('',(-1.,2.368475785867E-14,0.));
#7330 = ORIENTED_EDGE('',*,*,#7331,.T.);
#7331 = EDGE_CURVE('',#7323,#7332,#7334,.T.);
#7332 = VERTEX_POINT('',#7333);
#7333 = CARTESIAN_POINT('',(36.26,-37.09,1.51));
#7334 = LINE('',#7335,#7336);
#7335 = CARTESIAN_POINT('',(36.26,-18.545,1.51));
#7336 = VECTOR('',#7337,1.);
#7337 = DIRECTION('',(-0.,1.,0.));
#7338 = ORIENTED_EDGE('',*,*,#7339,.T.);
#7339 = EDGE_CURVE('',#7332,#7340,#7342,.T.);
#7340 = VERTEX_POINT('',#7341);
#7341 = CARTESIAN_POINT('',(36.86,-37.09,1.51));
#7342 = CIRCLE('',#7343,0.3);
#7343 = AXIS2_PLACEMENT_3D('',#7344,#7345,#7346);
#7344 = CARTESIAN_POINT('',(36.56,-37.09,1.51));
#7345 = DIRECTION('',(0.,-0.,-1.));
#7346 = DIRECTION('',(1.,-2.368475785867E-14,0.));
#7347 = ORIENTED_EDGE('',*,*,#7348,.T.);
#7348 = EDGE_CURVE('',#7340,#7321,#7349,.T.);
#7349 = LINE('',#7350,#7351);
#7350 = CARTESIAN_POINT('',(36.86,-18.845,1.51));
#7351 = VECTOR('',#7352,1.);
#7352 = DIRECTION('',(0.,-1.,0.));
#7353 = FACE_BOUND('',#7354,.T.);
#7354 = EDGE_LOOP('',(#7355));
#7355 = ORIENTED_EDGE('',*,*,#7356,.T.);
#7356 = EDGE_CURVE('',#7357,#7357,#7359,.T.);
#7357 = VERTEX_POINT('',#7358);
#7358 = CARTESIAN_POINT('',(38.86,-36.54,1.51));
#7359 = CIRCLE('',#7360,0.75);
#7360 = AXIS2_PLACEMENT_3D('',#7361,#7362,#7363);
#7361 = CARTESIAN_POINT('',(38.86,-35.79,1.51));
#7362 = DIRECTION('',(-0.,0.,-1.));
#7363 = DIRECTION('',(-0.,-1.,0.));
#7364 = FACE_BOUND('',#7365,.T.);
#7365 = EDGE_LOOP('',(#7366));
#7366 = ORIENTED_EDGE('',*,*,#7367,.T.);
#7367 = EDGE_CURVE('',#7368,#7368,#7370,.T.);
#7368 = VERTEX_POINT('',#7369);
#7369 = CARTESIAN_POINT('',(41.03,-36.52,1.51));
#7370 = CIRCLE('',#7371,0.75);
#7371 = AXIS2_PLACEMENT_3D('',#7372,#7373,#7374);
#7372 = CARTESIAN_POINT('',(41.03,-35.77,1.51));
#7373 = DIRECTION('',(-0.,0.,-1.));
#7374 = DIRECTION('',(-0.,-1.,0.));
#7375 = FACE_BOUND('',#7376,.T.);
#7376 = EDGE_LOOP('',(#7377));
#7377 = ORIENTED_EDGE('',*,*,#7378,.T.);
#7378 = EDGE_CURVE('',#7379,#7379,#7381,.T.);
#7379 = VERTEX_POINT('',#7380);
#7380 = CARTESIAN_POINT('',(33.6,-34.44,1.51));
#7381 = CIRCLE('',#7382,0.5);
#7382 = AXIS2_PLACEMENT_3D('',#7383,#7384,#7385);
#7383 = CARTESIAN_POINT('',(33.6,-33.94,1.51));
#7384 = DIRECTION('',(-0.,0.,-1.));
#7385 = DIRECTION('',(-0.,-1.,0.));
#7386 = FACE_BOUND('',#7387,.T.);
#7387 = EDGE_LOOP('',(#7388,#7399,#7407,#7416));
#7388 = ORIENTED_EDGE('',*,*,#7389,.T.);
#7389 = EDGE_CURVE('',#7390,#7392,#7394,.T.);
#7390 = VERTEX_POINT('',#7391);
#7391 = CARTESIAN_POINT('',(36.86,-33.69,1.51));
#7392 = VERTEX_POINT('',#7393);
#7393 = CARTESIAN_POINT('',(36.26,-33.69,1.51));
#7394 = CIRCLE('',#7395,0.3);
#7395 = AXIS2_PLACEMENT_3D('',#7396,#7397,#7398);
#7396 = CARTESIAN_POINT('',(36.56,-33.69,1.51));
#7397 = DIRECTION('',(-0.,0.,-1.));
#7398 = DIRECTION('',(-1.,2.368475785867E-14,0.));
#7399 = ORIENTED_EDGE('',*,*,#7400,.T.);
#7400 = EDGE_CURVE('',#7392,#7401,#7403,.T.);
#7401 = VERTEX_POINT('',#7402);
#7402 = CARTESIAN_POINT('',(36.26,-33.09,1.51));
#7403 = LINE('',#7404,#7405);
#7404 = CARTESIAN_POINT('',(36.26,-16.545,1.51));
#7405 = VECTOR('',#7406,1.);
#7406 = DIRECTION('',(-0.,1.,0.));
#7407 = ORIENTED_EDGE('',*,*,#7408,.T.);
#7408 = EDGE_CURVE('',#7401,#7409,#7411,.T.);
#7409 = VERTEX_POINT('',#7410);
#7410 = CARTESIAN_POINT('',(36.86,-33.09,1.51));
#7411 = CIRCLE('',#7412,0.3);
#7412 = AXIS2_PLACEMENT_3D('',#7413,#7414,#7415);
#7413 = CARTESIAN_POINT('',(36.56,-33.09,1.51));
#7414 = DIRECTION('',(0.,-0.,-1.));
#7415 = DIRECTION('',(1.,-2.368475785867E-14,0.));
#7416 = ORIENTED_EDGE('',*,*,#7417,.T.);
#7417 = EDGE_CURVE('',#7409,#7390,#7418,.T.);
#7418 = LINE('',#7419,#7420);
#7419 = CARTESIAN_POINT('',(36.86,-16.845,1.51));
#7420 = VECTOR('',#7421,1.);
#7421 = DIRECTION('',(0.,-1.,0.));
#7422 = FACE_BOUND('',#7423,.T.);
#7423 = EDGE_LOOP('',(#7424,#7435,#7443,#7452));
#7424 = ORIENTED_EDGE('',*,*,#7425,.T.);
#7425 = EDGE_CURVE('',#7426,#7428,#7430,.T.);
#7426 = VERTEX_POINT('',#7427);
#7427 = CARTESIAN_POINT('',(43.63,-37.67,1.51));
#7428 = VERTEX_POINT('',#7429);
#7429 = CARTESIAN_POINT('',(43.03,-37.67,1.51));
#7430 = CIRCLE('',#7431,0.3);
#7431 = AXIS2_PLACEMENT_3D('',#7432,#7433,#7434);
#7432 = CARTESIAN_POINT('',(43.33,-37.67,1.51));
#7433 = DIRECTION('',(-0.,0.,-1.));
#7434 = DIRECTION('',(-1.,-2.368475785867E-14,0.));
#7435 = ORIENTED_EDGE('',*,*,#7436,.T.);
#7436 = EDGE_CURVE('',#7428,#7437,#7439,.T.);
#7437 = VERTEX_POINT('',#7438);
#7438 = CARTESIAN_POINT('',(43.03,-37.07,1.51));
#7439 = LINE('',#7440,#7441);
#7440 = CARTESIAN_POINT('',(43.03,-18.535,1.51));
#7441 = VECTOR('',#7442,1.);
#7442 = DIRECTION('',(-0.,1.,0.));
#7443 = ORIENTED_EDGE('',*,*,#7444,.T.);
#7444 = EDGE_CURVE('',#7437,#7445,#7447,.T.);
#7445 = VERTEX_POINT('',#7446);
#7446 = CARTESIAN_POINT('',(43.63,-37.07,1.51));
#7447 = CIRCLE('',#7448,0.3);
#7448 = AXIS2_PLACEMENT_3D('',#7449,#7450,#7451);
#7449 = CARTESIAN_POINT('',(43.33,-37.07,1.51));
#7450 = DIRECTION('',(0.,-0.,-1.));
#7451 = DIRECTION('',(1.,2.368475785867E-14,-0.));
#7452 = ORIENTED_EDGE('',*,*,#7453,.T.);
#7453 = EDGE_CURVE('',#7445,#7426,#7454,.T.);
#7454 = LINE('',#7455,#7456);
#7455 = CARTESIAN_POINT('',(43.63,-18.835,1.51));
#7456 = VECTOR('',#7457,1.);
#7457 = DIRECTION('',(0.,-1.,0.));
#7458 = FACE_BOUND('',#7459,.T.);
#7459 = EDGE_LOOP('',(#7460));
#7460 = ORIENTED_EDGE('',*,*,#7461,.T.);
#7461 = EDGE_CURVE('',#7462,#7462,#7464,.T.);
#7462 = VERTEX_POINT('',#7463);
#7463 = CARTESIAN_POINT('',(46.06,-37.11,1.51));
#7464 = CIRCLE('',#7465,0.55);
#7465 = AXIS2_PLACEMENT_3D('',#7466,#7467,#7468);
#7466 = CARTESIAN_POINT('',(46.06,-36.56,1.51));
#7467 = DIRECTION('',(-0.,0.,-1.));
#7468 = DIRECTION('',(-0.,-1.,0.));
#7469 = FACE_BOUND('',#7470,.T.);
#7470 = EDGE_LOOP('',(#7471,#7482,#7490,#7499));
#7471 = ORIENTED_EDGE('',*,*,#7472,.T.);
#7472 = EDGE_CURVE('',#7473,#7475,#7477,.T.);
#7473 = VERTEX_POINT('',#7474);
#7474 = CARTESIAN_POINT('',(43.63,-33.67,1.51));
#7475 = VERTEX_POINT('',#7476);
#7476 = CARTESIAN_POINT('',(43.03,-33.67,1.51));
#7477 = CIRCLE('',#7478,0.3);
#7478 = AXIS2_PLACEMENT_3D('',#7479,#7480,#7481);
#7479 = CARTESIAN_POINT('',(43.33,-33.67,1.51));
#7480 = DIRECTION('',(-0.,0.,-1.));
#7481 = DIRECTION('',(-1.,-2.368475785867E-14,0.));
#7482 = ORIENTED_EDGE('',*,*,#7483,.T.);
#7483 = EDGE_CURVE('',#7475,#7484,#7486,.T.);
#7484 = VERTEX_POINT('',#7485);
#7485 = CARTESIAN_POINT('',(43.03,-33.07,1.51));
#7486 = LINE('',#7487,#7488);
#7487 = CARTESIAN_POINT('',(43.03,-16.535,1.51));
#7488 = VECTOR('',#7489,1.);
#7489 = DIRECTION('',(-0.,1.,0.));
#7490 = ORIENTED_EDGE('',*,*,#7491,.T.);
#7491 = EDGE_CURVE('',#7484,#7492,#7494,.T.);
#7492 = VERTEX_POINT('',#7493);
#7493 = CARTESIAN_POINT('',(43.63,-33.07,1.51));
#7494 = CIRCLE('',#7495,0.3);
#7495 = AXIS2_PLACEMENT_3D('',#7496,#7497,#7498);
#7496 = CARTESIAN_POINT('',(43.33,-33.07,1.51));
#7497 = DIRECTION('',(0.,-0.,-1.));
#7498 = DIRECTION('',(1.,2.368475785867E-14,-0.));
#7499 = ORIENTED_EDGE('',*,*,#7500,.T.);
#7500 = EDGE_CURVE('',#7492,#7473,#7501,.T.);
#7501 = LINE('',#7502,#7503);
#7502 = CARTESIAN_POINT('',(43.63,-16.835,1.51));
#7503 = VECTOR('',#7504,1.);
#7504 = DIRECTION('',(0.,-1.,0.));
#7505 = FACE_BOUND('',#7506,.T.);
#7506 = EDGE_LOOP('',(#7507));
#7507 = ORIENTED_EDGE('',*,*,#7508,.T.);
#7508 = EDGE_CURVE('',#7509,#7509,#7511,.T.);
#7509 = VERTEX_POINT('',#7510);
#7510 = CARTESIAN_POINT('',(46.06,-34.57,1.51));
#7511 = CIRCLE('',#7512,0.55);
#7512 = AXIS2_PLACEMENT_3D('',#7513,#7514,#7515);
#7513 = CARTESIAN_POINT('',(46.06,-34.02,1.51));
#7514 = DIRECTION('',(-0.,0.,-1.));
#7515 = DIRECTION('',(-0.,-1.,0.));
#7516 = FACE_BOUND('',#7517,.T.);
#7517 = EDGE_LOOP('',(#7518));
#7518 = ORIENTED_EDGE('',*,*,#7519,.T.);
#7519 = EDGE_CURVE('',#7520,#7520,#7522,.T.);
#7520 = VERTEX_POINT('',#7521);
#7521 = CARTESIAN_POINT('',(33.6,-31.9,1.51));
#7522 = CIRCLE('',#7523,0.5);
#7523 = AXIS2_PLACEMENT_3D('',#7524,#7525,#7526);
#7524 = CARTESIAN_POINT('',(33.6,-31.4,1.51));
#7525 = DIRECTION('',(-0.,0.,-1.));
#7526 = DIRECTION('',(-0.,-1.,0.));
#7527 = FACE_BOUND('',#7528,.T.);
#7528 = EDGE_LOOP('',(#7529,#7540,#7548,#7557));
#7529 = ORIENTED_EDGE('',*,*,#7530,.T.);
#7530 = EDGE_CURVE('',#7531,#7533,#7535,.T.);
#7531 = VERTEX_POINT('',#7532);
#7532 = CARTESIAN_POINT('',(36.86,-30.69,1.51));
#7533 = VERTEX_POINT('',#7534);
#7534 = CARTESIAN_POINT('',(36.26,-30.69,1.51));
#7535 = CIRCLE('',#7536,0.3);
#7536 = AXIS2_PLACEMENT_3D('',#7537,#7538,#7539);
#7537 = CARTESIAN_POINT('',(36.56,-30.69,1.51));
#7538 = DIRECTION('',(-0.,0.,-1.));
#7539 = DIRECTION('',(-1.,-1.184237892934E-14,0.));
#7540 = ORIENTED_EDGE('',*,*,#7541,.T.);
#7541 = EDGE_CURVE('',#7533,#7542,#7544,.T.);
#7542 = VERTEX_POINT('',#7543);
#7543 = CARTESIAN_POINT('',(36.26,-30.09,1.51));
#7544 = LINE('',#7545,#7546);
#7545 = CARTESIAN_POINT('',(36.26,-15.045,1.51));
#7546 = VECTOR('',#7547,1.);
#7547 = DIRECTION('',(-0.,1.,0.));
#7548 = ORIENTED_EDGE('',*,*,#7549,.T.);
#7549 = EDGE_CURVE('',#7542,#7550,#7552,.T.);
#7550 = VERTEX_POINT('',#7551);
#7551 = CARTESIAN_POINT('',(36.86,-30.09,1.51));
#7552 = CIRCLE('',#7553,0.3);
#7553 = AXIS2_PLACEMENT_3D('',#7554,#7555,#7556);
#7554 = CARTESIAN_POINT('',(36.56,-30.09,1.51));
#7555 = DIRECTION('',(0.,-0.,-1.));
#7556 = DIRECTION('',(1.,0.,-0.));
#7557 = ORIENTED_EDGE('',*,*,#7558,.T.);
#7558 = EDGE_CURVE('',#7550,#7531,#7559,.T.);
#7559 = LINE('',#7560,#7561);
#7560 = CARTESIAN_POINT('',(36.86,-15.345,1.51));
#7561 = VECTOR('',#7562,1.);
#7562 = DIRECTION('',(0.,-1.,0.));
#7563 = FACE_BOUND('',#7564,.T.);
#7564 = EDGE_LOOP('',(#7565));
#7565 = ORIENTED_EDGE('',*,*,#7566,.T.);
#7566 = EDGE_CURVE('',#7567,#7567,#7569,.T.);
#7567 = VERTEX_POINT('',#7568);
#7568 = CARTESIAN_POINT('',(38.86,-29.54,1.51));
#7569 = CIRCLE('',#7570,0.75);
#7570 = AXIS2_PLACEMENT_3D('',#7571,#7572,#7573);
#7571 = CARTESIAN_POINT('',(38.86,-28.79,1.51));
#7572 = DIRECTION('',(-0.,0.,-1.));
#7573 = DIRECTION('',(-0.,-1.,0.));
#7574 = FACE_BOUND('',#7575,.T.);
#7575 = EDGE_LOOP('',(#7576));
#7576 = ORIENTED_EDGE('',*,*,#7577,.T.);
#7577 = EDGE_CURVE('',#7578,#7578,#7580,.T.);
#7578 = VERTEX_POINT('',#7579);
#7579 = CARTESIAN_POINT('',(41.03,-29.52,1.51));
#7580 = CIRCLE('',#7581,0.75);
#7581 = AXIS2_PLACEMENT_3D('',#7582,#7583,#7584);
#7582 = CARTESIAN_POINT('',(41.03,-28.77,1.51));
#7583 = DIRECTION('',(-0.,0.,-1.));
#7584 = DIRECTION('',(-0.,-1.,0.));
#7585 = FACE_BOUND('',#7586,.T.);
#7586 = EDGE_LOOP('',(#7587,#7598,#7606,#7615));
#7587 = ORIENTED_EDGE('',*,*,#7588,.T.);
#7588 = EDGE_CURVE('',#7589,#7591,#7593,.T.);
#7589 = VERTEX_POINT('',#7590);
#7590 = CARTESIAN_POINT('',(43.63,-30.67,1.51));
#7591 = VERTEX_POINT('',#7592);
#7592 = CARTESIAN_POINT('',(43.03,-30.67,1.51));
#7593 = CIRCLE('',#7594,0.3);
#7594 = AXIS2_PLACEMENT_3D('',#7595,#7596,#7597);
#7595 = CARTESIAN_POINT('',(43.33,-30.67,1.51));
#7596 = DIRECTION('',(-0.,0.,-1.));
#7597 = DIRECTION('',(-1.,-2.368475785867E-14,0.));
#7598 = ORIENTED_EDGE('',*,*,#7599,.T.);
#7599 = EDGE_CURVE('',#7591,#7600,#7602,.T.);
#7600 = VERTEX_POINT('',#7601);
#7601 = CARTESIAN_POINT('',(43.03,-30.07,1.51));
#7602 = LINE('',#7603,#7604);
#7603 = CARTESIAN_POINT('',(43.03,-15.035,1.51));
#7604 = VECTOR('',#7605,1.);
#7605 = DIRECTION('',(-0.,1.,0.));
#7606 = ORIENTED_EDGE('',*,*,#7607,.T.);
#7607 = EDGE_CURVE('',#7600,#7608,#7610,.T.);
#7608 = VERTEX_POINT('',#7609);
#7609 = CARTESIAN_POINT('',(43.63,-30.07,1.51));
#7610 = CIRCLE('',#7611,0.3);
#7611 = AXIS2_PLACEMENT_3D('',#7612,#7613,#7614);
#7612 = CARTESIAN_POINT('',(43.33,-30.07,1.51));
#7613 = DIRECTION('',(0.,-0.,-1.));
#7614 = DIRECTION('',(1.,1.184237892934E-14,-0.));
#7615 = ORIENTED_EDGE('',*,*,#7616,.T.);
#7616 = EDGE_CURVE('',#7608,#7589,#7617,.T.);
#7617 = LINE('',#7618,#7619);
#7618 = CARTESIAN_POINT('',(43.63,-15.335,1.51));
#7619 = VECTOR('',#7620,1.);
#7620 = DIRECTION('',(0.,-1.,0.));
#7621 = FACE_BOUND('',#7622,.T.);
#7622 = EDGE_LOOP('',(#7623));
#7623 = ORIENTED_EDGE('',*,*,#7624,.T.);
#7624 = EDGE_CURVE('',#7625,#7625,#7627,.T.);
#7625 = VERTEX_POINT('',#7626);
#7626 = CARTESIAN_POINT('',(46.06,-32.03,1.51));
#7627 = CIRCLE('',#7628,0.55);
#7628 = AXIS2_PLACEMENT_3D('',#7629,#7630,#7631);
#7629 = CARTESIAN_POINT('',(46.06,-31.48,1.51));
#7630 = DIRECTION('',(-0.,0.,-1.));
#7631 = DIRECTION('',(-0.,-1.,0.));
#7632 = FACE_BOUND('',#7633,.T.);
#7633 = EDGE_LOOP('',(#7634));
#7634 = ORIENTED_EDGE('',*,*,#7635,.T.);
#7635 = EDGE_CURVE('',#7636,#7636,#7638,.T.);
#7636 = VERTEX_POINT('',#7637);
#7637 = CARTESIAN_POINT('',(46.06,-29.49,1.51));
#7638 = CIRCLE('',#7639,0.55);
#7639 = AXIS2_PLACEMENT_3D('',#7640,#7641,#7642);
#7640 = CARTESIAN_POINT('',(46.06,-28.94,1.51));
#7641 = DIRECTION('',(-0.,0.,-1.));
#7642 = DIRECTION('',(-0.,-1.,0.));
#7643 = FACE_BOUND('',#7644,.T.);
#7644 = EDGE_LOOP('',(#7645));
#7645 = ORIENTED_EDGE('',*,*,#7646,.T.);
#7646 = EDGE_CURVE('',#7647,#7647,#7649,.T.);
#7647 = VERTEX_POINT('',#7648);
#7648 = CARTESIAN_POINT('',(61.3,-37.11,1.51));
#7649 = CIRCLE('',#7650,0.55);
#7650 = AXIS2_PLACEMENT_3D('',#7651,#7652,#7653);
#7651 = CARTESIAN_POINT('',(61.3,-36.56,1.51));
#7652 = DIRECTION('',(-0.,0.,-1.));
#7653 = DIRECTION('',(-0.,-1.,0.));
#7654 = FACE_BOUND('',#7655,.T.);
#7655 = EDGE_LOOP('',(#7656));
#7656 = ORIENTED_EDGE('',*,*,#7657,.T.);
#7657 = EDGE_CURVE('',#7658,#7658,#7660,.T.);
#7658 = VERTEX_POINT('',#7659);
#7659 = CARTESIAN_POINT('',(61.3,-34.57,1.51));
#7660 = CIRCLE('',#7661,0.55);
#7661 = AXIS2_PLACEMENT_3D('',#7662,#7663,#7664);
#7662 = CARTESIAN_POINT('',(61.3,-34.02,1.51));
#7663 = DIRECTION('',(-0.,0.,-1.));
#7664 = DIRECTION('',(-0.,-1.,0.));
#7665 = FACE_BOUND('',#7666,.T.);
#7666 = EDGE_LOOP('',(#7667));
#7667 = ORIENTED_EDGE('',*,*,#7668,.T.);
#7668 = EDGE_CURVE('',#7669,#7669,#7671,.T.);
#7669 = VERTEX_POINT('',#7670);
#7670 = CARTESIAN_POINT('',(61.3,-32.03,1.51));
#7671 = CIRCLE('',#7672,0.55);
#7672 = AXIS2_PLACEMENT_3D('',#7673,#7674,#7675);
#7673 = CARTESIAN_POINT('',(61.3,-31.48,1.51));
#7674 = DIRECTION('',(-0.,0.,-1.));
#7675 = DIRECTION('',(-0.,-1.,0.));
#7676 = FACE_BOUND('',#7677,.T.);
#7677 = EDGE_LOOP('',(#7678));
#7678 = ORIENTED_EDGE('',*,*,#7679,.T.);
#7679 = EDGE_CURVE('',#7680,#7680,#7682,.T.);
#7680 = VERTEX_POINT('',#7681);
#7681 = CARTESIAN_POINT('',(61.3,-29.49,1.51));
#7682 = CIRCLE('',#7683,0.55);
#7683 = AXIS2_PLACEMENT_3D('',#7684,#7685,#7686);
#7684 = CARTESIAN_POINT('',(61.3,-28.94,1.51));
#7685 = DIRECTION('',(-0.,0.,-1.));
#7686 = DIRECTION('',(-0.,-1.,0.));
#7687 = FACE_BOUND('',#7688,.T.);
#7688 = EDGE_LOOP('',(#7689));
#7689 = ORIENTED_EDGE('',*,*,#7690,.T.);
#7690 = EDGE_CURVE('',#7691,#7691,#7693,.T.);
#7691 = VERTEX_POINT('',#7692);
#7692 = CARTESIAN_POINT('',(85.,-46.5969,1.51));
#7693 = CIRCLE('',#7694,0.5969);
#7694 = AXIS2_PLACEMENT_3D('',#7695,#7696,#7697);
#7695 = CARTESIAN_POINT('',(85.,-46.,1.51));
#7696 = DIRECTION('',(-0.,0.,-1.));
#7697 = DIRECTION('',(-0.,-1.,0.));
#7698 = FACE_BOUND('',#7699,.T.);
#7699 = EDGE_LOOP('',(#7700));
#7700 = ORIENTED_EDGE('',*,*,#7701,.T.);
#7701 = EDGE_CURVE('',#7702,#7702,#7704,.T.);
#7702 = VERTEX_POINT('',#7703);
#7703 = CARTESIAN_POINT('',(90.,-46.5969,1.51));
#7704 = CIRCLE('',#7705,0.5969);
#7705 = AXIS2_PLACEMENT_3D('',#7706,#7707,#7708);
#7706 = CARTESIAN_POINT('',(90.,-46.,1.51));
#7707 = DIRECTION('',(-0.,0.,-1.));
#7708 = DIRECTION('',(-0.,-1.,0.));
#7709 = FACE_BOUND('',#7710,.T.);
#7710 = EDGE_LOOP('',(#7711));
#7711 = ORIENTED_EDGE('',*,*,#7712,.T.);
#7712 = EDGE_CURVE('',#7713,#7713,#7715,.T.);
#7713 = VERTEX_POINT('',#7714);
#7714 = CARTESIAN_POINT('',(87.5,-45.0969,1.51));
#7715 = CIRCLE('',#7716,0.5969);
#7716 = AXIS2_PLACEMENT_3D('',#7717,#7718,#7719);
#7717 = CARTESIAN_POINT('',(87.5,-44.5,1.51));
#7718 = DIRECTION('',(-0.,0.,-1.));
#7719 = DIRECTION('',(-0.,-1.,0.));
#7720 = FACE_BOUND('',#7721,.T.);
#7721 = EDGE_LOOP('',(#7722));
#7722 = ORIENTED_EDGE('',*,*,#7723,.T.);
#7723 = EDGE_CURVE('',#7724,#7724,#7726,.T.);
#7724 = VERTEX_POINT('',#7725);
#7725 = CARTESIAN_POINT('',(85.8,-33.95,1.51));
#7726 = CIRCLE('',#7727,1.75);
#7727 = AXIS2_PLACEMENT_3D('',#7728,#7729,#7730);
#7728 = CARTESIAN_POINT('',(85.8,-32.2,1.51));
#7729 = DIRECTION('',(-0.,0.,-1.));
#7730 = DIRECTION('',(-0.,-1.,0.));
#7731 = FACE_BOUND('',#7732,.T.);
#7732 = EDGE_LOOP('',(#7733));
#7733 = ORIENTED_EDGE('',*,*,#7734,.T.);
#7734 = EDGE_CURVE('',#7735,#7735,#7737,.T.);
#7735 = VERTEX_POINT('',#7736);
#7736 = CARTESIAN_POINT('',(121.,-51.2569,1.51));
#7737 = CIRCLE('',#7738,0.5969);
#7738 = AXIS2_PLACEMENT_3D('',#7739,#7740,#7741);
#7739 = CARTESIAN_POINT('',(121.,-50.66,1.51));
#7740 = DIRECTION('',(-0.,0.,-1.));
#7741 = DIRECTION('',(-0.,-1.,0.));
#7742 = FACE_BOUND('',#7743,.T.);
#7743 = EDGE_LOOP('',(#7744));
#7744 = ORIENTED_EDGE('',*,*,#7745,.T.);
#7745 = EDGE_CURVE('',#7746,#7746,#7748,.T.);
#7746 = VERTEX_POINT('',#7747);
#7747 = CARTESIAN_POINT('',(164.5,-72.44,1.51));
#7748 = CIRCLE('',#7749,0.5);
#7749 = AXIS2_PLACEMENT_3D('',#7750,#7751,#7752);
#7750 = CARTESIAN_POINT('',(164.5,-71.94,1.51));
#7751 = DIRECTION('',(-0.,0.,-1.));
#7752 = DIRECTION('',(-0.,-1.,0.));
#7753 = FACE_BOUND('',#7754,.T.);
#7754 = EDGE_LOOP('',(#7755));
#7755 = ORIENTED_EDGE('',*,*,#7756,.T.);
#7756 = EDGE_CURVE('',#7757,#7757,#7759,.T.);
#7757 = VERTEX_POINT('',#7758);
#7758 = CARTESIAN_POINT('',(164.5,-69.9,1.51));
#7759 = CIRCLE('',#7760,0.5);
#7760 = AXIS2_PLACEMENT_3D('',#7761,#7762,#7763);
#7761 = CARTESIAN_POINT('',(164.5,-69.4,1.51));
#7762 = DIRECTION('',(-0.,0.,-1.));
#7763 = DIRECTION('',(-0.,-1.,0.));
#7764 = FACE_BOUND('',#7765,.T.);
#7765 = EDGE_LOOP('',(#7766));
#7766 = ORIENTED_EDGE('',*,*,#7767,.T.);
#7767 = EDGE_CURVE('',#7768,#7768,#7770,.T.);
#7768 = VERTEX_POINT('',#7769);
#7769 = CARTESIAN_POINT('',(136.5,-56.2569,1.51));
#7770 = CIRCLE('',#7771,0.5969);
#7771 = AXIS2_PLACEMENT_3D('',#7772,#7773,#7774);
#7772 = CARTESIAN_POINT('',(136.5,-55.66,1.51));
#7773 = DIRECTION('',(-0.,0.,-1.));
#7774 = DIRECTION('',(-0.,-1.,0.));
#7775 = FACE_BOUND('',#7776,.T.);
#7776 = EDGE_LOOP('',(#7777));
#7777 = ORIENTED_EDGE('',*,*,#7778,.T.);
#7778 = EDGE_CURVE('',#7779,#7779,#7781,.T.);
#7779 = VERTEX_POINT('',#7780);
#7780 = CARTESIAN_POINT('',(136.5,-51.1769,1.51));
#7781 = CIRCLE('',#7782,0.5969);
#7782 = AXIS2_PLACEMENT_3D('',#7783,#7784,#7785);
#7783 = CARTESIAN_POINT('',(136.5,-50.58,1.51));
#7784 = DIRECTION('',(-0.,0.,-1.));
#7785 = DIRECTION('',(-0.,-1.,0.));
#7786 = FACE_BOUND('',#7787,.T.);
#7787 = EDGE_LOOP('',(#7788));
#7788 = ORIENTED_EDGE('',*,*,#7789,.T.);
#7789 = EDGE_CURVE('',#7790,#7790,#7792,.T.);
#7790 = VERTEX_POINT('',#7791);
#7791 = CARTESIAN_POINT('',(152.,-55.2569,1.51));
#7792 = CIRCLE('',#7793,0.5969);
#7793 = AXIS2_PLACEMENT_3D('',#7794,#7795,#7796);
#7794 = CARTESIAN_POINT('',(152.,-54.66,1.51));
#7795 = DIRECTION('',(-0.,0.,-1.));
#7796 = DIRECTION('',(-0.,-1.,0.));
#7797 = FACE_BOUND('',#7798,.T.);
#7798 = EDGE_LOOP('',(#7799));
#7799 = ORIENTED_EDGE('',*,*,#7800,.T.);
#7800 = EDGE_CURVE('',#7801,#7801,#7803,.T.);
#7801 = VERTEX_POINT('',#7802);
#7802 = CARTESIAN_POINT('',(152.,-50.1769,1.51));
#7803 = CIRCLE('',#7804,0.5969);
#7804 = AXIS2_PLACEMENT_3D('',#7805,#7806,#7807);
#7805 = CARTESIAN_POINT('',(152.,-49.58,1.51));
#7806 = DIRECTION('',(-0.,0.,-1.));
#7807 = DIRECTION('',(-0.,-1.,0.));
#7808 = FACE_BOUND('',#7809,.T.);
#7809 = EDGE_LOOP('',(#7810));
#7810 = ORIENTED_EDGE('',*,*,#7811,.T.);
#7811 = EDGE_CURVE('',#7812,#7812,#7814,.T.);
#7812 = VERTEX_POINT('',#7813);
#7813 = CARTESIAN_POINT('',(103.,-46.2569,1.51));
#7814 = CIRCLE('',#7815,0.5969);
#7815 = AXIS2_PLACEMENT_3D('',#7816,#7817,#7818);
#7816 = CARTESIAN_POINT('',(103.,-45.66,1.51));
#7817 = DIRECTION('',(-0.,0.,-1.));
#7818 = DIRECTION('',(-0.,-1.,0.));
#7819 = FACE_BOUND('',#7820,.T.);
#7820 = EDGE_LOOP('',(#7821));
#7821 = ORIENTED_EDGE('',*,*,#7822,.T.);
#7822 = EDGE_CURVE('',#7823,#7823,#7825,.T.);
#7823 = VERTEX_POINT('',#7824);
#7824 = CARTESIAN_POINT('',(103.,-41.1769,1.51));
#7825 = CIRCLE('',#7826,0.5969);
#7826 = AXIS2_PLACEMENT_3D('',#7827,#7828,#7829);
#7827 = CARTESIAN_POINT('',(103.,-40.58,1.51));
#7828 = DIRECTION('',(-0.,0.,-1.));
#7829 = DIRECTION('',(-0.,-1.,0.));
#7830 = FACE_BOUND('',#7831,.T.);
#7831 = EDGE_LOOP('',(#7832));
#7832 = ORIENTED_EDGE('',*,*,#7833,.T.);
#7833 = EDGE_CURVE('',#7834,#7834,#7836,.T.);
#7834 = VERTEX_POINT('',#7835);
#7835 = CARTESIAN_POINT('',(121.,-46.1769,1.51));
#7836 = CIRCLE('',#7837,0.5969);
#7837 = AXIS2_PLACEMENT_3D('',#7838,#7839,#7840);
#7838 = CARTESIAN_POINT('',(121.,-45.58,1.51));
#7839 = DIRECTION('',(-0.,0.,-1.));
#7840 = DIRECTION('',(-0.,-1.,0.));
#7841 = FACE_BOUND('',#7842,.T.);
#7842 = EDGE_LOOP('',(#7843));
#7843 = ORIENTED_EDGE('',*,*,#7844,.T.);
#7844 = EDGE_CURVE('',#7845,#7845,#7847,.T.);
#7845 = VERTEX_POINT('',#7846);
#7846 = CARTESIAN_POINT('',(118.5,-42.5969,1.51));
#7847 = CIRCLE('',#7848,0.5969);
#7848 = AXIS2_PLACEMENT_3D('',#7849,#7850,#7851);
#7849 = CARTESIAN_POINT('',(118.5,-42.,1.51));
#7850 = DIRECTION('',(-0.,0.,-1.));
#7851 = DIRECTION('',(-0.,-1.,0.));
#7852 = FACE_BOUND('',#7853,.T.);
#7853 = EDGE_LOOP('',(#7854));
#7854 = ORIENTED_EDGE('',*,*,#7855,.T.);
#7855 = EDGE_CURVE('',#7856,#7856,#7858,.T.);
#7856 = VERTEX_POINT('',#7857);
#7857 = CARTESIAN_POINT('',(123.5,-42.5969,1.51));
#7858 = CIRCLE('',#7859,0.5969);
#7859 = AXIS2_PLACEMENT_3D('',#7860,#7861,#7862);
#7860 = CARTESIAN_POINT('',(123.5,-42.,1.51));
#7861 = DIRECTION('',(-0.,0.,-1.));
#7862 = DIRECTION('',(-0.,-1.,0.));
#7863 = FACE_BOUND('',#7864,.T.);
#7864 = EDGE_LOOP('',(#7865));
#7865 = ORIENTED_EDGE('',*,*,#7866,.T.);
#7866 = EDGE_CURVE('',#7867,#7867,#7869,.T.);
#7867 = VERTEX_POINT('',#7868);
#7868 = CARTESIAN_POINT('',(121.,-41.0969,1.51));
#7869 = CIRCLE('',#7870,0.5969);
#7870 = AXIS2_PLACEMENT_3D('',#7871,#7872,#7873);
#7871 = CARTESIAN_POINT('',(121.,-40.5,1.51));
#7872 = DIRECTION('',(-0.,0.,-1.));
#7873 = DIRECTION('',(-0.,-1.,0.));
#7874 = FACE_BOUND('',#7875,.T.);
#7875 = EDGE_LOOP('',(#7876));
#7876 = ORIENTED_EDGE('',*,*,#7877,.T.);
#7877 = EDGE_CURVE('',#7878,#7878,#7880,.T.);
#7878 = VERTEX_POINT('',#7879);
#7879 = CARTESIAN_POINT('',(100.5,-37.5969,1.51));
#7880 = CIRCLE('',#7881,0.5969);
#7881 = AXIS2_PLACEMENT_3D('',#7882,#7883,#7884);
#7882 = CARTESIAN_POINT('',(100.5,-37.,1.51));
#7883 = DIRECTION('',(-0.,0.,-1.));
#7884 = DIRECTION('',(-0.,-1.,0.));
#7885 = FACE_BOUND('',#7886,.T.);
#7886 = EDGE_LOOP('',(#7887));
#7887 = ORIENTED_EDGE('',*,*,#7888,.T.);
#7888 = EDGE_CURVE('',#7889,#7889,#7891,.T.);
#7889 = VERTEX_POINT('',#7890);
#7890 = CARTESIAN_POINT('',(103.,-36.0969,1.51));
#7891 = CIRCLE('',#7892,0.5969);
#7892 = AXIS2_PLACEMENT_3D('',#7893,#7894,#7895);
#7893 = CARTESIAN_POINT('',(103.,-35.5,1.51));
#7894 = DIRECTION('',(-0.,0.,-1.));
#7895 = DIRECTION('',(-0.,-1.,0.));
#7896 = FACE_BOUND('',#7897,.T.);
#7897 = EDGE_LOOP('',(#7898));
#7898 = ORIENTED_EDGE('',*,*,#7899,.T.);
#7899 = EDGE_CURVE('',#7900,#7900,#7902,.T.);
#7900 = VERTEX_POINT('',#7901);
#7901 = CARTESIAN_POINT('',(105.5,-37.5969,1.51));
#7902 = CIRCLE('',#7903,0.5969);
#7903 = AXIS2_PLACEMENT_3D('',#7904,#7905,#7906);
#7904 = CARTESIAN_POINT('',(105.5,-37.,1.51));
#7905 = DIRECTION('',(-0.,0.,-1.));
#7906 = DIRECTION('',(-0.,-1.,0.));
#7907 = FACE_BOUND('',#7908,.T.);
#7908 = EDGE_LOOP('',(#7909));
#7909 = ORIENTED_EDGE('',*,*,#7910,.T.);
#7910 = EDGE_CURVE('',#7911,#7911,#7913,.T.);
#7911 = VERTEX_POINT('',#7912);
#7912 = CARTESIAN_POINT('',(99.16,-27.5,1.51));
#7913 = CIRCLE('',#7914,0.5);
#7914 = AXIS2_PLACEMENT_3D('',#7915,#7916,#7917);
#7915 = CARTESIAN_POINT('',(99.16,-27.,1.51));
#7916 = DIRECTION('',(-0.,0.,-1.));
#7917 = DIRECTION('',(-0.,-1.,0.));
#7918 = FACE_BOUND('',#7919,.T.);
#7919 = EDGE_LOOP('',(#7920));
#7920 = ORIENTED_EDGE('',*,*,#7921,.T.);
#7921 = EDGE_CURVE('',#7922,#7922,#7924,.T.);
#7922 = VERTEX_POINT('',#7923);
#7923 = CARTESIAN_POINT('',(101.7,-27.5,1.51));
#7924 = CIRCLE('',#7925,0.5);
#7925 = AXIS2_PLACEMENT_3D('',#7926,#7927,#7928);
#7926 = CARTESIAN_POINT('',(101.7,-27.,1.51));
#7927 = DIRECTION('',(-0.,0.,-1.));
#7928 = DIRECTION('',(-0.,-1.,0.));
#7929 = FACE_BOUND('',#7930,.T.);
#7930 = EDGE_LOOP('',(#7931));
#7931 = ORIENTED_EDGE('',*,*,#7932,.T.);
#7932 = EDGE_CURVE('',#7933,#7933,#7935,.T.);
#7933 = VERTEX_POINT('',#7934);
#7934 = CARTESIAN_POINT('',(104.24,-27.5,1.51));
#7935 = CIRCLE('',#7936,0.5);
#7936 = AXIS2_PLACEMENT_3D('',#7937,#7938,#7939);
#7937 = CARTESIAN_POINT('',(104.24,-27.,1.51));
#7938 = DIRECTION('',(-0.,0.,-1.));
#7939 = DIRECTION('',(-0.,-1.,0.));
#7940 = FACE_BOUND('',#7941,.T.);
#7941 = EDGE_LOOP('',(#7942));
#7942 = ORIENTED_EDGE('',*,*,#7943,.T.);
#7943 = EDGE_CURVE('',#7944,#7944,#7946,.T.);
#7944 = VERTEX_POINT('',#7945);
#7945 = CARTESIAN_POINT('',(106.78,-27.5,1.51));
#7946 = CIRCLE('',#7947,0.5);
#7947 = AXIS2_PLACEMENT_3D('',#7948,#7949,#7950);
#7948 = CARTESIAN_POINT('',(106.78,-27.,1.51));
#7949 = DIRECTION('',(-0.,0.,-1.));
#7950 = DIRECTION('',(-0.,-1.,0.));
#7951 = FACE_BOUND('',#7952,.T.);
#7952 = EDGE_LOOP('',(#7953));
#7953 = ORIENTED_EDGE('',*,*,#7954,.T.);
#7954 = EDGE_CURVE('',#7955,#7955,#7957,.T.);
#7955 = VERTEX_POINT('',#7956);
#7956 = CARTESIAN_POINT('',(134.,-47.5969,1.51));
#7957 = CIRCLE('',#7958,0.5969);
#7958 = AXIS2_PLACEMENT_3D('',#7959,#7960,#7961);
#7959 = CARTESIAN_POINT('',(134.,-47.,1.51));
#7960 = DIRECTION('',(-0.,0.,-1.));
#7961 = DIRECTION('',(-0.,-1.,0.));
#7962 = FACE_BOUND('',#7963,.T.);
#7963 = EDGE_LOOP('',(#7964));
#7964 = ORIENTED_EDGE('',*,*,#7965,.T.);
#7965 = EDGE_CURVE('',#7966,#7966,#7968,.T.);
#7966 = VERTEX_POINT('',#7967);
#7967 = CARTESIAN_POINT('',(139.,-47.5969,1.51));
#7968 = CIRCLE('',#7969,0.5969);
#7969 = AXIS2_PLACEMENT_3D('',#7970,#7971,#7972);
#7970 = CARTESIAN_POINT('',(139.,-47.,1.51));
#7971 = DIRECTION('',(-0.,0.,-1.));
#7972 = DIRECTION('',(-0.,-1.,0.));
#7973 = FACE_BOUND('',#7974,.T.);
#7974 = EDGE_LOOP('',(#7975));
#7975 = ORIENTED_EDGE('',*,*,#7976,.T.);
#7976 = EDGE_CURVE('',#7977,#7977,#7979,.T.);
#7977 = VERTEX_POINT('',#7978);
#7978 = CARTESIAN_POINT('',(136.5,-46.0969,1.51));
#7979 = CIRCLE('',#7980,0.5969);
#7980 = AXIS2_PLACEMENT_3D('',#7981,#7982,#7983);
#7981 = CARTESIAN_POINT('',(136.5,-45.5,1.51));
#7982 = DIRECTION('',(-0.,0.,-1.));
#7983 = DIRECTION('',(-0.,-1.,0.));
#7984 = FACE_BOUND('',#7985,.T.);
#7985 = EDGE_LOOP('',(#7986));
#7986 = ORIENTED_EDGE('',*,*,#7987,.T.);
#7987 = EDGE_CURVE('',#7988,#7988,#7990,.T.);
#7988 = VERTEX_POINT('',#7989);
#7989 = CARTESIAN_POINT('',(149.5,-46.5969,1.51));
#7990 = CIRCLE('',#7991,0.5969);
#7991 = AXIS2_PLACEMENT_3D('',#7992,#7993,#7994);
#7992 = CARTESIAN_POINT('',(149.5,-46.,1.51));
#7993 = DIRECTION('',(-0.,0.,-1.));
#7994 = DIRECTION('',(-0.,-1.,0.));
#7995 = FACE_BOUND('',#7996,.T.);
#7996 = EDGE_LOOP('',(#7997));
#7997 = ORIENTED_EDGE('',*,*,#7998,.T.);
#7998 = EDGE_CURVE('',#7999,#7999,#8001,.T.);
#7999 = VERTEX_POINT('',#8000);
#8000 = CARTESIAN_POINT('',(152.,-45.0969,1.51));
#8001 = CIRCLE('',#8002,0.5969);
#8002 = AXIS2_PLACEMENT_3D('',#8003,#8004,#8005);
#8003 = CARTESIAN_POINT('',(152.,-44.5,1.51));
#8004 = DIRECTION('',(-0.,0.,-1.));
#8005 = DIRECTION('',(-0.,-1.,0.));
#8006 = FACE_BOUND('',#8007,.T.);
#8007 = EDGE_LOOP('',(#8008));
#8008 = ORIENTED_EDGE('',*,*,#8009,.T.);
#8009 = EDGE_CURVE('',#8010,#8010,#8012,.T.);
#8010 = VERTEX_POINT('',#8011);
#8011 = CARTESIAN_POINT('',(154.5,-46.5969,1.51));
#8012 = CIRCLE('',#8013,0.5969);
#8013 = AXIS2_PLACEMENT_3D('',#8014,#8015,#8016);
#8014 = CARTESIAN_POINT('',(154.5,-46.,1.51));
#8015 = DIRECTION('',(-0.,0.,-1.));
#8016 = DIRECTION('',(-0.,-1.,0.));
#8017 = FACE_BOUND('',#8018,.T.);
#8018 = EDGE_LOOP('',(#8019));
#8019 = ORIENTED_EDGE('',*,*,#8020,.T.);
#8020 = EDGE_CURVE('',#8021,#8021,#8023,.T.);
#8021 = VERTEX_POINT('',#8022);
#8022 = CARTESIAN_POINT('',(134.9,-37.45,1.51));
#8023 = CIRCLE('',#8024,1.75);
#8024 = AXIS2_PLACEMENT_3D('',#8025,#8026,#8027);
#8025 = CARTESIAN_POINT('',(134.9,-35.7,1.51));
#8026 = DIRECTION('',(-0.,0.,-1.));
#8027 = DIRECTION('',(-0.,-1.,0.));
#8028 = FACE_BOUND('',#8029,.T.);
#8029 = EDGE_LOOP('',(#8030));
#8030 = ORIENTED_EDGE('',*,*,#8031,.T.);
#8031 = EDGE_CURVE('',#8032,#8032,#8034,.T.);
#8032 = VERTEX_POINT('',#8033);
#8033 = CARTESIAN_POINT('',(148.38,-33.5,1.51));
#8034 = CIRCLE('',#8035,0.5);
#8035 = AXIS2_PLACEMENT_3D('',#8036,#8037,#8038);
#8036 = CARTESIAN_POINT('',(148.38,-33.,1.51));
#8037 = DIRECTION('',(-0.,0.,-1.));
#8038 = DIRECTION('',(-0.,-1.,0.));
#8039 = FACE_BOUND('',#8040,.T.);
#8040 = EDGE_LOOP('',(#8041));
#8041 = ORIENTED_EDGE('',*,*,#8042,.T.);
#8042 = EDGE_CURVE('',#8043,#8043,#8045,.T.);
#8043 = VERTEX_POINT('',#8044);
#8044 = CARTESIAN_POINT('',(150.92,-33.5,1.51));
#8045 = CIRCLE('',#8046,0.5);
#8046 = AXIS2_PLACEMENT_3D('',#8047,#8048,#8049);
#8047 = CARTESIAN_POINT('',(150.92,-33.,1.51));
#8048 = DIRECTION('',(-0.,0.,-1.));
#8049 = DIRECTION('',(-0.,-1.,0.));
#8050 = FACE_BOUND('',#8051,.T.);
#8051 = EDGE_LOOP('',(#8052));
#8052 = ORIENTED_EDGE('',*,*,#8053,.T.);
#8053 = EDGE_CURVE('',#8054,#8054,#8056,.T.);
#8054 = VERTEX_POINT('',#8055);
#8055 = CARTESIAN_POINT('',(153.46,-33.5,1.51));
#8056 = CIRCLE('',#8057,0.5);
#8057 = AXIS2_PLACEMENT_3D('',#8058,#8059,#8060);
#8058 = CARTESIAN_POINT('',(153.46,-33.,1.51));
#8059 = DIRECTION('',(-0.,0.,-1.));
#8060 = DIRECTION('',(-0.,-1.,0.));
#8061 = FACE_BOUND('',#8062,.T.);
#8062 = EDGE_LOOP('',(#8063));
#8063 = ORIENTED_EDGE('',*,*,#8064,.T.);
#8064 = EDGE_CURVE('',#8065,#8065,#8067,.T.);
#8065 = VERTEX_POINT('',#8066);
#8066 = CARTESIAN_POINT('',(156.,-33.5,1.51));
#8067 = CIRCLE('',#8068,0.5);
#8068 = AXIS2_PLACEMENT_3D('',#8069,#8070,#8071);
#8069 = CARTESIAN_POINT('',(156.,-33.,1.51));
#8070 = DIRECTION('',(-0.,0.,-1.));
#8071 = DIRECTION('',(-0.,-1.,0.));
#8072 = PLANE('',#8073);
#8073 = AXIS2_PLACEMENT_3D('',#8074,#8075,#8076);
#8074 = CARTESIAN_POINT('',(0.,0.,1.51));
#8075 = DIRECTION('',(0.,0.,1.));
#8076 = DIRECTION('',(1.,0.,-0.));
#8077 = ADVANCED_FACE('',(#8078),#8089,.T.);
#8078 = FACE_BOUND('',#8079,.T.);
#8079 = EDGE_LOOP('',(#8080,#8086,#8087,#8088));
#8080 = ORIENTED_EDGE('',*,*,#8081,.T.);
#8081 = EDGE_CURVE('',#4458,#6271,#8082,.T.);
#8082 = LINE('',#8083,#8084);
#8083 = CARTESIAN_POINT('',(31.5,-30.5,0.));
#8084 = VECTOR('',#8085,1.);
#8085 = DIRECTION('',(0.,0.,1.));
#8086 = ORIENTED_EDGE('',*,*,#6270,.T.);
#8087 = ORIENTED_EDGE('',*,*,#4393,.F.);
#8088 = ORIENTED_EDGE('',*,*,#4457,.F.);
#8089 = CYLINDRICAL_SURFACE('',#8090,4.999999678834);
#8090 = AXIS2_PLACEMENT_3D('',#8091,#8092,#8093);
#8091 = CARTESIAN_POINT('',(36.499999678834,-30.49999967883,0.));
#8092 = DIRECTION('',(0.,0.,-1.));
#8093 = DIRECTION('',(-1.,-6.423314275614E-08,-0.));
#8094 = ADVANCED_FACE('',(#8095),#8106,.F.);
#8095 = FACE_BOUND('',#8096,.T.);
#8096 = EDGE_LOOP('',(#8097,#8098,#8099,#8105));
#8097 = ORIENTED_EDGE('',*,*,#4433,.T.);
#8098 = ORIENTED_EDGE('',*,*,#6380,.T.);
#8099 = ORIENTED_EDGE('',*,*,#8100,.F.);
#8100 = EDGE_CURVE('',#4560,#6373,#8101,.T.);
#8101 = LINE('',#8102,#8103);
#8102 = CARTESIAN_POINT('',(138.86833,-31.5,0.));
#8103 = VECTOR('',#8104,1.);
#8104 = DIRECTION('',(0.,0.,1.));
#8105 = ORIENTED_EDGE('',*,*,#4567,.F.);
#8106 = CYLINDRICAL_SURFACE('',#8107,29.999671432031);
#8107 = AXIS2_PLACEMENT_3D('',#8108,#8109,#8110);
#8108 = CARTESIAN_POINT('',(138.8682764858,-1.500328568016,0.));
#8109 = DIRECTION('',(-0.,-0.,-1.));
#8110 = DIRECTION('',(-0.316229446289,-0.948682737958,0.));
#8111 = ADVANCED_FACE('',(#8112),#8123,.T.);
#8112 = FACE_BOUND('',#8113,.T.);
#8113 = EDGE_LOOP('',(#8114,#8120,#8121,#8122));
#8114 = ORIENTED_EDGE('',*,*,#8115,.T.);
#8115 = EDGE_CURVE('',#4467,#6280,#8116,.T.);
#8116 = LINE('',#8117,#8118);
#8117 = CARTESIAN_POINT('',(31.5,-98.811312,0.));
#8118 = VECTOR('',#8119,1.);
#8119 = DIRECTION('',(0.,0.,1.));
#8120 = ORIENTED_EDGE('',*,*,#6279,.T.);
#8121 = ORIENTED_EDGE('',*,*,#8081,.F.);
#8122 = ORIENTED_EDGE('',*,*,#4466,.F.);
#8123 = PLANE('',#8124);
#8124 = AXIS2_PLACEMENT_3D('',#8125,#8126,#8127);
#8125 = CARTESIAN_POINT('',(31.5,-98.811312,0.));
#8126 = DIRECTION('',(-1.,0.,0.));
#8127 = DIRECTION('',(0.,1.,0.));
#8128 = ADVANCED_FACE('',(#8129),#8140,.T.);
#8129 = FACE_BOUND('',#8130,.T.);
#8130 = EDGE_LOOP('',(#8131,#8132,#8133,#8139));
#8131 = ORIENTED_EDGE('',*,*,#8100,.T.);
#8132 = ORIENTED_EDGE('',*,*,#6372,.T.);
#8133 = ORIENTED_EDGE('',*,*,#8134,.F.);
#8134 = EDGE_CURVE('',#4552,#6365,#8135,.T.);
#8135 = LINE('',#8136,#8137);
#8136 = CARTESIAN_POINT('',(152.,-31.5,0.));
#8137 = VECTOR('',#8138,1.);
#8138 = DIRECTION('',(0.,0.,1.));
#8139 = ORIENTED_EDGE('',*,*,#4559,.F.);
#8140 = PLANE('',#8141);
#8141 = AXIS2_PLACEMENT_3D('',#8142,#8143,#8144);
#8142 = CARTESIAN_POINT('',(138.86833,-31.5,0.));
#8143 = DIRECTION('',(0.,1.,0.));
#8144 = DIRECTION('',(1.,0.,0.));
#8145 = ADVANCED_FACE('',(#8146),#8157,.T.);
#8146 = FACE_BOUND('',#8147,.T.);
#8147 = EDGE_LOOP('',(#8148,#8154,#8155,#8156));
#8148 = ORIENTED_EDGE('',*,*,#8149,.T.);
#8149 = EDGE_CURVE('',#4475,#6288,#8150,.T.);
#8150 = LINE('',#8151,#8152);
#8151 = CARTESIAN_POINT('',(33.369532,-107.254423,0.));
#8152 = VECTOR('',#8153,1.);
#8153 = DIRECTION('',(0.,0.,1.));
#8154 = ORIENTED_EDGE('',*,*,#6287,.T.);
#8155 = ORIENTED_EDGE('',*,*,#8115,.F.);
#8156 = ORIENTED_EDGE('',*,*,#4474,.F.);
#8157 = CYLINDRICAL_SURFACE('',#8158,19.999885247499);
#8158 = AXIS2_PLACEMENT_3D('',#8159,#8160,#8161);
#8159 = CARTESIAN_POINT('',(51.499885247483,-98.81133700999,0.));
#8160 = DIRECTION('',(0.,0.,-1.));
#8161 = DIRECTION('',(-0.906522863662,-0.422156721677,-0.));
#8162 = ADVANCED_FACE('',(#8163),#8174,.T.);
#8163 = FACE_BOUND('',#8164,.T.);
#8164 = EDGE_LOOP('',(#8165,#8166,#8167,#8173));
#8165 = ORIENTED_EDGE('',*,*,#8134,.T.);
#8166 = ORIENTED_EDGE('',*,*,#6364,.T.);
#8167 = ORIENTED_EDGE('',*,*,#8168,.F.);
#8168 = EDGE_CURVE('',#4543,#6356,#8169,.T.);
#8169 = LINE('',#8170,#8171);
#8170 = CARTESIAN_POINT('',(161.,-31.5,0.));
#8171 = VECTOR('',#8172,1.);
#8172 = DIRECTION('',(0.,0.,1.));
#8173 = ORIENTED_EDGE('',*,*,#4551,.F.);
#8174 = PLANE('',#8175);
#8175 = AXIS2_PLACEMENT_3D('',#8176,#8177,#8178);
#8176 = CARTESIAN_POINT('',(152.,-31.5,0.));
#8177 = DIRECTION('',(0.,1.,0.));
#8178 = DIRECTION('',(1.,0.,0.));
#8179 = ADVANCED_FACE('',(#8180),#8191,.T.);
#8180 = FACE_BOUND('',#8181,.T.);
#8181 = EDGE_LOOP('',(#8182,#8188,#8189,#8190));
#8182 = ORIENTED_EDGE('',*,*,#8183,.T.);
#8183 = EDGE_CURVE('',#4484,#6297,#8184,.T.);
#8184 = LINE('',#8185,#8186);
#8185 = CARTESIAN_POINT('',(46.8,-136.094584,0.));
#8186 = VECTOR('',#8187,1.);
#8187 = DIRECTION('',(0.,0.,1.));
#8188 = ORIENTED_EDGE('',*,*,#6296,.T.);
#8189 = ORIENTED_EDGE('',*,*,#8149,.F.);
#8190 = ORIENTED_EDGE('',*,*,#4483,.F.);
#8191 = PLANE('',#8192);
#8192 = AXIS2_PLACEMENT_3D('',#8193,#8194,#8195);
#8193 = CARTESIAN_POINT('',(46.8,-136.094584,0.));
#8194 = DIRECTION('',(-0.906523414462,-0.422155538909,0.));
#8195 = DIRECTION('',(-0.422155538909,0.906523414462,0.));
#8196 = ADVANCED_FACE('',(#8197),#8208,.T.);
#8197 = FACE_BOUND('',#8198,.T.);
#8198 = EDGE_LOOP('',(#8199,#8200,#8201,#8207));
#8199 = ORIENTED_EDGE('',*,*,#8168,.T.);
#8200 = ORIENTED_EDGE('',*,*,#6355,.T.);
#8201 = ORIENTED_EDGE('',*,*,#8202,.F.);
#8202 = EDGE_CURVE('',#4535,#6348,#8203,.T.);
#8203 = LINE('',#8204,#8205);
#8204 = CARTESIAN_POINT('',(166.,-36.5,0.));
#8205 = VECTOR('',#8206,1.);
#8206 = DIRECTION('',(0.,0.,1.));
#8207 = ORIENTED_EDGE('',*,*,#4542,.F.);
#8208 = CYLINDRICAL_SURFACE('',#8209,4.999999678834);
#8209 = AXIS2_PLACEMENT_3D('',#8210,#8211,#8212);
#8210 = CARTESIAN_POINT('',(161.00000032116,-36.49999967883,0.));
#8211 = DIRECTION('',(0.,0.,-1.));
#8212 = DIRECTION('',(-6.42331470194E-08,1.,0.));
#8213 = ADVANCED_FACE('',(#8214),#8225,.T.);
#8214 = FACE_BOUND('',#8215,.T.);
#8215 = EDGE_LOOP('',(#8216,#8222,#8223,#8224));
#8216 = ORIENTED_EDGE('',*,*,#8217,.T.);
#8217 = EDGE_CURVE('',#4492,#6305,#8218,.T.);
#8218 = LINE('',#8219,#8220);
#8219 = CARTESIAN_POINT('',(53.439741,-138.523539,0.));
#8220 = VECTOR('',#8221,1.);
#8221 = DIRECTION('',(0.,0.,1.));
#8222 = ORIENTED_EDGE('',*,*,#6304,.T.);
#8223 = ORIENTED_EDGE('',*,*,#8183,.F.);
#8224 = ORIENTED_EDGE('',*,*,#4491,.F.);
#8225 = CYLINDRICAL_SURFACE('',#8226,4.996106595159);
#8226 = AXIS2_PLACEMENT_3D('',#8227,#8228,#8229);
#8227 = CARTESIAN_POINT('',(51.332796397607,-133.9934324281,0.));
#8228 = DIRECTION('',(-0.,0.,-1.));
#8229 = DIRECTION('',(0.421717303717,-0.90672736572,-0.));
#8230 = ADVANCED_FACE('',(#8231),#8242,.T.);
#8231 = FACE_BOUND('',#8232,.T.);
#8232 = EDGE_LOOP('',(#8233,#8234,#8235,#8241));
#8233 = ORIENTED_EDGE('',*,*,#8202,.T.);
#8234 = ORIENTED_EDGE('',*,*,#6347,.T.);
#8235 = ORIENTED_EDGE('',*,*,#8236,.F.);
#8236 = EDGE_CURVE('',#4526,#6339,#8237,.T.);
#8237 = LINE('',#8238,#8239);
#8238 = CARTESIAN_POINT('',(166.,-113.5,0.));
#8239 = VECTOR('',#8240,1.);
#8240 = DIRECTION('',(0.,0.,1.));
#8241 = ORIENTED_EDGE('',*,*,#4534,.F.);
#8242 = PLANE('',#8243);
#8243 = AXIS2_PLACEMENT_3D('',#8244,#8245,#8246);
#8244 = CARTESIAN_POINT('',(166.,-36.5,0.));
#8245 = DIRECTION('',(1.,0.,-0.));
#8246 = DIRECTION('',(0.,-1.,0.));
#8247 = ADVANCED_FACE('',(#8248),#8259,.T.);
#8248 = FACE_BOUND('',#8249,.T.);
#8249 = EDGE_LOOP('',(#8250,#8256,#8257,#8258));
#8250 = ORIENTED_EDGE('',*,*,#8251,.T.);
#8251 = EDGE_CURVE('',#4501,#6314,#8252,.T.);
#8252 = LINE('',#8253,#8254);
#8253 = CARTESIAN_POINT('',(92.382865,-120.372362,0.));
#8254 = VECTOR('',#8255,1.);
#8255 = DIRECTION('',(0.,0.,1.));
#8256 = ORIENTED_EDGE('',*,*,#6313,.T.);
#8257 = ORIENTED_EDGE('',*,*,#8217,.F.);
#8258 = ORIENTED_EDGE('',*,*,#4500,.F.);
#8259 = PLANE('',#8260);
#8260 = AXIS2_PLACEMENT_3D('',#8261,#8262,#8263);
#8261 = CARTESIAN_POINT('',(92.382865,-120.372362,0.));
#8262 = DIRECTION('',(0.422459580645,-0.906381764336,0.));
#8263 = DIRECTION('',(-0.906381764336,-0.422459580645,0.));
#8264 = ADVANCED_FACE('',(#8265),#8276,.T.);
#8265 = FACE_BOUND('',#8266,.T.);
#8266 = EDGE_LOOP('',(#8267,#8268,#8269,#8275));
#8267 = ORIENTED_EDGE('',*,*,#8236,.T.);
#8268 = ORIENTED_EDGE('',*,*,#6338,.T.);
#8269 = ORIENTED_EDGE('',*,*,#8270,.F.);
#8270 = EDGE_CURVE('',#4518,#6331,#8271,.T.);
#8271 = LINE('',#8272,#8273);
#8272 = CARTESIAN_POINT('',(161.,-118.5,0.));
#8273 = VECTOR('',#8274,1.);
#8274 = DIRECTION('',(0.,0.,1.));
#8275 = ORIENTED_EDGE('',*,*,#4525,.F.);
#8276 = CYLINDRICAL_SURFACE('',#8277,4.999999678834);
#8277 = AXIS2_PLACEMENT_3D('',#8278,#8279,#8280);
#8278 = CARTESIAN_POINT('',(161.00000032116,-113.5000003211,0.));
#8279 = DIRECTION('',(0.,0.,-1.));
#8280 = DIRECTION('',(1.,6.42331470194E-08,0.));
#8281 = ADVANCED_FACE('',(#8282),#8293,.F.);
#8282 = FACE_BOUND('',#8283,.T.);
#8283 = EDGE_LOOP('',(#8284,#8290,#8291,#8292));
#8284 = ORIENTED_EDGE('',*,*,#8285,.T.);
#8285 = EDGE_CURVE('',#4509,#6322,#8286,.T.);
#8286 = LINE('',#8287,#8288);
#8287 = CARTESIAN_POINT('',(100.832057,-118.499997,0.));
#8288 = VECTOR('',#8289,1.);
#8289 = DIRECTION('',(0.,0.,1.));
#8290 = ORIENTED_EDGE('',*,*,#6321,.T.);
#8291 = ORIENTED_EDGE('',*,*,#8251,.F.);
#8292 = ORIENTED_EDGE('',*,*,#4508,.F.);
#8293 = CYLINDRICAL_SURFACE('',#8294,19.9996269313);
#8294 = AXIS2_PLACEMENT_3D('',#8295,#8296,#8297);
#8295 = CARTESIAN_POINT('',(100.83197455494,-138.4996239311,0.));
#8296 = DIRECTION('',(-0.,-0.,-1.));
#8297 = DIRECTION('',(4.122329887902E-06,0.999999999992,-0.));
#8298 = ADVANCED_FACE('',(#8299),#8305,.T.);
#8299 = FACE_BOUND('',#8300,.T.);
#8300 = EDGE_LOOP('',(#8301,#8302,#8303,#8304));
#8301 = ORIENTED_EDGE('',*,*,#8270,.T.);
#8302 = ORIENTED_EDGE('',*,*,#6330,.T.);
#8303 = ORIENTED_EDGE('',*,*,#8285,.F.);
#8304 = ORIENTED_EDGE('',*,*,#4517,.F.);
#8305 = PLANE('',#8306);
#8306 = AXIS2_PLACEMENT_3D('',#8307,#8308,#8309);
#8307 = CARTESIAN_POINT('',(161.,-118.5,0.));
#8308 = DIRECTION('',(-4.986043825092E-08,-1.,0.));
#8309 = DIRECTION('',(-1.,4.986043825092E-08,0.));
#8310 = ADVANCED_FACE('',(#8311),#8322,.F.);
#8311 = FACE_BOUND('',#8312,.T.);
#8312 = EDGE_LOOP('',(#8313,#8314,#8320,#8321));
#8313 = ORIENTED_EDGE('',*,*,#4577,.T.);
#8314 = ORIENTED_EDGE('',*,*,#8315,.T.);
#8315 = EDGE_CURVE('',#4578,#6391,#8316,.T.);
#8316 = LINE('',#8317,#8318);
#8317 = CARTESIAN_POINT('',(49.475896,-112.858802,-4.6E-02));
#8318 = VECTOR('',#8319,1.);
#8319 = DIRECTION('',(0.,0.,1.));
#8320 = ORIENTED_EDGE('',*,*,#6390,.F.);
#8321 = ORIENTED_EDGE('',*,*,#8315,.F.);
#8322 = CYLINDRICAL_SURFACE('',#8323,0.5969);
#8323 = AXIS2_PLACEMENT_3D('',#8324,#8325,#8326);
#8324 = CARTESIAN_POINT('',(49.475896,-112.261902,-4.6E-02));
#8325 = DIRECTION('',(-0.,-0.,-1.));
#8326 = DIRECTION('',(-0.,-1.,0.));
#8327 = ADVANCED_FACE('',(#8328),#8339,.F.);
#8328 = FACE_BOUND('',#8329,.T.);
#8329 = EDGE_LOOP('',(#8330,#8331,#8337,#8338));
#8330 = ORIENTED_EDGE('',*,*,#4588,.T.);
#8331 = ORIENTED_EDGE('',*,*,#8332,.T.);
#8332 = EDGE_CURVE('',#4589,#6402,#8333,.T.);
#8333 = LINE('',#8334,#8335);
#8334 = CARTESIAN_POINT('',(45.697153,-110.670765,-4.6E-02));
#8335 = VECTOR('',#8336,1.);
#8336 = DIRECTION('',(0.,0.,1.));
#8337 = ORIENTED_EDGE('',*,*,#6401,.F.);
#8338 = ORIENTED_EDGE('',*,*,#8332,.F.);
#8339 = CYLINDRICAL_SURFACE('',#8340,0.5969);
#8340 = AXIS2_PLACEMENT_3D('',#8341,#8342,#8343);
#8341 = CARTESIAN_POINT('',(45.697153,-110.073865,-4.6E-02));
#8342 = DIRECTION('',(-0.,-0.,-1.));
#8343 = DIRECTION('',(-0.,-1.,0.));
#8344 = ADVANCED_FACE('',(#8345),#8356,.F.);
#8345 = FACE_BOUND('',#8346,.T.);
#8346 = EDGE_LOOP('',(#8347,#8348,#8354,#8355));
#8347 = ORIENTED_EDGE('',*,*,#4599,.T.);
#8348 = ORIENTED_EDGE('',*,*,#8349,.T.);
#8349 = EDGE_CURVE('',#4600,#6413,#8350,.T.);
#8350 = LINE('',#8351,#8352);
#8351 = CARTESIAN_POINT('',(47.328995,-108.254758,-4.6E-02));
#8352 = VECTOR('',#8353,1.);
#8353 = DIRECTION('',(0.,0.,1.));
#8354 = ORIENTED_EDGE('',*,*,#6412,.F.);
#8355 = ORIENTED_EDGE('',*,*,#8349,.F.);
#8356 = CYLINDRICAL_SURFACE('',#8357,0.5969);
#8357 = AXIS2_PLACEMENT_3D('',#8358,#8359,#8360);
#8358 = CARTESIAN_POINT('',(47.328995,-107.657858,-4.6E-02));
#8359 = DIRECTION('',(-0.,-0.,-1.));
#8360 = DIRECTION('',(-0.,-1.,0.));
#8361 = ADVANCED_FACE('',(#8362),#8373,.F.);
#8362 = FACE_BOUND('',#8363,.T.);
#8363 = EDGE_LOOP('',(#8364,#8365,#8371,#8372));
#8364 = ORIENTED_EDGE('',*,*,#4610,.T.);
#8365 = ORIENTED_EDGE('',*,*,#8366,.T.);
#8366 = EDGE_CURVE('',#4611,#6424,#8367,.T.);
#8367 = LINE('',#8368,#8369);
#8368 = CARTESIAN_POINT('',(51.622796,-117.462844,-4.6E-02));
#8369 = VECTOR('',#8370,1.);
#8370 = DIRECTION('',(0.,0.,1.));
#8371 = ORIENTED_EDGE('',*,*,#6423,.F.);
#8372 = ORIENTED_EDGE('',*,*,#8366,.F.);
#8373 = CYLINDRICAL_SURFACE('',#8374,0.5969);
#8374 = AXIS2_PLACEMENT_3D('',#8375,#8376,#8377);
#8375 = CARTESIAN_POINT('',(51.622796,-116.865944,-4.6E-02));
#8376 = DIRECTION('',(-0.,-0.,-1.));
#8377 = DIRECTION('',(-0.,-1.,0.));
#8378 = ADVANCED_FACE('',(#8379),#8390,.F.);
#8379 = FACE_BOUND('',#8380,.T.);
#8380 = EDGE_LOOP('',(#8381,#8382,#8388,#8389));
#8381 = ORIENTED_EDGE('',*,*,#4621,.T.);
#8382 = ORIENTED_EDGE('',*,*,#8383,.T.);
#8383 = EDGE_CURVE('',#4622,#6435,#8384,.T.);
#8384 = LINE('',#8385,#8386);
#8385 = CARTESIAN_POINT('',(50.228692,-108.557674,-4.6E-02));
#8386 = VECTOR('',#8387,1.);
#8387 = DIRECTION('',(0.,0.,1.));
#8388 = ORIENTED_EDGE('',*,*,#6434,.F.);
#8389 = ORIENTED_EDGE('',*,*,#8383,.F.);
#8390 = CYLINDRICAL_SURFACE('',#8391,0.5969);
#8391 = AXIS2_PLACEMENT_3D('',#8392,#8393,#8394);
#8392 = CARTESIAN_POINT('',(50.228692,-107.960774,-4.6E-02));
#8393 = DIRECTION('',(-0.,0.,-1.));
#8394 = DIRECTION('',(1.190388232133E-14,-1.,-0.));
#8395 = ADVANCED_FACE('',(#8396),#8407,.F.);
#8396 = FACE_BOUND('',#8397,.T.);
#8397 = EDGE_LOOP('',(#8398,#8399,#8405,#8406));
#8398 = ORIENTED_EDGE('',*,*,#4632,.T.);
#8399 = ORIENTED_EDGE('',*,*,#8400,.T.);
#8400 = EDGE_CURVE('',#4633,#6446,#8401,.T.);
#8401 = LINE('',#8402,#8403);
#8402 = CARTESIAN_POINT('',(65.670567,-110.912261,-4.6E-02));
#8403 = VECTOR('',#8404,1.);
#8404 = DIRECTION('',(0.,0.,1.));
#8405 = ORIENTED_EDGE('',*,*,#6445,.F.);
#8406 = ORIENTED_EDGE('',*,*,#8400,.F.);
#8407 = CYLINDRICAL_SURFACE('',#8408,0.5969);
#8408 = AXIS2_PLACEMENT_3D('',#8409,#8410,#8411);
#8409 = CARTESIAN_POINT('',(65.670567,-110.315361,-4.6E-02));
#8410 = DIRECTION('',(-0.,-0.,-1.));
#8411 = DIRECTION('',(-0.,-1.,0.));
#8412 = ADVANCED_FACE('',(#8413),#8424,.F.);
#8413 = FACE_BOUND('',#8414,.T.);
#8414 = EDGE_LOOP('',(#8415,#8416,#8422,#8423));
#8415 = ORIENTED_EDGE('',*,*,#4643,.T.);
#8416 = ORIENTED_EDGE('',*,*,#8417,.T.);
#8417 = EDGE_CURVE('',#4644,#6457,#8418,.T.);
#8418 = LINE('',#8419,#8420);
#8419 = CARTESIAN_POINT('',(49.037128,-97.966619,-4.6E-02));
#8420 = VECTOR('',#8421,1.);
#8421 = DIRECTION('',(0.,0.,1.));
#8422 = ORIENTED_EDGE('',*,*,#6456,.F.);
#8423 = ORIENTED_EDGE('',*,*,#8417,.F.);
#8424 = CYLINDRICAL_SURFACE('',#8425,0.5);
#8425 = AXIS2_PLACEMENT_3D('',#8426,#8427,#8428);
#8426 = CARTESIAN_POINT('',(49.037128,-97.466619,-4.6E-02));
#8427 = DIRECTION('',(-0.,-0.,-1.));
#8428 = DIRECTION('',(-0.,-1.,0.));
#8429 = ADVANCED_FACE('',(#8430),#8441,.F.);
#8430 = FACE_BOUND('',#8431,.T.);
#8431 = EDGE_LOOP('',(#8432,#8433,#8439,#8440));
#8432 = ORIENTED_EDGE('',*,*,#4654,.T.);
#8433 = ORIENTED_EDGE('',*,*,#8434,.T.);
#8434 = EDGE_CURVE('',#4655,#6468,#8435,.T.);
#8435 = LINE('',#8436,#8437);
#8436 = CARTESIAN_POINT('',(59.744924,-104.120182,-4.6E-02));
#8437 = VECTOR('',#8438,1.);
#8438 = DIRECTION('',(0.,0.,1.));
#8439 = ORIENTED_EDGE('',*,*,#6467,.F.);
#8440 = ORIENTED_EDGE('',*,*,#8434,.F.);
#8441 = CYLINDRICAL_SURFACE('',#8442,0.5969);
#8442 = AXIS2_PLACEMENT_3D('',#8443,#8444,#8445);
#8443 = CARTESIAN_POINT('',(59.744924,-103.523282,-4.6E-02));
#8444 = DIRECTION('',(-0.,-0.,-1.));
#8445 = DIRECTION('',(-0.,-1.,0.));
#8446 = ADVANCED_FACE('',(#8447),#8458,.F.);
#8447 = FACE_BOUND('',#8448,.T.);
#8448 = EDGE_LOOP('',(#8449,#8450,#8456,#8457));
#8449 = ORIENTED_EDGE('',*,*,#4665,.T.);
#8450 = ORIENTED_EDGE('',*,*,#8451,.T.);
#8451 = EDGE_CURVE('',#4666,#6479,#8452,.T.);
#8452 = LINE('',#8453,#8454);
#8453 = CARTESIAN_POINT('',(63.523667,-106.308219,-4.6E-02));
#8454 = VECTOR('',#8455,1.);
#8455 = DIRECTION('',(0.,0.,1.));
#8456 = ORIENTED_EDGE('',*,*,#6478,.F.);
#8457 = ORIENTED_EDGE('',*,*,#8451,.F.);
#8458 = CYLINDRICAL_SURFACE('',#8459,0.5969);
#8459 = AXIS2_PLACEMENT_3D('',#8460,#8461,#8462);
#8460 = CARTESIAN_POINT('',(63.523667,-105.711319,-4.6E-02));
#8461 = DIRECTION('',(-0.,0.,-1.));
#8462 = DIRECTION('',(1.190388232133E-14,-1.,-0.));
#8463 = ADVANCED_FACE('',(#8464),#8475,.F.);
#8464 = FACE_BOUND('',#8465,.T.);
#8465 = EDGE_LOOP('',(#8466,#8467,#8473,#8474));
#8466 = ORIENTED_EDGE('',*,*,#4676,.T.);
#8467 = ORIENTED_EDGE('',*,*,#8468,.T.);
#8468 = EDGE_CURVE('',#4677,#6490,#8469,.T.);
#8469 = LINE('',#8470,#8471);
#8470 = CARTESIAN_POINT('',(61.376766,-101.704175,-4.6E-02));
#8471 = VECTOR('',#8472,1.);
#8472 = DIRECTION('',(0.,0.,1.));
#8473 = ORIENTED_EDGE('',*,*,#6489,.F.);
#8474 = ORIENTED_EDGE('',*,*,#8468,.F.);
#8475 = CYLINDRICAL_SURFACE('',#8476,0.5969);
#8476 = AXIS2_PLACEMENT_3D('',#8477,#8478,#8479);
#8477 = CARTESIAN_POINT('',(61.376766,-101.107275,-4.6E-02));
#8478 = DIRECTION('',(-0.,-0.,-1.));
#8479 = DIRECTION('',(-0.,-1.,0.));
#8480 = ADVANCED_FACE('',(#8481),#8492,.F.);
#8481 = FACE_BOUND('',#8482,.T.);
#8482 = EDGE_LOOP('',(#8483,#8484,#8490,#8491));
#8483 = ORIENTED_EDGE('',*,*,#4687,.T.);
#8484 = ORIENTED_EDGE('',*,*,#8485,.T.);
#8485 = EDGE_CURVE('',#4688,#6501,#8486,.T.);
#8486 = LINE('',#8487,#8488);
#8487 = CARTESIAN_POINT('',(64.276463,-102.007091,-4.6E-02));
#8488 = VECTOR('',#8489,1.);
#8489 = DIRECTION('',(0.,0.,1.));
#8490 = ORIENTED_EDGE('',*,*,#6500,.F.);
#8491 = ORIENTED_EDGE('',*,*,#8485,.F.);
#8492 = CYLINDRICAL_SURFACE('',#8493,0.5969);
#8493 = AXIS2_PLACEMENT_3D('',#8494,#8495,#8496);
#8494 = CARTESIAN_POINT('',(64.276463,-101.410191,-4.6E-02));
#8495 = DIRECTION('',(-0.,-0.,-1.));
#8496 = DIRECTION('',(-0.,-1.,0.));
#8497 = ADVANCED_FACE('',(#8498),#8509,.F.);
#8498 = FACE_BOUND('',#8499,.T.);
#8499 = EDGE_LOOP('',(#8500,#8501,#8507,#8508));
#8500 = ORIENTED_EDGE('',*,*,#4698,.T.);
#8501 = ORIENTED_EDGE('',*,*,#8502,.T.);
#8502 = EDGE_CURVE('',#4699,#6512,#8503,.T.);
#8503 = LINE('',#8504,#8505);
#8504 = CARTESIAN_POINT('',(51.339149,-96.893169,-4.6E-02));
#8505 = VECTOR('',#8506,1.);
#8506 = DIRECTION('',(0.,0.,1.));
#8507 = ORIENTED_EDGE('',*,*,#6511,.F.);
#8508 = ORIENTED_EDGE('',*,*,#8502,.F.);
#8509 = CYLINDRICAL_SURFACE('',#8510,0.5);
#8510 = AXIS2_PLACEMENT_3D('',#8511,#8512,#8513);
#8511 = CARTESIAN_POINT('',(51.339149,-96.393169,-4.6E-02));
#8512 = DIRECTION('',(-0.,-0.,-1.));
#8513 = DIRECTION('',(-0.,-1.,0.));
#8514 = ADVANCED_FACE('',(#8515),#8526,.F.);
#8515 = FACE_BOUND('',#8516,.T.);
#8516 = EDGE_LOOP('',(#8517,#8518,#8524,#8525));
#8517 = ORIENTED_EDGE('',*,*,#4709,.T.);
#8518 = ORIENTED_EDGE('',*,*,#8519,.T.);
#8519 = EDGE_CURVE('',#4710,#6523,#8520,.T.);
#8520 = LINE('',#8521,#8522);
#8521 = CARTESIAN_POINT('',(53.641171,-95.819718,-4.6E-02));
#8522 = VECTOR('',#8523,1.);
#8523 = DIRECTION('',(0.,0.,1.));
#8524 = ORIENTED_EDGE('',*,*,#6522,.F.);
#8525 = ORIENTED_EDGE('',*,*,#8519,.F.);
#8526 = CYLINDRICAL_SURFACE('',#8527,0.5);
#8527 = AXIS2_PLACEMENT_3D('',#8528,#8529,#8530);
#8528 = CARTESIAN_POINT('',(53.641171,-95.319718,-4.6E-02));
#8529 = DIRECTION('',(-0.,-0.,-1.));
#8530 = DIRECTION('',(-0.,-1.,0.));
#8531 = ADVANCED_FACE('',(#8532),#8543,.F.);
#8532 = FACE_BOUND('',#8533,.T.);
#8533 = EDGE_LOOP('',(#8534,#8535,#8541,#8542));
#8534 = ORIENTED_EDGE('',*,*,#4720,.T.);
#8535 = ORIENTED_EDGE('',*,*,#8536,.T.);
#8536 = EDGE_CURVE('',#4721,#6534,#8537,.T.);
#8537 = LINE('',#8538,#8539);
#8538 = CARTESIAN_POINT('',(83.68,-117.5,-4.6E-02));
#8539 = VECTOR('',#8540,1.);
#8540 = DIRECTION('',(0.,0.,1.));
#8541 = ORIENTED_EDGE('',*,*,#6533,.F.);
#8542 = ORIENTED_EDGE('',*,*,#8536,.F.);
#8543 = CYLINDRICAL_SURFACE('',#8544,0.5);
#8544 = AXIS2_PLACEMENT_3D('',#8545,#8546,#8547);
#8545 = CARTESIAN_POINT('',(83.68,-117.,-4.6E-02));
#8546 = DIRECTION('',(-0.,-0.,-1.));
#8547 = DIRECTION('',(-0.,-1.,0.));
#8548 = ADVANCED_FACE('',(#8549),#8560,.F.);
#8549 = FACE_BOUND('',#8550,.T.);
#8550 = EDGE_LOOP('',(#8551,#8552,#8558,#8559));
#8551 = ORIENTED_EDGE('',*,*,#4731,.T.);
#8552 = ORIENTED_EDGE('',*,*,#8553,.T.);
#8553 = EDGE_CURVE('',#4732,#6545,#8554,.T.);
#8554 = LINE('',#8555,#8556);
#8555 = CARTESIAN_POINT('',(86.219999,-117.5,-4.6E-02));
#8556 = VECTOR('',#8557,1.);
#8557 = DIRECTION('',(0.,0.,1.));
#8558 = ORIENTED_EDGE('',*,*,#6544,.F.);
#8559 = ORIENTED_EDGE('',*,*,#8553,.F.);
#8560 = CYLINDRICAL_SURFACE('',#8561,0.5);
#8561 = AXIS2_PLACEMENT_3D('',#8562,#8563,#8564);
#8562 = CARTESIAN_POINT('',(86.219999,-117.,-4.6E-02));
#8563 = DIRECTION('',(-0.,-0.,-1.));
#8564 = DIRECTION('',(-0.,-1.,0.));
#8565 = ADVANCED_FACE('',(#8566),#8577,.F.);
#8566 = FACE_BOUND('',#8567,.T.);
#8567 = EDGE_LOOP('',(#8568,#8569,#8575,#8576));
#8568 = ORIENTED_EDGE('',*,*,#4742,.T.);
#8569 = ORIENTED_EDGE('',*,*,#8570,.T.);
#8570 = EDGE_CURVE('',#4743,#6556,#8571,.T.);
#8571 = LINE('',#8572,#8573);
#8572 = CARTESIAN_POINT('',(88.76,-117.5,-4.6E-02));
#8573 = VECTOR('',#8574,1.);
#8574 = DIRECTION('',(0.,0.,1.));
#8575 = ORIENTED_EDGE('',*,*,#6555,.F.);
#8576 = ORIENTED_EDGE('',*,*,#8570,.F.);
#8577 = CYLINDRICAL_SURFACE('',#8578,0.5);
#8578 = AXIS2_PLACEMENT_3D('',#8579,#8580,#8581);
#8579 = CARTESIAN_POINT('',(88.76,-117.,-4.6E-02));
#8580 = DIRECTION('',(-0.,-0.,-1.));
#8581 = DIRECTION('',(-0.,-1.,0.));
#8582 = ADVANCED_FACE('',(#8583),#8594,.F.);
#8583 = FACE_BOUND('',#8584,.T.);
#8584 = EDGE_LOOP('',(#8585,#8586,#8592,#8593));
#8585 = ORIENTED_EDGE('',*,*,#4753,.T.);
#8586 = ORIENTED_EDGE('',*,*,#8587,.T.);
#8587 = EDGE_CURVE('',#4754,#6567,#8588,.T.);
#8588 = LINE('',#8589,#8590);
#8589 = CARTESIAN_POINT('',(91.3,-117.5,-4.6E-02));
#8590 = VECTOR('',#8591,1.);
#8591 = DIRECTION('',(0.,0.,1.));
#8592 = ORIENTED_EDGE('',*,*,#6566,.F.);
#8593 = ORIENTED_EDGE('',*,*,#8587,.F.);
#8594 = CYLINDRICAL_SURFACE('',#8595,0.5);
#8595 = AXIS2_PLACEMENT_3D('',#8596,#8597,#8598);
#8596 = CARTESIAN_POINT('',(91.3,-117.,-4.6E-02));
#8597 = DIRECTION('',(-0.,-0.,-1.));
#8598 = DIRECTION('',(-0.,-1.,0.));
#8599 = ADVANCED_FACE('',(#8600),#8611,.F.);
#8600 = FACE_BOUND('',#8601,.T.);
#8601 = EDGE_LOOP('',(#8602,#8603,#8609,#8610));
#8602 = ORIENTED_EDGE('',*,*,#4764,.T.);
#8603 = ORIENTED_EDGE('',*,*,#8604,.T.);
#8604 = EDGE_CURVE('',#4765,#6578,#8605,.T.);
#8605 = LINE('',#8606,#8607);
#8606 = CARTESIAN_POINT('',(85.,-107.2569,-4.6E-02));
#8607 = VECTOR('',#8608,1.);
#8608 = DIRECTION('',(0.,0.,1.));
#8609 = ORIENTED_EDGE('',*,*,#6577,.F.);
#8610 = ORIENTED_EDGE('',*,*,#8604,.F.);
#8611 = CYLINDRICAL_SURFACE('',#8612,0.5969);
#8612 = AXIS2_PLACEMENT_3D('',#8613,#8614,#8615);
#8613 = CARTESIAN_POINT('',(85.,-106.66,-4.6E-02));
#8614 = DIRECTION('',(-0.,-0.,-1.));
#8615 = DIRECTION('',(-0.,-1.,0.));
#8616 = ADVANCED_FACE('',(#8617),#8628,.F.);
#8617 = FACE_BOUND('',#8618,.T.);
#8618 = EDGE_LOOP('',(#8619,#8620,#8626,#8627));
#8619 = ORIENTED_EDGE('',*,*,#4775,.T.);
#8620 = ORIENTED_EDGE('',*,*,#8621,.T.);
#8621 = EDGE_CURVE('',#4776,#6589,#8622,.T.);
#8622 = LINE('',#8623,#8624);
#8623 = CARTESIAN_POINT('',(87.5,-108.7569,-4.6E-02));
#8624 = VECTOR('',#8625,1.);
#8625 = DIRECTION('',(0.,0.,1.));
#8626 = ORIENTED_EDGE('',*,*,#6588,.F.);
#8627 = ORIENTED_EDGE('',*,*,#8621,.F.);
#8628 = CYLINDRICAL_SURFACE('',#8629,0.5969);
#8629 = AXIS2_PLACEMENT_3D('',#8630,#8631,#8632);
#8630 = CARTESIAN_POINT('',(87.5,-108.16,-4.6E-02));
#8631 = DIRECTION('',(-0.,-0.,-1.));
#8632 = DIRECTION('',(-0.,-1.,0.));
#8633 = ADVANCED_FACE('',(#8634),#8645,.F.);
#8634 = FACE_BOUND('',#8635,.T.);
#8635 = EDGE_LOOP('',(#8636,#8637,#8643,#8644));
#8636 = ORIENTED_EDGE('',*,*,#4786,.T.);
#8637 = ORIENTED_EDGE('',*,*,#8638,.T.);
#8638 = EDGE_CURVE('',#4787,#6600,#8639,.T.);
#8639 = LINE('',#8640,#8641);
#8640 = CARTESIAN_POINT('',(90.,-107.2569,-4.6E-02));
#8641 = VECTOR('',#8642,1.);
#8642 = DIRECTION('',(0.,0.,1.));
#8643 = ORIENTED_EDGE('',*,*,#6599,.F.);
#8644 = ORIENTED_EDGE('',*,*,#8638,.F.);
#8645 = CYLINDRICAL_SURFACE('',#8646,0.5969);
#8646 = AXIS2_PLACEMENT_3D('',#8647,#8648,#8649);
#8647 = CARTESIAN_POINT('',(90.,-106.66,-4.6E-02));
#8648 = DIRECTION('',(-0.,-0.,-1.));
#8649 = DIRECTION('',(-0.,-1.,0.));
#8650 = ADVANCED_FACE('',(#8651),#8662,.F.);
#8651 = FACE_BOUND('',#8652,.T.);
#8652 = EDGE_LOOP('',(#8653,#8654,#8660,#8661));
#8653 = ORIENTED_EDGE('',*,*,#4797,.T.);
#8654 = ORIENTED_EDGE('',*,*,#8655,.T.);
#8655 = EDGE_CURVE('',#4798,#6611,#8656,.T.);
#8656 = LINE('',#8657,#8658);
#8657 = CARTESIAN_POINT('',(87.5,-103.6769,-4.6E-02));
#8658 = VECTOR('',#8659,1.);
#8659 = DIRECTION('',(0.,0.,1.));
#8660 = ORIENTED_EDGE('',*,*,#6610,.F.);
#8661 = ORIENTED_EDGE('',*,*,#8655,.F.);
#8662 = CYLINDRICAL_SURFACE('',#8663,0.5969);
#8663 = AXIS2_PLACEMENT_3D('',#8664,#8665,#8666);
#8664 = CARTESIAN_POINT('',(87.5,-103.08,-4.6E-02));
#8665 = DIRECTION('',(-0.,-0.,-1.));
#8666 = DIRECTION('',(-0.,-1.,0.));
#8667 = ADVANCED_FACE('',(#8668),#8679,.F.);
#8668 = FACE_BOUND('',#8669,.T.);
#8669 = EDGE_LOOP('',(#8670,#8671,#8677,#8678));
#8670 = ORIENTED_EDGE('',*,*,#4808,.T.);
#8671 = ORIENTED_EDGE('',*,*,#8672,.T.);
#8672 = EDGE_CURVE('',#4809,#6622,#8673,.T.);
#8673 = LINE('',#8674,#8675);
#8674 = CARTESIAN_POINT('',(87.5,-98.5969,-4.6E-02));
#8675 = VECTOR('',#8676,1.);
#8676 = DIRECTION('',(0.,0.,1.));
#8677 = ORIENTED_EDGE('',*,*,#6621,.F.);
#8678 = ORIENTED_EDGE('',*,*,#8672,.F.);
#8679 = CYLINDRICAL_SURFACE('',#8680,0.5969);
#8680 = AXIS2_PLACEMENT_3D('',#8681,#8682,#8683);
#8681 = CARTESIAN_POINT('',(87.5,-98.,-4.6E-02));
#8682 = DIRECTION('',(-0.,-0.,-1.));
#8683 = DIRECTION('',(-0.,-1.,0.));
#8684 = ADVANCED_FACE('',(#8685),#8696,.F.);
#8685 = FACE_BOUND('',#8686,.T.);
#8686 = EDGE_LOOP('',(#8687,#8688,#8694,#8695));
#8687 = ORIENTED_EDGE('',*,*,#4819,.T.);
#8688 = ORIENTED_EDGE('',*,*,#8689,.T.);
#8689 = EDGE_CURVE('',#4820,#6633,#8690,.T.);
#8690 = LINE('',#8691,#8692);
#8691 = CARTESIAN_POINT('',(55.943193,-94.746268,-4.6E-02));
#8692 = VECTOR('',#8693,1.);
#8693 = DIRECTION('',(0.,0.,1.));
#8694 = ORIENTED_EDGE('',*,*,#6632,.F.);
#8695 = ORIENTED_EDGE('',*,*,#8689,.F.);
#8696 = CYLINDRICAL_SURFACE('',#8697,0.5);
#8697 = AXIS2_PLACEMENT_3D('',#8698,#8699,#8700);
#8698 = CARTESIAN_POINT('',(55.943193,-94.246268,-4.6E-02));
#8699 = DIRECTION('',(-0.,-0.,-1.));
#8700 = DIRECTION('',(-0.,-1.,0.));
#8701 = ADVANCED_FACE('',(#8702),#8713,.F.);
#8702 = FACE_BOUND('',#8703,.T.);
#8703 = EDGE_LOOP('',(#8704,#8705,#8711,#8712));
#8704 = ORIENTED_EDGE('',*,*,#4830,.T.);
#8705 = ORIENTED_EDGE('',*,*,#8706,.T.);
#8706 = EDGE_CURVE('',#4831,#6644,#8707,.T.);
#8707 = LINE('',#8708,#8709);
#8708 = CARTESIAN_POINT('',(36.9,-78.15,-4.6E-02));
#8709 = VECTOR('',#8710,1.);
#8710 = DIRECTION('',(0.,0.,1.));
#8711 = ORIENTED_EDGE('',*,*,#6643,.F.);
#8712 = ORIENTED_EDGE('',*,*,#8706,.F.);
#8713 = CYLINDRICAL_SURFACE('',#8714,1.75);
#8714 = AXIS2_PLACEMENT_3D('',#8715,#8716,#8717);
#8715 = CARTESIAN_POINT('',(36.9,-76.4,-4.6E-02));
#8716 = DIRECTION('',(-0.,-0.,-1.));
#8717 = DIRECTION('',(-0.,-1.,0.));
#8718 = ADVANCED_FACE('',(#8719),#8730,.F.);
#8719 = FACE_BOUND('',#8720,.T.);
#8720 = EDGE_LOOP('',(#8721,#8722,#8728,#8729));
#8721 = ORIENTED_EDGE('',*,*,#4841,.T.);
#8722 = ORIENTED_EDGE('',*,*,#8723,.T.);
#8723 = EDGE_CURVE('',#4842,#6655,#8724,.T.);
#8724 = LINE('',#8725,#8726);
#8725 = CARTESIAN_POINT('',(48.192893,-77.004007,-4.6E-02));
#8726 = VECTOR('',#8727,1.);
#8727 = DIRECTION('',(0.,0.,1.));
#8728 = ORIENTED_EDGE('',*,*,#6654,.F.);
#8729 = ORIENTED_EDGE('',*,*,#8723,.F.);
#8730 = CYLINDRICAL_SURFACE('',#8731,0.5969);
#8731 = AXIS2_PLACEMENT_3D('',#8732,#8733,#8734);
#8732 = CARTESIAN_POINT('',(48.192893,-76.407107,-4.6E-02));
#8733 = DIRECTION('',(-0.,-0.,-1.));
#8734 = DIRECTION('',(-0.,-1.,0.));
#8735 = ADVANCED_FACE('',(#8736),#8747,.F.);
#8736 = FACE_BOUND('',#8737,.T.);
#8737 = EDGE_LOOP('',(#8738,#8739,#8745,#8746));
#8738 = ORIENTED_EDGE('',*,*,#4852,.T.);
#8739 = ORIENTED_EDGE('',*,*,#8740,.T.);
#8740 = EDGE_CURVE('',#4853,#6666,#8741,.T.);
#8741 = LINE('',#8742,#8743);
#8742 = CARTESIAN_POINT('',(49.692893,-79.504007,-4.6E-02));
#8743 = VECTOR('',#8744,1.);
#8744 = DIRECTION('',(0.,0.,1.));
#8745 = ORIENTED_EDGE('',*,*,#6665,.F.);
#8746 = ORIENTED_EDGE('',*,*,#8740,.F.);
#8747 = CYLINDRICAL_SURFACE('',#8748,0.5969);
#8748 = AXIS2_PLACEMENT_3D('',#8749,#8750,#8751);
#8749 = CARTESIAN_POINT('',(49.692893,-78.907107,-4.6E-02));
#8750 = DIRECTION('',(-0.,-0.,-1.));
#8751 = DIRECTION('',(-0.,-1.,0.));
#8752 = ADVANCED_FACE('',(#8753),#8764,.F.);
#8753 = FACE_BOUND('',#8754,.T.);
#8754 = EDGE_LOOP('',(#8755,#8756,#8762,#8763));
#8755 = ORIENTED_EDGE('',*,*,#4863,.T.);
#8756 = ORIENTED_EDGE('',*,*,#8757,.T.);
#8757 = EDGE_CURVE('',#4864,#6677,#8758,.T.);
#8758 = LINE('',#8759,#8760);
#8759 = CARTESIAN_POINT('',(53.272893,-77.004007,-4.6E-02));
#8760 = VECTOR('',#8761,1.);
#8761 = DIRECTION('',(0.,0.,1.));
#8762 = ORIENTED_EDGE('',*,*,#6676,.F.);
#8763 = ORIENTED_EDGE('',*,*,#8757,.F.);
#8764 = CYLINDRICAL_SURFACE('',#8765,0.5969);
#8765 = AXIS2_PLACEMENT_3D('',#8766,#8767,#8768);
#8766 = CARTESIAN_POINT('',(53.272893,-76.407107,-4.6E-02));
#8767 = DIRECTION('',(-0.,0.,-1.));
#8768 = DIRECTION('',(1.190388232133E-14,-1.,-0.));
#8769 = ADVANCED_FACE('',(#8770),#8781,.F.);
#8770 = FACE_BOUND('',#8771,.T.);
#8771 = EDGE_LOOP('',(#8772,#8773,#8779,#8780));
#8772 = ORIENTED_EDGE('',*,*,#4874,.T.);
#8773 = ORIENTED_EDGE('',*,*,#8774,.T.);
#8774 = EDGE_CURVE('',#4875,#6688,#8775,.T.);
#8775 = LINE('',#8776,#8777);
#8776 = CARTESIAN_POINT('',(49.692893,-74.504007,-4.6E-02));
#8777 = VECTOR('',#8778,1.);
#8778 = DIRECTION('',(0.,0.,1.));
#8779 = ORIENTED_EDGE('',*,*,#6687,.F.);
#8780 = ORIENTED_EDGE('',*,*,#8774,.F.);
#8781 = CYLINDRICAL_SURFACE('',#8782,0.5969);
#8782 = AXIS2_PLACEMENT_3D('',#8783,#8784,#8785);
#8783 = CARTESIAN_POINT('',(49.692893,-73.907107,-4.6E-02));
#8784 = DIRECTION('',(-0.,-0.,-1.));
#8785 = DIRECTION('',(-0.,-1.,0.));
#8786 = ADVANCED_FACE('',(#8787),#8798,.F.);
#8787 = FACE_BOUND('',#8788,.T.);
#8788 = EDGE_LOOP('',(#8789,#8790,#8796,#8797));
#8789 = ORIENTED_EDGE('',*,*,#4885,.T.);
#8790 = ORIENTED_EDGE('',*,*,#8791,.T.);
#8791 = EDGE_CURVE('',#4886,#6699,#8792,.T.);
#8792 = LINE('',#8793,#8794);
#8793 = CARTESIAN_POINT('',(58.352893,-77.004007,-4.6E-02));
#8794 = VECTOR('',#8795,1.);
#8795 = DIRECTION('',(0.,0.,1.));
#8796 = ORIENTED_EDGE('',*,*,#6698,.F.);
#8797 = ORIENTED_EDGE('',*,*,#8791,.F.);
#8798 = CYLINDRICAL_SURFACE('',#8799,0.5969);
#8799 = AXIS2_PLACEMENT_3D('',#8800,#8801,#8802);
#8800 = CARTESIAN_POINT('',(58.352893,-76.407107,-4.6E-02));
#8801 = DIRECTION('',(-0.,0.,-1.));
#8802 = DIRECTION('',(1.190388232133E-14,-1.,-0.));
#8803 = ADVANCED_FACE('',(#8804),#8815,.F.);
#8804 = FACE_BOUND('',#8805,.T.);
#8805 = EDGE_LOOP('',(#8806,#8807,#8813,#8814));
#8806 = ORIENTED_EDGE('',*,*,#4896,.T.);
#8807 = ORIENTED_EDGE('',*,*,#8808,.T.);
#8808 = EDGE_CURVE('',#4897,#6710,#8809,.T.);
#8809 = LINE('',#8810,#8811);
#8810 = CARTESIAN_POINT('',(93.6,-77.35,-4.6E-02));
#8811 = VECTOR('',#8812,1.);
#8812 = DIRECTION('',(0.,0.,1.));
#8813 = ORIENTED_EDGE('',*,*,#6709,.F.);
#8814 = ORIENTED_EDGE('',*,*,#8808,.F.);
#8815 = CYLINDRICAL_SURFACE('',#8816,2.25);
#8816 = AXIS2_PLACEMENT_3D('',#8817,#8818,#8819);
#8817 = CARTESIAN_POINT('',(93.6,-75.1,-4.6E-02));
#8818 = DIRECTION('',(-0.,-0.,-1.));
#8819 = DIRECTION('',(-0.,-1.,0.));
#8820 = ADVANCED_FACE('',(#8821),#8832,.F.);
#8821 = FACE_BOUND('',#8822,.T.);
#8822 = EDGE_LOOP('',(#8823,#8824,#8830,#8831));
#8823 = ORIENTED_EDGE('',*,*,#4907,.T.);
#8824 = ORIENTED_EDGE('',*,*,#8825,.T.);
#8825 = EDGE_CURVE('',#4908,#6721,#8826,.T.);
#8826 = LINE('',#8827,#8828);
#8827 = CARTESIAN_POINT('',(103.1,-113.05,-4.6E-02));
#8828 = VECTOR('',#8829,1.);
#8829 = DIRECTION('',(0.,0.,1.));
#8830 = ORIENTED_EDGE('',*,*,#6720,.F.);
#8831 = ORIENTED_EDGE('',*,*,#8825,.F.);
#8832 = CYLINDRICAL_SURFACE('',#8833,1.75);
#8833 = AXIS2_PLACEMENT_3D('',#8834,#8835,#8836);
#8834 = CARTESIAN_POINT('',(103.1,-111.3,-4.6E-02));
#8835 = DIRECTION('',(-0.,-0.,-1.));
#8836 = DIRECTION('',(-0.,-1.,0.));
#8837 = ADVANCED_FACE('',(#8838),#8849,.F.);
#8838 = FACE_BOUND('',#8839,.T.);
#8839 = EDGE_LOOP('',(#8840,#8841,#8847,#8848));
#8840 = ORIENTED_EDGE('',*,*,#4918,.T.);
#8841 = ORIENTED_EDGE('',*,*,#8842,.T.);
#8842 = EDGE_CURVE('',#4919,#6732,#8843,.T.);
#8843 = LINE('',#8844,#8845);
#8844 = CARTESIAN_POINT('',(125.72,-117.5,-4.6E-02));
#8845 = VECTOR('',#8846,1.);
#8846 = DIRECTION('',(0.,0.,1.));
#8847 = ORIENTED_EDGE('',*,*,#6731,.F.);
#8848 = ORIENTED_EDGE('',*,*,#8842,.F.);
#8849 = CYLINDRICAL_SURFACE('',#8850,0.5);
#8850 = AXIS2_PLACEMENT_3D('',#8851,#8852,#8853);
#8851 = CARTESIAN_POINT('',(125.72,-117.,-4.6E-02));
#8852 = DIRECTION('',(-0.,-0.,-1.));
#8853 = DIRECTION('',(-0.,-1.,0.));
#8854 = ADVANCED_FACE('',(#8855),#8866,.F.);
#8855 = FACE_BOUND('',#8856,.T.);
#8856 = EDGE_LOOP('',(#8857,#8858,#8864,#8865));
#8857 = ORIENTED_EDGE('',*,*,#4929,.T.);
#8858 = ORIENTED_EDGE('',*,*,#8859,.T.);
#8859 = EDGE_CURVE('',#4930,#6743,#8860,.T.);
#8860 = LINE('',#8861,#8862);
#8861 = CARTESIAN_POINT('',(128.26,-117.5,-4.6E-02));
#8862 = VECTOR('',#8863,1.);
#8863 = DIRECTION('',(0.,0.,1.));
#8864 = ORIENTED_EDGE('',*,*,#6742,.F.);
#8865 = ORIENTED_EDGE('',*,*,#8859,.F.);
#8866 = CYLINDRICAL_SURFACE('',#8867,0.5);
#8867 = AXIS2_PLACEMENT_3D('',#8868,#8869,#8870);
#8868 = CARTESIAN_POINT('',(128.26,-117.,-4.6E-02));
#8869 = DIRECTION('',(-0.,-0.,-1.));
#8870 = DIRECTION('',(-0.,-1.,0.));
#8871 = ADVANCED_FACE('',(#8872),#8883,.F.);
#8872 = FACE_BOUND('',#8873,.T.);
#8873 = EDGE_LOOP('',(#8874,#8875,#8881,#8882));
#8874 = ORIENTED_EDGE('',*,*,#4940,.T.);
#8875 = ORIENTED_EDGE('',*,*,#8876,.T.);
#8876 = EDGE_CURVE('',#4941,#6754,#8877,.T.);
#8877 = LINE('',#8878,#8879);
#8878 = CARTESIAN_POINT('',(130.8,-117.5,-4.6E-02));
#8879 = VECTOR('',#8880,1.);
#8880 = DIRECTION('',(0.,0.,1.));
#8881 = ORIENTED_EDGE('',*,*,#6753,.F.);
#8882 = ORIENTED_EDGE('',*,*,#8876,.F.);
#8883 = CYLINDRICAL_SURFACE('',#8884,0.5);
#8884 = AXIS2_PLACEMENT_3D('',#8885,#8886,#8887);
#8885 = CARTESIAN_POINT('',(130.8,-117.,-4.6E-02));
#8886 = DIRECTION('',(-0.,-0.,-1.));
#8887 = DIRECTION('',(-0.,-1.,0.));
#8888 = ADVANCED_FACE('',(#8889),#8900,.F.);
#8889 = FACE_BOUND('',#8890,.T.);
#8890 = EDGE_LOOP('',(#8891,#8892,#8898,#8899));
#8891 = ORIENTED_EDGE('',*,*,#4951,.T.);
#8892 = ORIENTED_EDGE('',*,*,#8893,.T.);
#8893 = EDGE_CURVE('',#4952,#6765,#8894,.T.);
#8894 = LINE('',#8895,#8896);
#8895 = CARTESIAN_POINT('',(103.,-99.7569,-4.6E-02));
#8896 = VECTOR('',#8897,1.);
#8897 = DIRECTION('',(0.,0.,1.));
#8898 = ORIENTED_EDGE('',*,*,#6764,.F.);
#8899 = ORIENTED_EDGE('',*,*,#8893,.F.);
#8900 = CYLINDRICAL_SURFACE('',#8901,0.5969);
#8901 = AXIS2_PLACEMENT_3D('',#8902,#8903,#8904);
#8902 = CARTESIAN_POINT('',(103.,-99.16,-4.6E-02));
#8903 = DIRECTION('',(-0.,-0.,-1.));
#8904 = DIRECTION('',(-0.,-1.,0.));
#8905 = ADVANCED_FACE('',(#8906),#8917,.F.);
#8906 = FACE_BOUND('',#8907,.T.);
#8907 = EDGE_LOOP('',(#8908,#8909,#8915,#8916));
#8908 = ORIENTED_EDGE('',*,*,#4962,.T.);
#8909 = ORIENTED_EDGE('',*,*,#8910,.T.);
#8910 = EDGE_CURVE('',#4963,#6776,#8911,.T.);
#8911 = LINE('',#8912,#8913);
#8912 = CARTESIAN_POINT('',(100.5,-98.2569,-4.6E-02));
#8913 = VECTOR('',#8914,1.);
#8914 = DIRECTION('',(0.,0.,1.));
#8915 = ORIENTED_EDGE('',*,*,#6775,.F.);
#8916 = ORIENTED_EDGE('',*,*,#8910,.F.);
#8917 = CYLINDRICAL_SURFACE('',#8918,0.5969);
#8918 = AXIS2_PLACEMENT_3D('',#8919,#8920,#8921);
#8919 = CARTESIAN_POINT('',(100.5,-97.66,-4.6E-02));
#8920 = DIRECTION('',(-0.,-0.,-1.));
#8921 = DIRECTION('',(-0.,-1.,0.));
#8922 = ADVANCED_FACE('',(#8923),#8934,.F.);
#8923 = FACE_BOUND('',#8924,.T.);
#8924 = EDGE_LOOP('',(#8925,#8926,#8932,#8933));
#8925 = ORIENTED_EDGE('',*,*,#4973,.T.);
#8926 = ORIENTED_EDGE('',*,*,#8927,.T.);
#8927 = EDGE_CURVE('',#4974,#6787,#8928,.T.);
#8928 = LINE('',#8929,#8930);
#8929 = CARTESIAN_POINT('',(105.5,-98.2569,-4.6E-02));
#8930 = VECTOR('',#8931,1.);
#8931 = DIRECTION('',(0.,0.,1.));
#8932 = ORIENTED_EDGE('',*,*,#6786,.F.);
#8933 = ORIENTED_EDGE('',*,*,#8927,.F.);
#8934 = CYLINDRICAL_SURFACE('',#8935,0.5969);
#8935 = AXIS2_PLACEMENT_3D('',#8936,#8937,#8938);
#8936 = CARTESIAN_POINT('',(105.5,-97.66,-4.6E-02));
#8937 = DIRECTION('',(-0.,-0.,-1.));
#8938 = DIRECTION('',(-0.,-1.,0.));
#8939 = ADVANCED_FACE('',(#8940),#8951,.F.);
#8940 = FACE_BOUND('',#8941,.T.);
#8941 = EDGE_LOOP('',(#8942,#8943,#8949,#8950));
#8942 = ORIENTED_EDGE('',*,*,#4984,.T.);
#8943 = ORIENTED_EDGE('',*,*,#8944,.T.);
#8944 = EDGE_CURVE('',#4985,#6798,#8945,.T.);
#8945 = LINE('',#8946,#8947);
#8946 = CARTESIAN_POINT('',(121.,-104.7569,-4.6E-02));
#8947 = VECTOR('',#8948,1.);
#8948 = DIRECTION('',(0.,0.,1.));
#8949 = ORIENTED_EDGE('',*,*,#6797,.F.);
#8950 = ORIENTED_EDGE('',*,*,#8944,.F.);
#8951 = CYLINDRICAL_SURFACE('',#8952,0.5969);
#8952 = AXIS2_PLACEMENT_3D('',#8953,#8954,#8955);
#8953 = CARTESIAN_POINT('',(121.,-104.16,-4.6E-02));
#8954 = DIRECTION('',(-0.,-0.,-1.));
#8955 = DIRECTION('',(-0.,-1.,0.));
#8956 = ADVANCED_FACE('',(#8957),#8968,.F.);
#8957 = FACE_BOUND('',#8958,.T.);
#8958 = EDGE_LOOP('',(#8959,#8960,#8966,#8967));
#8959 = ORIENTED_EDGE('',*,*,#4995,.T.);
#8960 = ORIENTED_EDGE('',*,*,#8961,.T.);
#8961 = EDGE_CURVE('',#4996,#6809,#8962,.T.);
#8962 = LINE('',#8963,#8964);
#8963 = CARTESIAN_POINT('',(118.5,-103.2569,-4.6E-02));
#8964 = VECTOR('',#8965,1.);
#8965 = DIRECTION('',(0.,0.,1.));
#8966 = ORIENTED_EDGE('',*,*,#6808,.F.);
#8967 = ORIENTED_EDGE('',*,*,#8961,.F.);
#8968 = CYLINDRICAL_SURFACE('',#8969,0.5969);
#8969 = AXIS2_PLACEMENT_3D('',#8970,#8971,#8972);
#8970 = CARTESIAN_POINT('',(118.5,-102.66,-4.6E-02));
#8971 = DIRECTION('',(-0.,-0.,-1.));
#8972 = DIRECTION('',(-0.,-1.,0.));
#8973 = ADVANCED_FACE('',(#8974),#8985,.F.);
#8974 = FACE_BOUND('',#8975,.T.);
#8975 = EDGE_LOOP('',(#8976,#8977,#8983,#8984));
#8976 = ORIENTED_EDGE('',*,*,#5006,.T.);
#8977 = ORIENTED_EDGE('',*,*,#8978,.T.);
#8978 = EDGE_CURVE('',#5007,#6820,#8979,.T.);
#8979 = LINE('',#8980,#8981);
#8980 = CARTESIAN_POINT('',(123.5,-103.2569,-4.6E-02));
#8981 = VECTOR('',#8982,1.);
#8982 = DIRECTION('',(0.,0.,1.));
#8983 = ORIENTED_EDGE('',*,*,#6819,.F.);
#8984 = ORIENTED_EDGE('',*,*,#8978,.F.);
#8985 = CYLINDRICAL_SURFACE('',#8986,0.5969);
#8986 = AXIS2_PLACEMENT_3D('',#8987,#8988,#8989);
#8987 = CARTESIAN_POINT('',(123.5,-102.66,-4.6E-02));
#8988 = DIRECTION('',(-0.,-0.,-1.));
#8989 = DIRECTION('',(-0.,-1.,0.));
#8990 = ADVANCED_FACE('',(#8991),#9002,.F.);
#8991 = FACE_BOUND('',#8992,.T.);
#8992 = EDGE_LOOP('',(#8993,#8994,#9000,#9001));
#8993 = ORIENTED_EDGE('',*,*,#5017,.T.);
#8994 = ORIENTED_EDGE('',*,*,#8995,.T.);
#8995 = EDGE_CURVE('',#5018,#6831,#8996,.T.);
#8996 = LINE('',#8997,#8998);
#8997 = CARTESIAN_POINT('',(121.,-99.6769,-4.6E-02));
#8998 = VECTOR('',#8999,1.);
#8999 = DIRECTION('',(0.,0.,1.));
#9000 = ORIENTED_EDGE('',*,*,#6830,.F.);
#9001 = ORIENTED_EDGE('',*,*,#8995,.F.);
#9002 = CYLINDRICAL_SURFACE('',#9003,0.5969);
#9003 = AXIS2_PLACEMENT_3D('',#9004,#9005,#9006);
#9004 = CARTESIAN_POINT('',(121.,-99.08,-4.6E-02));
#9005 = DIRECTION('',(-0.,-0.,-1.));
#9006 = DIRECTION('',(-0.,-1.,0.));
#9007 = ADVANCED_FACE('',(#9008),#9019,.F.);
#9008 = FACE_BOUND('',#9009,.T.);
#9009 = EDGE_LOOP('',(#9010,#9011,#9017,#9018));
#9010 = ORIENTED_EDGE('',*,*,#5028,.T.);
#9011 = ORIENTED_EDGE('',*,*,#9012,.T.);
#9012 = EDGE_CURVE('',#5029,#6842,#9013,.T.);
#9013 = LINE('',#9014,#9015);
#9014 = CARTESIAN_POINT('',(133.34,-117.5,-4.6E-02));
#9015 = VECTOR('',#9016,1.);
#9016 = DIRECTION('',(0.,0.,1.));
#9017 = ORIENTED_EDGE('',*,*,#6841,.F.);
#9018 = ORIENTED_EDGE('',*,*,#9012,.F.);
#9019 = CYLINDRICAL_SURFACE('',#9020,0.5);
#9020 = AXIS2_PLACEMENT_3D('',#9021,#9022,#9023);
#9021 = CARTESIAN_POINT('',(133.34,-117.,-4.6E-02));
#9022 = DIRECTION('',(-0.,-0.,-1.));
#9023 = DIRECTION('',(-0.,-1.,0.));
#9024 = ADVANCED_FACE('',(#9025),#9036,.F.);
#9025 = FACE_BOUND('',#9026,.T.);
#9026 = EDGE_LOOP('',(#9027,#9028,#9034,#9035));
#9027 = ORIENTED_EDGE('',*,*,#5039,.T.);
#9028 = ORIENTED_EDGE('',*,*,#9029,.T.);
#9029 = EDGE_CURVE('',#5040,#6853,#9030,.T.);
#9030 = LINE('',#9031,#9032);
#9031 = CARTESIAN_POINT('',(136.5,-109.7569,-4.6E-02));
#9032 = VECTOR('',#9033,1.);
#9033 = DIRECTION('',(0.,0.,1.));
#9034 = ORIENTED_EDGE('',*,*,#6852,.F.);
#9035 = ORIENTED_EDGE('',*,*,#9029,.F.);
#9036 = CYLINDRICAL_SURFACE('',#9037,0.5969);
#9037 = AXIS2_PLACEMENT_3D('',#9038,#9039,#9040);
#9038 = CARTESIAN_POINT('',(136.5,-109.16,-4.6E-02));
#9039 = DIRECTION('',(-0.,-0.,-1.));
#9040 = DIRECTION('',(-0.,-1.,0.));
#9041 = ADVANCED_FACE('',(#9042),#9053,.F.);
#9042 = FACE_BOUND('',#9043,.T.);
#9043 = EDGE_LOOP('',(#9044,#9045,#9051,#9052));
#9044 = ORIENTED_EDGE('',*,*,#5050,.T.);
#9045 = ORIENTED_EDGE('',*,*,#9046,.T.);
#9046 = EDGE_CURVE('',#5051,#6864,#9047,.T.);
#9047 = LINE('',#9048,#9049);
#9048 = CARTESIAN_POINT('',(134.,-108.2569,-4.6E-02));
#9049 = VECTOR('',#9050,1.);
#9050 = DIRECTION('',(0.,0.,1.));
#9051 = ORIENTED_EDGE('',*,*,#6863,.F.);
#9052 = ORIENTED_EDGE('',*,*,#9046,.F.);
#9053 = CYLINDRICAL_SURFACE('',#9054,0.5969);
#9054 = AXIS2_PLACEMENT_3D('',#9055,#9056,#9057);
#9055 = CARTESIAN_POINT('',(134.,-107.66,-4.6E-02));
#9056 = DIRECTION('',(-0.,-0.,-1.));
#9057 = DIRECTION('',(-0.,-1.,0.));
#9058 = ADVANCED_FACE('',(#9059),#9070,.F.);
#9059 = FACE_BOUND('',#9060,.T.);
#9060 = EDGE_LOOP('',(#9061,#9062,#9068,#9069));
#9061 = ORIENTED_EDGE('',*,*,#5061,.T.);
#9062 = ORIENTED_EDGE('',*,*,#9063,.T.);
#9063 = EDGE_CURVE('',#5062,#6875,#9064,.T.);
#9064 = LINE('',#9065,#9066);
#9065 = CARTESIAN_POINT('',(139.,-108.2569,-4.6E-02));
#9066 = VECTOR('',#9067,1.);
#9067 = DIRECTION('',(0.,0.,1.));
#9068 = ORIENTED_EDGE('',*,*,#6874,.F.);
#9069 = ORIENTED_EDGE('',*,*,#9063,.F.);
#9070 = CYLINDRICAL_SURFACE('',#9071,0.5969);
#9071 = AXIS2_PLACEMENT_3D('',#9072,#9073,#9074);
#9072 = CARTESIAN_POINT('',(139.,-107.66,-4.6E-02));
#9073 = DIRECTION('',(-0.,-0.,-1.));
#9074 = DIRECTION('',(-0.,-1.,0.));
#9075 = ADVANCED_FACE('',(#9076),#9087,.F.);
#9076 = FACE_BOUND('',#9077,.T.);
#9077 = EDGE_LOOP('',(#9078,#9079,#9085,#9086));
#9078 = ORIENTED_EDGE('',*,*,#5072,.T.);
#9079 = ORIENTED_EDGE('',*,*,#9080,.T.);
#9080 = EDGE_CURVE('',#5073,#6886,#9081,.T.);
#9081 = LINE('',#9082,#9083);
#9082 = CARTESIAN_POINT('',(162.,-116.35,-4.6E-02));
#9083 = VECTOR('',#9084,1.);
#9084 = DIRECTION('',(0.,0.,1.));
#9085 = ORIENTED_EDGE('',*,*,#6885,.F.);
#9086 = ORIENTED_EDGE('',*,*,#9080,.F.);
#9087 = CYLINDRICAL_SURFACE('',#9088,1.75);
#9088 = AXIS2_PLACEMENT_3D('',#9089,#9090,#9091);
#9089 = CARTESIAN_POINT('',(162.,-114.6,-4.6E-02));
#9090 = DIRECTION('',(-0.,-0.,-1.));
#9091 = DIRECTION('',(-0.,-1.,0.));
#9092 = ADVANCED_FACE('',(#9093),#9104,.F.);
#9093 = FACE_BOUND('',#9094,.T.);
#9094 = EDGE_LOOP('',(#9095,#9096,#9102,#9103));
#9095 = ORIENTED_EDGE('',*,*,#5083,.T.);
#9096 = ORIENTED_EDGE('',*,*,#9097,.T.);
#9097 = EDGE_CURVE('',#5084,#6897,#9098,.T.);
#9098 = LINE('',#9099,#9100);
#9099 = CARTESIAN_POINT('',(152.,-108.7569,-4.6E-02));
#9100 = VECTOR('',#9101,1.);
#9101 = DIRECTION('',(0.,0.,1.));
#9102 = ORIENTED_EDGE('',*,*,#6896,.F.);
#9103 = ORIENTED_EDGE('',*,*,#9097,.F.);
#9104 = CYLINDRICAL_SURFACE('',#9105,0.5969);
#9105 = AXIS2_PLACEMENT_3D('',#9106,#9107,#9108);
#9106 = CARTESIAN_POINT('',(152.,-108.16,-4.6E-02));
#9107 = DIRECTION('',(-0.,-0.,-1.));
#9108 = DIRECTION('',(-0.,-1.,0.));
#9109 = ADVANCED_FACE('',(#9110),#9121,.F.);
#9110 = FACE_BOUND('',#9111,.T.);
#9111 = EDGE_LOOP('',(#9112,#9113,#9119,#9120));
#9112 = ORIENTED_EDGE('',*,*,#5094,.T.);
#9113 = ORIENTED_EDGE('',*,*,#9114,.T.);
#9114 = EDGE_CURVE('',#5095,#6908,#9115,.T.);
#9115 = LINE('',#9116,#9117);
#9116 = CARTESIAN_POINT('',(149.5,-107.2569,-4.6E-02));
#9117 = VECTOR('',#9118,1.);
#9118 = DIRECTION('',(0.,0.,1.));
#9119 = ORIENTED_EDGE('',*,*,#6907,.F.);
#9120 = ORIENTED_EDGE('',*,*,#9114,.F.);
#9121 = CYLINDRICAL_SURFACE('',#9122,0.5969);
#9122 = AXIS2_PLACEMENT_3D('',#9123,#9124,#9125);
#9123 = CARTESIAN_POINT('',(149.5,-106.66,-4.6E-02));
#9124 = DIRECTION('',(-0.,-0.,-1.));
#9125 = DIRECTION('',(-0.,-1.,0.));
#9126 = ADVANCED_FACE('',(#9127),#9138,.F.);
#9127 = FACE_BOUND('',#9128,.T.);
#9128 = EDGE_LOOP('',(#9129,#9130,#9136,#9137));
#9129 = ORIENTED_EDGE('',*,*,#5105,.T.);
#9130 = ORIENTED_EDGE('',*,*,#9131,.T.);
#9131 = EDGE_CURVE('',#5106,#6919,#9132,.T.);
#9132 = LINE('',#9133,#9134);
#9133 = CARTESIAN_POINT('',(154.5,-107.2569,-4.6E-02));
#9134 = VECTOR('',#9135,1.);
#9135 = DIRECTION('',(0.,0.,1.));
#9136 = ORIENTED_EDGE('',*,*,#6918,.F.);
#9137 = ORIENTED_EDGE('',*,*,#9131,.F.);
#9138 = CYLINDRICAL_SURFACE('',#9139,0.5969);
#9139 = AXIS2_PLACEMENT_3D('',#9140,#9141,#9142);
#9140 = CARTESIAN_POINT('',(154.5,-106.66,-4.6E-02));
#9141 = DIRECTION('',(-0.,-0.,-1.));
#9142 = DIRECTION('',(-0.,-1.,0.));
#9143 = ADVANCED_FACE('',(#9144),#9155,.F.);
#9144 = FACE_BOUND('',#9145,.T.);
#9145 = EDGE_LOOP('',(#9146,#9147,#9153,#9154));
#9146 = ORIENTED_EDGE('',*,*,#5116,.T.);
#9147 = ORIENTED_EDGE('',*,*,#9148,.T.);
#9148 = EDGE_CURVE('',#5117,#6930,#9149,.T.);
#9149 = LINE('',#9150,#9151);
#9150 = CARTESIAN_POINT('',(136.5,-104.6769,-4.6E-02));
#9151 = VECTOR('',#9152,1.);
#9152 = DIRECTION('',(0.,0.,1.));
#9153 = ORIENTED_EDGE('',*,*,#6929,.F.);
#9154 = ORIENTED_EDGE('',*,*,#9148,.F.);
#9155 = CYLINDRICAL_SURFACE('',#9156,0.5969);
#9156 = AXIS2_PLACEMENT_3D('',#9157,#9158,#9159);
#9157 = CARTESIAN_POINT('',(136.5,-104.08,-4.6E-02));
#9158 = DIRECTION('',(-0.,-0.,-1.));
#9159 = DIRECTION('',(-0.,-1.,0.));
#9160 = ADVANCED_FACE('',(#9161),#9172,.F.);
#9161 = FACE_BOUND('',#9162,.T.);
#9162 = EDGE_LOOP('',(#9163,#9164,#9170,#9171));
#9163 = ORIENTED_EDGE('',*,*,#5127,.T.);
#9164 = ORIENTED_EDGE('',*,*,#9165,.T.);
#9165 = EDGE_CURVE('',#5128,#6941,#9166,.T.);
#9166 = LINE('',#9167,#9168);
#9167 = CARTESIAN_POINT('',(136.5,-99.5969,-4.6E-02));
#9168 = VECTOR('',#9169,1.);
#9169 = DIRECTION('',(0.,0.,1.));
#9170 = ORIENTED_EDGE('',*,*,#6940,.F.);
#9171 = ORIENTED_EDGE('',*,*,#9165,.F.);
#9172 = CYLINDRICAL_SURFACE('',#9173,0.5969);
#9173 = AXIS2_PLACEMENT_3D('',#9174,#9175,#9176);
#9174 = CARTESIAN_POINT('',(136.5,-99.,-4.6E-02));
#9175 = DIRECTION('',(-0.,-0.,-1.));
#9176 = DIRECTION('',(-0.,-1.,0.));
#9177 = ADVANCED_FACE('',(#9178),#9189,.F.);
#9178 = FACE_BOUND('',#9179,.T.);
#9179 = EDGE_LOOP('',(#9180,#9181,#9187,#9188));
#9180 = ORIENTED_EDGE('',*,*,#5138,.T.);
#9181 = ORIENTED_EDGE('',*,*,#9182,.T.);
#9182 = EDGE_CURVE('',#5139,#6952,#9183,.T.);
#9183 = LINE('',#9184,#9185);
#9184 = CARTESIAN_POINT('',(152.,-103.6769,-4.6E-02));
#9185 = VECTOR('',#9186,1.);
#9186 = DIRECTION('',(0.,0.,1.));
#9187 = ORIENTED_EDGE('',*,*,#6951,.F.);
#9188 = ORIENTED_EDGE('',*,*,#9182,.F.);
#9189 = CYLINDRICAL_SURFACE('',#9190,0.5969);
#9190 = AXIS2_PLACEMENT_3D('',#9191,#9192,#9193);
#9191 = CARTESIAN_POINT('',(152.,-103.08,-4.6E-02));
#9192 = DIRECTION('',(-0.,-0.,-1.));
#9193 = DIRECTION('',(-0.,-1.,0.));
#9194 = ADVANCED_FACE('',(#9195),#9206,.F.);
#9195 = FACE_BOUND('',#9196,.T.);
#9196 = EDGE_LOOP('',(#9197,#9198,#9204,#9205));
#9197 = ORIENTED_EDGE('',*,*,#5149,.T.);
#9198 = ORIENTED_EDGE('',*,*,#9199,.T.);
#9199 = EDGE_CURVE('',#5150,#6963,#9200,.T.);
#9200 = LINE('',#9201,#9202);
#9201 = CARTESIAN_POINT('',(152.,-98.5969,-4.6E-02));
#9202 = VECTOR('',#9203,1.);
#9203 = DIRECTION('',(0.,0.,1.));
#9204 = ORIENTED_EDGE('',*,*,#6962,.F.);
#9205 = ORIENTED_EDGE('',*,*,#9199,.F.);
#9206 = CYLINDRICAL_SURFACE('',#9207,0.5969);
#9207 = AXIS2_PLACEMENT_3D('',#9208,#9209,#9210);
#9208 = CARTESIAN_POINT('',(152.,-98.,-4.6E-02));
#9209 = DIRECTION('',(-0.,-0.,-1.));
#9210 = DIRECTION('',(-0.,-1.,0.));
#9211 = ADVANCED_FACE('',(#9212),#9223,.F.);
#9212 = FACE_BOUND('',#9213,.T.);
#9213 = EDGE_LOOP('',(#9214,#9215,#9221,#9222));
#9214 = ORIENTED_EDGE('',*,*,#5160,.T.);
#9215 = ORIENTED_EDGE('',*,*,#9216,.T.);
#9216 = EDGE_CURVE('',#5161,#6974,#9217,.T.);
#9217 = LINE('',#9218,#9219);
#9218 = CARTESIAN_POINT('',(103.,-94.6769,-4.6E-02));
#9219 = VECTOR('',#9220,1.);
#9220 = DIRECTION('',(0.,0.,1.));
#9221 = ORIENTED_EDGE('',*,*,#6973,.F.);
#9222 = ORIENTED_EDGE('',*,*,#9216,.F.);
#9223 = CYLINDRICAL_SURFACE('',#9224,0.5969);
#9224 = AXIS2_PLACEMENT_3D('',#9225,#9226,#9227);
#9225 = CARTESIAN_POINT('',(103.,-94.08,-4.6E-02));
#9226 = DIRECTION('',(-0.,-0.,-1.));
#9227 = DIRECTION('',(-0.,-1.,0.));
#9228 = ADVANCED_FACE('',(#9229),#9240,.F.);
#9229 = FACE_BOUND('',#9230,.T.);
#9230 = EDGE_LOOP('',(#9231,#9232,#9238,#9239));
#9231 = ORIENTED_EDGE('',*,*,#5171,.T.);
#9232 = ORIENTED_EDGE('',*,*,#9233,.T.);
#9233 = EDGE_CURVE('',#5172,#6985,#9234,.T.);
#9234 = LINE('',#9235,#9236);
#9235 = CARTESIAN_POINT('',(103.,-89.5969,-4.6E-02));
#9236 = VECTOR('',#9237,1.);
#9237 = DIRECTION('',(0.,0.,1.));
#9238 = ORIENTED_EDGE('',*,*,#6984,.F.);
#9239 = ORIENTED_EDGE('',*,*,#9233,.F.);
#9240 = CYLINDRICAL_SURFACE('',#9241,0.5969);
#9241 = AXIS2_PLACEMENT_3D('',#9242,#9243,#9244);
#9242 = CARTESIAN_POINT('',(103.,-89.,-4.6E-02));
#9243 = DIRECTION('',(-0.,-0.,-1.));
#9244 = DIRECTION('',(-0.,-1.,0.));
#9245 = ADVANCED_FACE('',(#9246),#9257,.F.);
#9246 = FACE_BOUND('',#9247,.T.);
#9247 = EDGE_LOOP('',(#9248,#9249,#9255,#9256));
#9248 = ORIENTED_EDGE('',*,*,#5182,.T.);
#9249 = ORIENTED_EDGE('',*,*,#9250,.T.);
#9250 = EDGE_CURVE('',#5183,#6996,#9251,.T.);
#9251 = LINE('',#9252,#9253);
#9252 = CARTESIAN_POINT('',(121.,-94.5969,-4.6E-02));
#9253 = VECTOR('',#9254,1.);
#9254 = DIRECTION('',(0.,0.,1.));
#9255 = ORIENTED_EDGE('',*,*,#6995,.F.);
#9256 = ORIENTED_EDGE('',*,*,#9250,.F.);
#9257 = CYLINDRICAL_SURFACE('',#9258,0.5969);
#9258 = AXIS2_PLACEMENT_3D('',#9259,#9260,#9261);
#9259 = CARTESIAN_POINT('',(121.,-94.,-4.6E-02));
#9260 = DIRECTION('',(-0.,-0.,-1.));
#9261 = DIRECTION('',(-0.,-1.,0.));
#9262 = ADVANCED_FACE('',(#9263),#9274,.F.);
#9263 = FACE_BOUND('',#9264,.T.);
#9264 = EDGE_LOOP('',(#9265,#9266,#9272,#9273));
#9265 = ORIENTED_EDGE('',*,*,#5193,.T.);
#9266 = ORIENTED_EDGE('',*,*,#9267,.T.);
#9267 = EDGE_CURVE('',#5194,#7007,#9268,.T.);
#9268 = LINE('',#9269,#9270);
#9269 = CARTESIAN_POINT('',(164.5,-77.52,-4.6E-02));
#9270 = VECTOR('',#9271,1.);
#9271 = DIRECTION('',(0.,0.,1.));
#9272 = ORIENTED_EDGE('',*,*,#7006,.F.);
#9273 = ORIENTED_EDGE('',*,*,#9267,.F.);
#9274 = CYLINDRICAL_SURFACE('',#9275,0.5);
#9275 = AXIS2_PLACEMENT_3D('',#9276,#9277,#9278);
#9276 = CARTESIAN_POINT('',(164.5,-77.02,-4.6E-02));
#9277 = DIRECTION('',(-0.,-0.,-1.));
#9278 = DIRECTION('',(-0.,-1.,0.));
#9279 = ADVANCED_FACE('',(#9280),#9291,.F.);
#9280 = FACE_BOUND('',#9281,.T.);
#9281 = EDGE_LOOP('',(#9282,#9283,#9289,#9290));
#9282 = ORIENTED_EDGE('',*,*,#5204,.T.);
#9283 = ORIENTED_EDGE('',*,*,#9284,.T.);
#9284 = EDGE_CURVE('',#5205,#7018,#9285,.T.);
#9285 = LINE('',#9286,#9287);
#9286 = CARTESIAN_POINT('',(164.5,-74.98,-4.6E-02));
#9287 = VECTOR('',#9288,1.);
#9288 = DIRECTION('',(0.,0.,1.));
#9289 = ORIENTED_EDGE('',*,*,#7017,.F.);
#9290 = ORIENTED_EDGE('',*,*,#9284,.F.);
#9291 = CYLINDRICAL_SURFACE('',#9292,0.5);
#9292 = AXIS2_PLACEMENT_3D('',#9293,#9294,#9295);
#9293 = CARTESIAN_POINT('',(164.5,-74.48,-4.6E-02));
#9294 = DIRECTION('',(-0.,-0.,-1.));
#9295 = DIRECTION('',(-0.,-1.,0.));
#9296 = ADVANCED_FACE('',(#9297),#9308,.F.);
#9297 = FACE_BOUND('',#9298,.T.);
#9298 = EDGE_LOOP('',(#9299,#9300,#9306,#9307));
#9299 = ORIENTED_EDGE('',*,*,#5215,.T.);
#9300 = ORIENTED_EDGE('',*,*,#9301,.T.);
#9301 = EDGE_CURVE('',#5216,#7029,#9302,.T.);
#9302 = LINE('',#9303,#9304);
#9303 = CARTESIAN_POINT('',(46.06,-57.43,-4.6E-02));
#9304 = VECTOR('',#9305,1.);
#9305 = DIRECTION('',(0.,0.,1.));
#9306 = ORIENTED_EDGE('',*,*,#7028,.F.);
#9307 = ORIENTED_EDGE('',*,*,#9301,.F.);
#9308 = CYLINDRICAL_SURFACE('',#9309,0.55);
#9309 = AXIS2_PLACEMENT_3D('',#9310,#9311,#9312);
#9310 = CARTESIAN_POINT('',(46.06,-56.88,-4.6E-02));
#9311 = DIRECTION('',(-0.,-0.,-1.));
#9312 = DIRECTION('',(-0.,-1.,0.));
#9313 = ADVANCED_FACE('',(#9314),#9325,.F.);
#9314 = FACE_BOUND('',#9315,.T.);
#9315 = EDGE_LOOP('',(#9316,#9317,#9323,#9324));
#9316 = ORIENTED_EDGE('',*,*,#5226,.T.);
#9317 = ORIENTED_EDGE('',*,*,#9318,.T.);
#9318 = EDGE_CURVE('',#5227,#7040,#9319,.T.);
#9319 = LINE('',#9320,#9321);
#9320 = CARTESIAN_POINT('',(46.06,-54.89,-4.6E-02));
#9321 = VECTOR('',#9322,1.);
#9322 = DIRECTION('',(0.,0.,1.));
#9323 = ORIENTED_EDGE('',*,*,#7039,.F.);
#9324 = ORIENTED_EDGE('',*,*,#9318,.F.);
#9325 = CYLINDRICAL_SURFACE('',#9326,0.55);
#9326 = AXIS2_PLACEMENT_3D('',#9327,#9328,#9329);
#9327 = CARTESIAN_POINT('',(46.06,-54.34,-4.6E-02));
#9328 = DIRECTION('',(-0.,-0.,-1.));
#9329 = DIRECTION('',(-0.,-1.,0.));
#9330 = ADVANCED_FACE('',(#9331),#9342,.F.);
#9331 = FACE_BOUND('',#9332,.T.);
#9332 = EDGE_LOOP('',(#9333,#9334,#9340,#9341));
#9333 = ORIENTED_EDGE('',*,*,#5237,.T.);
#9334 = ORIENTED_EDGE('',*,*,#9335,.T.);
#9335 = EDGE_CURVE('',#5238,#7051,#9336,.T.);
#9336 = LINE('',#9337,#9338);
#9337 = CARTESIAN_POINT('',(46.06,-52.35,-4.6E-02));
#9338 = VECTOR('',#9339,1.);
#9339 = DIRECTION('',(0.,0.,1.));
#9340 = ORIENTED_EDGE('',*,*,#7050,.F.);
#9341 = ORIENTED_EDGE('',*,*,#9335,.F.);
#9342 = CYLINDRICAL_SURFACE('',#9343,0.55);
#9343 = AXIS2_PLACEMENT_3D('',#9344,#9345,#9346);
#9344 = CARTESIAN_POINT('',(46.06,-51.8,-4.6E-02));
#9345 = DIRECTION('',(-0.,-0.,-1.));
#9346 = DIRECTION('',(-0.,-1.,0.));
#9347 = ADVANCED_FACE('',(#9348),#9359,.F.);
#9348 = FACE_BOUND('',#9349,.T.);
#9349 = EDGE_LOOP('',(#9350,#9351,#9357,#9358));
#9350 = ORIENTED_EDGE('',*,*,#5248,.T.);
#9351 = ORIENTED_EDGE('',*,*,#9352,.T.);
#9352 = EDGE_CURVE('',#5249,#7062,#9353,.T.);
#9353 = LINE('',#9354,#9355);
#9354 = CARTESIAN_POINT('',(46.06,-49.81,-4.6E-02));
#9355 = VECTOR('',#9356,1.);
#9356 = DIRECTION('',(0.,0.,1.));
#9357 = ORIENTED_EDGE('',*,*,#7061,.F.);
#9358 = ORIENTED_EDGE('',*,*,#9352,.F.);
#9359 = CYLINDRICAL_SURFACE('',#9360,0.55);
#9360 = AXIS2_PLACEMENT_3D('',#9361,#9362,#9363);
#9361 = CARTESIAN_POINT('',(46.06,-49.26,-4.6E-02));
#9362 = DIRECTION('',(-0.,-0.,-1.));
#9363 = DIRECTION('',(-0.,-1.,0.));
#9364 = ADVANCED_FACE('',(#9365),#9376,.F.);
#9365 = FACE_BOUND('',#9366,.T.);
#9366 = EDGE_LOOP('',(#9367,#9368,#9374,#9375));
#9367 = ORIENTED_EDGE('',*,*,#5259,.T.);
#9368 = ORIENTED_EDGE('',*,*,#9369,.T.);
#9369 = EDGE_CURVE('',#5260,#7073,#9370,.T.);
#9370 = LINE('',#9371,#9372);
#9371 = CARTESIAN_POINT('',(61.3,-57.43,-4.6E-02));
#9372 = VECTOR('',#9373,1.);
#9373 = DIRECTION('',(0.,0.,1.));
#9374 = ORIENTED_EDGE('',*,*,#7072,.F.);
#9375 = ORIENTED_EDGE('',*,*,#9369,.F.);
#9376 = CYLINDRICAL_SURFACE('',#9377,0.55);
#9377 = AXIS2_PLACEMENT_3D('',#9378,#9379,#9380);
#9378 = CARTESIAN_POINT('',(61.3,-56.88,-4.6E-02));
#9379 = DIRECTION('',(-0.,-0.,-1.));
#9380 = DIRECTION('',(-0.,-1.,0.));
#9381 = ADVANCED_FACE('',(#9382),#9393,.F.);
#9382 = FACE_BOUND('',#9383,.T.);
#9383 = EDGE_LOOP('',(#9384,#9385,#9391,#9392));
#9384 = ORIENTED_EDGE('',*,*,#5270,.T.);
#9385 = ORIENTED_EDGE('',*,*,#9386,.T.);
#9386 = EDGE_CURVE('',#5271,#7084,#9387,.T.);
#9387 = LINE('',#9388,#9389);
#9388 = CARTESIAN_POINT('',(61.3,-54.89,-4.6E-02));
#9389 = VECTOR('',#9390,1.);
#9390 = DIRECTION('',(0.,0.,1.));
#9391 = ORIENTED_EDGE('',*,*,#7083,.F.);
#9392 = ORIENTED_EDGE('',*,*,#9386,.F.);
#9393 = CYLINDRICAL_SURFACE('',#9394,0.55);
#9394 = AXIS2_PLACEMENT_3D('',#9395,#9396,#9397);
#9395 = CARTESIAN_POINT('',(61.3,-54.34,-4.6E-02));
#9396 = DIRECTION('',(-0.,-0.,-1.));
#9397 = DIRECTION('',(-0.,-1.,0.));
#9398 = ADVANCED_FACE('',(#9399),#9410,.F.);
#9399 = FACE_BOUND('',#9400,.T.);
#9400 = EDGE_LOOP('',(#9401,#9402,#9408,#9409));
#9401 = ORIENTED_EDGE('',*,*,#5281,.T.);
#9402 = ORIENTED_EDGE('',*,*,#9403,.T.);
#9403 = EDGE_CURVE('',#5282,#7095,#9404,.T.);
#9404 = LINE('',#9405,#9406);
#9405 = CARTESIAN_POINT('',(61.3,-52.35,-4.6E-02));
#9406 = VECTOR('',#9407,1.);
#9407 = DIRECTION('',(0.,0.,1.));
#9408 = ORIENTED_EDGE('',*,*,#7094,.F.);
#9409 = ORIENTED_EDGE('',*,*,#9403,.F.);
#9410 = CYLINDRICAL_SURFACE('',#9411,0.55);
#9411 = AXIS2_PLACEMENT_3D('',#9412,#9413,#9414);
#9412 = CARTESIAN_POINT('',(61.3,-51.8,-4.6E-02));
#9413 = DIRECTION('',(-0.,-0.,-1.));
#9414 = DIRECTION('',(-0.,-1.,0.));
#9415 = ADVANCED_FACE('',(#9416),#9427,.F.);
#9416 = FACE_BOUND('',#9417,.T.);
#9417 = EDGE_LOOP('',(#9418,#9419,#9425,#9426));
#9418 = ORIENTED_EDGE('',*,*,#5292,.T.);
#9419 = ORIENTED_EDGE('',*,*,#9420,.T.);
#9420 = EDGE_CURVE('',#5293,#7106,#9421,.T.);
#9421 = LINE('',#9422,#9423);
#9422 = CARTESIAN_POINT('',(61.3,-49.81,-4.6E-02));
#9423 = VECTOR('',#9424,1.);
#9424 = DIRECTION('',(0.,0.,1.));
#9425 = ORIENTED_EDGE('',*,*,#7105,.F.);
#9426 = ORIENTED_EDGE('',*,*,#9420,.F.);
#9427 = CYLINDRICAL_SURFACE('',#9428,0.55);
#9428 = AXIS2_PLACEMENT_3D('',#9429,#9430,#9431);
#9429 = CARTESIAN_POINT('',(61.3,-49.26,-4.6E-02));
#9430 = DIRECTION('',(-0.,-0.,-1.));
#9431 = DIRECTION('',(-0.,-1.,0.));
#9432 = ADVANCED_FACE('',(#9433),#9444,.F.);
#9433 = FACE_BOUND('',#9434,.T.);
#9434 = EDGE_LOOP('',(#9435,#9436,#9442,#9443));
#9435 = ORIENTED_EDGE('',*,*,#5303,.T.);
#9436 = ORIENTED_EDGE('',*,*,#9437,.T.);
#9437 = EDGE_CURVE('',#5304,#7117,#9438,.T.);
#9438 = LINE('',#9439,#9440);
#9439 = CARTESIAN_POINT('',(87.5,-55.2569,-4.6E-02));
#9440 = VECTOR('',#9441,1.);
#9441 = DIRECTION('',(0.,0.,1.));
#9442 = ORIENTED_EDGE('',*,*,#7116,.F.);
#9443 = ORIENTED_EDGE('',*,*,#9437,.F.);
#9444 = CYLINDRICAL_SURFACE('',#9445,0.5969);
#9445 = AXIS2_PLACEMENT_3D('',#9446,#9447,#9448);
#9446 = CARTESIAN_POINT('',(87.5,-54.66,-4.6E-02));
#9447 = DIRECTION('',(-0.,-0.,-1.));
#9448 = DIRECTION('',(-0.,-1.,0.));
#9449 = ADVANCED_FACE('',(#9450),#9461,.F.);
#9450 = FACE_BOUND('',#9451,.T.);
#9451 = EDGE_LOOP('',(#9452,#9453,#9459,#9460));
#9452 = ORIENTED_EDGE('',*,*,#5314,.T.);
#9453 = ORIENTED_EDGE('',*,*,#9454,.T.);
#9454 = EDGE_CURVE('',#5315,#7128,#9455,.T.);
#9455 = LINE('',#9456,#9457);
#9456 = CARTESIAN_POINT('',(87.5,-50.1769,-4.6E-02));
#9457 = VECTOR('',#9458,1.);
#9458 = DIRECTION('',(0.,0.,1.));
#9459 = ORIENTED_EDGE('',*,*,#7127,.F.);
#9460 = ORIENTED_EDGE('',*,*,#9454,.F.);
#9461 = CYLINDRICAL_SURFACE('',#9462,0.5969);
#9462 = AXIS2_PLACEMENT_3D('',#9463,#9464,#9465);
#9463 = CARTESIAN_POINT('',(87.5,-49.58,-4.6E-02));
#9464 = DIRECTION('',(-0.,-0.,-1.));
#9465 = DIRECTION('',(-0.,-1.,0.));
#9466 = ADVANCED_FACE('',(#9467),#9478,.F.);
#9467 = FACE_BOUND('',#9468,.T.);
#9468 = EDGE_LOOP('',(#9469,#9470,#9476,#9477));
#9469 = ORIENTED_EDGE('',*,*,#5325,.T.);
#9470 = ORIENTED_EDGE('',*,*,#9471,.T.);
#9471 = EDGE_CURVE('',#5326,#7139,#9472,.T.);
#9472 = LINE('',#9473,#9474);
#9473 = CARTESIAN_POINT('',(46.06,-47.27,-4.6E-02));
#9474 = VECTOR('',#9475,1.);
#9475 = DIRECTION('',(0.,0.,1.));
#9476 = ORIENTED_EDGE('',*,*,#7138,.F.);
#9477 = ORIENTED_EDGE('',*,*,#9471,.F.);
#9478 = CYLINDRICAL_SURFACE('',#9479,0.55);
#9479 = AXIS2_PLACEMENT_3D('',#9480,#9481,#9482);
#9480 = CARTESIAN_POINT('',(46.06,-46.72,-4.6E-02));
#9481 = DIRECTION('',(-0.,-0.,-1.));
#9482 = DIRECTION('',(-0.,-1.,0.));
#9483 = ADVANCED_FACE('',(#9484),#9495,.F.);
#9484 = FACE_BOUND('',#9485,.T.);
#9485 = EDGE_LOOP('',(#9486,#9487,#9493,#9494));
#9486 = ORIENTED_EDGE('',*,*,#5336,.T.);
#9487 = ORIENTED_EDGE('',*,*,#9488,.T.);
#9488 = EDGE_CURVE('',#5337,#7150,#9489,.T.);
#9489 = LINE('',#9490,#9491);
#9490 = CARTESIAN_POINT('',(46.06,-44.73,-4.6E-02));
#9491 = VECTOR('',#9492,1.);
#9492 = DIRECTION('',(0.,0.,1.));
#9493 = ORIENTED_EDGE('',*,*,#7149,.F.);
#9494 = ORIENTED_EDGE('',*,*,#9488,.F.);
#9495 = CYLINDRICAL_SURFACE('',#9496,0.55);
#9496 = AXIS2_PLACEMENT_3D('',#9497,#9498,#9499);
#9497 = CARTESIAN_POINT('',(46.06,-44.18,-4.6E-02));
#9498 = DIRECTION('',(-0.,-0.,-1.));
#9499 = DIRECTION('',(-0.,-1.,0.));
#9500 = ADVANCED_FACE('',(#9501),#9512,.F.);
#9501 = FACE_BOUND('',#9502,.T.);
#9502 = EDGE_LOOP('',(#9503,#9504,#9510,#9511));
#9503 = ORIENTED_EDGE('',*,*,#5347,.T.);
#9504 = ORIENTED_EDGE('',*,*,#9505,.T.);
#9505 = EDGE_CURVE('',#5348,#7161,#9506,.T.);
#9506 = LINE('',#9507,#9508);
#9507 = CARTESIAN_POINT('',(33.6,-39.52,-4.6E-02));
#9508 = VECTOR('',#9509,1.);
#9509 = DIRECTION('',(0.,0.,1.));
#9510 = ORIENTED_EDGE('',*,*,#7160,.F.);
#9511 = ORIENTED_EDGE('',*,*,#9505,.F.);
#9512 = CYLINDRICAL_SURFACE('',#9513,0.5);
#9513 = AXIS2_PLACEMENT_3D('',#9514,#9515,#9516);
#9514 = CARTESIAN_POINT('',(33.6,-39.02,-4.6E-02));
#9515 = DIRECTION('',(-0.,-0.,-1.));
#9516 = DIRECTION('',(-0.,-1.,0.));
#9517 = ADVANCED_FACE('',(#9518),#9534,.F.);
#9518 = FACE_BOUND('',#9519,.T.);
#9519 = EDGE_LOOP('',(#9520,#9521,#9527,#9528));
#9520 = ORIENTED_EDGE('',*,*,#5358,.T.);
#9521 = ORIENTED_EDGE('',*,*,#9522,.T.);
#9522 = EDGE_CURVE('',#5361,#7174,#9523,.T.);
#9523 = LINE('',#9524,#9525);
#9524 = CARTESIAN_POINT('',(38.43,-38.77,-4.6E-02));
#9525 = VECTOR('',#9526,1.);
#9526 = DIRECTION('',(0.,0.,1.));
#9527 = ORIENTED_EDGE('',*,*,#7171,.F.);
#9528 = ORIENTED_EDGE('',*,*,#9529,.F.);
#9529 = EDGE_CURVE('',#5359,#7172,#9530,.T.);
#9530 = LINE('',#9531,#9532);
#9531 = CARTESIAN_POINT('',(39.03,-38.77,-4.6E-02));
#9532 = VECTOR('',#9533,1.);
#9533 = DIRECTION('',(0.,0.,1.));
#9534 = CYLINDRICAL_SURFACE('',#9535,0.3);
#9535 = AXIS2_PLACEMENT_3D('',#9536,#9537,#9538);
#9536 = CARTESIAN_POINT('',(38.73,-38.77,-4.6E-02));
#9537 = DIRECTION('',(-0.,-0.,-1.));
#9538 = DIRECTION('',(-1.,0.,-0.));
#9539 = ADVANCED_FACE('',(#9540),#9551,.T.);
#9540 = FACE_BOUND('',#9541,.T.);
#9541 = EDGE_LOOP('',(#9542,#9543,#9544,#9545));
#9542 = ORIENTED_EDGE('',*,*,#5386,.T.);
#9543 = ORIENTED_EDGE('',*,*,#9529,.T.);
#9544 = ORIENTED_EDGE('',*,*,#7199,.F.);
#9545 = ORIENTED_EDGE('',*,*,#9546,.F.);
#9546 = EDGE_CURVE('',#5378,#7191,#9547,.T.);
#9547 = LINE('',#9548,#9549);
#9548 = CARTESIAN_POINT('',(39.03,-38.17,-4.6E-02));
#9549 = VECTOR('',#9550,1.);
#9550 = DIRECTION('',(0.,0.,1.));
#9551 = PLANE('',#9552);
#9552 = AXIS2_PLACEMENT_3D('',#9553,#9554,#9555);
#9553 = CARTESIAN_POINT('',(39.03,-38.77,-4.6E-02));
#9554 = DIRECTION('',(-1.,0.,0.));
#9555 = DIRECTION('',(0.,1.,0.));
#9556 = ADVANCED_FACE('',(#9557),#9568,.F.);
#9557 = FACE_BOUND('',#9558,.T.);
#9558 = EDGE_LOOP('',(#9559,#9560,#9561,#9562));
#9559 = ORIENTED_EDGE('',*,*,#5377,.T.);
#9560 = ORIENTED_EDGE('',*,*,#9546,.T.);
#9561 = ORIENTED_EDGE('',*,*,#7190,.F.);
#9562 = ORIENTED_EDGE('',*,*,#9563,.F.);
#9563 = EDGE_CURVE('',#5370,#7183,#9564,.T.);
#9564 = LINE('',#9565,#9566);
#9565 = CARTESIAN_POINT('',(38.43,-38.17,-4.6E-02));
#9566 = VECTOR('',#9567,1.);
#9567 = DIRECTION('',(0.,0.,1.));
#9568 = CYLINDRICAL_SURFACE('',#9569,0.3);
#9569 = AXIS2_PLACEMENT_3D('',#9570,#9571,#9572);
#9570 = CARTESIAN_POINT('',(38.73,-38.17,-4.6E-02));
#9571 = DIRECTION('',(-0.,-0.,-1.));
#9572 = DIRECTION('',(1.,-2.368475785867E-14,0.));
#9573 = ADVANCED_FACE('',(#9574),#9580,.T.);
#9574 = FACE_BOUND('',#9575,.T.);
#9575 = EDGE_LOOP('',(#9576,#9577,#9578,#9579));
#9576 = ORIENTED_EDGE('',*,*,#5369,.T.);
#9577 = ORIENTED_EDGE('',*,*,#9563,.T.);
#9578 = ORIENTED_EDGE('',*,*,#7182,.F.);
#9579 = ORIENTED_EDGE('',*,*,#9522,.F.);
#9580 = PLANE('',#9581);
#9581 = AXIS2_PLACEMENT_3D('',#9582,#9583,#9584);
#9582 = CARTESIAN_POINT('',(38.43,-38.17,-4.6E-02));
#9583 = DIRECTION('',(1.,0.,-0.));
#9584 = DIRECTION('',(0.,-1.,0.));
#9585 = ADVANCED_FACE('',(#9586),#9602,.F.);
#9586 = FACE_BOUND('',#9587,.T.);
#9587 = EDGE_LOOP('',(#9588,#9589,#9595,#9596));
#9588 = ORIENTED_EDGE('',*,*,#5394,.T.);
#9589 = ORIENTED_EDGE('',*,*,#9590,.T.);
#9590 = EDGE_CURVE('',#5397,#7210,#9591,.T.);
#9591 = LINE('',#9592,#9593);
#9592 = CARTESIAN_POINT('',(40.86,-38.79,-4.6E-02));
#9593 = VECTOR('',#9594,1.);
#9594 = DIRECTION('',(0.,0.,1.));
#9595 = ORIENTED_EDGE('',*,*,#7207,.F.);
#9596 = ORIENTED_EDGE('',*,*,#9597,.F.);
#9597 = EDGE_CURVE('',#5395,#7208,#9598,.T.);
#9598 = LINE('',#9599,#9600);
#9599 = CARTESIAN_POINT('',(41.46,-38.79,-4.6E-02));
#9600 = VECTOR('',#9601,1.);
#9601 = DIRECTION('',(0.,0.,1.));
#9602 = CYLINDRICAL_SURFACE('',#9603,0.3);
#9603 = AXIS2_PLACEMENT_3D('',#9604,#9605,#9606);
#9604 = CARTESIAN_POINT('',(41.16,-38.79,-4.6E-02));
#9605 = DIRECTION('',(-0.,-0.,-1.));
#9606 = DIRECTION('',(-1.,0.,-0.));
#9607 = ADVANCED_FACE('',(#9608),#9619,.T.);
#9608 = FACE_BOUND('',#9609,.T.);
#9609 = EDGE_LOOP('',(#9610,#9611,#9612,#9613));
#9610 = ORIENTED_EDGE('',*,*,#5422,.T.);
#9611 = ORIENTED_EDGE('',*,*,#9597,.T.);
#9612 = ORIENTED_EDGE('',*,*,#7235,.F.);
#9613 = ORIENTED_EDGE('',*,*,#9614,.F.);
#9614 = EDGE_CURVE('',#5414,#7227,#9615,.T.);
#9615 = LINE('',#9616,#9617);
#9616 = CARTESIAN_POINT('',(41.46,-38.19,-4.6E-02));
#9617 = VECTOR('',#9618,1.);
#9618 = DIRECTION('',(0.,0.,1.));
#9619 = PLANE('',#9620);
#9620 = AXIS2_PLACEMENT_3D('',#9621,#9622,#9623);
#9621 = CARTESIAN_POINT('',(41.46,-38.79,-4.6E-02));
#9622 = DIRECTION('',(-1.,0.,0.));
#9623 = DIRECTION('',(0.,1.,0.));
#9624 = ADVANCED_FACE('',(#9625),#9636,.F.);
#9625 = FACE_BOUND('',#9626,.T.);
#9626 = EDGE_LOOP('',(#9627,#9628,#9629,#9630));
#9627 = ORIENTED_EDGE('',*,*,#5413,.T.);
#9628 = ORIENTED_EDGE('',*,*,#9614,.T.);
#9629 = ORIENTED_EDGE('',*,*,#7226,.F.);
#9630 = ORIENTED_EDGE('',*,*,#9631,.F.);
#9631 = EDGE_CURVE('',#5406,#7219,#9632,.T.);
#9632 = LINE('',#9633,#9634);
#9633 = CARTESIAN_POINT('',(40.86,-38.19,-4.6E-02));
#9634 = VECTOR('',#9635,1.);
#9635 = DIRECTION('',(0.,0.,1.));
#9636 = CYLINDRICAL_SURFACE('',#9637,0.3);
#9637 = AXIS2_PLACEMENT_3D('',#9638,#9639,#9640);
#9638 = CARTESIAN_POINT('',(41.16,-38.19,-4.6E-02));
#9639 = DIRECTION('',(-0.,-0.,-1.));
#9640 = DIRECTION('',(1.,2.368475785867E-14,-0.));
#9641 = ADVANCED_FACE('',(#9642),#9648,.T.);
#9642 = FACE_BOUND('',#9643,.T.);
#9643 = EDGE_LOOP('',(#9644,#9645,#9646,#9647));
#9644 = ORIENTED_EDGE('',*,*,#5405,.T.);
#9645 = ORIENTED_EDGE('',*,*,#9631,.T.);
#9646 = ORIENTED_EDGE('',*,*,#7218,.F.);
#9647 = ORIENTED_EDGE('',*,*,#9590,.F.);
#9648 = PLANE('',#9649);
#9649 = AXIS2_PLACEMENT_3D('',#9650,#9651,#9652);
#9650 = CARTESIAN_POINT('',(40.86,-38.19,-4.6E-02));
#9651 = DIRECTION('',(1.,0.,-0.));
#9652 = DIRECTION('',(0.,-1.,0.));
#9653 = ADVANCED_FACE('',(#9654),#9665,.F.);
#9654 = FACE_BOUND('',#9655,.T.);
#9655 = EDGE_LOOP('',(#9656,#9657,#9663,#9664));
#9656 = ORIENTED_EDGE('',*,*,#5430,.T.);
#9657 = ORIENTED_EDGE('',*,*,#9658,.T.);
#9658 = EDGE_CURVE('',#5431,#7244,#9659,.T.);
#9659 = LINE('',#9660,#9661);
#9660 = CARTESIAN_POINT('',(46.06,-42.19,-4.6E-02));
#9661 = VECTOR('',#9662,1.);
#9662 = DIRECTION('',(0.,0.,1.));
#9663 = ORIENTED_EDGE('',*,*,#7243,.F.);
#9664 = ORIENTED_EDGE('',*,*,#9658,.F.);
#9665 = CYLINDRICAL_SURFACE('',#9666,0.55);
#9666 = AXIS2_PLACEMENT_3D('',#9667,#9668,#9669);
#9667 = CARTESIAN_POINT('',(46.06,-41.64,-4.6E-02));
#9668 = DIRECTION('',(-0.,-0.,-1.));
#9669 = DIRECTION('',(-0.,-1.,0.));
#9670 = ADVANCED_FACE('',(#9671),#9682,.F.);
#9671 = FACE_BOUND('',#9672,.T.);
#9672 = EDGE_LOOP('',(#9673,#9674,#9680,#9681));
#9673 = ORIENTED_EDGE('',*,*,#5441,.T.);
#9674 = ORIENTED_EDGE('',*,*,#9675,.T.);
#9675 = EDGE_CURVE('',#5442,#7255,#9676,.T.);
#9676 = LINE('',#9677,#9678);
#9677 = CARTESIAN_POINT('',(46.06,-39.65,-4.6E-02));
#9678 = VECTOR('',#9679,1.);
#9679 = DIRECTION('',(0.,0.,1.));
#9680 = ORIENTED_EDGE('',*,*,#7254,.F.);
#9681 = ORIENTED_EDGE('',*,*,#9675,.F.);
#9682 = CYLINDRICAL_SURFACE('',#9683,0.55);
#9683 = AXIS2_PLACEMENT_3D('',#9684,#9685,#9686);
#9684 = CARTESIAN_POINT('',(46.06,-39.1,-4.6E-02));
#9685 = DIRECTION('',(-0.,-0.,-1.));
#9686 = DIRECTION('',(-0.,-1.,0.));
#9687 = ADVANCED_FACE('',(#9688),#9699,.F.);
#9688 = FACE_BOUND('',#9689,.T.);
#9689 = EDGE_LOOP('',(#9690,#9691,#9697,#9698));
#9690 = ORIENTED_EDGE('',*,*,#5452,.T.);
#9691 = ORIENTED_EDGE('',*,*,#9692,.T.);
#9692 = EDGE_CURVE('',#5453,#7266,#9693,.T.);
#9693 = LINE('',#9694,#9695);
#9694 = CARTESIAN_POINT('',(61.3,-47.27,-4.6E-02));
#9695 = VECTOR('',#9696,1.);
#9696 = DIRECTION('',(0.,0.,1.));
#9697 = ORIENTED_EDGE('',*,*,#7265,.F.);
#9698 = ORIENTED_EDGE('',*,*,#9692,.F.);
#9699 = CYLINDRICAL_SURFACE('',#9700,0.55);
#9700 = AXIS2_PLACEMENT_3D('',#9701,#9702,#9703);
#9701 = CARTESIAN_POINT('',(61.3,-46.72,-4.6E-02));
#9702 = DIRECTION('',(-0.,-0.,-1.));
#9703 = DIRECTION('',(-0.,-1.,0.));
#9704 = ADVANCED_FACE('',(#9705),#9716,.F.);
#9705 = FACE_BOUND('',#9706,.T.);
#9706 = EDGE_LOOP('',(#9707,#9708,#9714,#9715));
#9707 = ORIENTED_EDGE('',*,*,#5463,.T.);
#9708 = ORIENTED_EDGE('',*,*,#9709,.T.);
#9709 = EDGE_CURVE('',#5464,#7277,#9710,.T.);
#9710 = LINE('',#9711,#9712);
#9711 = CARTESIAN_POINT('',(61.3,-44.73,-4.6E-02));
#9712 = VECTOR('',#9713,1.);
#9713 = DIRECTION('',(0.,0.,1.));
#9714 = ORIENTED_EDGE('',*,*,#7276,.F.);
#9715 = ORIENTED_EDGE('',*,*,#9709,.F.);
#9716 = CYLINDRICAL_SURFACE('',#9717,0.55);
#9717 = AXIS2_PLACEMENT_3D('',#9718,#9719,#9720);
#9718 = CARTESIAN_POINT('',(61.3,-44.18,-4.6E-02));
#9719 = DIRECTION('',(-0.,-0.,-1.));
#9720 = DIRECTION('',(-0.,-1.,0.));
#9721 = ADVANCED_FACE('',(#9722),#9733,.F.);
#9722 = FACE_BOUND('',#9723,.T.);
#9723 = EDGE_LOOP('',(#9724,#9725,#9731,#9732));
#9724 = ORIENTED_EDGE('',*,*,#5474,.T.);
#9725 = ORIENTED_EDGE('',*,*,#9726,.T.);
#9726 = EDGE_CURVE('',#5475,#7288,#9727,.T.);
#9727 = LINE('',#9728,#9729);
#9728 = CARTESIAN_POINT('',(61.3,-42.19,-4.6E-02));
#9729 = VECTOR('',#9730,1.);
#9730 = DIRECTION('',(0.,0.,1.));
#9731 = ORIENTED_EDGE('',*,*,#7287,.F.);
#9732 = ORIENTED_EDGE('',*,*,#9726,.F.);
#9733 = CYLINDRICAL_SURFACE('',#9734,0.55);
#9734 = AXIS2_PLACEMENT_3D('',#9735,#9736,#9737);
#9735 = CARTESIAN_POINT('',(61.3,-41.64,-4.6E-02));
#9736 = DIRECTION('',(-0.,-0.,-1.));
#9737 = DIRECTION('',(-0.,-1.,0.));
#9738 = ADVANCED_FACE('',(#9739),#9750,.F.);
#9739 = FACE_BOUND('',#9740,.T.);
#9740 = EDGE_LOOP('',(#9741,#9742,#9748,#9749));
#9741 = ORIENTED_EDGE('',*,*,#5485,.T.);
#9742 = ORIENTED_EDGE('',*,*,#9743,.T.);
#9743 = EDGE_CURVE('',#5486,#7299,#9744,.T.);
#9744 = LINE('',#9745,#9746);
#9745 = CARTESIAN_POINT('',(61.3,-39.65,-4.6E-02));
#9746 = VECTOR('',#9747,1.);
#9747 = DIRECTION('',(0.,0.,1.));
#9748 = ORIENTED_EDGE('',*,*,#7298,.F.);
#9749 = ORIENTED_EDGE('',*,*,#9743,.F.);
#9750 = CYLINDRICAL_SURFACE('',#9751,0.55);
#9751 = AXIS2_PLACEMENT_3D('',#9752,#9753,#9754);
#9752 = CARTESIAN_POINT('',(61.3,-39.1,-4.6E-02));
#9753 = DIRECTION('',(-0.,-0.,-1.));
#9754 = DIRECTION('',(-0.,-1.,0.));
#9755 = ADVANCED_FACE('',(#9756),#9767,.F.);
#9756 = FACE_BOUND('',#9757,.T.);
#9757 = EDGE_LOOP('',(#9758,#9759,#9765,#9766));
#9758 = ORIENTED_EDGE('',*,*,#5496,.T.);
#9759 = ORIENTED_EDGE('',*,*,#9760,.T.);
#9760 = EDGE_CURVE('',#5497,#7310,#9761,.T.);
#9761 = LINE('',#9762,#9763);
#9762 = CARTESIAN_POINT('',(33.6,-36.98,-4.6E-02));
#9763 = VECTOR('',#9764,1.);
#9764 = DIRECTION('',(0.,0.,1.));
#9765 = ORIENTED_EDGE('',*,*,#7309,.F.);
#9766 = ORIENTED_EDGE('',*,*,#9760,.F.);
#9767 = CYLINDRICAL_SURFACE('',#9768,0.5);
#9768 = AXIS2_PLACEMENT_3D('',#9769,#9770,#9771);
#9769 = CARTESIAN_POINT('',(33.6,-36.48,-4.6E-02));
#9770 = DIRECTION('',(-0.,-0.,-1.));
#9771 = DIRECTION('',(-0.,-1.,0.));
#9772 = ADVANCED_FACE('',(#9773),#9789,.F.);
#9773 = FACE_BOUND('',#9774,.T.);
#9774 = EDGE_LOOP('',(#9775,#9776,#9782,#9783));
#9775 = ORIENTED_EDGE('',*,*,#5507,.T.);
#9776 = ORIENTED_EDGE('',*,*,#9777,.T.);
#9777 = EDGE_CURVE('',#5510,#7323,#9778,.T.);
#9778 = LINE('',#9779,#9780);
#9779 = CARTESIAN_POINT('',(36.26,-37.69,-4.6E-02));
#9780 = VECTOR('',#9781,1.);
#9781 = DIRECTION('',(0.,0.,1.));
#9782 = ORIENTED_EDGE('',*,*,#7320,.F.);
#9783 = ORIENTED_EDGE('',*,*,#9784,.F.);
#9784 = EDGE_CURVE('',#5508,#7321,#9785,.T.);
#9785 = LINE('',#9786,#9787);
#9786 = CARTESIAN_POINT('',(36.86,-37.69,-4.6E-02));
#9787 = VECTOR('',#9788,1.);
#9788 = DIRECTION('',(0.,0.,1.));
#9789 = CYLINDRICAL_SURFACE('',#9790,0.3);
#9790 = AXIS2_PLACEMENT_3D('',#9791,#9792,#9793);
#9791 = CARTESIAN_POINT('',(36.56,-37.69,-4.6E-02));
#9792 = DIRECTION('',(-0.,-0.,-1.));
#9793 = DIRECTION('',(-1.,2.368475785867E-14,-0.));
#9794 = ADVANCED_FACE('',(#9795),#9806,.T.);
#9795 = FACE_BOUND('',#9796,.T.);
#9796 = EDGE_LOOP('',(#9797,#9798,#9799,#9800));
#9797 = ORIENTED_EDGE('',*,*,#5535,.T.);
#9798 = ORIENTED_EDGE('',*,*,#9784,.T.);
#9799 = ORIENTED_EDGE('',*,*,#7348,.F.);
#9800 = ORIENTED_EDGE('',*,*,#9801,.F.);
#9801 = EDGE_CURVE('',#5527,#7340,#9802,.T.);
#9802 = LINE('',#9803,#9804);
#9803 = CARTESIAN_POINT('',(36.86,-37.09,-4.6E-02));
#9804 = VECTOR('',#9805,1.);
#9805 = DIRECTION('',(0.,0.,1.));
#9806 = PLANE('',#9807);
#9807 = AXIS2_PLACEMENT_3D('',#9808,#9809,#9810);
#9808 = CARTESIAN_POINT('',(36.86,-37.69,-4.6E-02));
#9809 = DIRECTION('',(-1.,0.,0.));
#9810 = DIRECTION('',(0.,1.,0.));
#9811 = ADVANCED_FACE('',(#9812),#9823,.F.);
#9812 = FACE_BOUND('',#9813,.T.);
#9813 = EDGE_LOOP('',(#9814,#9815,#9816,#9817));
#9814 = ORIENTED_EDGE('',*,*,#5526,.T.);
#9815 = ORIENTED_EDGE('',*,*,#9801,.T.);
#9816 = ORIENTED_EDGE('',*,*,#7339,.F.);
#9817 = ORIENTED_EDGE('',*,*,#9818,.F.);
#9818 = EDGE_CURVE('',#5519,#7332,#9819,.T.);
#9819 = LINE('',#9820,#9821);
#9820 = CARTESIAN_POINT('',(36.26,-37.09,-4.6E-02));
#9821 = VECTOR('',#9822,1.);
#9822 = DIRECTION('',(0.,0.,1.));
#9823 = CYLINDRICAL_SURFACE('',#9824,0.3);
#9824 = AXIS2_PLACEMENT_3D('',#9825,#9826,#9827);
#9825 = CARTESIAN_POINT('',(36.56,-37.09,-4.6E-02));
#9826 = DIRECTION('',(-0.,-0.,-1.));
#9827 = DIRECTION('',(1.,-2.368475785867E-14,0.));
#9828 = ADVANCED_FACE('',(#9829),#9835,.T.);
#9829 = FACE_BOUND('',#9830,.T.);
#9830 = EDGE_LOOP('',(#9831,#9832,#9833,#9834));
#9831 = ORIENTED_EDGE('',*,*,#5518,.T.);
#9832 = ORIENTED_EDGE('',*,*,#9818,.T.);
#9833 = ORIENTED_EDGE('',*,*,#7331,.F.);
#9834 = ORIENTED_EDGE('',*,*,#9777,.F.);
#9835 = PLANE('',#9836);
#9836 = AXIS2_PLACEMENT_3D('',#9837,#9838,#9839);
#9837 = CARTESIAN_POINT('',(36.26,-37.09,-4.6E-02));
#9838 = DIRECTION('',(1.,0.,-0.));
#9839 = DIRECTION('',(0.,-1.,0.));
#9840 = ADVANCED_FACE('',(#9841),#9852,.F.);
#9841 = FACE_BOUND('',#9842,.T.);
#9842 = EDGE_LOOP('',(#9843,#9844,#9850,#9851));
#9843 = ORIENTED_EDGE('',*,*,#5543,.T.);
#9844 = ORIENTED_EDGE('',*,*,#9845,.T.);
#9845 = EDGE_CURVE('',#5544,#7357,#9846,.T.);
#9846 = LINE('',#9847,#9848);
#9847 = CARTESIAN_POINT('',(38.86,-36.54,-4.6E-02));
#9848 = VECTOR('',#9849,1.);
#9849 = DIRECTION('',(0.,0.,1.));
#9850 = ORIENTED_EDGE('',*,*,#7356,.F.);
#9851 = ORIENTED_EDGE('',*,*,#9845,.F.);
#9852 = CYLINDRICAL_SURFACE('',#9853,0.75);
#9853 = AXIS2_PLACEMENT_3D('',#9854,#9855,#9856);
#9854 = CARTESIAN_POINT('',(38.86,-35.79,-4.6E-02));
#9855 = DIRECTION('',(-0.,-0.,-1.));
#9856 = DIRECTION('',(-0.,-1.,0.));
#9857 = ADVANCED_FACE('',(#9858),#9869,.F.);
#9858 = FACE_BOUND('',#9859,.T.);
#9859 = EDGE_LOOP('',(#9860,#9861,#9867,#9868));
#9860 = ORIENTED_EDGE('',*,*,#5554,.T.);
#9861 = ORIENTED_EDGE('',*,*,#9862,.T.);
#9862 = EDGE_CURVE('',#5555,#7368,#9863,.T.);
#9863 = LINE('',#9864,#9865);
#9864 = CARTESIAN_POINT('',(41.03,-36.52,-4.6E-02));
#9865 = VECTOR('',#9866,1.);
#9866 = DIRECTION('',(0.,0.,1.));
#9867 = ORIENTED_EDGE('',*,*,#7367,.F.);
#9868 = ORIENTED_EDGE('',*,*,#9862,.F.);
#9869 = CYLINDRICAL_SURFACE('',#9870,0.75);
#9870 = AXIS2_PLACEMENT_3D('',#9871,#9872,#9873);
#9871 = CARTESIAN_POINT('',(41.03,-35.77,-4.6E-02));
#9872 = DIRECTION('',(-0.,-0.,-1.));
#9873 = DIRECTION('',(-0.,-1.,0.));
#9874 = ADVANCED_FACE('',(#9875),#9886,.F.);
#9875 = FACE_BOUND('',#9876,.T.);
#9876 = EDGE_LOOP('',(#9877,#9878,#9884,#9885));
#9877 = ORIENTED_EDGE('',*,*,#5565,.T.);
#9878 = ORIENTED_EDGE('',*,*,#9879,.T.);
#9879 = EDGE_CURVE('',#5566,#7379,#9880,.T.);
#9880 = LINE('',#9881,#9882);
#9881 = CARTESIAN_POINT('',(33.6,-34.44,-4.6E-02));
#9882 = VECTOR('',#9883,1.);
#9883 = DIRECTION('',(0.,0.,1.));
#9884 = ORIENTED_EDGE('',*,*,#7378,.F.);
#9885 = ORIENTED_EDGE('',*,*,#9879,.F.);
#9886 = CYLINDRICAL_SURFACE('',#9887,0.5);
#9887 = AXIS2_PLACEMENT_3D('',#9888,#9889,#9890);
#9888 = CARTESIAN_POINT('',(33.6,-33.94,-4.6E-02));
#9889 = DIRECTION('',(-0.,-0.,-1.));
#9890 = DIRECTION('',(-0.,-1.,0.));
#9891 = ADVANCED_FACE('',(#9892),#9908,.F.);
#9892 = FACE_BOUND('',#9893,.T.);
#9893 = EDGE_LOOP('',(#9894,#9895,#9901,#9902));
#9894 = ORIENTED_EDGE('',*,*,#5576,.T.);
#9895 = ORIENTED_EDGE('',*,*,#9896,.T.);
#9896 = EDGE_CURVE('',#5579,#7392,#9897,.T.);
#9897 = LINE('',#9898,#9899);
#9898 = CARTESIAN_POINT('',(36.26,-33.69,-4.6E-02));
#9899 = VECTOR('',#9900,1.);
#9900 = DIRECTION('',(0.,0.,1.));
#9901 = ORIENTED_EDGE('',*,*,#7389,.F.);
#9902 = ORIENTED_EDGE('',*,*,#9903,.F.);
#9903 = EDGE_CURVE('',#5577,#7390,#9904,.T.);
#9904 = LINE('',#9905,#9906);
#9905 = CARTESIAN_POINT('',(36.86,-33.69,-4.6E-02));
#9906 = VECTOR('',#9907,1.);
#9907 = DIRECTION('',(0.,0.,1.));
#9908 = CYLINDRICAL_SURFACE('',#9909,0.3);
#9909 = AXIS2_PLACEMENT_3D('',#9910,#9911,#9912);
#9910 = CARTESIAN_POINT('',(36.56,-33.69,-4.6E-02));
#9911 = DIRECTION('',(-0.,-0.,-1.));
#9912 = DIRECTION('',(-1.,2.368475785867E-14,-0.));
#9913 = ADVANCED_FACE('',(#9914),#9925,.T.);
#9914 = FACE_BOUND('',#9915,.T.);
#9915 = EDGE_LOOP('',(#9916,#9917,#9918,#9919));
#9916 = ORIENTED_EDGE('',*,*,#5604,.T.);
#9917 = ORIENTED_EDGE('',*,*,#9903,.T.);
#9918 = ORIENTED_EDGE('',*,*,#7417,.F.);
#9919 = ORIENTED_EDGE('',*,*,#9920,.F.);
#9920 = EDGE_CURVE('',#5596,#7409,#9921,.T.);
#9921 = LINE('',#9922,#9923);
#9922 = CARTESIAN_POINT('',(36.86,-33.09,-4.6E-02));
#9923 = VECTOR('',#9924,1.);
#9924 = DIRECTION('',(0.,0.,1.));
#9925 = PLANE('',#9926);
#9926 = AXIS2_PLACEMENT_3D('',#9927,#9928,#9929);
#9927 = CARTESIAN_POINT('',(36.86,-33.69,-4.6E-02));
#9928 = DIRECTION('',(-1.,0.,0.));
#9929 = DIRECTION('',(0.,1.,0.));
#9930 = ADVANCED_FACE('',(#9931),#9942,.F.);
#9931 = FACE_BOUND('',#9932,.T.);
#9932 = EDGE_LOOP('',(#9933,#9934,#9935,#9936));
#9933 = ORIENTED_EDGE('',*,*,#5595,.T.);
#9934 = ORIENTED_EDGE('',*,*,#9920,.T.);
#9935 = ORIENTED_EDGE('',*,*,#7408,.F.);
#9936 = ORIENTED_EDGE('',*,*,#9937,.F.);
#9937 = EDGE_CURVE('',#5588,#7401,#9938,.T.);
#9938 = LINE('',#9939,#9940);
#9939 = CARTESIAN_POINT('',(36.26,-33.09,-4.6E-02));
#9940 = VECTOR('',#9941,1.);
#9941 = DIRECTION('',(0.,0.,1.));
#9942 = CYLINDRICAL_SURFACE('',#9943,0.3);
#9943 = AXIS2_PLACEMENT_3D('',#9944,#9945,#9946);
#9944 = CARTESIAN_POINT('',(36.56,-33.09,-4.6E-02));
#9945 = DIRECTION('',(-0.,-0.,-1.));
#9946 = DIRECTION('',(1.,-2.368475785867E-14,0.));
#9947 = ADVANCED_FACE('',(#9948),#9954,.T.);
#9948 = FACE_BOUND('',#9949,.T.);
#9949 = EDGE_LOOP('',(#9950,#9951,#9952,#9953));
#9950 = ORIENTED_EDGE('',*,*,#5587,.T.);
#9951 = ORIENTED_EDGE('',*,*,#9937,.T.);
#9952 = ORIENTED_EDGE('',*,*,#7400,.F.);
#9953 = ORIENTED_EDGE('',*,*,#9896,.F.);
#9954 = PLANE('',#9955);
#9955 = AXIS2_PLACEMENT_3D('',#9956,#9957,#9958);
#9956 = CARTESIAN_POINT('',(36.26,-33.09,-4.6E-02));
#9957 = DIRECTION('',(1.,0.,-0.));
#9958 = DIRECTION('',(0.,-1.,0.));
#9959 = ADVANCED_FACE('',(#9960),#9976,.F.);
#9960 = FACE_BOUND('',#9961,.T.);
#9961 = EDGE_LOOP('',(#9962,#9963,#9969,#9970));
#9962 = ORIENTED_EDGE('',*,*,#5612,.T.);
#9963 = ORIENTED_EDGE('',*,*,#9964,.T.);
#9964 = EDGE_CURVE('',#5615,#7428,#9965,.T.);
#9965 = LINE('',#9966,#9967);
#9966 = CARTESIAN_POINT('',(43.03,-37.67,-4.6E-02));
#9967 = VECTOR('',#9968,1.);
#9968 = DIRECTION('',(0.,0.,1.));
#9969 = ORIENTED_EDGE('',*,*,#7425,.F.);
#9970 = ORIENTED_EDGE('',*,*,#9971,.F.);
#9971 = EDGE_CURVE('',#5613,#7426,#9972,.T.);
#9972 = LINE('',#9973,#9974);
#9973 = CARTESIAN_POINT('',(43.63,-37.67,-4.6E-02));
#9974 = VECTOR('',#9975,1.);
#9975 = DIRECTION('',(0.,0.,1.));
#9976 = CYLINDRICAL_SURFACE('',#9977,0.3);
#9977 = AXIS2_PLACEMENT_3D('',#9978,#9979,#9980);
#9978 = CARTESIAN_POINT('',(43.33,-37.67,-4.6E-02));
#9979 = DIRECTION('',(-0.,-0.,-1.));
#9980 = DIRECTION('',(-1.,-2.368475785867E-14,0.));
#9981 = ADVANCED_FACE('',(#9982),#9993,.T.);
#9982 = FACE_BOUND('',#9983,.T.);
#9983 = EDGE_LOOP('',(#9984,#9985,#9986,#9987));
#9984 = ORIENTED_EDGE('',*,*,#5640,.T.);
#9985 = ORIENTED_EDGE('',*,*,#9971,.T.);
#9986 = ORIENTED_EDGE('',*,*,#7453,.F.);
#9987 = ORIENTED_EDGE('',*,*,#9988,.F.);
#9988 = EDGE_CURVE('',#5632,#7445,#9989,.T.);
#9989 = LINE('',#9990,#9991);
#9990 = CARTESIAN_POINT('',(43.63,-37.07,-4.6E-02));
#9991 = VECTOR('',#9992,1.);
#9992 = DIRECTION('',(0.,0.,1.));
#9993 = PLANE('',#9994);
#9994 = AXIS2_PLACEMENT_3D('',#9995,#9996,#9997);
#9995 = CARTESIAN_POINT('',(43.63,-37.67,-4.6E-02));
#9996 = DIRECTION('',(-1.,0.,0.));
#9997 = DIRECTION('',(0.,1.,0.));
#9998 = ADVANCED_FACE('',(#9999),#10010,.F.);
#9999 = FACE_BOUND('',#10000,.T.);
#10000 = EDGE_LOOP('',(#10001,#10002,#10003,#10004));
#10001 = ORIENTED_EDGE('',*,*,#5631,.T.);
#10002 = ORIENTED_EDGE('',*,*,#9988,.T.);
#10003 = ORIENTED_EDGE('',*,*,#7444,.F.);
#10004 = ORIENTED_EDGE('',*,*,#10005,.F.);
#10005 = EDGE_CURVE('',#5624,#7437,#10006,.T.);
#10006 = LINE('',#10007,#10008);
#10007 = CARTESIAN_POINT('',(43.03,-37.07,-4.6E-02));
#10008 = VECTOR('',#10009,1.);
#10009 = DIRECTION('',(0.,0.,1.));
#10010 = CYLINDRICAL_SURFACE('',#10011,0.3);
#10011 = AXIS2_PLACEMENT_3D('',#10012,#10013,#10014);
#10012 = CARTESIAN_POINT('',(43.33,-37.07,-4.6E-02));
#10013 = DIRECTION('',(-0.,-0.,-1.));
#10014 = DIRECTION('',(1.,2.368475785867E-14,-0.));
#10015 = ADVANCED_FACE('',(#10016),#10022,.T.);
#10016 = FACE_BOUND('',#10017,.T.);
#10017 = EDGE_LOOP('',(#10018,#10019,#10020,#10021));
#10018 = ORIENTED_EDGE('',*,*,#5623,.T.);
#10019 = ORIENTED_EDGE('',*,*,#10005,.T.);
#10020 = ORIENTED_EDGE('',*,*,#7436,.F.);
#10021 = ORIENTED_EDGE('',*,*,#9964,.F.);
#10022 = PLANE('',#10023);
#10023 = AXIS2_PLACEMENT_3D('',#10024,#10025,#10026);
#10024 = CARTESIAN_POINT('',(43.03,-37.07,-4.6E-02));
#10025 = DIRECTION('',(1.,0.,-0.));
#10026 = DIRECTION('',(0.,-1.,0.));
#10027 = ADVANCED_FACE('',(#10028),#10039,.F.);
#10028 = FACE_BOUND('',#10029,.T.);
#10029 = EDGE_LOOP('',(#10030,#10031,#10037,#10038));
#10030 = ORIENTED_EDGE('',*,*,#5648,.T.);
#10031 = ORIENTED_EDGE('',*,*,#10032,.T.);
#10032 = EDGE_CURVE('',#5649,#7462,#10033,.T.);
#10033 = LINE('',#10034,#10035);
#10034 = CARTESIAN_POINT('',(46.06,-37.11,-4.6E-02));
#10035 = VECTOR('',#10036,1.);
#10036 = DIRECTION('',(0.,0.,1.));
#10037 = ORIENTED_EDGE('',*,*,#7461,.F.);
#10038 = ORIENTED_EDGE('',*,*,#10032,.F.);
#10039 = CYLINDRICAL_SURFACE('',#10040,0.55);
#10040 = AXIS2_PLACEMENT_3D('',#10041,#10042,#10043);
#10041 = CARTESIAN_POINT('',(46.06,-36.56,-4.6E-02));
#10042 = DIRECTION('',(-0.,-0.,-1.));
#10043 = DIRECTION('',(-0.,-1.,0.));
#10044 = ADVANCED_FACE('',(#10045),#10061,.F.);
#10045 = FACE_BOUND('',#10046,.T.);
#10046 = EDGE_LOOP('',(#10047,#10048,#10054,#10055));
#10047 = ORIENTED_EDGE('',*,*,#5659,.T.);
#10048 = ORIENTED_EDGE('',*,*,#10049,.T.);
#10049 = EDGE_CURVE('',#5662,#7475,#10050,.T.);
#10050 = LINE('',#10051,#10052);
#10051 = CARTESIAN_POINT('',(43.03,-33.67,-4.6E-02));
#10052 = VECTOR('',#10053,1.);
#10053 = DIRECTION('',(0.,0.,1.));
#10054 = ORIENTED_EDGE('',*,*,#7472,.F.);
#10055 = ORIENTED_EDGE('',*,*,#10056,.F.);
#10056 = EDGE_CURVE('',#5660,#7473,#10057,.T.);
#10057 = LINE('',#10058,#10059);
#10058 = CARTESIAN_POINT('',(43.63,-33.67,-4.6E-02));
#10059 = VECTOR('',#10060,1.);
#10060 = DIRECTION('',(0.,0.,1.));
#10061 = CYLINDRICAL_SURFACE('',#10062,0.3);
#10062 = AXIS2_PLACEMENT_3D('',#10063,#10064,#10065);
#10063 = CARTESIAN_POINT('',(43.33,-33.67,-4.6E-02));
#10064 = DIRECTION('',(-0.,-0.,-1.));
#10065 = DIRECTION('',(-1.,-2.368475785867E-14,0.));
#10066 = ADVANCED_FACE('',(#10067),#10078,.T.);
#10067 = FACE_BOUND('',#10068,.T.);
#10068 = EDGE_LOOP('',(#10069,#10070,#10071,#10072));
#10069 = ORIENTED_EDGE('',*,*,#5687,.T.);
#10070 = ORIENTED_EDGE('',*,*,#10056,.T.);
#10071 = ORIENTED_EDGE('',*,*,#7500,.F.);
#10072 = ORIENTED_EDGE('',*,*,#10073,.F.);
#10073 = EDGE_CURVE('',#5679,#7492,#10074,.T.);
#10074 = LINE('',#10075,#10076);
#10075 = CARTESIAN_POINT('',(43.63,-33.07,-4.6E-02));
#10076 = VECTOR('',#10077,1.);
#10077 = DIRECTION('',(0.,0.,1.));
#10078 = PLANE('',#10079);
#10079 = AXIS2_PLACEMENT_3D('',#10080,#10081,#10082);
#10080 = CARTESIAN_POINT('',(43.63,-33.67,-4.6E-02));
#10081 = DIRECTION('',(-1.,0.,0.));
#10082 = DIRECTION('',(0.,1.,0.));
#10083 = ADVANCED_FACE('',(#10084),#10095,.F.);
#10084 = FACE_BOUND('',#10085,.T.);
#10085 = EDGE_LOOP('',(#10086,#10087,#10088,#10089));
#10086 = ORIENTED_EDGE('',*,*,#5678,.T.);
#10087 = ORIENTED_EDGE('',*,*,#10073,.T.);
#10088 = ORIENTED_EDGE('',*,*,#7491,.F.);
#10089 = ORIENTED_EDGE('',*,*,#10090,.F.);
#10090 = EDGE_CURVE('',#5671,#7484,#10091,.T.);
#10091 = LINE('',#10092,#10093);
#10092 = CARTESIAN_POINT('',(43.03,-33.07,-4.6E-02));
#10093 = VECTOR('',#10094,1.);
#10094 = DIRECTION('',(0.,0.,1.));
#10095 = CYLINDRICAL_SURFACE('',#10096,0.3);
#10096 = AXIS2_PLACEMENT_3D('',#10097,#10098,#10099);
#10097 = CARTESIAN_POINT('',(43.33,-33.07,-4.6E-02));
#10098 = DIRECTION('',(-0.,-0.,-1.));
#10099 = DIRECTION('',(1.,2.368475785867E-14,-0.));
#10100 = ADVANCED_FACE('',(#10101),#10107,.T.);
#10101 = FACE_BOUND('',#10102,.T.);
#10102 = EDGE_LOOP('',(#10103,#10104,#10105,#10106));
#10103 = ORIENTED_EDGE('',*,*,#5670,.T.);
#10104 = ORIENTED_EDGE('',*,*,#10090,.T.);
#10105 = ORIENTED_EDGE('',*,*,#7483,.F.);
#10106 = ORIENTED_EDGE('',*,*,#10049,.F.);
#10107 = PLANE('',#10108);
#10108 = AXIS2_PLACEMENT_3D('',#10109,#10110,#10111);
#10109 = CARTESIAN_POINT('',(43.03,-33.07,-4.6E-02));
#10110 = DIRECTION('',(1.,0.,-0.));
#10111 = DIRECTION('',(0.,-1.,0.));
#10112 = ADVANCED_FACE('',(#10113),#10124,.F.);
#10113 = FACE_BOUND('',#10114,.T.);
#10114 = EDGE_LOOP('',(#10115,#10116,#10122,#10123));
#10115 = ORIENTED_EDGE('',*,*,#5695,.T.);
#10116 = ORIENTED_EDGE('',*,*,#10117,.T.);
#10117 = EDGE_CURVE('',#5696,#7509,#10118,.T.);
#10118 = LINE('',#10119,#10120);
#10119 = CARTESIAN_POINT('',(46.06,-34.57,-4.6E-02));
#10120 = VECTOR('',#10121,1.);
#10121 = DIRECTION('',(0.,0.,1.));
#10122 = ORIENTED_EDGE('',*,*,#7508,.F.);
#10123 = ORIENTED_EDGE('',*,*,#10117,.F.);
#10124 = CYLINDRICAL_SURFACE('',#10125,0.55);
#10125 = AXIS2_PLACEMENT_3D('',#10126,#10127,#10128);
#10126 = CARTESIAN_POINT('',(46.06,-34.02,-4.6E-02));
#10127 = DIRECTION('',(-0.,-0.,-1.));
#10128 = DIRECTION('',(-0.,-1.,0.));
#10129 = ADVANCED_FACE('',(#10130),#10141,.F.);
#10130 = FACE_BOUND('',#10131,.T.);
#10131 = EDGE_LOOP('',(#10132,#10133,#10139,#10140));
#10132 = ORIENTED_EDGE('',*,*,#5706,.T.);
#10133 = ORIENTED_EDGE('',*,*,#10134,.T.);
#10134 = EDGE_CURVE('',#5707,#7520,#10135,.T.);
#10135 = LINE('',#10136,#10137);
#10136 = CARTESIAN_POINT('',(33.6,-31.9,-4.6E-02));
#10137 = VECTOR('',#10138,1.);
#10138 = DIRECTION('',(0.,0.,1.));
#10139 = ORIENTED_EDGE('',*,*,#7519,.F.);
#10140 = ORIENTED_EDGE('',*,*,#10134,.F.);
#10141 = CYLINDRICAL_SURFACE('',#10142,0.5);
#10142 = AXIS2_PLACEMENT_3D('',#10143,#10144,#10145);
#10143 = CARTESIAN_POINT('',(33.6,-31.4,-4.6E-02));
#10144 = DIRECTION('',(-0.,-0.,-1.));
#10145 = DIRECTION('',(-0.,-1.,0.));
#10146 = ADVANCED_FACE('',(#10147),#10163,.F.);
#10147 = FACE_BOUND('',#10148,.T.);
#10148 = EDGE_LOOP('',(#10149,#10150,#10156,#10157));
#10149 = ORIENTED_EDGE('',*,*,#5717,.T.);
#10150 = ORIENTED_EDGE('',*,*,#10151,.T.);
#10151 = EDGE_CURVE('',#5720,#7533,#10152,.T.);
#10152 = LINE('',#10153,#10154);
#10153 = CARTESIAN_POINT('',(36.26,-30.69,-4.6E-02));
#10154 = VECTOR('',#10155,1.);
#10155 = DIRECTION('',(0.,0.,1.));
#10156 = ORIENTED_EDGE('',*,*,#7530,.F.);
#10157 = ORIENTED_EDGE('',*,*,#10158,.F.);
#10158 = EDGE_CURVE('',#5718,#7531,#10159,.T.);
#10159 = LINE('',#10160,#10161);
#10160 = CARTESIAN_POINT('',(36.86,-30.69,-4.6E-02));
#10161 = VECTOR('',#10162,1.);
#10162 = DIRECTION('',(0.,0.,1.));
#10163 = CYLINDRICAL_SURFACE('',#10164,0.3);
#10164 = AXIS2_PLACEMENT_3D('',#10165,#10166,#10167);
#10165 = CARTESIAN_POINT('',(36.56,-30.69,-4.6E-02));
#10166 = DIRECTION('',(-0.,-0.,-1.));
#10167 = DIRECTION('',(-1.,-1.184237892934E-14,0.));
#10168 = ADVANCED_FACE('',(#10169),#10180,.T.);
#10169 = FACE_BOUND('',#10170,.T.);
#10170 = EDGE_LOOP('',(#10171,#10172,#10173,#10174));
#10171 = ORIENTED_EDGE('',*,*,#5745,.T.);
#10172 = ORIENTED_EDGE('',*,*,#10158,.T.);
#10173 = ORIENTED_EDGE('',*,*,#7558,.F.);
#10174 = ORIENTED_EDGE('',*,*,#10175,.F.);
#10175 = EDGE_CURVE('',#5737,#7550,#10176,.T.);
#10176 = LINE('',#10177,#10178);
#10177 = CARTESIAN_POINT('',(36.86,-30.09,-4.6E-02));
#10178 = VECTOR('',#10179,1.);
#10179 = DIRECTION('',(0.,0.,1.));
#10180 = PLANE('',#10181);
#10181 = AXIS2_PLACEMENT_3D('',#10182,#10183,#10184);
#10182 = CARTESIAN_POINT('',(36.86,-30.69,-4.6E-02));
#10183 = DIRECTION('',(-1.,0.,0.));
#10184 = DIRECTION('',(0.,1.,0.));
#10185 = ADVANCED_FACE('',(#10186),#10197,.F.);
#10186 = FACE_BOUND('',#10187,.T.);
#10187 = EDGE_LOOP('',(#10188,#10189,#10190,#10191));
#10188 = ORIENTED_EDGE('',*,*,#5736,.T.);
#10189 = ORIENTED_EDGE('',*,*,#10175,.T.);
#10190 = ORIENTED_EDGE('',*,*,#7549,.F.);
#10191 = ORIENTED_EDGE('',*,*,#10192,.F.);
#10192 = EDGE_CURVE('',#5729,#7542,#10193,.T.);
#10193 = LINE('',#10194,#10195);
#10194 = CARTESIAN_POINT('',(36.26,-30.09,-4.6E-02));
#10195 = VECTOR('',#10196,1.);
#10196 = DIRECTION('',(0.,0.,1.));
#10197 = CYLINDRICAL_SURFACE('',#10198,0.3);
#10198 = AXIS2_PLACEMENT_3D('',#10199,#10200,#10201);
#10199 = CARTESIAN_POINT('',(36.56,-30.09,-4.6E-02));
#10200 = DIRECTION('',(-0.,-0.,-1.));
#10201 = DIRECTION('',(1.,0.,-0.));
#10202 = ADVANCED_FACE('',(#10203),#10209,.T.);
#10203 = FACE_BOUND('',#10204,.T.);
#10204 = EDGE_LOOP('',(#10205,#10206,#10207,#10208));
#10205 = ORIENTED_EDGE('',*,*,#5728,.T.);
#10206 = ORIENTED_EDGE('',*,*,#10192,.T.);
#10207 = ORIENTED_EDGE('',*,*,#7541,.F.);
#10208 = ORIENTED_EDGE('',*,*,#10151,.F.);
#10209 = PLANE('',#10210);
#10210 = AXIS2_PLACEMENT_3D('',#10211,#10212,#10213);
#10211 = CARTESIAN_POINT('',(36.26,-30.09,-4.6E-02));
#10212 = DIRECTION('',(1.,0.,-0.));
#10213 = DIRECTION('',(0.,-1.,0.));
#10214 = ADVANCED_FACE('',(#10215),#10226,.F.);
#10215 = FACE_BOUND('',#10216,.T.);
#10216 = EDGE_LOOP('',(#10217,#10218,#10224,#10225));
#10217 = ORIENTED_EDGE('',*,*,#5753,.T.);
#10218 = ORIENTED_EDGE('',*,*,#10219,.T.);
#10219 = EDGE_CURVE('',#5754,#7567,#10220,.T.);
#10220 = LINE('',#10221,#10222);
#10221 = CARTESIAN_POINT('',(38.86,-29.54,-4.6E-02));
#10222 = VECTOR('',#10223,1.);
#10223 = DIRECTION('',(0.,0.,1.));
#10224 = ORIENTED_EDGE('',*,*,#7566,.F.);
#10225 = ORIENTED_EDGE('',*,*,#10219,.F.);
#10226 = CYLINDRICAL_SURFACE('',#10227,0.75);
#10227 = AXIS2_PLACEMENT_3D('',#10228,#10229,#10230);
#10228 = CARTESIAN_POINT('',(38.86,-28.79,-4.6E-02));
#10229 = DIRECTION('',(-0.,-0.,-1.));
#10230 = DIRECTION('',(-0.,-1.,0.));
#10231 = ADVANCED_FACE('',(#10232),#10243,.F.);
#10232 = FACE_BOUND('',#10233,.T.);
#10233 = EDGE_LOOP('',(#10234,#10235,#10241,#10242));
#10234 = ORIENTED_EDGE('',*,*,#5764,.T.);
#10235 = ORIENTED_EDGE('',*,*,#10236,.T.);
#10236 = EDGE_CURVE('',#5765,#7578,#10237,.T.);
#10237 = LINE('',#10238,#10239);
#10238 = CARTESIAN_POINT('',(41.03,-29.52,-4.6E-02));
#10239 = VECTOR('',#10240,1.);
#10240 = DIRECTION('',(0.,0.,1.));
#10241 = ORIENTED_EDGE('',*,*,#7577,.F.);
#10242 = ORIENTED_EDGE('',*,*,#10236,.F.);
#10243 = CYLINDRICAL_SURFACE('',#10244,0.75);
#10244 = AXIS2_PLACEMENT_3D('',#10245,#10246,#10247);
#10245 = CARTESIAN_POINT('',(41.03,-28.77,-4.6E-02));
#10246 = DIRECTION('',(-0.,-0.,-1.));
#10247 = DIRECTION('',(-0.,-1.,0.));
#10248 = ADVANCED_FACE('',(#10249),#10265,.F.);
#10249 = FACE_BOUND('',#10250,.T.);
#10250 = EDGE_LOOP('',(#10251,#10252,#10258,#10259));
#10251 = ORIENTED_EDGE('',*,*,#5775,.T.);
#10252 = ORIENTED_EDGE('',*,*,#10253,.T.);
#10253 = EDGE_CURVE('',#5778,#7591,#10254,.T.);
#10254 = LINE('',#10255,#10256);
#10255 = CARTESIAN_POINT('',(43.03,-30.67,-4.6E-02));
#10256 = VECTOR('',#10257,1.);
#10257 = DIRECTION('',(0.,0.,1.));
#10258 = ORIENTED_EDGE('',*,*,#7588,.F.);
#10259 = ORIENTED_EDGE('',*,*,#10260,.F.);
#10260 = EDGE_CURVE('',#5776,#7589,#10261,.T.);
#10261 = LINE('',#10262,#10263);
#10262 = CARTESIAN_POINT('',(43.63,-30.67,-4.6E-02));
#10263 = VECTOR('',#10264,1.);
#10264 = DIRECTION('',(0.,0.,1.));
#10265 = CYLINDRICAL_SURFACE('',#10266,0.3);
#10266 = AXIS2_PLACEMENT_3D('',#10267,#10268,#10269);
#10267 = CARTESIAN_POINT('',(43.33,-30.67,-4.6E-02));
#10268 = DIRECTION('',(-0.,-0.,-1.));
#10269 = DIRECTION('',(-1.,-2.368475785867E-14,0.));
#10270 = ADVANCED_FACE('',(#10271),#10282,.T.);
#10271 = FACE_BOUND('',#10272,.T.);
#10272 = EDGE_LOOP('',(#10273,#10274,#10275,#10276));
#10273 = ORIENTED_EDGE('',*,*,#5803,.T.);
#10274 = ORIENTED_EDGE('',*,*,#10260,.T.);
#10275 = ORIENTED_EDGE('',*,*,#7616,.F.);
#10276 = ORIENTED_EDGE('',*,*,#10277,.F.);
#10277 = EDGE_CURVE('',#5795,#7608,#10278,.T.);
#10278 = LINE('',#10279,#10280);
#10279 = CARTESIAN_POINT('',(43.63,-30.07,-4.6E-02));
#10280 = VECTOR('',#10281,1.);
#10281 = DIRECTION('',(0.,0.,1.));
#10282 = PLANE('',#10283);
#10283 = AXIS2_PLACEMENT_3D('',#10284,#10285,#10286);
#10284 = CARTESIAN_POINT('',(43.63,-30.67,-4.6E-02));
#10285 = DIRECTION('',(-1.,0.,0.));
#10286 = DIRECTION('',(0.,1.,0.));
#10287 = ADVANCED_FACE('',(#10288),#10299,.F.);
#10288 = FACE_BOUND('',#10289,.T.);
#10289 = EDGE_LOOP('',(#10290,#10291,#10292,#10293));
#10290 = ORIENTED_EDGE('',*,*,#5794,.T.);
#10291 = ORIENTED_EDGE('',*,*,#10277,.T.);
#10292 = ORIENTED_EDGE('',*,*,#7607,.F.);
#10293 = ORIENTED_EDGE('',*,*,#10294,.F.);
#10294 = EDGE_CURVE('',#5787,#7600,#10295,.T.);
#10295 = LINE('',#10296,#10297);
#10296 = CARTESIAN_POINT('',(43.03,-30.07,-4.6E-02));
#10297 = VECTOR('',#10298,1.);
#10298 = DIRECTION('',(0.,0.,1.));
#10299 = CYLINDRICAL_SURFACE('',#10300,0.3);
#10300 = AXIS2_PLACEMENT_3D('',#10301,#10302,#10303);
#10301 = CARTESIAN_POINT('',(43.33,-30.07,-4.6E-02));
#10302 = DIRECTION('',(-0.,-0.,-1.));
#10303 = DIRECTION('',(1.,1.184237892934E-14,-0.));
#10304 = ADVANCED_FACE('',(#10305),#10311,.T.);
#10305 = FACE_BOUND('',#10306,.T.);
#10306 = EDGE_LOOP('',(#10307,#10308,#10309,#10310));
#10307 = ORIENTED_EDGE('',*,*,#5786,.T.);
#10308 = ORIENTED_EDGE('',*,*,#10294,.T.);
#10309 = ORIENTED_EDGE('',*,*,#7599,.F.);
#10310 = ORIENTED_EDGE('',*,*,#10253,.F.);
#10311 = PLANE('',#10312);
#10312 = AXIS2_PLACEMENT_3D('',#10313,#10314,#10315);
#10313 = CARTESIAN_POINT('',(43.03,-30.07,-4.6E-02));
#10314 = DIRECTION('',(1.,0.,-0.));
#10315 = DIRECTION('',(0.,-1.,0.));
#10316 = ADVANCED_FACE('',(#10317),#10328,.F.);
#10317 = FACE_BOUND('',#10318,.T.);
#10318 = EDGE_LOOP('',(#10319,#10320,#10326,#10327));
#10319 = ORIENTED_EDGE('',*,*,#5811,.T.);
#10320 = ORIENTED_EDGE('',*,*,#10321,.T.);
#10321 = EDGE_CURVE('',#5812,#7625,#10322,.T.);
#10322 = LINE('',#10323,#10324);
#10323 = CARTESIAN_POINT('',(46.06,-32.03,-4.6E-02));
#10324 = VECTOR('',#10325,1.);
#10325 = DIRECTION('',(0.,0.,1.));
#10326 = ORIENTED_EDGE('',*,*,#7624,.F.);
#10327 = ORIENTED_EDGE('',*,*,#10321,.F.);
#10328 = CYLINDRICAL_SURFACE('',#10329,0.55);
#10329 = AXIS2_PLACEMENT_3D('',#10330,#10331,#10332);
#10330 = CARTESIAN_POINT('',(46.06,-31.48,-4.6E-02));
#10331 = DIRECTION('',(-0.,-0.,-1.));
#10332 = DIRECTION('',(-0.,-1.,0.));
#10333 = ADVANCED_FACE('',(#10334),#10345,.F.);
#10334 = FACE_BOUND('',#10335,.T.);
#10335 = EDGE_LOOP('',(#10336,#10337,#10343,#10344));
#10336 = ORIENTED_EDGE('',*,*,#5822,.T.);
#10337 = ORIENTED_EDGE('',*,*,#10338,.T.);
#10338 = EDGE_CURVE('',#5823,#7636,#10339,.T.);
#10339 = LINE('',#10340,#10341);
#10340 = CARTESIAN_POINT('',(46.06,-29.49,-4.6E-02));
#10341 = VECTOR('',#10342,1.);
#10342 = DIRECTION('',(0.,0.,1.));
#10343 = ORIENTED_EDGE('',*,*,#7635,.F.);
#10344 = ORIENTED_EDGE('',*,*,#10338,.F.);
#10345 = CYLINDRICAL_SURFACE('',#10346,0.55);
#10346 = AXIS2_PLACEMENT_3D('',#10347,#10348,#10349);
#10347 = CARTESIAN_POINT('',(46.06,-28.94,-4.6E-02));
#10348 = DIRECTION('',(-0.,-0.,-1.));
#10349 = DIRECTION('',(-0.,-1.,0.));
#10350 = ADVANCED_FACE('',(#10351),#10362,.F.);
#10351 = FACE_BOUND('',#10352,.T.);
#10352 = EDGE_LOOP('',(#10353,#10354,#10360,#10361));
#10353 = ORIENTED_EDGE('',*,*,#5833,.T.);
#10354 = ORIENTED_EDGE('',*,*,#10355,.T.);
#10355 = EDGE_CURVE('',#5834,#7647,#10356,.T.);
#10356 = LINE('',#10357,#10358);
#10357 = CARTESIAN_POINT('',(61.3,-37.11,-4.6E-02));
#10358 = VECTOR('',#10359,1.);
#10359 = DIRECTION('',(0.,0.,1.));
#10360 = ORIENTED_EDGE('',*,*,#7646,.F.);
#10361 = ORIENTED_EDGE('',*,*,#10355,.F.);
#10362 = CYLINDRICAL_SURFACE('',#10363,0.55);
#10363 = AXIS2_PLACEMENT_3D('',#10364,#10365,#10366);
#10364 = CARTESIAN_POINT('',(61.3,-36.56,-4.6E-02));
#10365 = DIRECTION('',(-0.,-0.,-1.));
#10366 = DIRECTION('',(-0.,-1.,0.));
#10367 = ADVANCED_FACE('',(#10368),#10379,.F.);
#10368 = FACE_BOUND('',#10369,.T.);
#10369 = EDGE_LOOP('',(#10370,#10371,#10377,#10378));
#10370 = ORIENTED_EDGE('',*,*,#5844,.T.);
#10371 = ORIENTED_EDGE('',*,*,#10372,.T.);
#10372 = EDGE_CURVE('',#5845,#7658,#10373,.T.);
#10373 = LINE('',#10374,#10375);
#10374 = CARTESIAN_POINT('',(61.3,-34.57,-4.6E-02));
#10375 = VECTOR('',#10376,1.);
#10376 = DIRECTION('',(0.,0.,1.));
#10377 = ORIENTED_EDGE('',*,*,#7657,.F.);
#10378 = ORIENTED_EDGE('',*,*,#10372,.F.);
#10379 = CYLINDRICAL_SURFACE('',#10380,0.55);
#10380 = AXIS2_PLACEMENT_3D('',#10381,#10382,#10383);
#10381 = CARTESIAN_POINT('',(61.3,-34.02,-4.6E-02));
#10382 = DIRECTION('',(-0.,-0.,-1.));
#10383 = DIRECTION('',(-0.,-1.,0.));
#10384 = ADVANCED_FACE('',(#10385),#10396,.F.);
#10385 = FACE_BOUND('',#10386,.T.);
#10386 = EDGE_LOOP('',(#10387,#10388,#10394,#10395));
#10387 = ORIENTED_EDGE('',*,*,#5855,.T.);
#10388 = ORIENTED_EDGE('',*,*,#10389,.T.);
#10389 = EDGE_CURVE('',#5856,#7669,#10390,.T.);
#10390 = LINE('',#10391,#10392);
#10391 = CARTESIAN_POINT('',(61.3,-32.03,-4.6E-02));
#10392 = VECTOR('',#10393,1.);
#10393 = DIRECTION('',(0.,0.,1.));
#10394 = ORIENTED_EDGE('',*,*,#7668,.F.);
#10395 = ORIENTED_EDGE('',*,*,#10389,.F.);
#10396 = CYLINDRICAL_SURFACE('',#10397,0.55);
#10397 = AXIS2_PLACEMENT_3D('',#10398,#10399,#10400);
#10398 = CARTESIAN_POINT('',(61.3,-31.48,-4.6E-02));
#10399 = DIRECTION('',(-0.,-0.,-1.));
#10400 = DIRECTION('',(-0.,-1.,0.));
#10401 = ADVANCED_FACE('',(#10402),#10413,.F.);
#10402 = FACE_BOUND('',#10403,.T.);
#10403 = EDGE_LOOP('',(#10404,#10405,#10411,#10412));
#10404 = ORIENTED_EDGE('',*,*,#5866,.T.);
#10405 = ORIENTED_EDGE('',*,*,#10406,.T.);
#10406 = EDGE_CURVE('',#5867,#7680,#10407,.T.);
#10407 = LINE('',#10408,#10409);
#10408 = CARTESIAN_POINT('',(61.3,-29.49,-4.6E-02));
#10409 = VECTOR('',#10410,1.);
#10410 = DIRECTION('',(0.,0.,1.));
#10411 = ORIENTED_EDGE('',*,*,#7679,.F.);
#10412 = ORIENTED_EDGE('',*,*,#10406,.F.);
#10413 = CYLINDRICAL_SURFACE('',#10414,0.55);
#10414 = AXIS2_PLACEMENT_3D('',#10415,#10416,#10417);
#10415 = CARTESIAN_POINT('',(61.3,-28.94,-4.6E-02));
#10416 = DIRECTION('',(-0.,-0.,-1.));
#10417 = DIRECTION('',(-0.,-1.,0.));
#10418 = ADVANCED_FACE('',(#10419),#10430,.F.);
#10419 = FACE_BOUND('',#10420,.T.);
#10420 = EDGE_LOOP('',(#10421,#10422,#10428,#10429));
#10421 = ORIENTED_EDGE('',*,*,#5877,.T.);
#10422 = ORIENTED_EDGE('',*,*,#10423,.T.);
#10423 = EDGE_CURVE('',#5878,#7691,#10424,.T.);
#10424 = LINE('',#10425,#10426);
#10425 = CARTESIAN_POINT('',(85.,-46.5969,-4.6E-02));
#10426 = VECTOR('',#10427,1.);
#10427 = DIRECTION('',(0.,0.,1.));
#10428 = ORIENTED_EDGE('',*,*,#7690,.F.);
#10429 = ORIENTED_EDGE('',*,*,#10423,.F.);
#10430 = CYLINDRICAL_SURFACE('',#10431,0.5969);
#10431 = AXIS2_PLACEMENT_3D('',#10432,#10433,#10434);
#10432 = CARTESIAN_POINT('',(85.,-46.,-4.6E-02));
#10433 = DIRECTION('',(-0.,-0.,-1.));
#10434 = DIRECTION('',(-0.,-1.,0.));
#10435 = ADVANCED_FACE('',(#10436),#10447,.F.);
#10436 = FACE_BOUND('',#10437,.T.);
#10437 = EDGE_LOOP('',(#10438,#10439,#10445,#10446));
#10438 = ORIENTED_EDGE('',*,*,#5888,.T.);
#10439 = ORIENTED_EDGE('',*,*,#10440,.T.);
#10440 = EDGE_CURVE('',#5889,#7702,#10441,.T.);
#10441 = LINE('',#10442,#10443);
#10442 = CARTESIAN_POINT('',(90.,-46.5969,-4.6E-02));
#10443 = VECTOR('',#10444,1.);
#10444 = DIRECTION('',(0.,0.,1.));
#10445 = ORIENTED_EDGE('',*,*,#7701,.F.);
#10446 = ORIENTED_EDGE('',*,*,#10440,.F.);
#10447 = CYLINDRICAL_SURFACE('',#10448,0.5969);
#10448 = AXIS2_PLACEMENT_3D('',#10449,#10450,#10451);
#10449 = CARTESIAN_POINT('',(90.,-46.,-4.6E-02));
#10450 = DIRECTION('',(-0.,-0.,-1.));
#10451 = DIRECTION('',(-0.,-1.,0.));
#10452 = ADVANCED_FACE('',(#10453),#10464,.F.);
#10453 = FACE_BOUND('',#10454,.T.);
#10454 = EDGE_LOOP('',(#10455,#10456,#10462,#10463));
#10455 = ORIENTED_EDGE('',*,*,#5899,.T.);
#10456 = ORIENTED_EDGE('',*,*,#10457,.T.);
#10457 = EDGE_CURVE('',#5900,#7713,#10458,.T.);
#10458 = LINE('',#10459,#10460);
#10459 = CARTESIAN_POINT('',(87.5,-45.0969,-4.6E-02));
#10460 = VECTOR('',#10461,1.);
#10461 = DIRECTION('',(0.,0.,1.));
#10462 = ORIENTED_EDGE('',*,*,#7712,.F.);
#10463 = ORIENTED_EDGE('',*,*,#10457,.F.);
#10464 = CYLINDRICAL_SURFACE('',#10465,0.5969);
#10465 = AXIS2_PLACEMENT_3D('',#10466,#10467,#10468);
#10466 = CARTESIAN_POINT('',(87.5,-44.5,-4.6E-02));
#10467 = DIRECTION('',(-0.,-0.,-1.));
#10468 = DIRECTION('',(-0.,-1.,0.));
#10469 = ADVANCED_FACE('',(#10470),#10481,.F.);
#10470 = FACE_BOUND('',#10471,.T.);
#10471 = EDGE_LOOP('',(#10472,#10473,#10479,#10480));
#10472 = ORIENTED_EDGE('',*,*,#5910,.T.);
#10473 = ORIENTED_EDGE('',*,*,#10474,.T.);
#10474 = EDGE_CURVE('',#5911,#7724,#10475,.T.);
#10475 = LINE('',#10476,#10477);
#10476 = CARTESIAN_POINT('',(85.8,-33.95,-4.6E-02));
#10477 = VECTOR('',#10478,1.);
#10478 = DIRECTION('',(0.,0.,1.));
#10479 = ORIENTED_EDGE('',*,*,#7723,.F.);
#10480 = ORIENTED_EDGE('',*,*,#10474,.F.);
#10481 = CYLINDRICAL_SURFACE('',#10482,1.75);
#10482 = AXIS2_PLACEMENT_3D('',#10483,#10484,#10485);
#10483 = CARTESIAN_POINT('',(85.8,-32.2,-4.6E-02));
#10484 = DIRECTION('',(-0.,-0.,-1.));
#10485 = DIRECTION('',(-0.,-1.,0.));
#10486 = ADVANCED_FACE('',(#10487),#10498,.F.);
#10487 = FACE_BOUND('',#10488,.T.);
#10488 = EDGE_LOOP('',(#10489,#10490,#10496,#10497));
#10489 = ORIENTED_EDGE('',*,*,#5921,.T.);
#10490 = ORIENTED_EDGE('',*,*,#10491,.T.);
#10491 = EDGE_CURVE('',#5922,#7735,#10492,.T.);
#10492 = LINE('',#10493,#10494);
#10493 = CARTESIAN_POINT('',(121.,-51.2569,-4.6E-02));
#10494 = VECTOR('',#10495,1.);
#10495 = DIRECTION('',(0.,0.,1.));
#10496 = ORIENTED_EDGE('',*,*,#7734,.F.);
#10497 = ORIENTED_EDGE('',*,*,#10491,.F.);
#10498 = CYLINDRICAL_SURFACE('',#10499,0.5969);
#10499 = AXIS2_PLACEMENT_3D('',#10500,#10501,#10502);
#10500 = CARTESIAN_POINT('',(121.,-50.66,-4.6E-02));
#10501 = DIRECTION('',(-0.,-0.,-1.));
#10502 = DIRECTION('',(-0.,-1.,0.));
#10503 = ADVANCED_FACE('',(#10504),#10515,.F.);
#10504 = FACE_BOUND('',#10505,.T.);
#10505 = EDGE_LOOP('',(#10506,#10507,#10513,#10514));
#10506 = ORIENTED_EDGE('',*,*,#5932,.T.);
#10507 = ORIENTED_EDGE('',*,*,#10508,.T.);
#10508 = EDGE_CURVE('',#5933,#7746,#10509,.T.);
#10509 = LINE('',#10510,#10511);
#10510 = CARTESIAN_POINT('',(164.5,-72.44,-4.6E-02));
#10511 = VECTOR('',#10512,1.);
#10512 = DIRECTION('',(0.,0.,1.));
#10513 = ORIENTED_EDGE('',*,*,#7745,.F.);
#10514 = ORIENTED_EDGE('',*,*,#10508,.F.);
#10515 = CYLINDRICAL_SURFACE('',#10516,0.5);
#10516 = AXIS2_PLACEMENT_3D('',#10517,#10518,#10519);
#10517 = CARTESIAN_POINT('',(164.5,-71.94,-4.6E-02));
#10518 = DIRECTION('',(-0.,-0.,-1.));
#10519 = DIRECTION('',(-0.,-1.,0.));
#10520 = ADVANCED_FACE('',(#10521),#10532,.F.);
#10521 = FACE_BOUND('',#10522,.T.);
#10522 = EDGE_LOOP('',(#10523,#10524,#10530,#10531));
#10523 = ORIENTED_EDGE('',*,*,#5943,.T.);
#10524 = ORIENTED_EDGE('',*,*,#10525,.T.);
#10525 = EDGE_CURVE('',#5944,#7757,#10526,.T.);
#10526 = LINE('',#10527,#10528);
#10527 = CARTESIAN_POINT('',(164.5,-69.9,-4.6E-02));
#10528 = VECTOR('',#10529,1.);
#10529 = DIRECTION('',(0.,0.,1.));
#10530 = ORIENTED_EDGE('',*,*,#7756,.F.);
#10531 = ORIENTED_EDGE('',*,*,#10525,.F.);
#10532 = CYLINDRICAL_SURFACE('',#10533,0.5);
#10533 = AXIS2_PLACEMENT_3D('',#10534,#10535,#10536);
#10534 = CARTESIAN_POINT('',(164.5,-69.4,-4.6E-02));
#10535 = DIRECTION('',(-0.,-0.,-1.));
#10536 = DIRECTION('',(-0.,-1.,0.));
#10537 = ADVANCED_FACE('',(#10538),#10549,.F.);
#10538 = FACE_BOUND('',#10539,.T.);
#10539 = EDGE_LOOP('',(#10540,#10541,#10547,#10548));
#10540 = ORIENTED_EDGE('',*,*,#5954,.T.);
#10541 = ORIENTED_EDGE('',*,*,#10542,.T.);
#10542 = EDGE_CURVE('',#5955,#7768,#10543,.T.);
#10543 = LINE('',#10544,#10545);
#10544 = CARTESIAN_POINT('',(136.5,-56.2569,-4.6E-02));
#10545 = VECTOR('',#10546,1.);
#10546 = DIRECTION('',(0.,0.,1.));
#10547 = ORIENTED_EDGE('',*,*,#7767,.F.);
#10548 = ORIENTED_EDGE('',*,*,#10542,.F.);
#10549 = CYLINDRICAL_SURFACE('',#10550,0.5969);
#10550 = AXIS2_PLACEMENT_3D('',#10551,#10552,#10553);
#10551 = CARTESIAN_POINT('',(136.5,-55.66,-4.6E-02));
#10552 = DIRECTION('',(-0.,-0.,-1.));
#10553 = DIRECTION('',(-0.,-1.,0.));
#10554 = ADVANCED_FACE('',(#10555),#10566,.F.);
#10555 = FACE_BOUND('',#10556,.T.);
#10556 = EDGE_LOOP('',(#10557,#10558,#10564,#10565));
#10557 = ORIENTED_EDGE('',*,*,#5965,.T.);
#10558 = ORIENTED_EDGE('',*,*,#10559,.T.);
#10559 = EDGE_CURVE('',#5966,#7779,#10560,.T.);
#10560 = LINE('',#10561,#10562);
#10561 = CARTESIAN_POINT('',(136.5,-51.1769,-4.6E-02));
#10562 = VECTOR('',#10563,1.);
#10563 = DIRECTION('',(0.,0.,1.));
#10564 = ORIENTED_EDGE('',*,*,#7778,.F.);
#10565 = ORIENTED_EDGE('',*,*,#10559,.F.);
#10566 = CYLINDRICAL_SURFACE('',#10567,0.5969);
#10567 = AXIS2_PLACEMENT_3D('',#10568,#10569,#10570);
#10568 = CARTESIAN_POINT('',(136.5,-50.58,-4.6E-02));
#10569 = DIRECTION('',(-0.,-0.,-1.));
#10570 = DIRECTION('',(-0.,-1.,0.));
#10571 = ADVANCED_FACE('',(#10572),#10583,.F.);
#10572 = FACE_BOUND('',#10573,.T.);
#10573 = EDGE_LOOP('',(#10574,#10575,#10581,#10582));
#10574 = ORIENTED_EDGE('',*,*,#5976,.T.);
#10575 = ORIENTED_EDGE('',*,*,#10576,.T.);
#10576 = EDGE_CURVE('',#5977,#7790,#10577,.T.);
#10577 = LINE('',#10578,#10579);
#10578 = CARTESIAN_POINT('',(152.,-55.2569,-4.6E-02));
#10579 = VECTOR('',#10580,1.);
#10580 = DIRECTION('',(0.,0.,1.));
#10581 = ORIENTED_EDGE('',*,*,#7789,.F.);
#10582 = ORIENTED_EDGE('',*,*,#10576,.F.);
#10583 = CYLINDRICAL_SURFACE('',#10584,0.5969);
#10584 = AXIS2_PLACEMENT_3D('',#10585,#10586,#10587);
#10585 = CARTESIAN_POINT('',(152.,-54.66,-4.6E-02));
#10586 = DIRECTION('',(-0.,-0.,-1.));
#10587 = DIRECTION('',(-0.,-1.,0.));
#10588 = ADVANCED_FACE('',(#10589),#10600,.F.);
#10589 = FACE_BOUND('',#10590,.T.);
#10590 = EDGE_LOOP('',(#10591,#10592,#10598,#10599));
#10591 = ORIENTED_EDGE('',*,*,#5987,.T.);
#10592 = ORIENTED_EDGE('',*,*,#10593,.T.);
#10593 = EDGE_CURVE('',#5988,#7801,#10594,.T.);
#10594 = LINE('',#10595,#10596);
#10595 = CARTESIAN_POINT('',(152.,-50.1769,-4.6E-02));
#10596 = VECTOR('',#10597,1.);
#10597 = DIRECTION('',(0.,0.,1.));
#10598 = ORIENTED_EDGE('',*,*,#7800,.F.);
#10599 = ORIENTED_EDGE('',*,*,#10593,.F.);
#10600 = CYLINDRICAL_SURFACE('',#10601,0.5969);
#10601 = AXIS2_PLACEMENT_3D('',#10602,#10603,#10604);
#10602 = CARTESIAN_POINT('',(152.,-49.58,-4.6E-02));
#10603 = DIRECTION('',(-0.,-0.,-1.));
#10604 = DIRECTION('',(-0.,-1.,0.));
#10605 = ADVANCED_FACE('',(#10606),#10617,.F.);
#10606 = FACE_BOUND('',#10607,.T.);
#10607 = EDGE_LOOP('',(#10608,#10609,#10615,#10616));
#10608 = ORIENTED_EDGE('',*,*,#5998,.T.);
#10609 = ORIENTED_EDGE('',*,*,#10610,.T.);
#10610 = EDGE_CURVE('',#5999,#7812,#10611,.T.);
#10611 = LINE('',#10612,#10613);
#10612 = CARTESIAN_POINT('',(103.,-46.2569,-4.6E-02));
#10613 = VECTOR('',#10614,1.);
#10614 = DIRECTION('',(0.,0.,1.));
#10615 = ORIENTED_EDGE('',*,*,#7811,.F.);
#10616 = ORIENTED_EDGE('',*,*,#10610,.F.);
#10617 = CYLINDRICAL_SURFACE('',#10618,0.5969);
#10618 = AXIS2_PLACEMENT_3D('',#10619,#10620,#10621);
#10619 = CARTESIAN_POINT('',(103.,-45.66,-4.6E-02));
#10620 = DIRECTION('',(-0.,-0.,-1.));
#10621 = DIRECTION('',(-0.,-1.,0.));
#10622 = ADVANCED_FACE('',(#10623),#10634,.F.);
#10623 = FACE_BOUND('',#10624,.T.);
#10624 = EDGE_LOOP('',(#10625,#10626,#10632,#10633));
#10625 = ORIENTED_EDGE('',*,*,#6009,.T.);
#10626 = ORIENTED_EDGE('',*,*,#10627,.T.);
#10627 = EDGE_CURVE('',#6010,#7823,#10628,.T.);
#10628 = LINE('',#10629,#10630);
#10629 = CARTESIAN_POINT('',(103.,-41.1769,-4.6E-02));
#10630 = VECTOR('',#10631,1.);
#10631 = DIRECTION('',(0.,0.,1.));
#10632 = ORIENTED_EDGE('',*,*,#7822,.F.);
#10633 = ORIENTED_EDGE('',*,*,#10627,.F.);
#10634 = CYLINDRICAL_SURFACE('',#10635,0.5969);
#10635 = AXIS2_PLACEMENT_3D('',#10636,#10637,#10638);
#10636 = CARTESIAN_POINT('',(103.,-40.58,-4.6E-02));
#10637 = DIRECTION('',(-0.,-0.,-1.));
#10638 = DIRECTION('',(-0.,-1.,0.));
#10639 = ADVANCED_FACE('',(#10640),#10651,.F.);
#10640 = FACE_BOUND('',#10641,.T.);
#10641 = EDGE_LOOP('',(#10642,#10643,#10649,#10650));
#10642 = ORIENTED_EDGE('',*,*,#6020,.T.);
#10643 = ORIENTED_EDGE('',*,*,#10644,.T.);
#10644 = EDGE_CURVE('',#6021,#7834,#10645,.T.);
#10645 = LINE('',#10646,#10647);
#10646 = CARTESIAN_POINT('',(121.,-46.1769,-4.6E-02));
#10647 = VECTOR('',#10648,1.);
#10648 = DIRECTION('',(0.,0.,1.));
#10649 = ORIENTED_EDGE('',*,*,#7833,.F.);
#10650 = ORIENTED_EDGE('',*,*,#10644,.F.);
#10651 = CYLINDRICAL_SURFACE('',#10652,0.5969);
#10652 = AXIS2_PLACEMENT_3D('',#10653,#10654,#10655);
#10653 = CARTESIAN_POINT('',(121.,-45.58,-4.6E-02));
#10654 = DIRECTION('',(-0.,-0.,-1.));
#10655 = DIRECTION('',(-0.,-1.,0.));
#10656 = ADVANCED_FACE('',(#10657),#10668,.F.);
#10657 = FACE_BOUND('',#10658,.T.);
#10658 = EDGE_LOOP('',(#10659,#10660,#10666,#10667));
#10659 = ORIENTED_EDGE('',*,*,#6031,.T.);
#10660 = ORIENTED_EDGE('',*,*,#10661,.T.);
#10661 = EDGE_CURVE('',#6032,#7845,#10662,.T.);
#10662 = LINE('',#10663,#10664);
#10663 = CARTESIAN_POINT('',(118.5,-42.5969,-4.6E-02));
#10664 = VECTOR('',#10665,1.);
#10665 = DIRECTION('',(0.,0.,1.));
#10666 = ORIENTED_EDGE('',*,*,#7844,.F.);
#10667 = ORIENTED_EDGE('',*,*,#10661,.F.);
#10668 = CYLINDRICAL_SURFACE('',#10669,0.5969);
#10669 = AXIS2_PLACEMENT_3D('',#10670,#10671,#10672);
#10670 = CARTESIAN_POINT('',(118.5,-42.,-4.6E-02));
#10671 = DIRECTION('',(-0.,-0.,-1.));
#10672 = DIRECTION('',(-0.,-1.,0.));
#10673 = ADVANCED_FACE('',(#10674),#10685,.F.);
#10674 = FACE_BOUND('',#10675,.T.);
#10675 = EDGE_LOOP('',(#10676,#10677,#10683,#10684));
#10676 = ORIENTED_EDGE('',*,*,#6042,.T.);
#10677 = ORIENTED_EDGE('',*,*,#10678,.T.);
#10678 = EDGE_CURVE('',#6043,#7856,#10679,.T.);
#10679 = LINE('',#10680,#10681);
#10680 = CARTESIAN_POINT('',(123.5,-42.5969,-4.6E-02));
#10681 = VECTOR('',#10682,1.);
#10682 = DIRECTION('',(0.,0.,1.));
#10683 = ORIENTED_EDGE('',*,*,#7855,.F.);
#10684 = ORIENTED_EDGE('',*,*,#10678,.F.);
#10685 = CYLINDRICAL_SURFACE('',#10686,0.5969);
#10686 = AXIS2_PLACEMENT_3D('',#10687,#10688,#10689);
#10687 = CARTESIAN_POINT('',(123.5,-42.,-4.6E-02));
#10688 = DIRECTION('',(-0.,-0.,-1.));
#10689 = DIRECTION('',(-0.,-1.,0.));
#10690 = ADVANCED_FACE('',(#10691),#10702,.F.);
#10691 = FACE_BOUND('',#10692,.T.);
#10692 = EDGE_LOOP('',(#10693,#10694,#10700,#10701));
#10693 = ORIENTED_EDGE('',*,*,#6053,.T.);
#10694 = ORIENTED_EDGE('',*,*,#10695,.T.);
#10695 = EDGE_CURVE('',#6054,#7867,#10696,.T.);
#10696 = LINE('',#10697,#10698);
#10697 = CARTESIAN_POINT('',(121.,-41.0969,-4.6E-02));
#10698 = VECTOR('',#10699,1.);
#10699 = DIRECTION('',(0.,0.,1.));
#10700 = ORIENTED_EDGE('',*,*,#7866,.F.);
#10701 = ORIENTED_EDGE('',*,*,#10695,.F.);
#10702 = CYLINDRICAL_SURFACE('',#10703,0.5969);
#10703 = AXIS2_PLACEMENT_3D('',#10704,#10705,#10706);
#10704 = CARTESIAN_POINT('',(121.,-40.5,-4.6E-02));
#10705 = DIRECTION('',(-0.,-0.,-1.));
#10706 = DIRECTION('',(-0.,-1.,0.));
#10707 = ADVANCED_FACE('',(#10708),#10719,.F.);
#10708 = FACE_BOUND('',#10709,.T.);
#10709 = EDGE_LOOP('',(#10710,#10711,#10717,#10718));
#10710 = ORIENTED_EDGE('',*,*,#6064,.T.);
#10711 = ORIENTED_EDGE('',*,*,#10712,.T.);
#10712 = EDGE_CURVE('',#6065,#7878,#10713,.T.);
#10713 = LINE('',#10714,#10715);
#10714 = CARTESIAN_POINT('',(100.5,-37.5969,-4.6E-02));
#10715 = VECTOR('',#10716,1.);
#10716 = DIRECTION('',(0.,0.,1.));
#10717 = ORIENTED_EDGE('',*,*,#7877,.F.);
#10718 = ORIENTED_EDGE('',*,*,#10712,.F.);
#10719 = CYLINDRICAL_SURFACE('',#10720,0.5969);
#10720 = AXIS2_PLACEMENT_3D('',#10721,#10722,#10723);
#10721 = CARTESIAN_POINT('',(100.5,-37.,-4.6E-02));
#10722 = DIRECTION('',(-0.,-0.,-1.));
#10723 = DIRECTION('',(-0.,-1.,0.));
#10724 = ADVANCED_FACE('',(#10725),#10736,.F.);
#10725 = FACE_BOUND('',#10726,.T.);
#10726 = EDGE_LOOP('',(#10727,#10728,#10734,#10735));
#10727 = ORIENTED_EDGE('',*,*,#6075,.T.);
#10728 = ORIENTED_EDGE('',*,*,#10729,.T.);
#10729 = EDGE_CURVE('',#6076,#7889,#10730,.T.);
#10730 = LINE('',#10731,#10732);
#10731 = CARTESIAN_POINT('',(103.,-36.0969,-4.6E-02));
#10732 = VECTOR('',#10733,1.);
#10733 = DIRECTION('',(0.,0.,1.));
#10734 = ORIENTED_EDGE('',*,*,#7888,.F.);
#10735 = ORIENTED_EDGE('',*,*,#10729,.F.);
#10736 = CYLINDRICAL_SURFACE('',#10737,0.5969);
#10737 = AXIS2_PLACEMENT_3D('',#10738,#10739,#10740);
#10738 = CARTESIAN_POINT('',(103.,-35.5,-4.6E-02));
#10739 = DIRECTION('',(-0.,-0.,-1.));
#10740 = DIRECTION('',(-0.,-1.,0.));
#10741 = ADVANCED_FACE('',(#10742),#10753,.F.);
#10742 = FACE_BOUND('',#10743,.T.);
#10743 = EDGE_LOOP('',(#10744,#10745,#10751,#10752));
#10744 = ORIENTED_EDGE('',*,*,#6086,.T.);
#10745 = ORIENTED_EDGE('',*,*,#10746,.T.);
#10746 = EDGE_CURVE('',#6087,#7900,#10747,.T.);
#10747 = LINE('',#10748,#10749);
#10748 = CARTESIAN_POINT('',(105.5,-37.5969,-4.6E-02));
#10749 = VECTOR('',#10750,1.);
#10750 = DIRECTION('',(0.,0.,1.));
#10751 = ORIENTED_EDGE('',*,*,#7899,.F.);
#10752 = ORIENTED_EDGE('',*,*,#10746,.F.);
#10753 = CYLINDRICAL_SURFACE('',#10754,0.5969);
#10754 = AXIS2_PLACEMENT_3D('',#10755,#10756,#10757);
#10755 = CARTESIAN_POINT('',(105.5,-37.,-4.6E-02));
#10756 = DIRECTION('',(-0.,-0.,-1.));
#10757 = DIRECTION('',(-0.,-1.,0.));
#10758 = ADVANCED_FACE('',(#10759),#10770,.F.);
#10759 = FACE_BOUND('',#10760,.T.);
#10760 = EDGE_LOOP('',(#10761,#10762,#10768,#10769));
#10761 = ORIENTED_EDGE('',*,*,#6097,.T.);
#10762 = ORIENTED_EDGE('',*,*,#10763,.T.);
#10763 = EDGE_CURVE('',#6098,#7911,#10764,.T.);
#10764 = LINE('',#10765,#10766);
#10765 = CARTESIAN_POINT('',(99.16,-27.5,-4.6E-02));
#10766 = VECTOR('',#10767,1.);
#10767 = DIRECTION('',(0.,0.,1.));
#10768 = ORIENTED_EDGE('',*,*,#7910,.F.);
#10769 = ORIENTED_EDGE('',*,*,#10763,.F.);
#10770 = CYLINDRICAL_SURFACE('',#10771,0.5);
#10771 = AXIS2_PLACEMENT_3D('',#10772,#10773,#10774);
#10772 = CARTESIAN_POINT('',(99.16,-27.,-4.6E-02));
#10773 = DIRECTION('',(-0.,-0.,-1.));
#10774 = DIRECTION('',(-0.,-1.,0.));
#10775 = ADVANCED_FACE('',(#10776),#10787,.F.);
#10776 = FACE_BOUND('',#10777,.T.);
#10777 = EDGE_LOOP('',(#10778,#10779,#10785,#10786));
#10778 = ORIENTED_EDGE('',*,*,#6108,.T.);
#10779 = ORIENTED_EDGE('',*,*,#10780,.T.);
#10780 = EDGE_CURVE('',#6109,#7922,#10781,.T.);
#10781 = LINE('',#10782,#10783);
#10782 = CARTESIAN_POINT('',(101.7,-27.5,-4.6E-02));
#10783 = VECTOR('',#10784,1.);
#10784 = DIRECTION('',(0.,0.,1.));
#10785 = ORIENTED_EDGE('',*,*,#7921,.F.);
#10786 = ORIENTED_EDGE('',*,*,#10780,.F.);
#10787 = CYLINDRICAL_SURFACE('',#10788,0.5);
#10788 = AXIS2_PLACEMENT_3D('',#10789,#10790,#10791);
#10789 = CARTESIAN_POINT('',(101.7,-27.,-4.6E-02));
#10790 = DIRECTION('',(-0.,-0.,-1.));
#10791 = DIRECTION('',(-0.,-1.,0.));
#10792 = ADVANCED_FACE('',(#10793),#10804,.F.);
#10793 = FACE_BOUND('',#10794,.T.);
#10794 = EDGE_LOOP('',(#10795,#10796,#10802,#10803));
#10795 = ORIENTED_EDGE('',*,*,#6119,.T.);
#10796 = ORIENTED_EDGE('',*,*,#10797,.T.);
#10797 = EDGE_CURVE('',#6120,#7933,#10798,.T.);
#10798 = LINE('',#10799,#10800);
#10799 = CARTESIAN_POINT('',(104.24,-27.5,-4.6E-02));
#10800 = VECTOR('',#10801,1.);
#10801 = DIRECTION('',(0.,0.,1.));
#10802 = ORIENTED_EDGE('',*,*,#7932,.F.);
#10803 = ORIENTED_EDGE('',*,*,#10797,.F.);
#10804 = CYLINDRICAL_SURFACE('',#10805,0.5);
#10805 = AXIS2_PLACEMENT_3D('',#10806,#10807,#10808);
#10806 = CARTESIAN_POINT('',(104.24,-27.,-4.6E-02));
#10807 = DIRECTION('',(-0.,-0.,-1.));
#10808 = DIRECTION('',(-0.,-1.,0.));
#10809 = ADVANCED_FACE('',(#10810),#10821,.F.);
#10810 = FACE_BOUND('',#10811,.T.);
#10811 = EDGE_LOOP('',(#10812,#10813,#10819,#10820));
#10812 = ORIENTED_EDGE('',*,*,#6130,.T.);
#10813 = ORIENTED_EDGE('',*,*,#10814,.T.);
#10814 = EDGE_CURVE('',#6131,#7944,#10815,.T.);
#10815 = LINE('',#10816,#10817);
#10816 = CARTESIAN_POINT('',(106.78,-27.5,-4.6E-02));
#10817 = VECTOR('',#10818,1.);
#10818 = DIRECTION('',(0.,0.,1.));
#10819 = ORIENTED_EDGE('',*,*,#7943,.F.);
#10820 = ORIENTED_EDGE('',*,*,#10814,.F.);
#10821 = CYLINDRICAL_SURFACE('',#10822,0.5);
#10822 = AXIS2_PLACEMENT_3D('',#10823,#10824,#10825);
#10823 = CARTESIAN_POINT('',(106.78,-27.,-4.6E-02));
#10824 = DIRECTION('',(-0.,-0.,-1.));
#10825 = DIRECTION('',(-0.,-1.,0.));
#10826 = ADVANCED_FACE('',(#10827),#10838,.F.);
#10827 = FACE_BOUND('',#10828,.T.);
#10828 = EDGE_LOOP('',(#10829,#10830,#10836,#10837));
#10829 = ORIENTED_EDGE('',*,*,#6141,.T.);
#10830 = ORIENTED_EDGE('',*,*,#10831,.T.);
#10831 = EDGE_CURVE('',#6142,#7955,#10832,.T.);
#10832 = LINE('',#10833,#10834);
#10833 = CARTESIAN_POINT('',(134.,-47.5969,-4.6E-02));
#10834 = VECTOR('',#10835,1.);
#10835 = DIRECTION('',(0.,0.,1.));
#10836 = ORIENTED_EDGE('',*,*,#7954,.F.);
#10837 = ORIENTED_EDGE('',*,*,#10831,.F.);
#10838 = CYLINDRICAL_SURFACE('',#10839,0.5969);
#10839 = AXIS2_PLACEMENT_3D('',#10840,#10841,#10842);
#10840 = CARTESIAN_POINT('',(134.,-47.,-4.6E-02));
#10841 = DIRECTION('',(-0.,-0.,-1.));
#10842 = DIRECTION('',(-0.,-1.,0.));
#10843 = ADVANCED_FACE('',(#10844),#10855,.F.);
#10844 = FACE_BOUND('',#10845,.T.);
#10845 = EDGE_LOOP('',(#10846,#10847,#10853,#10854));
#10846 = ORIENTED_EDGE('',*,*,#6152,.T.);
#10847 = ORIENTED_EDGE('',*,*,#10848,.T.);
#10848 = EDGE_CURVE('',#6153,#7966,#10849,.T.);
#10849 = LINE('',#10850,#10851);
#10850 = CARTESIAN_POINT('',(139.,-47.5969,-4.6E-02));
#10851 = VECTOR('',#10852,1.);
#10852 = DIRECTION('',(0.,0.,1.));
#10853 = ORIENTED_EDGE('',*,*,#7965,.F.);
#10854 = ORIENTED_EDGE('',*,*,#10848,.F.);
#10855 = CYLINDRICAL_SURFACE('',#10856,0.5969);
#10856 = AXIS2_PLACEMENT_3D('',#10857,#10858,#10859);
#10857 = CARTESIAN_POINT('',(139.,-47.,-4.6E-02));
#10858 = DIRECTION('',(-0.,-0.,-1.));
#10859 = DIRECTION('',(-0.,-1.,0.));
#10860 = ADVANCED_FACE('',(#10861),#10872,.F.);
#10861 = FACE_BOUND('',#10862,.T.);
#10862 = EDGE_LOOP('',(#10863,#10864,#10870,#10871));
#10863 = ORIENTED_EDGE('',*,*,#6163,.T.);
#10864 = ORIENTED_EDGE('',*,*,#10865,.T.);
#10865 = EDGE_CURVE('',#6164,#7977,#10866,.T.);
#10866 = LINE('',#10867,#10868);
#10867 = CARTESIAN_POINT('',(136.5,-46.0969,-4.6E-02));
#10868 = VECTOR('',#10869,1.);
#10869 = DIRECTION('',(0.,0.,1.));
#10870 = ORIENTED_EDGE('',*,*,#7976,.F.);
#10871 = ORIENTED_EDGE('',*,*,#10865,.F.);
#10872 = CYLINDRICAL_SURFACE('',#10873,0.5969);
#10873 = AXIS2_PLACEMENT_3D('',#10874,#10875,#10876);
#10874 = CARTESIAN_POINT('',(136.5,-45.5,-4.6E-02));
#10875 = DIRECTION('',(-0.,-0.,-1.));
#10876 = DIRECTION('',(-0.,-1.,0.));
#10877 = ADVANCED_FACE('',(#10878),#10889,.F.);
#10878 = FACE_BOUND('',#10879,.T.);
#10879 = EDGE_LOOP('',(#10880,#10881,#10887,#10888));
#10880 = ORIENTED_EDGE('',*,*,#6174,.T.);
#10881 = ORIENTED_EDGE('',*,*,#10882,.T.);
#10882 = EDGE_CURVE('',#6175,#7988,#10883,.T.);
#10883 = LINE('',#10884,#10885);
#10884 = CARTESIAN_POINT('',(149.5,-46.5969,-4.6E-02));
#10885 = VECTOR('',#10886,1.);
#10886 = DIRECTION('',(0.,0.,1.));
#10887 = ORIENTED_EDGE('',*,*,#7987,.F.);
#10888 = ORIENTED_EDGE('',*,*,#10882,.F.);
#10889 = CYLINDRICAL_SURFACE('',#10890,0.5969);
#10890 = AXIS2_PLACEMENT_3D('',#10891,#10892,#10893);
#10891 = CARTESIAN_POINT('',(149.5,-46.,-4.6E-02));
#10892 = DIRECTION('',(-0.,-0.,-1.));
#10893 = DIRECTION('',(-0.,-1.,0.));
#10894 = ADVANCED_FACE('',(#10895),#10906,.F.);
#10895 = FACE_BOUND('',#10896,.T.);
#10896 = EDGE_LOOP('',(#10897,#10898,#10904,#10905));
#10897 = ORIENTED_EDGE('',*,*,#6185,.T.);
#10898 = ORIENTED_EDGE('',*,*,#10899,.T.);
#10899 = EDGE_CURVE('',#6186,#7999,#10900,.T.);
#10900 = LINE('',#10901,#10902);
#10901 = CARTESIAN_POINT('',(152.,-45.0969,-4.6E-02));
#10902 = VECTOR('',#10903,1.);
#10903 = DIRECTION('',(0.,0.,1.));
#10904 = ORIENTED_EDGE('',*,*,#7998,.F.);
#10905 = ORIENTED_EDGE('',*,*,#10899,.F.);
#10906 = CYLINDRICAL_SURFACE('',#10907,0.5969);
#10907 = AXIS2_PLACEMENT_3D('',#10908,#10909,#10910);
#10908 = CARTESIAN_POINT('',(152.,-44.5,-4.6E-02));
#10909 = DIRECTION('',(-0.,-0.,-1.));
#10910 = DIRECTION('',(-0.,-1.,0.));
#10911 = ADVANCED_FACE('',(#10912),#10923,.F.);
#10912 = FACE_BOUND('',#10913,.T.);
#10913 = EDGE_LOOP('',(#10914,#10915,#10921,#10922));
#10914 = ORIENTED_EDGE('',*,*,#6196,.T.);
#10915 = ORIENTED_EDGE('',*,*,#10916,.T.);
#10916 = EDGE_CURVE('',#6197,#8010,#10917,.T.);
#10917 = LINE('',#10918,#10919);
#10918 = CARTESIAN_POINT('',(154.5,-46.5969,-4.6E-02));
#10919 = VECTOR('',#10920,1.);
#10920 = DIRECTION('',(0.,0.,1.));
#10921 = ORIENTED_EDGE('',*,*,#8009,.F.);
#10922 = ORIENTED_EDGE('',*,*,#10916,.F.);
#10923 = CYLINDRICAL_SURFACE('',#10924,0.5969);
#10924 = AXIS2_PLACEMENT_3D('',#10925,#10926,#10927);
#10925 = CARTESIAN_POINT('',(154.5,-46.,-4.6E-02));
#10926 = DIRECTION('',(-0.,-0.,-1.));
#10927 = DIRECTION('',(-0.,-1.,0.));
#10928 = ADVANCED_FACE('',(#10929),#10940,.F.);
#10929 = FACE_BOUND('',#10930,.T.);
#10930 = EDGE_LOOP('',(#10931,#10932,#10938,#10939));
#10931 = ORIENTED_EDGE('',*,*,#6207,.T.);
#10932 = ORIENTED_EDGE('',*,*,#10933,.T.);
#10933 = EDGE_CURVE('',#6208,#8021,#10934,.T.);
#10934 = LINE('',#10935,#10936);
#10935 = CARTESIAN_POINT('',(134.9,-37.45,-4.6E-02));
#10936 = VECTOR('',#10937,1.);
#10937 = DIRECTION('',(0.,0.,1.));
#10938 = ORIENTED_EDGE('',*,*,#8020,.F.);
#10939 = ORIENTED_EDGE('',*,*,#10933,.F.);
#10940 = CYLINDRICAL_SURFACE('',#10941,1.75);
#10941 = AXIS2_PLACEMENT_3D('',#10942,#10943,#10944);
#10942 = CARTESIAN_POINT('',(134.9,-35.7,-4.6E-02));
#10943 = DIRECTION('',(-0.,-0.,-1.));
#10944 = DIRECTION('',(-0.,-1.,0.));
#10945 = ADVANCED_FACE('',(#10946),#10957,.F.);
#10946 = FACE_BOUND('',#10947,.T.);
#10947 = EDGE_LOOP('',(#10948,#10949,#10955,#10956));
#10948 = ORIENTED_EDGE('',*,*,#6218,.T.);
#10949 = ORIENTED_EDGE('',*,*,#10950,.T.);
#10950 = EDGE_CURVE('',#6219,#8032,#10951,.T.);
#10951 = LINE('',#10952,#10953);
#10952 = CARTESIAN_POINT('',(148.38,-33.5,-4.6E-02));
#10953 = VECTOR('',#10954,1.);
#10954 = DIRECTION('',(0.,0.,1.));
#10955 = ORIENTED_EDGE('',*,*,#8031,.F.);
#10956 = ORIENTED_EDGE('',*,*,#10950,.F.);
#10957 = CYLINDRICAL_SURFACE('',#10958,0.5);
#10958 = AXIS2_PLACEMENT_3D('',#10959,#10960,#10961);
#10959 = CARTESIAN_POINT('',(148.38,-33.,-4.6E-02));
#10960 = DIRECTION('',(-0.,-0.,-1.));
#10961 = DIRECTION('',(-0.,-1.,0.));
#10962 = ADVANCED_FACE('',(#10963),#10974,.F.);
#10963 = FACE_BOUND('',#10964,.T.);
#10964 = EDGE_LOOP('',(#10965,#10966,#10972,#10973));
#10965 = ORIENTED_EDGE('',*,*,#6229,.T.);
#10966 = ORIENTED_EDGE('',*,*,#10967,.T.);
#10967 = EDGE_CURVE('',#6230,#8043,#10968,.T.);
#10968 = LINE('',#10969,#10970);
#10969 = CARTESIAN_POINT('',(150.92,-33.5,-4.6E-02));
#10970 = VECTOR('',#10971,1.);
#10971 = DIRECTION('',(0.,0.,1.));
#10972 = ORIENTED_EDGE('',*,*,#8042,.F.);
#10973 = ORIENTED_EDGE('',*,*,#10967,.F.);
#10974 = CYLINDRICAL_SURFACE('',#10975,0.5);
#10975 = AXIS2_PLACEMENT_3D('',#10976,#10977,#10978);
#10976 = CARTESIAN_POINT('',(150.92,-33.,-4.6E-02));
#10977 = DIRECTION('',(-0.,-0.,-1.));
#10978 = DIRECTION('',(-0.,-1.,0.));
#10979 = ADVANCED_FACE('',(#10980),#10991,.F.);
#10980 = FACE_BOUND('',#10981,.T.);
#10981 = EDGE_LOOP('',(#10982,#10983,#10989,#10990));
#10982 = ORIENTED_EDGE('',*,*,#6240,.T.);
#10983 = ORIENTED_EDGE('',*,*,#10984,.T.);
#10984 = EDGE_CURVE('',#6241,#8054,#10985,.T.);
#10985 = LINE('',#10986,#10987);
#10986 = CARTESIAN_POINT('',(153.46,-33.5,-4.6E-02));
#10987 = VECTOR('',#10988,1.);
#10988 = DIRECTION('',(0.,0.,1.));
#10989 = ORIENTED_EDGE('',*,*,#8053,.F.);
#10990 = ORIENTED_EDGE('',*,*,#10984,.F.);
#10991 = CYLINDRICAL_SURFACE('',#10992,0.5);
#10992 = AXIS2_PLACEMENT_3D('',#10993,#10994,#10995);
#10993 = CARTESIAN_POINT('',(153.46,-33.,-4.6E-02));
#10994 = DIRECTION('',(-0.,-0.,-1.));
#10995 = DIRECTION('',(-0.,-1.,0.));
#10996 = ADVANCED_FACE('',(#10997),#11008,.F.);
#10997 = FACE_BOUND('',#10998,.T.);
#10998 = EDGE_LOOP('',(#10999,#11000,#11006,#11007));
#10999 = ORIENTED_EDGE('',*,*,#6251,.T.);
#11000 = ORIENTED_EDGE('',*,*,#11001,.T.);
#11001 = EDGE_CURVE('',#6252,#8065,#11002,.T.);
#11002 = LINE('',#11003,#11004);
#11003 = CARTESIAN_POINT('',(156.,-33.5,-4.6E-02));
#11004 = VECTOR('',#11005,1.);
#11005 = DIRECTION('',(0.,0.,1.));
#11006 = ORIENTED_EDGE('',*,*,#8064,.F.);
#11007 = ORIENTED_EDGE('',*,*,#11001,.F.);
#11008 = CYLINDRICAL_SURFACE('',#11009,0.5);
#11009 = AXIS2_PLACEMENT_3D('',#11010,#11011,#11012);
#11010 = CARTESIAN_POINT('',(156.,-33.,-4.6E-02));
#11011 = DIRECTION('',(-0.,-0.,-1.));
#11012 = DIRECTION('',(-0.,-1.,0.));
#11013 = ( GEOMETRIC_REPRESENTATION_CONTEXT(3) 
GLOBAL_UNCERTAINTY_ASSIGNED_CONTEXT((#11017)) 
GLOBAL_UNIT_ASSIGNED_CONTEXT((#11014,#11015,#11016)) 
REPRESENTATION_CONTEXT('Context #1',
  '3D Context with UNIT and UNCERTAINTY') );
#11014 = ( LENGTH_UNIT() NAMED_UNIT(*) SI_UNIT(.MILLI.,.METRE.) );
#11015 = ( NAMED_UNIT(*) PLANE_ANGLE_UNIT() SI_UNIT($,.RADIAN.) );
#11016 = ( NAMED_UNIT(*) SI_UNIT($,.STERADIAN.) SOLID_ANGLE_UNIT() );
#11017 = UNCERTAINTY_MEASURE_WITH_UNIT(LENGTH_MEASURE(1.E-07),#11014,
  'distance_accuracy_value','confusion accuracy');
#11018 = CONTEXT_DEPENDENT_SHAPE_REPRESENTATION(#11019,#11021);
#11019 = ( REPRESENTATION_RELATIONSHIP('','',#4344,#10) 
REPRESENTATION_RELATIONSHIP_WITH_TRANSFORMATION(#11020) 
SHAPE_REPRESENTATION_RELATIONSHIP() );
#11020 = ITEM_DEFINED_TRANSFORMATION('','',#11,#63);
#11021 = PRODUCT_DEFINITION_SHAPE('Placement','Placement of an item',
  #11022);
#11022 = NEXT_ASSEMBLY_USAGE_OCCURRENCE('13','=>[0:1:1:4]','',#5,#4339,$
  );
#11023 = PRODUCT_RELATED_PRODUCT_CATEGORY('part',$,(#4341));
#11024 = MECHANICAL_DESIGN_GEOMETRIC_PRESENTATION_REPRESENTATION('',(
    #11025,#11035,#11044,#11053,#11062,#11071,#11080,#11089,#11098,
    #11108,#11117,#11126,#11135,#11144,#11153,#11162,#11171,#11180,
    #11189,#11198,#11207,#11216,#11225,#11234,#11243,#11252,#11261,
    #11270,#11279,#11288,#11297,#11306,#11315,#11324,#11333,#11342,
    #11351,#11360,#11369,#11378,#11387,#11396,#11405,#11414,#11423,
    #11432,#11441,#11450,#11459,#11468,#11477,#11486,#11495,#11504,
    #11513,#11522,#11531,#11540,#11549,#11558,#11567,#11576,#11585,
    #11594,#11603,#11612,#11621,#11630,#11639,#11648,#11657,#11666,
    #11675,#11684,#11693,#11702,#11711,#11720,#11729,#11738,#11747,
    #11756,#11765,#11774,#11783,#11792,#11801,#11810,#11819,#11828,
    #11837,#11846,#11855,#11864,#11873,#11882,#11891,#11900,#11909,
    #11918,#11927,#11936,#11945,#11954,#11963,#11972,#11981,#11990,
    #11999,#12008,#12017,#12026,#12035,#12044,#12053,#12062,#12071,
    #12080,#12089,#12098,#12107,#12116,#12125,#12134,#12143,#12152,
    #12161,#12170,#12179,#12188,#12197,#12206,#12215,#12224,#12233,
    #12242,#12251,#12260,#12269,#12278,#12287,#12296,#12305,#12314,
    #12323,#12332),#3467);
#11025 = STYLED_ITEM('color',(#11026),#83);
#11026 = PRESENTATION_STYLE_ASSIGNMENT((#11027,#11033));
#11027 = SURFACE_STYLE_USAGE(.BOTH.,#11028);
#11028 = SURFACE_SIDE_STYLE('',(#11029));
#11029 = SURFACE_STYLE_FILL_AREA(#11030);
#11030 = FILL_AREA_STYLE('',(#11031));
#11031 = FILL_AREA_STYLE_COLOUR('',#11032);
#11032 = COLOUR_RGB('',0.147999998088,0.145000001626,0.145000001626);
#11033 = CURVE_STYLE('',#11034,POSITIVE_LENGTH_MEASURE(0.1),#11032);
#11034 = DRAUGHTING_PRE_DEFINED_CURVE_FONT('continuous');
#11035 = STYLED_ITEM('color',(#11036),#123);
#11036 = PRESENTATION_STYLE_ASSIGNMENT((#11037,#11042));
#11037 = SURFACE_STYLE_USAGE(.BOTH.,#11038);
#11038 = SURFACE_SIDE_STYLE('',(#11039));
#11039 = SURFACE_STYLE_FILL_AREA(#11040);
#11040 = FILL_AREA_STYLE('',(#11041));
#11041 = FILL_AREA_STYLE_COLOUR('',#11032);
#11042 = CURVE_STYLE('',#11043,POSITIVE_LENGTH_MEASURE(0.1),#11032);
#11043 = DRAUGHTING_PRE_DEFINED_CURVE_FONT('continuous');
#11044 = STYLED_ITEM('color',(#11045),#186);
#11045 = PRESENTATION_STYLE_ASSIGNMENT((#11046,#11051));
#11046 = SURFACE_STYLE_USAGE(.BOTH.,#11047);
#11047 = SURFACE_SIDE_STYLE('',(#11048));
#11048 = SURFACE_STYLE_FILL_AREA(#11049);
#11049 = FILL_AREA_STYLE('',(#11050));
#11050 = FILL_AREA_STYLE_COLOUR('',#11032);
#11051 = CURVE_STYLE('',#11052,POSITIVE_LENGTH_MEASURE(0.1),#11032);
#11052 = DRAUGHTING_PRE_DEFINED_CURVE_FONT('continuous');
#11053 = STYLED_ITEM('color',(#11054),#249);
#11054 = PRESENTATION_STYLE_ASSIGNMENT((#11055,#11060));
#11055 = SURFACE_STYLE_USAGE(.BOTH.,#11056);
#11056 = SURFACE_SIDE_STYLE('',(#11057));
#11057 = SURFACE_STYLE_FILL_AREA(#11058);
#11058 = FILL_AREA_STYLE('',(#11059));
#11059 = FILL_AREA_STYLE_COLOUR('',#11032);
#11060 = CURVE_STYLE('',#11061,POSITIVE_LENGTH_MEASURE(0.1),#11032);
#11061 = DRAUGHTING_PRE_DEFINED_CURVE_FONT('continuous');
#11062 = STYLED_ITEM('color',(#11063),#266);
#11063 = PRESENTATION_STYLE_ASSIGNMENT((#11064,#11069));
#11064 = SURFACE_STYLE_USAGE(.BOTH.,#11065);
#11065 = SURFACE_SIDE_STYLE('',(#11066));
#11066 = SURFACE_STYLE_FILL_AREA(#11067);
#11067 = FILL_AREA_STYLE('',(#11068));
#11068 = FILL_AREA_STYLE_COLOUR('',#11032);
#11069 = CURVE_STYLE('',#11070,POSITIVE_LENGTH_MEASURE(0.1),#11032);
#11070 = DRAUGHTING_PRE_DEFINED_CURVE_FONT('continuous');
#11071 = STYLED_ITEM('color',(#11072),#419);
#11072 = PRESENTATION_STYLE_ASSIGNMENT((#11073,#11078));
#11073 = SURFACE_STYLE_USAGE(.BOTH.,#11074);
#11074 = SURFACE_SIDE_STYLE('',(#11075));
#11075 = SURFACE_STYLE_FILL_AREA(#11076);
#11076 = FILL_AREA_STYLE('',(#11077));
#11077 = FILL_AREA_STYLE_COLOUR('',#11032);
#11078 = CURVE_STYLE('',#11079,POSITIVE_LENGTH_MEASURE(0.1),#11032);
#11079 = DRAUGHTING_PRE_DEFINED_CURVE_FONT('continuous');
#11080 = STYLED_ITEM('color',(#11081),#441);
#11081 = PRESENTATION_STYLE_ASSIGNMENT((#11082,#11087));
#11082 = SURFACE_STYLE_USAGE(.BOTH.,#11083);
#11083 = SURFACE_SIDE_STYLE('',(#11084));
#11084 = SURFACE_STYLE_FILL_AREA(#11085);
#11085 = FILL_AREA_STYLE('',(#11086));
#11086 = FILL_AREA_STYLE_COLOUR('',#11032);
#11087 = CURVE_STYLE('',#11088,POSITIVE_LENGTH_MEASURE(0.1),#11032);
#11088 = DRAUGHTING_PRE_DEFINED_CURVE_FONT('continuous');
#11089 = STYLED_ITEM('color',(#11090),#458);
#11090 = PRESENTATION_STYLE_ASSIGNMENT((#11091,#11096));
#11091 = SURFACE_STYLE_USAGE(.BOTH.,#11092);
#11092 = SURFACE_SIDE_STYLE('',(#11093));
#11093 = SURFACE_STYLE_FILL_AREA(#11094);
#11094 = FILL_AREA_STYLE('',(#11095));
#11095 = FILL_AREA_STYLE_COLOUR('',#11032);
#11096 = CURVE_STYLE('',#11097,POSITIVE_LENGTH_MEASURE(0.1),#11032);
#11097 = DRAUGHTING_PRE_DEFINED_CURVE_FONT('continuous');
#11098 = OVER_RIDING_STYLED_ITEM('overriding color',(#11099),#491,#11089
  );
#11099 = PRESENTATION_STYLE_ASSIGNMENT((#11100,#11106));
#11100 = SURFACE_STYLE_USAGE(.BOTH.,#11101);
#11101 = SURFACE_SIDE_STYLE('',(#11102));
#11102 = SURFACE_STYLE_FILL_AREA(#11103);
#11103 = FILL_AREA_STYLE('',(#11104));
#11104 = FILL_AREA_STYLE_COLOUR('',#11105);
#11105 = COLOUR_RGB('',0.858999988747,0.738000004258,0.496000005009);
#11106 = CURVE_STYLE('',#11107,POSITIVE_LENGTH_MEASURE(0.1),#11105);
#11107 = DRAUGHTING_PRE_DEFINED_CURVE_FONT('continuous');
#11108 = OVER_RIDING_STYLED_ITEM('overriding color',(#11109),#523,#11089
  );
#11109 = PRESENTATION_STYLE_ASSIGNMENT((#11110,#11115));
#11110 = SURFACE_STYLE_USAGE(.BOTH.,#11111);
#11111 = SURFACE_SIDE_STYLE('',(#11112));
#11112 = SURFACE_STYLE_FILL_AREA(#11113);
#11113 = FILL_AREA_STYLE('',(#11114));
#11114 = FILL_AREA_STYLE_COLOUR('',#11105);
#11115 = CURVE_STYLE('',#11116,POSITIVE_LENGTH_MEASURE(0.1),#11105);
#11116 = DRAUGHTING_PRE_DEFINED_CURVE_FONT('continuous');
#11117 = OVER_RIDING_STYLED_ITEM('overriding color',(#11118),#557,#11089
  );
#11118 = PRESENTATION_STYLE_ASSIGNMENT((#11119,#11124));
#11119 = SURFACE_STYLE_USAGE(.BOTH.,#11120);
#11120 = SURFACE_SIDE_STYLE('',(#11121));
#11121 = SURFACE_STYLE_FILL_AREA(#11122);
#11122 = FILL_AREA_STYLE('',(#11123));
#11123 = FILL_AREA_STYLE_COLOUR('',#11105);
#11124 = CURVE_STYLE('',#11125,POSITIVE_LENGTH_MEASURE(0.1),#11105);
#11125 = DRAUGHTING_PRE_DEFINED_CURVE_FONT('continuous');
#11126 = OVER_RIDING_STYLED_ITEM('overriding color',(#11127),#589,#11089
  );
#11127 = PRESENTATION_STYLE_ASSIGNMENT((#11128,#11133));
#11128 = SURFACE_STYLE_USAGE(.BOTH.,#11129);
#11129 = SURFACE_SIDE_STYLE('',(#11130));
#11130 = SURFACE_STYLE_FILL_AREA(#11131);
#11131 = FILL_AREA_STYLE('',(#11132));
#11132 = FILL_AREA_STYLE_COLOUR('',#11105);
#11133 = CURVE_STYLE('',#11134,POSITIVE_LENGTH_MEASURE(0.1),#11105);
#11134 = DRAUGHTING_PRE_DEFINED_CURVE_FONT('continuous');
#11135 = OVER_RIDING_STYLED_ITEM('overriding color',(#11136),#623,#11089
  );
#11136 = PRESENTATION_STYLE_ASSIGNMENT((#11137,#11142));
#11137 = SURFACE_STYLE_USAGE(.BOTH.,#11138);
#11138 = SURFACE_SIDE_STYLE('',(#11139));
#11139 = SURFACE_STYLE_FILL_AREA(#11140);
#11140 = FILL_AREA_STYLE('',(#11141));
#11141 = FILL_AREA_STYLE_COLOUR('',#11105);
#11142 = CURVE_STYLE('',#11143,POSITIVE_LENGTH_MEASURE(0.1),#11105);
#11143 = DRAUGHTING_PRE_DEFINED_CURVE_FONT('continuous');
#11144 = OVER_RIDING_STYLED_ITEM('overriding color',(#11145),#655,#11089
  );
#11145 = PRESENTATION_STYLE_ASSIGNMENT((#11146,#11151));
#11146 = SURFACE_STYLE_USAGE(.BOTH.,#11147);
#11147 = SURFACE_SIDE_STYLE('',(#11148));
#11148 = SURFACE_STYLE_FILL_AREA(#11149);
#11149 = FILL_AREA_STYLE('',(#11150));
#11150 = FILL_AREA_STYLE_COLOUR('',#11105);
#11151 = CURVE_STYLE('',#11152,POSITIVE_LENGTH_MEASURE(0.1),#11105);
#11152 = DRAUGHTING_PRE_DEFINED_CURVE_FONT('continuous');
#11153 = OVER_RIDING_STYLED_ITEM('overriding color',(#11154),#689,#11089
  );
#11154 = PRESENTATION_STYLE_ASSIGNMENT((#11155,#11160));
#11155 = SURFACE_STYLE_USAGE(.BOTH.,#11156);
#11156 = SURFACE_SIDE_STYLE('',(#11157));
#11157 = SURFACE_STYLE_FILL_AREA(#11158);
#11158 = FILL_AREA_STYLE('',(#11159));
#11159 = FILL_AREA_STYLE_COLOUR('',#11105);
#11160 = CURVE_STYLE('',#11161,POSITIVE_LENGTH_MEASURE(0.1),#11105);
#11161 = DRAUGHTING_PRE_DEFINED_CURVE_FONT('continuous');
#11162 = OVER_RIDING_STYLED_ITEM('overriding color',(#11163),#721,#11089
  );
#11163 = PRESENTATION_STYLE_ASSIGNMENT((#11164,#11169));
#11164 = SURFACE_STYLE_USAGE(.BOTH.,#11165);
#11165 = SURFACE_SIDE_STYLE('',(#11166));
#11166 = SURFACE_STYLE_FILL_AREA(#11167);
#11167 = FILL_AREA_STYLE('',(#11168));
#11168 = FILL_AREA_STYLE_COLOUR('',#11105);
#11169 = CURVE_STYLE('',#11170,POSITIVE_LENGTH_MEASURE(0.1),#11105);
#11170 = DRAUGHTING_PRE_DEFINED_CURVE_FONT('continuous');
#11171 = STYLED_ITEM('color',(#11172),#739);
#11172 = PRESENTATION_STYLE_ASSIGNMENT((#11173,#11178));
#11173 = SURFACE_STYLE_USAGE(.BOTH.,#11174);
#11174 = SURFACE_SIDE_STYLE('',(#11175));
#11175 = SURFACE_STYLE_FILL_AREA(#11176);
#11176 = FILL_AREA_STYLE('',(#11177));
#11177 = FILL_AREA_STYLE_COLOUR('',#11032);
#11178 = CURVE_STYLE('',#11179,POSITIVE_LENGTH_MEASURE(0.1),#11032);
#11179 = DRAUGHTING_PRE_DEFINED_CURVE_FONT('continuous');
#11180 = STYLED_ITEM('color',(#11181),#751);
#11181 = PRESENTATION_STYLE_ASSIGNMENT((#11182,#11187));
#11182 = SURFACE_STYLE_USAGE(.BOTH.,#11183);
#11183 = SURFACE_SIDE_STYLE('',(#11184));
#11184 = SURFACE_STYLE_FILL_AREA(#11185);
#11185 = FILL_AREA_STYLE('',(#11186));
#11186 = FILL_AREA_STYLE_COLOUR('',#11032);
#11187 = CURVE_STYLE('',#11188,POSITIVE_LENGTH_MEASURE(0.1),#11032);
#11188 = DRAUGHTING_PRE_DEFINED_CURVE_FONT('continuous');
#11189 = STYLED_ITEM('color',(#11190),#763);
#11190 = PRESENTATION_STYLE_ASSIGNMENT((#11191,#11196));
#11191 = SURFACE_STYLE_USAGE(.BOTH.,#11192);
#11192 = SURFACE_SIDE_STYLE('',(#11193));
#11193 = SURFACE_STYLE_FILL_AREA(#11194);
#11194 = FILL_AREA_STYLE('',(#11195));
#11195 = FILL_AREA_STYLE_COLOUR('',#11032);
#11196 = CURVE_STYLE('',#11197,POSITIVE_LENGTH_MEASURE(0.1),#11032);
#11197 = DRAUGHTING_PRE_DEFINED_CURVE_FONT('continuous');
#11198 = STYLED_ITEM('color',(#11199),#794);
#11199 = PRESENTATION_STYLE_ASSIGNMENT((#11200,#11205));
#11200 = SURFACE_STYLE_USAGE(.BOTH.,#11201);
#11201 = SURFACE_SIDE_STYLE('',(#11202));
#11202 = SURFACE_STYLE_FILL_AREA(#11203);
#11203 = FILL_AREA_STYLE('',(#11204));
#11204 = FILL_AREA_STYLE_COLOUR('',#11032);
#11205 = CURVE_STYLE('',#11206,POSITIVE_LENGTH_MEASURE(0.1),#11032);
#11206 = DRAUGHTING_PRE_DEFINED_CURVE_FONT('continuous');
#11207 = STYLED_ITEM('color',(#11208),#818);
#11208 = PRESENTATION_STYLE_ASSIGNMENT((#11209,#11214));
#11209 = SURFACE_STYLE_USAGE(.BOTH.,#11210);
#11210 = SURFACE_SIDE_STYLE('',(#11211));
#11211 = SURFACE_STYLE_FILL_AREA(#11212);
#11212 = FILL_AREA_STYLE('',(#11213));
#11213 = FILL_AREA_STYLE_COLOUR('',#11032);
#11214 = CURVE_STYLE('',#11215,POSITIVE_LENGTH_MEASURE(0.1),#11032);
#11215 = DRAUGHTING_PRE_DEFINED_CURVE_FONT('continuous');
#11216 = STYLED_ITEM('color',(#11217),#842);
#11217 = PRESENTATION_STYLE_ASSIGNMENT((#11218,#11223));
#11218 = SURFACE_STYLE_USAGE(.BOTH.,#11219);
#11219 = SURFACE_SIDE_STYLE('',(#11220));
#11220 = SURFACE_STYLE_FILL_AREA(#11221);
#11221 = FILL_AREA_STYLE('',(#11222));
#11222 = FILL_AREA_STYLE_COLOUR('',#11032);
#11223 = CURVE_STYLE('',#11224,POSITIVE_LENGTH_MEASURE(0.1),#11032);
#11224 = DRAUGHTING_PRE_DEFINED_CURVE_FONT('continuous');
#11225 = STYLED_ITEM('color',(#11226),#859);
#11226 = PRESENTATION_STYLE_ASSIGNMENT((#11227,#11232));
#11227 = SURFACE_STYLE_USAGE(.BOTH.,#11228);
#11228 = SURFACE_SIDE_STYLE('',(#11229));
#11229 = SURFACE_STYLE_FILL_AREA(#11230);
#11230 = FILL_AREA_STYLE('',(#11231));
#11231 = FILL_AREA_STYLE_COLOUR('',#11032);
#11232 = CURVE_STYLE('',#11233,POSITIVE_LENGTH_MEASURE(0.1),#11032);
#11233 = DRAUGHTING_PRE_DEFINED_CURVE_FONT('continuous');
#11234 = STYLED_ITEM('color',(#11235),#890);
#11235 = PRESENTATION_STYLE_ASSIGNMENT((#11236,#11241));
#11236 = SURFACE_STYLE_USAGE(.BOTH.,#11237);
#11237 = SURFACE_SIDE_STYLE('',(#11238));
#11238 = SURFACE_STYLE_FILL_AREA(#11239);
#11239 = FILL_AREA_STYLE('',(#11240));
#11240 = FILL_AREA_STYLE_COLOUR('',#11032);
#11241 = CURVE_STYLE('',#11242,POSITIVE_LENGTH_MEASURE(0.1),#11032);
#11242 = DRAUGHTING_PRE_DEFINED_CURVE_FONT('continuous');
#11243 = STYLED_ITEM('color',(#11244),#914);
#11244 = PRESENTATION_STYLE_ASSIGNMENT((#11245,#11250));
#11245 = SURFACE_STYLE_USAGE(.BOTH.,#11246);
#11246 = SURFACE_SIDE_STYLE('',(#11247));
#11247 = SURFACE_STYLE_FILL_AREA(#11248);
#11248 = FILL_AREA_STYLE('',(#11249));
#11249 = FILL_AREA_STYLE_COLOUR('',#11032);
#11250 = CURVE_STYLE('',#11251,POSITIVE_LENGTH_MEASURE(0.1),#11032);
#11251 = DRAUGHTING_PRE_DEFINED_CURVE_FONT('continuous');
#11252 = STYLED_ITEM('color',(#11253),#938);
#11253 = PRESENTATION_STYLE_ASSIGNMENT((#11254,#11259));
#11254 = SURFACE_STYLE_USAGE(.BOTH.,#11255);
#11255 = SURFACE_SIDE_STYLE('',(#11256));
#11256 = SURFACE_STYLE_FILL_AREA(#11257);
#11257 = FILL_AREA_STYLE('',(#11258));
#11258 = FILL_AREA_STYLE_COLOUR('',#11032);
#11259 = CURVE_STYLE('',#11260,POSITIVE_LENGTH_MEASURE(0.1),#11032);
#11260 = DRAUGHTING_PRE_DEFINED_CURVE_FONT('continuous');
#11261 = STYLED_ITEM('color',(#11262),#955);
#11262 = PRESENTATION_STYLE_ASSIGNMENT((#11263,#11268));
#11263 = SURFACE_STYLE_USAGE(.BOTH.,#11264);
#11264 = SURFACE_SIDE_STYLE('',(#11265));
#11265 = SURFACE_STYLE_FILL_AREA(#11266);
#11266 = FILL_AREA_STYLE('',(#11267));
#11267 = FILL_AREA_STYLE_COLOUR('',#11032);
#11268 = CURVE_STYLE('',#11269,POSITIVE_LENGTH_MEASURE(0.1),#11032);
#11269 = DRAUGHTING_PRE_DEFINED_CURVE_FONT('continuous');
#11270 = STYLED_ITEM('color',(#11271),#986);
#11271 = PRESENTATION_STYLE_ASSIGNMENT((#11272,#11277));
#11272 = SURFACE_STYLE_USAGE(.BOTH.,#11273);
#11273 = SURFACE_SIDE_STYLE('',(#11274));
#11274 = SURFACE_STYLE_FILL_AREA(#11275);
#11275 = FILL_AREA_STYLE('',(#11276));
#11276 = FILL_AREA_STYLE_COLOUR('',#11032);
#11277 = CURVE_STYLE('',#11278,POSITIVE_LENGTH_MEASURE(0.1),#11032);
#11278 = DRAUGHTING_PRE_DEFINED_CURVE_FONT('continuous');
#11279 = STYLED_ITEM('color',(#11280),#1010);
#11280 = PRESENTATION_STYLE_ASSIGNMENT((#11281,#11286));
#11281 = SURFACE_STYLE_USAGE(.BOTH.,#11282);
#11282 = SURFACE_SIDE_STYLE('',(#11283));
#11283 = SURFACE_STYLE_FILL_AREA(#11284);
#11284 = FILL_AREA_STYLE('',(#11285));
#11285 = FILL_AREA_STYLE_COLOUR('',#11032);
#11286 = CURVE_STYLE('',#11287,POSITIVE_LENGTH_MEASURE(0.1),#11032);
#11287 = DRAUGHTING_PRE_DEFINED_CURVE_FONT('continuous');
#11288 = STYLED_ITEM('color',(#11289),#1034);
#11289 = PRESENTATION_STYLE_ASSIGNMENT((#11290,#11295));
#11290 = SURFACE_STYLE_USAGE(.BOTH.,#11291);
#11291 = SURFACE_SIDE_STYLE('',(#11292));
#11292 = SURFACE_STYLE_FILL_AREA(#11293);
#11293 = FILL_AREA_STYLE('',(#11294));
#11294 = FILL_AREA_STYLE_COLOUR('',#11032);
#11295 = CURVE_STYLE('',#11296,POSITIVE_LENGTH_MEASURE(0.1),#11032);
#11296 = DRAUGHTING_PRE_DEFINED_CURVE_FONT('continuous');
#11297 = STYLED_ITEM('color',(#11298),#1051);
#11298 = PRESENTATION_STYLE_ASSIGNMENT((#11299,#11304));
#11299 = SURFACE_STYLE_USAGE(.BOTH.,#11300);
#11300 = SURFACE_SIDE_STYLE('',(#11301));
#11301 = SURFACE_STYLE_FILL_AREA(#11302);
#11302 = FILL_AREA_STYLE('',(#11303));
#11303 = FILL_AREA_STYLE_COLOUR('',#11032);
#11304 = CURVE_STYLE('',#11305,POSITIVE_LENGTH_MEASURE(0.1),#11032);
#11305 = DRAUGHTING_PRE_DEFINED_CURVE_FONT('continuous');
#11306 = STYLED_ITEM('color',(#11307),#1082);
#11307 = PRESENTATION_STYLE_ASSIGNMENT((#11308,#11313));
#11308 = SURFACE_STYLE_USAGE(.BOTH.,#11309);
#11309 = SURFACE_SIDE_STYLE('',(#11310));
#11310 = SURFACE_STYLE_FILL_AREA(#11311);
#11311 = FILL_AREA_STYLE('',(#11312));
#11312 = FILL_AREA_STYLE_COLOUR('',#11032);
#11313 = CURVE_STYLE('',#11314,POSITIVE_LENGTH_MEASURE(0.1),#11032);
#11314 = DRAUGHTING_PRE_DEFINED_CURVE_FONT('continuous');
#11315 = STYLED_ITEM('color',(#11316),#1106);
#11316 = PRESENTATION_STYLE_ASSIGNMENT((#11317,#11322));
#11317 = SURFACE_STYLE_USAGE(.BOTH.,#11318);
#11318 = SURFACE_SIDE_STYLE('',(#11319));
#11319 = SURFACE_STYLE_FILL_AREA(#11320);
#11320 = FILL_AREA_STYLE('',(#11321));
#11321 = FILL_AREA_STYLE_COLOUR('',#11032);
#11322 = CURVE_STYLE('',#11323,POSITIVE_LENGTH_MEASURE(0.1),#11032);
#11323 = DRAUGHTING_PRE_DEFINED_CURVE_FONT('continuous');
#11324 = STYLED_ITEM('color',(#11325),#1130);
#11325 = PRESENTATION_STYLE_ASSIGNMENT((#11326,#11331));
#11326 = SURFACE_STYLE_USAGE(.BOTH.,#11327);
#11327 = SURFACE_SIDE_STYLE('',(#11328));
#11328 = SURFACE_STYLE_FILL_AREA(#11329);
#11329 = FILL_AREA_STYLE('',(#11330));
#11330 = FILL_AREA_STYLE_COLOUR('',#11032);
#11331 = CURVE_STYLE('',#11332,POSITIVE_LENGTH_MEASURE(0.1),#11032);
#11332 = DRAUGHTING_PRE_DEFINED_CURVE_FONT('continuous');
#11333 = STYLED_ITEM('color',(#11334),#1147);
#11334 = PRESENTATION_STYLE_ASSIGNMENT((#11335,#11340));
#11335 = SURFACE_STYLE_USAGE(.BOTH.,#11336);
#11336 = SURFACE_SIDE_STYLE('',(#11337));
#11337 = SURFACE_STYLE_FILL_AREA(#11338);
#11338 = FILL_AREA_STYLE('',(#11339));
#11339 = FILL_AREA_STYLE_COLOUR('',#11105);
#11340 = CURVE_STYLE('',#11341,POSITIVE_LENGTH_MEASURE(0.1),#11105);
#11341 = DRAUGHTING_PRE_DEFINED_CURVE_FONT('continuous');
#11342 = STYLED_ITEM('color',(#11343),#1164);
#11343 = PRESENTATION_STYLE_ASSIGNMENT((#11344,#11349));
#11344 = SURFACE_STYLE_USAGE(.BOTH.,#11345);
#11345 = SURFACE_SIDE_STYLE('',(#11346));
#11346 = SURFACE_STYLE_FILL_AREA(#11347);
#11347 = FILL_AREA_STYLE('',(#11348));
#11348 = FILL_AREA_STYLE_COLOUR('',#11105);
#11349 = CURVE_STYLE('',#11350,POSITIVE_LENGTH_MEASURE(0.1),#11105);
#11350 = DRAUGHTING_PRE_DEFINED_CURVE_FONT('continuous');
#11351 = STYLED_ITEM('color',(#11352),#1211);
#11352 = PRESENTATION_STYLE_ASSIGNMENT((#11353,#11358));
#11353 = SURFACE_STYLE_USAGE(.BOTH.,#11354);
#11354 = SURFACE_SIDE_STYLE('',(#11355));
#11355 = SURFACE_STYLE_FILL_AREA(#11356);
#11356 = FILL_AREA_STYLE('',(#11357));
#11357 = FILL_AREA_STYLE_COLOUR('',#11105);
#11358 = CURVE_STYLE('',#11359,POSITIVE_LENGTH_MEASURE(0.1),#11105);
#11359 = DRAUGHTING_PRE_DEFINED_CURVE_FONT('continuous');
#11360 = STYLED_ITEM('color',(#11361),#1228);
#11361 = PRESENTATION_STYLE_ASSIGNMENT((#11362,#11367));
#11362 = SURFACE_STYLE_USAGE(.BOTH.,#11363);
#11363 = SURFACE_SIDE_STYLE('',(#11364));
#11364 = SURFACE_STYLE_FILL_AREA(#11365);
#11365 = FILL_AREA_STYLE('',(#11366));
#11366 = FILL_AREA_STYLE_COLOUR('',#11105);
#11367 = CURVE_STYLE('',#11368,POSITIVE_LENGTH_MEASURE(0.1),#11105);
#11368 = DRAUGHTING_PRE_DEFINED_CURVE_FONT('continuous');
#11369 = STYLED_ITEM('color',(#11370),#1275);
#11370 = PRESENTATION_STYLE_ASSIGNMENT((#11371,#11376));
#11371 = SURFACE_STYLE_USAGE(.BOTH.,#11372);
#11372 = SURFACE_SIDE_STYLE('',(#11373));
#11373 = SURFACE_STYLE_FILL_AREA(#11374);
#11374 = FILL_AREA_STYLE('',(#11375));
#11375 = FILL_AREA_STYLE_COLOUR('',#11105);
#11376 = CURVE_STYLE('',#11377,POSITIVE_LENGTH_MEASURE(0.1),#11105);
#11377 = DRAUGHTING_PRE_DEFINED_CURVE_FONT('continuous');
#11378 = STYLED_ITEM('color',(#11379),#1292);
#11379 = PRESENTATION_STYLE_ASSIGNMENT((#11380,#11385));
#11380 = SURFACE_STYLE_USAGE(.BOTH.,#11381);
#11381 = SURFACE_SIDE_STYLE('',(#11382));
#11382 = SURFACE_STYLE_FILL_AREA(#11383);
#11383 = FILL_AREA_STYLE('',(#11384));
#11384 = FILL_AREA_STYLE_COLOUR('',#11105);
#11385 = CURVE_STYLE('',#11386,POSITIVE_LENGTH_MEASURE(0.1),#11105);
#11386 = DRAUGHTING_PRE_DEFINED_CURVE_FONT('continuous');
#11387 = STYLED_ITEM('color',(#11388),#1339);
#11388 = PRESENTATION_STYLE_ASSIGNMENT((#11389,#11394));
#11389 = SURFACE_STYLE_USAGE(.BOTH.,#11390);
#11390 = SURFACE_SIDE_STYLE('',(#11391));
#11391 = SURFACE_STYLE_FILL_AREA(#11392);
#11392 = FILL_AREA_STYLE('',(#11393));
#11393 = FILL_AREA_STYLE_COLOUR('',#11105);
#11394 = CURVE_STYLE('',#11395,POSITIVE_LENGTH_MEASURE(0.1),#11105);
#11395 = DRAUGHTING_PRE_DEFINED_CURVE_FONT('continuous');
#11396 = STYLED_ITEM('color',(#11397),#1356);
#11397 = PRESENTATION_STYLE_ASSIGNMENT((#11398,#11403));
#11398 = SURFACE_STYLE_USAGE(.BOTH.,#11399);
#11399 = SURFACE_SIDE_STYLE('',(#11400));
#11400 = SURFACE_STYLE_FILL_AREA(#11401);
#11401 = FILL_AREA_STYLE('',(#11402));
#11402 = FILL_AREA_STYLE_COLOUR('',#11105);
#11403 = CURVE_STYLE('',#11404,POSITIVE_LENGTH_MEASURE(0.1),#11105);
#11404 = DRAUGHTING_PRE_DEFINED_CURVE_FONT('continuous');
#11405 = STYLED_ITEM('color',(#11406),#1403);
#11406 = PRESENTATION_STYLE_ASSIGNMENT((#11407,#11412));
#11407 = SURFACE_STYLE_USAGE(.BOTH.,#11408);
#11408 = SURFACE_SIDE_STYLE('',(#11409));
#11409 = SURFACE_STYLE_FILL_AREA(#11410);
#11410 = FILL_AREA_STYLE('',(#11411));
#11411 = FILL_AREA_STYLE_COLOUR('',#11105);
#11412 = CURVE_STYLE('',#11413,POSITIVE_LENGTH_MEASURE(0.1),#11105);
#11413 = DRAUGHTING_PRE_DEFINED_CURVE_FONT('continuous');
#11414 = STYLED_ITEM('color',(#11415),#1420);
#11415 = PRESENTATION_STYLE_ASSIGNMENT((#11416,#11421));
#11416 = SURFACE_STYLE_USAGE(.BOTH.,#11417);
#11417 = SURFACE_SIDE_STYLE('',(#11418));
#11418 = SURFACE_STYLE_FILL_AREA(#11419);
#11419 = FILL_AREA_STYLE('',(#11420));
#11420 = FILL_AREA_STYLE_COLOUR('',#11105);
#11421 = CURVE_STYLE('',#11422,POSITIVE_LENGTH_MEASURE(0.1),#11105);
#11422 = DRAUGHTING_PRE_DEFINED_CURVE_FONT('continuous');
#11423 = STYLED_ITEM('color',(#11424),#1467);
#11424 = PRESENTATION_STYLE_ASSIGNMENT((#11425,#11430));
#11425 = SURFACE_STYLE_USAGE(.BOTH.,#11426);
#11426 = SURFACE_SIDE_STYLE('',(#11427));
#11427 = SURFACE_STYLE_FILL_AREA(#11428);
#11428 = FILL_AREA_STYLE('',(#11429));
#11429 = FILL_AREA_STYLE_COLOUR('',#11105);
#11430 = CURVE_STYLE('',#11431,POSITIVE_LENGTH_MEASURE(0.1),#11105);
#11431 = DRAUGHTING_PRE_DEFINED_CURVE_FONT('continuous');
#11432 = STYLED_ITEM('color',(#11433),#1484);
#11433 = PRESENTATION_STYLE_ASSIGNMENT((#11434,#11439));
#11434 = SURFACE_STYLE_USAGE(.BOTH.,#11435);
#11435 = SURFACE_SIDE_STYLE('',(#11436));
#11436 = SURFACE_STYLE_FILL_AREA(#11437);
#11437 = FILL_AREA_STYLE('',(#11438));
#11438 = FILL_AREA_STYLE_COLOUR('',#11105);
#11439 = CURVE_STYLE('',#11440,POSITIVE_LENGTH_MEASURE(0.1),#11105);
#11440 = DRAUGHTING_PRE_DEFINED_CURVE_FONT('continuous');
#11441 = STYLED_ITEM('color',(#11442),#1531);
#11442 = PRESENTATION_STYLE_ASSIGNMENT((#11443,#11448));
#11443 = SURFACE_STYLE_USAGE(.BOTH.,#11444);
#11444 = SURFACE_SIDE_STYLE('',(#11445));
#11445 = SURFACE_STYLE_FILL_AREA(#11446);
#11446 = FILL_AREA_STYLE('',(#11447));
#11447 = FILL_AREA_STYLE_COLOUR('',#11105);
#11448 = CURVE_STYLE('',#11449,POSITIVE_LENGTH_MEASURE(0.1),#11105);
#11449 = DRAUGHTING_PRE_DEFINED_CURVE_FONT('continuous');
#11450 = STYLED_ITEM('color',(#11451),#1548);
#11451 = PRESENTATION_STYLE_ASSIGNMENT((#11452,#11457));
#11452 = SURFACE_STYLE_USAGE(.BOTH.,#11453);
#11453 = SURFACE_SIDE_STYLE('',(#11454));
#11454 = SURFACE_STYLE_FILL_AREA(#11455);
#11455 = FILL_AREA_STYLE('',(#11456));
#11456 = FILL_AREA_STYLE_COLOUR('',#11105);
#11457 = CURVE_STYLE('',#11458,POSITIVE_LENGTH_MEASURE(0.1),#11105);
#11458 = DRAUGHTING_PRE_DEFINED_CURVE_FONT('continuous');
#11459 = STYLED_ITEM('color',(#11460),#1595);
#11460 = PRESENTATION_STYLE_ASSIGNMENT((#11461,#11466));
#11461 = SURFACE_STYLE_USAGE(.BOTH.,#11462);
#11462 = SURFACE_SIDE_STYLE('',(#11463));
#11463 = SURFACE_STYLE_FILL_AREA(#11464);
#11464 = FILL_AREA_STYLE('',(#11465));
#11465 = FILL_AREA_STYLE_COLOUR('',#11105);
#11466 = CURVE_STYLE('',#11467,POSITIVE_LENGTH_MEASURE(0.1),#11105);
#11467 = DRAUGHTING_PRE_DEFINED_CURVE_FONT('continuous');
#11468 = STYLED_ITEM('color',(#11469),#1612);
#11469 = PRESENTATION_STYLE_ASSIGNMENT((#11470,#11475));
#11470 = SURFACE_STYLE_USAGE(.BOTH.,#11471);
#11471 = SURFACE_SIDE_STYLE('',(#11472));
#11472 = SURFACE_STYLE_FILL_AREA(#11473);
#11473 = FILL_AREA_STYLE('',(#11474));
#11474 = FILL_AREA_STYLE_COLOUR('',#11105);
#11475 = CURVE_STYLE('',#11476,POSITIVE_LENGTH_MEASURE(0.1),#11105);
#11476 = DRAUGHTING_PRE_DEFINED_CURVE_FONT('continuous');
#11477 = STYLED_ITEM('color',(#11478),#1659);
#11478 = PRESENTATION_STYLE_ASSIGNMENT((#11479,#11484));
#11479 = SURFACE_STYLE_USAGE(.BOTH.,#11480);
#11480 = SURFACE_SIDE_STYLE('',(#11481));
#11481 = SURFACE_STYLE_FILL_AREA(#11482);
#11482 = FILL_AREA_STYLE('',(#11483));
#11483 = FILL_AREA_STYLE_COLOUR('',#11032);
#11484 = CURVE_STYLE('',#11485,POSITIVE_LENGTH_MEASURE(0.1),#11032);
#11485 = DRAUGHTING_PRE_DEFINED_CURVE_FONT('continuous');
#11486 = STYLED_ITEM('color',(#11487),#1690);
#11487 = PRESENTATION_STYLE_ASSIGNMENT((#11488,#11493));
#11488 = SURFACE_STYLE_USAGE(.BOTH.,#11489);
#11489 = SURFACE_SIDE_STYLE('',(#11490));
#11490 = SURFACE_STYLE_FILL_AREA(#11491);
#11491 = FILL_AREA_STYLE('',(#11492));
#11492 = FILL_AREA_STYLE_COLOUR('',#11032);
#11493 = CURVE_STYLE('',#11494,POSITIVE_LENGTH_MEASURE(0.1),#11032);
#11494 = DRAUGHTING_PRE_DEFINED_CURVE_FONT('continuous');
#11495 = OVER_RIDING_STYLED_ITEM('overriding color',(#11496),#1704,
  #11486);
#11496 = PRESENTATION_STYLE_ASSIGNMENT((#11497,#11502));
#11497 = SURFACE_STYLE_USAGE(.BOTH.,#11498);
#11498 = SURFACE_SIDE_STYLE('',(#11499));
#11499 = SURFACE_STYLE_FILL_AREA(#11500);
#11500 = FILL_AREA_STYLE('',(#11501));
#11501 = FILL_AREA_STYLE_COLOUR('',#11105);
#11502 = CURVE_STYLE('',#11503,POSITIVE_LENGTH_MEASURE(0.1),#11105);
#11503 = DRAUGHTING_PRE_DEFINED_CURVE_FONT('continuous');
#11504 = OVER_RIDING_STYLED_ITEM('overriding color',(#11505),#1720,
  #11486);
#11505 = PRESENTATION_STYLE_ASSIGNMENT((#11506,#11511));
#11506 = SURFACE_STYLE_USAGE(.BOTH.,#11507);
#11507 = SURFACE_SIDE_STYLE('',(#11508));
#11508 = SURFACE_STYLE_FILL_AREA(#11509);
#11509 = FILL_AREA_STYLE('',(#11510));
#11510 = FILL_AREA_STYLE_COLOUR('',#11105);
#11511 = CURVE_STYLE('',#11512,POSITIVE_LENGTH_MEASURE(0.1),#11105);
#11512 = DRAUGHTING_PRE_DEFINED_CURVE_FONT('continuous');
#11513 = STYLED_ITEM('color',(#11514),#1746);
#11514 = PRESENTATION_STYLE_ASSIGNMENT((#11515,#11520));
#11515 = SURFACE_STYLE_USAGE(.BOTH.,#11516);
#11516 = SURFACE_SIDE_STYLE('',(#11517));
#11517 = SURFACE_STYLE_FILL_AREA(#11518);
#11518 = FILL_AREA_STYLE('',(#11519));
#11519 = FILL_AREA_STYLE_COLOUR('',#11032);
#11520 = CURVE_STYLE('',#11521,POSITIVE_LENGTH_MEASURE(0.1),#11032);
#11521 = DRAUGHTING_PRE_DEFINED_CURVE_FONT('continuous');
#11522 = STYLED_ITEM('color',(#11523),#1770);
#11523 = PRESENTATION_STYLE_ASSIGNMENT((#11524,#11529));
#11524 = SURFACE_STYLE_USAGE(.BOTH.,#11525);
#11525 = SURFACE_SIDE_STYLE('',(#11526));
#11526 = SURFACE_STYLE_FILL_AREA(#11527);
#11527 = FILL_AREA_STYLE('',(#11528));
#11528 = FILL_AREA_STYLE_COLOUR('',#11032);
#11529 = CURVE_STYLE('',#11530,POSITIVE_LENGTH_MEASURE(0.1),#11032);
#11530 = DRAUGHTING_PRE_DEFINED_CURVE_FONT('continuous');
#11531 = OVER_RIDING_STYLED_ITEM('overriding color',(#11532),#1784,
  #11522);
#11532 = PRESENTATION_STYLE_ASSIGNMENT((#11533,#11538));
#11533 = SURFACE_STYLE_USAGE(.BOTH.,#11534);
#11534 = SURFACE_SIDE_STYLE('',(#11535));
#11535 = SURFACE_STYLE_FILL_AREA(#11536);
#11536 = FILL_AREA_STYLE('',(#11537));
#11537 = FILL_AREA_STYLE_COLOUR('',#11105);
#11538 = CURVE_STYLE('',#11539,POSITIVE_LENGTH_MEASURE(0.1),#11105);
#11539 = DRAUGHTING_PRE_DEFINED_CURVE_FONT('continuous');
#11540 = OVER_RIDING_STYLED_ITEM('overriding color',(#11541),#1800,
  #11522);
#11541 = PRESENTATION_STYLE_ASSIGNMENT((#11542,#11547));
#11542 = SURFACE_STYLE_USAGE(.BOTH.,#11543);
#11543 = SURFACE_SIDE_STYLE('',(#11544));
#11544 = SURFACE_STYLE_FILL_AREA(#11545);
#11545 = FILL_AREA_STYLE('',(#11546));
#11546 = FILL_AREA_STYLE_COLOUR('',#11105);
#11547 = CURVE_STYLE('',#11548,POSITIVE_LENGTH_MEASURE(0.1),#11105);
#11548 = DRAUGHTING_PRE_DEFINED_CURVE_FONT('continuous');
#11549 = STYLED_ITEM('color',(#11550),#1819);
#11550 = PRESENTATION_STYLE_ASSIGNMENT((#11551,#11556));
#11551 = SURFACE_STYLE_USAGE(.BOTH.,#11552);
#11552 = SURFACE_SIDE_STYLE('',(#11553));
#11553 = SURFACE_STYLE_FILL_AREA(#11554);
#11554 = FILL_AREA_STYLE('',(#11555));
#11555 = FILL_AREA_STYLE_COLOUR('',#11032);
#11556 = CURVE_STYLE('',#11557,POSITIVE_LENGTH_MEASURE(0.1),#11032);
#11557 = DRAUGHTING_PRE_DEFINED_CURVE_FONT('continuous');
#11558 = STYLED_ITEM('color',(#11559),#1850);
#11559 = PRESENTATION_STYLE_ASSIGNMENT((#11560,#11565));
#11560 = SURFACE_STYLE_USAGE(.BOTH.,#11561);
#11561 = SURFACE_SIDE_STYLE('',(#11562));
#11562 = SURFACE_STYLE_FILL_AREA(#11563);
#11563 = FILL_AREA_STYLE('',(#11564));
#11564 = FILL_AREA_STYLE_COLOUR('',#11032);
#11565 = CURVE_STYLE('',#11566,POSITIVE_LENGTH_MEASURE(0.1),#11032);
#11566 = DRAUGHTING_PRE_DEFINED_CURVE_FONT('continuous');
#11567 = OVER_RIDING_STYLED_ITEM('overriding color',(#11568),#1864,
  #11558);
#11568 = PRESENTATION_STYLE_ASSIGNMENT((#11569,#11574));
#11569 = SURFACE_STYLE_USAGE(.BOTH.,#11570);
#11570 = SURFACE_SIDE_STYLE('',(#11571));
#11571 = SURFACE_STYLE_FILL_AREA(#11572);
#11572 = FILL_AREA_STYLE('',(#11573));
#11573 = FILL_AREA_STYLE_COLOUR('',#11105);
#11574 = CURVE_STYLE('',#11575,POSITIVE_LENGTH_MEASURE(0.1),#11105);
#11575 = DRAUGHTING_PRE_DEFINED_CURVE_FONT('continuous');
#11576 = OVER_RIDING_STYLED_ITEM('overriding color',(#11577),#1880,
  #11558);
#11577 = PRESENTATION_STYLE_ASSIGNMENT((#11578,#11583));
#11578 = SURFACE_STYLE_USAGE(.BOTH.,#11579);
#11579 = SURFACE_SIDE_STYLE('',(#11580));
#11580 = SURFACE_STYLE_FILL_AREA(#11581);
#11581 = FILL_AREA_STYLE('',(#11582));
#11582 = FILL_AREA_STYLE_COLOUR('',#11105);
#11583 = CURVE_STYLE('',#11584,POSITIVE_LENGTH_MEASURE(0.1),#11105);
#11584 = DRAUGHTING_PRE_DEFINED_CURVE_FONT('continuous');
#11585 = STYLED_ITEM('color',(#11586),#1906);
#11586 = PRESENTATION_STYLE_ASSIGNMENT((#11587,#11592));
#11587 = SURFACE_STYLE_USAGE(.BOTH.,#11588);
#11588 = SURFACE_SIDE_STYLE('',(#11589));
#11589 = SURFACE_STYLE_FILL_AREA(#11590);
#11590 = FILL_AREA_STYLE('',(#11591));
#11591 = FILL_AREA_STYLE_COLOUR('',#11032);
#11592 = CURVE_STYLE('',#11593,POSITIVE_LENGTH_MEASURE(0.1),#11032);
#11593 = DRAUGHTING_PRE_DEFINED_CURVE_FONT('continuous');
#11594 = STYLED_ITEM('color',(#11595),#1930);
#11595 = PRESENTATION_STYLE_ASSIGNMENT((#11596,#11601));
#11596 = SURFACE_STYLE_USAGE(.BOTH.,#11597);
#11597 = SURFACE_SIDE_STYLE('',(#11598));
#11598 = SURFACE_STYLE_FILL_AREA(#11599);
#11599 = FILL_AREA_STYLE('',(#11600));
#11600 = FILL_AREA_STYLE_COLOUR('',#11032);
#11601 = CURVE_STYLE('',#11602,POSITIVE_LENGTH_MEASURE(0.1),#11032);
#11602 = DRAUGHTING_PRE_DEFINED_CURVE_FONT('continuous');
#11603 = OVER_RIDING_STYLED_ITEM('overriding color',(#11604),#1944,
  #11594);
#11604 = PRESENTATION_STYLE_ASSIGNMENT((#11605,#11610));
#11605 = SURFACE_STYLE_USAGE(.BOTH.,#11606);
#11606 = SURFACE_SIDE_STYLE('',(#11607));
#11607 = SURFACE_STYLE_FILL_AREA(#11608);
#11608 = FILL_AREA_STYLE('',(#11609));
#11609 = FILL_AREA_STYLE_COLOUR('',#11105);
#11610 = CURVE_STYLE('',#11611,POSITIVE_LENGTH_MEASURE(0.1),#11105);
#11611 = DRAUGHTING_PRE_DEFINED_CURVE_FONT('continuous');
#11612 = OVER_RIDING_STYLED_ITEM('overriding color',(#11613),#1960,
  #11594);
#11613 = PRESENTATION_STYLE_ASSIGNMENT((#11614,#11619));
#11614 = SURFACE_STYLE_USAGE(.BOTH.,#11615);
#11615 = SURFACE_SIDE_STYLE('',(#11616));
#11616 = SURFACE_STYLE_FILL_AREA(#11617);
#11617 = FILL_AREA_STYLE('',(#11618));
#11618 = FILL_AREA_STYLE_COLOUR('',#11105);
#11619 = CURVE_STYLE('',#11620,POSITIVE_LENGTH_MEASURE(0.1),#11105);
#11620 = DRAUGHTING_PRE_DEFINED_CURVE_FONT('continuous');
#11621 = STYLED_ITEM('color',(#11622),#1979);
#11622 = PRESENTATION_STYLE_ASSIGNMENT((#11623,#11628));
#11623 = SURFACE_STYLE_USAGE(.BOTH.,#11624);
#11624 = SURFACE_SIDE_STYLE('',(#11625));
#11625 = SURFACE_STYLE_FILL_AREA(#11626);
#11626 = FILL_AREA_STYLE('',(#11627));
#11627 = FILL_AREA_STYLE_COLOUR('',#11032);
#11628 = CURVE_STYLE('',#11629,POSITIVE_LENGTH_MEASURE(0.1),#11032);
#11629 = DRAUGHTING_PRE_DEFINED_CURVE_FONT('continuous');
#11630 = STYLED_ITEM('color',(#11631),#2010);
#11631 = PRESENTATION_STYLE_ASSIGNMENT((#11632,#11637));
#11632 = SURFACE_STYLE_USAGE(.BOTH.,#11633);
#11633 = SURFACE_SIDE_STYLE('',(#11634));
#11634 = SURFACE_STYLE_FILL_AREA(#11635);
#11635 = FILL_AREA_STYLE('',(#11636));
#11636 = FILL_AREA_STYLE_COLOUR('',#11032);
#11637 = CURVE_STYLE('',#11638,POSITIVE_LENGTH_MEASURE(0.1),#11032);
#11638 = DRAUGHTING_PRE_DEFINED_CURVE_FONT('continuous');
#11639 = OVER_RIDING_STYLED_ITEM('overriding color',(#11640),#2024,
  #11630);
#11640 = PRESENTATION_STYLE_ASSIGNMENT((#11641,#11646));
#11641 = SURFACE_STYLE_USAGE(.BOTH.,#11642);
#11642 = SURFACE_SIDE_STYLE('',(#11643));
#11643 = SURFACE_STYLE_FILL_AREA(#11644);
#11644 = FILL_AREA_STYLE('',(#11645));
#11645 = FILL_AREA_STYLE_COLOUR('',#11105);
#11646 = CURVE_STYLE('',#11647,POSITIVE_LENGTH_MEASURE(0.1),#11105);
#11647 = DRAUGHTING_PRE_DEFINED_CURVE_FONT('continuous');
#11648 = OVER_RIDING_STYLED_ITEM('overriding color',(#11649),#2040,
  #11630);
#11649 = PRESENTATION_STYLE_ASSIGNMENT((#11650,#11655));
#11650 = SURFACE_STYLE_USAGE(.BOTH.,#11651);
#11651 = SURFACE_SIDE_STYLE('',(#11652));
#11652 = SURFACE_STYLE_FILL_AREA(#11653);
#11653 = FILL_AREA_STYLE('',(#11654));
#11654 = FILL_AREA_STYLE_COLOUR('',#11105);
#11655 = CURVE_STYLE('',#11656,POSITIVE_LENGTH_MEASURE(0.1),#11105);
#11656 = DRAUGHTING_PRE_DEFINED_CURVE_FONT('continuous');
#11657 = STYLED_ITEM('color',(#11658),#2066);
#11658 = PRESENTATION_STYLE_ASSIGNMENT((#11659,#11664));
#11659 = SURFACE_STYLE_USAGE(.BOTH.,#11660);
#11660 = SURFACE_SIDE_STYLE('',(#11661));
#11661 = SURFACE_STYLE_FILL_AREA(#11662);
#11662 = FILL_AREA_STYLE('',(#11663));
#11663 = FILL_AREA_STYLE_COLOUR('',#11032);
#11664 = CURVE_STYLE('',#11665,POSITIVE_LENGTH_MEASURE(0.1),#11032);
#11665 = DRAUGHTING_PRE_DEFINED_CURVE_FONT('continuous');
#11666 = STYLED_ITEM('color',(#11667),#2090);
#11667 = PRESENTATION_STYLE_ASSIGNMENT((#11668,#11673));
#11668 = SURFACE_STYLE_USAGE(.BOTH.,#11669);
#11669 = SURFACE_SIDE_STYLE('',(#11670));
#11670 = SURFACE_STYLE_FILL_AREA(#11671);
#11671 = FILL_AREA_STYLE('',(#11672));
#11672 = FILL_AREA_STYLE_COLOUR('',#11032);
#11673 = CURVE_STYLE('',#11674,POSITIVE_LENGTH_MEASURE(0.1),#11032);
#11674 = DRAUGHTING_PRE_DEFINED_CURVE_FONT('continuous');
#11675 = OVER_RIDING_STYLED_ITEM('overriding color',(#11676),#2104,
  #11666);
#11676 = PRESENTATION_STYLE_ASSIGNMENT((#11677,#11682));
#11677 = SURFACE_STYLE_USAGE(.BOTH.,#11678);
#11678 = SURFACE_SIDE_STYLE('',(#11679));
#11679 = SURFACE_STYLE_FILL_AREA(#11680);
#11680 = FILL_AREA_STYLE('',(#11681));
#11681 = FILL_AREA_STYLE_COLOUR('',#11105);
#11682 = CURVE_STYLE('',#11683,POSITIVE_LENGTH_MEASURE(0.1),#11105);
#11683 = DRAUGHTING_PRE_DEFINED_CURVE_FONT('continuous');
#11684 = OVER_RIDING_STYLED_ITEM('overriding color',(#11685),#2120,
  #11666);
#11685 = PRESENTATION_STYLE_ASSIGNMENT((#11686,#11691));
#11686 = SURFACE_STYLE_USAGE(.BOTH.,#11687);
#11687 = SURFACE_SIDE_STYLE('',(#11688));
#11688 = SURFACE_STYLE_FILL_AREA(#11689);
#11689 = FILL_AREA_STYLE('',(#11690));
#11690 = FILL_AREA_STYLE_COLOUR('',#11105);
#11691 = CURVE_STYLE('',#11692,POSITIVE_LENGTH_MEASURE(0.1),#11105);
#11692 = DRAUGHTING_PRE_DEFINED_CURVE_FONT('continuous');
#11693 = STYLED_ITEM('color',(#11694),#2139);
#11694 = PRESENTATION_STYLE_ASSIGNMENT((#11695,#11700));
#11695 = SURFACE_STYLE_USAGE(.BOTH.,#11696);
#11696 = SURFACE_SIDE_STYLE('',(#11697));
#11697 = SURFACE_STYLE_FILL_AREA(#11698);
#11698 = FILL_AREA_STYLE('',(#11699));
#11699 = FILL_AREA_STYLE_COLOUR('',#11032);
#11700 = CURVE_STYLE('',#11701,POSITIVE_LENGTH_MEASURE(0.1),#11032);
#11701 = DRAUGHTING_PRE_DEFINED_CURVE_FONT('continuous');
#11702 = STYLED_ITEM('color',(#11703),#2170);
#11703 = PRESENTATION_STYLE_ASSIGNMENT((#11704,#11709));
#11704 = SURFACE_STYLE_USAGE(.BOTH.,#11705);
#11705 = SURFACE_SIDE_STYLE('',(#11706));
#11706 = SURFACE_STYLE_FILL_AREA(#11707);
#11707 = FILL_AREA_STYLE('',(#11708));
#11708 = FILL_AREA_STYLE_COLOUR('',#11032);
#11709 = CURVE_STYLE('',#11710,POSITIVE_LENGTH_MEASURE(0.1),#11032);
#11710 = DRAUGHTING_PRE_DEFINED_CURVE_FONT('continuous');
#11711 = OVER_RIDING_STYLED_ITEM('overriding color',(#11712),#2184,
  #11702);
#11712 = PRESENTATION_STYLE_ASSIGNMENT((#11713,#11718));
#11713 = SURFACE_STYLE_USAGE(.BOTH.,#11714);
#11714 = SURFACE_SIDE_STYLE('',(#11715));
#11715 = SURFACE_STYLE_FILL_AREA(#11716);
#11716 = FILL_AREA_STYLE('',(#11717));
#11717 = FILL_AREA_STYLE_COLOUR('',#11105);
#11718 = CURVE_STYLE('',#11719,POSITIVE_LENGTH_MEASURE(0.1),#11105);
#11719 = DRAUGHTING_PRE_DEFINED_CURVE_FONT('continuous');
#11720 = OVER_RIDING_STYLED_ITEM('overriding color',(#11721),#2200,
  #11702);
#11721 = PRESENTATION_STYLE_ASSIGNMENT((#11722,#11727));
#11722 = SURFACE_STYLE_USAGE(.BOTH.,#11723);
#11723 = SURFACE_SIDE_STYLE('',(#11724));
#11724 = SURFACE_STYLE_FILL_AREA(#11725);
#11725 = FILL_AREA_STYLE('',(#11726));
#11726 = FILL_AREA_STYLE_COLOUR('',#11105);
#11727 = CURVE_STYLE('',#11728,POSITIVE_LENGTH_MEASURE(0.1),#11105);
#11728 = DRAUGHTING_PRE_DEFINED_CURVE_FONT('continuous');
#11729 = STYLED_ITEM('color',(#11730),#2226);
#11730 = PRESENTATION_STYLE_ASSIGNMENT((#11731,#11736));
#11731 = SURFACE_STYLE_USAGE(.BOTH.,#11732);
#11732 = SURFACE_SIDE_STYLE('',(#11733));
#11733 = SURFACE_STYLE_FILL_AREA(#11734);
#11734 = FILL_AREA_STYLE('',(#11735));
#11735 = FILL_AREA_STYLE_COLOUR('',#11032);
#11736 = CURVE_STYLE('',#11737,POSITIVE_LENGTH_MEASURE(0.1),#11032);
#11737 = DRAUGHTING_PRE_DEFINED_CURVE_FONT('continuous');
#11738 = STYLED_ITEM('color',(#11739),#2250);
#11739 = PRESENTATION_STYLE_ASSIGNMENT((#11740,#11745));
#11740 = SURFACE_STYLE_USAGE(.BOTH.,#11741);
#11741 = SURFACE_SIDE_STYLE('',(#11742));
#11742 = SURFACE_STYLE_FILL_AREA(#11743);
#11743 = FILL_AREA_STYLE('',(#11744));
#11744 = FILL_AREA_STYLE_COLOUR('',#11032);
#11745 = CURVE_STYLE('',#11746,POSITIVE_LENGTH_MEASURE(0.1),#11032);
#11746 = DRAUGHTING_PRE_DEFINED_CURVE_FONT('continuous');
#11747 = OVER_RIDING_STYLED_ITEM('overriding color',(#11748),#2264,
  #11738);
#11748 = PRESENTATION_STYLE_ASSIGNMENT((#11749,#11754));
#11749 = SURFACE_STYLE_USAGE(.BOTH.,#11750);
#11750 = SURFACE_SIDE_STYLE('',(#11751));
#11751 = SURFACE_STYLE_FILL_AREA(#11752);
#11752 = FILL_AREA_STYLE('',(#11753));
#11753 = FILL_AREA_STYLE_COLOUR('',#11105);
#11754 = CURVE_STYLE('',#11755,POSITIVE_LENGTH_MEASURE(0.1),#11105);
#11755 = DRAUGHTING_PRE_DEFINED_CURVE_FONT('continuous');
#11756 = OVER_RIDING_STYLED_ITEM('overriding color',(#11757),#2280,
  #11738);
#11757 = PRESENTATION_STYLE_ASSIGNMENT((#11758,#11763));
#11758 = SURFACE_STYLE_USAGE(.BOTH.,#11759);
#11759 = SURFACE_SIDE_STYLE('',(#11760));
#11760 = SURFACE_STYLE_FILL_AREA(#11761);
#11761 = FILL_AREA_STYLE('',(#11762));
#11762 = FILL_AREA_STYLE_COLOUR('',#11105);
#11763 = CURVE_STYLE('',#11764,POSITIVE_LENGTH_MEASURE(0.1),#11105);
#11764 = DRAUGHTING_PRE_DEFINED_CURVE_FONT('continuous');
#11765 = STYLED_ITEM('color',(#11766),#2299);
#11766 = PRESENTATION_STYLE_ASSIGNMENT((#11767,#11772));
#11767 = SURFACE_STYLE_USAGE(.BOTH.,#11768);
#11768 = SURFACE_SIDE_STYLE('',(#11769));
#11769 = SURFACE_STYLE_FILL_AREA(#11770);
#11770 = FILL_AREA_STYLE('',(#11771));
#11771 = FILL_AREA_STYLE_COLOUR('',#11105);
#11772 = CURVE_STYLE('',#11773,POSITIVE_LENGTH_MEASURE(0.1),#11105);
#11773 = DRAUGHTING_PRE_DEFINED_CURVE_FONT('continuous');
#11774 = STYLED_ITEM('color',(#11775),#2316);
#11775 = PRESENTATION_STYLE_ASSIGNMENT((#11776,#11781));
#11776 = SURFACE_STYLE_USAGE(.BOTH.,#11777);
#11777 = SURFACE_SIDE_STYLE('',(#11778));
#11778 = SURFACE_STYLE_FILL_AREA(#11779);
#11779 = FILL_AREA_STYLE('',(#11780));
#11780 = FILL_AREA_STYLE_COLOUR('',#11105);
#11781 = CURVE_STYLE('',#11782,POSITIVE_LENGTH_MEASURE(0.1),#11105);
#11782 = DRAUGHTING_PRE_DEFINED_CURVE_FONT('continuous');
#11783 = STYLED_ITEM('color',(#11784),#2333);
#11784 = PRESENTATION_STYLE_ASSIGNMENT((#11785,#11790));
#11785 = SURFACE_STYLE_USAGE(.BOTH.,#11786);
#11786 = SURFACE_SIDE_STYLE('',(#11787));
#11787 = SURFACE_STYLE_FILL_AREA(#11788);
#11788 = FILL_AREA_STYLE('',(#11789));
#11789 = FILL_AREA_STYLE_COLOUR('',#11105);
#11790 = CURVE_STYLE('',#11791,POSITIVE_LENGTH_MEASURE(0.1),#11105);
#11791 = DRAUGHTING_PRE_DEFINED_CURVE_FONT('continuous');
#11792 = STYLED_ITEM('color',(#11793),#2350);
#11793 = PRESENTATION_STYLE_ASSIGNMENT((#11794,#11799));
#11794 = SURFACE_STYLE_USAGE(.BOTH.,#11795);
#11795 = SURFACE_SIDE_STYLE('',(#11796));
#11796 = SURFACE_STYLE_FILL_AREA(#11797);
#11797 = FILL_AREA_STYLE('',(#11798));
#11798 = FILL_AREA_STYLE_COLOUR('',#11105);
#11799 = CURVE_STYLE('',#11800,POSITIVE_LENGTH_MEASURE(0.1),#11105);
#11800 = DRAUGHTING_PRE_DEFINED_CURVE_FONT('continuous');
#11801 = STYLED_ITEM('color',(#11802),#2367);
#11802 = PRESENTATION_STYLE_ASSIGNMENT((#11803,#11808));
#11803 = SURFACE_STYLE_USAGE(.BOTH.,#11804);
#11804 = SURFACE_SIDE_STYLE('',(#11805));
#11805 = SURFACE_STYLE_FILL_AREA(#11806);
#11806 = FILL_AREA_STYLE('',(#11807));
#11807 = FILL_AREA_STYLE_COLOUR('',#11105);
#11808 = CURVE_STYLE('',#11809,POSITIVE_LENGTH_MEASURE(0.1),#11105);
#11809 = DRAUGHTING_PRE_DEFINED_CURVE_FONT('continuous');
#11810 = STYLED_ITEM('color',(#11811),#2379);
#11811 = PRESENTATION_STYLE_ASSIGNMENT((#11812,#11817));
#11812 = SURFACE_STYLE_USAGE(.BOTH.,#11813);
#11813 = SURFACE_SIDE_STYLE('',(#11814));
#11814 = SURFACE_STYLE_FILL_AREA(#11815);
#11815 = FILL_AREA_STYLE('',(#11816));
#11816 = FILL_AREA_STYLE_COLOUR('',#11105);
#11817 = CURVE_STYLE('',#11818,POSITIVE_LENGTH_MEASURE(0.1),#11105);
#11818 = DRAUGHTING_PRE_DEFINED_CURVE_FONT('continuous');
#11819 = STYLED_ITEM('color',(#11820),#2396);
#11820 = PRESENTATION_STYLE_ASSIGNMENT((#11821,#11826));
#11821 = SURFACE_STYLE_USAGE(.BOTH.,#11822);
#11822 = SURFACE_SIDE_STYLE('',(#11823));
#11823 = SURFACE_STYLE_FILL_AREA(#11824);
#11824 = FILL_AREA_STYLE('',(#11825));
#11825 = FILL_AREA_STYLE_COLOUR('',#11105);
#11826 = CURVE_STYLE('',#11827,POSITIVE_LENGTH_MEASURE(0.1),#11105);
#11827 = DRAUGHTING_PRE_DEFINED_CURVE_FONT('continuous');
#11828 = STYLED_ITEM('color',(#11829),#2413);
#11829 = PRESENTATION_STYLE_ASSIGNMENT((#11830,#11835));
#11830 = SURFACE_STYLE_USAGE(.BOTH.,#11831);
#11831 = SURFACE_SIDE_STYLE('',(#11832));
#11832 = SURFACE_STYLE_FILL_AREA(#11833);
#11833 = FILL_AREA_STYLE('',(#11834));
#11834 = FILL_AREA_STYLE_COLOUR('',#11105);
#11835 = CURVE_STYLE('',#11836,POSITIVE_LENGTH_MEASURE(0.1),#11105);
#11836 = DRAUGHTING_PRE_DEFINED_CURVE_FONT('continuous');
#11837 = STYLED_ITEM('color',(#11838),#2430);
#11838 = PRESENTATION_STYLE_ASSIGNMENT((#11839,#11844));
#11839 = SURFACE_STYLE_USAGE(.BOTH.,#11840);
#11840 = SURFACE_SIDE_STYLE('',(#11841));
#11841 = SURFACE_STYLE_FILL_AREA(#11842);
#11842 = FILL_AREA_STYLE('',(#11843));
#11843 = FILL_AREA_STYLE_COLOUR('',#11105);
#11844 = CURVE_STYLE('',#11845,POSITIVE_LENGTH_MEASURE(0.1),#11105);
#11845 = DRAUGHTING_PRE_DEFINED_CURVE_FONT('continuous');
#11846 = STYLED_ITEM('color',(#11847),#2447);
#11847 = PRESENTATION_STYLE_ASSIGNMENT((#11848,#11853));
#11848 = SURFACE_STYLE_USAGE(.BOTH.,#11849);
#11849 = SURFACE_SIDE_STYLE('',(#11850));
#11850 = SURFACE_STYLE_FILL_AREA(#11851);
#11851 = FILL_AREA_STYLE('',(#11852));
#11852 = FILL_AREA_STYLE_COLOUR('',#11105);
#11853 = CURVE_STYLE('',#11854,POSITIVE_LENGTH_MEASURE(0.1),#11105);
#11854 = DRAUGHTING_PRE_DEFINED_CURVE_FONT('continuous');
#11855 = STYLED_ITEM('color',(#11856),#2459);
#11856 = PRESENTATION_STYLE_ASSIGNMENT((#11857,#11862));
#11857 = SURFACE_STYLE_USAGE(.BOTH.,#11858);
#11858 = SURFACE_SIDE_STYLE('',(#11859));
#11859 = SURFACE_STYLE_FILL_AREA(#11860);
#11860 = FILL_AREA_STYLE('',(#11861));
#11861 = FILL_AREA_STYLE_COLOUR('',#11105);
#11862 = CURVE_STYLE('',#11863,POSITIVE_LENGTH_MEASURE(0.1),#11105);
#11863 = DRAUGHTING_PRE_DEFINED_CURVE_FONT('continuous');
#11864 = STYLED_ITEM('color',(#11865),#2476);
#11865 = PRESENTATION_STYLE_ASSIGNMENT((#11866,#11871));
#11866 = SURFACE_STYLE_USAGE(.BOTH.,#11867);
#11867 = SURFACE_SIDE_STYLE('',(#11868));
#11868 = SURFACE_STYLE_FILL_AREA(#11869);
#11869 = FILL_AREA_STYLE('',(#11870));
#11870 = FILL_AREA_STYLE_COLOUR('',#11105);
#11871 = CURVE_STYLE('',#11872,POSITIVE_LENGTH_MEASURE(0.1),#11105);
#11872 = DRAUGHTING_PRE_DEFINED_CURVE_FONT('continuous');
#11873 = STYLED_ITEM('color',(#11874),#2493);
#11874 = PRESENTATION_STYLE_ASSIGNMENT((#11875,#11880));
#11875 = SURFACE_STYLE_USAGE(.BOTH.,#11876);
#11876 = SURFACE_SIDE_STYLE('',(#11877));
#11877 = SURFACE_STYLE_FILL_AREA(#11878);
#11878 = FILL_AREA_STYLE('',(#11879));
#11879 = FILL_AREA_STYLE_COLOUR('',#11105);
#11880 = CURVE_STYLE('',#11881,POSITIVE_LENGTH_MEASURE(0.1),#11105);
#11881 = DRAUGHTING_PRE_DEFINED_CURVE_FONT('continuous');
#11882 = STYLED_ITEM('color',(#11883),#2510);
#11883 = PRESENTATION_STYLE_ASSIGNMENT((#11884,#11889));
#11884 = SURFACE_STYLE_USAGE(.BOTH.,#11885);
#11885 = SURFACE_SIDE_STYLE('',(#11886));
#11886 = SURFACE_STYLE_FILL_AREA(#11887);
#11887 = FILL_AREA_STYLE('',(#11888));
#11888 = FILL_AREA_STYLE_COLOUR('',#11105);
#11889 = CURVE_STYLE('',#11890,POSITIVE_LENGTH_MEASURE(0.1),#11105);
#11890 = DRAUGHTING_PRE_DEFINED_CURVE_FONT('continuous');
#11891 = STYLED_ITEM('color',(#11892),#2527);
#11892 = PRESENTATION_STYLE_ASSIGNMENT((#11893,#11898));
#11893 = SURFACE_STYLE_USAGE(.BOTH.,#11894);
#11894 = SURFACE_SIDE_STYLE('',(#11895));
#11895 = SURFACE_STYLE_FILL_AREA(#11896);
#11896 = FILL_AREA_STYLE('',(#11897));
#11897 = FILL_AREA_STYLE_COLOUR('',#11105);
#11898 = CURVE_STYLE('',#11899,POSITIVE_LENGTH_MEASURE(0.1),#11105);
#11899 = DRAUGHTING_PRE_DEFINED_CURVE_FONT('continuous');
#11900 = STYLED_ITEM('color',(#11901),#2539);
#11901 = PRESENTATION_STYLE_ASSIGNMENT((#11902,#11907));
#11902 = SURFACE_STYLE_USAGE(.BOTH.,#11903);
#11903 = SURFACE_SIDE_STYLE('',(#11904));
#11904 = SURFACE_STYLE_FILL_AREA(#11905);
#11905 = FILL_AREA_STYLE('',(#11906));
#11906 = FILL_AREA_STYLE_COLOUR('',#11105);
#11907 = CURVE_STYLE('',#11908,POSITIVE_LENGTH_MEASURE(0.1),#11105);
#11908 = DRAUGHTING_PRE_DEFINED_CURVE_FONT('continuous');
#11909 = STYLED_ITEM('color',(#11910),#2556);
#11910 = PRESENTATION_STYLE_ASSIGNMENT((#11911,#11916));
#11911 = SURFACE_STYLE_USAGE(.BOTH.,#11912);
#11912 = SURFACE_SIDE_STYLE('',(#11913));
#11913 = SURFACE_STYLE_FILL_AREA(#11914);
#11914 = FILL_AREA_STYLE('',(#11915));
#11915 = FILL_AREA_STYLE_COLOUR('',#11105);
#11916 = CURVE_STYLE('',#11917,POSITIVE_LENGTH_MEASURE(0.1),#11105);
#11917 = DRAUGHTING_PRE_DEFINED_CURVE_FONT('continuous');
#11918 = STYLED_ITEM('color',(#11919),#2573);
#11919 = PRESENTATION_STYLE_ASSIGNMENT((#11920,#11925));
#11920 = SURFACE_STYLE_USAGE(.BOTH.,#11921);
#11921 = SURFACE_SIDE_STYLE('',(#11922));
#11922 = SURFACE_STYLE_FILL_AREA(#11923);
#11923 = FILL_AREA_STYLE('',(#11924));
#11924 = FILL_AREA_STYLE_COLOUR('',#11105);
#11925 = CURVE_STYLE('',#11926,POSITIVE_LENGTH_MEASURE(0.1),#11105);
#11926 = DRAUGHTING_PRE_DEFINED_CURVE_FONT('continuous');
#11927 = STYLED_ITEM('color',(#11928),#2590);
#11928 = PRESENTATION_STYLE_ASSIGNMENT((#11929,#11934));
#11929 = SURFACE_STYLE_USAGE(.BOTH.,#11930);
#11930 = SURFACE_SIDE_STYLE('',(#11931));
#11931 = SURFACE_STYLE_FILL_AREA(#11932);
#11932 = FILL_AREA_STYLE('',(#11933));
#11933 = FILL_AREA_STYLE_COLOUR('',#11105);
#11934 = CURVE_STYLE('',#11935,POSITIVE_LENGTH_MEASURE(0.1),#11105);
#11935 = DRAUGHTING_PRE_DEFINED_CURVE_FONT('continuous');
#11936 = STYLED_ITEM('color',(#11937),#2607);
#11937 = PRESENTATION_STYLE_ASSIGNMENT((#11938,#11943));
#11938 = SURFACE_STYLE_USAGE(.BOTH.,#11939);
#11939 = SURFACE_SIDE_STYLE('',(#11940));
#11940 = SURFACE_STYLE_FILL_AREA(#11941);
#11941 = FILL_AREA_STYLE('',(#11942));
#11942 = FILL_AREA_STYLE_COLOUR('',#11105);
#11943 = CURVE_STYLE('',#11944,POSITIVE_LENGTH_MEASURE(0.1),#11105);
#11944 = DRAUGHTING_PRE_DEFINED_CURVE_FONT('continuous');
#11945 = STYLED_ITEM('color',(#11946),#2619);
#11946 = PRESENTATION_STYLE_ASSIGNMENT((#11947,#11952));
#11947 = SURFACE_STYLE_USAGE(.BOTH.,#11948);
#11948 = SURFACE_SIDE_STYLE('',(#11949));
#11949 = SURFACE_STYLE_FILL_AREA(#11950);
#11950 = FILL_AREA_STYLE('',(#11951));
#11951 = FILL_AREA_STYLE_COLOUR('',#11032);
#11952 = CURVE_STYLE('',#11953,POSITIVE_LENGTH_MEASURE(0.1),#11032);
#11953 = DRAUGHTING_PRE_DEFINED_CURVE_FONT('continuous');
#11954 = OVER_RIDING_STYLED_ITEM('overriding color',(#11955),#2626,
  #11945);
#11955 = PRESENTATION_STYLE_ASSIGNMENT((#11956,#11961));
#11956 = SURFACE_STYLE_USAGE(.BOTH.,#11957);
#11957 = SURFACE_SIDE_STYLE('',(#11958));
#11958 = SURFACE_STYLE_FILL_AREA(#11959);
#11959 = FILL_AREA_STYLE('',(#11960));
#11960 = FILL_AREA_STYLE_COLOUR('',#11105);
#11961 = CURVE_STYLE('',#11962,POSITIVE_LENGTH_MEASURE(0.1),#11105);
#11962 = DRAUGHTING_PRE_DEFINED_CURVE_FONT('continuous');
#11963 = STYLED_ITEM('color',(#11964),#2636);
#11964 = PRESENTATION_STYLE_ASSIGNMENT((#11965,#11970));
#11965 = SURFACE_STYLE_USAGE(.BOTH.,#11966);
#11966 = SURFACE_SIDE_STYLE('',(#11967));
#11967 = SURFACE_STYLE_FILL_AREA(#11968);
#11968 = FILL_AREA_STYLE('',(#11969));
#11969 = FILL_AREA_STYLE_COLOUR('',#11032);
#11970 = CURVE_STYLE('',#11971,POSITIVE_LENGTH_MEASURE(0.1),#11032);
#11971 = DRAUGHTING_PRE_DEFINED_CURVE_FONT('continuous');
#11972 = OVER_RIDING_STYLED_ITEM('overriding color',(#11973),#2641,
  #11963);
#11973 = PRESENTATION_STYLE_ASSIGNMENT((#11974,#11979));
#11974 = SURFACE_STYLE_USAGE(.BOTH.,#11975);
#11975 = SURFACE_SIDE_STYLE('',(#11976));
#11976 = SURFACE_STYLE_FILL_AREA(#11977);
#11977 = FILL_AREA_STYLE('',(#11978));
#11978 = FILL_AREA_STYLE_COLOUR('',#11105);
#11979 = CURVE_STYLE('',#11980,POSITIVE_LENGTH_MEASURE(0.1),#11105);
#11980 = DRAUGHTING_PRE_DEFINED_CURVE_FONT('continuous');
#11981 = STYLED_ITEM('color',(#11982),#2653);
#11982 = PRESENTATION_STYLE_ASSIGNMENT((#11983,#11988));
#11983 = SURFACE_STYLE_USAGE(.BOTH.,#11984);
#11984 = SURFACE_SIDE_STYLE('',(#11985));
#11985 = SURFACE_STYLE_FILL_AREA(#11986);
#11986 = FILL_AREA_STYLE('',(#11987));
#11987 = FILL_AREA_STYLE_COLOUR('',#11105);
#11988 = CURVE_STYLE('',#11989,POSITIVE_LENGTH_MEASURE(0.1),#11105);
#11989 = DRAUGHTING_PRE_DEFINED_CURVE_FONT('continuous');
#11990 = STYLED_ITEM('color',(#11991),#2702);
#11991 = PRESENTATION_STYLE_ASSIGNMENT((#11992,#11997));
#11992 = SURFACE_STYLE_USAGE(.BOTH.,#11993);
#11993 = SURFACE_SIDE_STYLE('',(#11994));
#11994 = SURFACE_STYLE_FILL_AREA(#11995);
#11995 = FILL_AREA_STYLE('',(#11996));
#11996 = FILL_AREA_STYLE_COLOUR('',#11105);
#11997 = CURVE_STYLE('',#11998,POSITIVE_LENGTH_MEASURE(0.1),#11105);
#11998 = DRAUGHTING_PRE_DEFINED_CURVE_FONT('continuous');
#11999 = STYLED_ITEM('color',(#12000),#2726);
#12000 = PRESENTATION_STYLE_ASSIGNMENT((#12001,#12006));
#12001 = SURFACE_STYLE_USAGE(.BOTH.,#12002);
#12002 = SURFACE_SIDE_STYLE('',(#12003));
#12003 = SURFACE_STYLE_FILL_AREA(#12004);
#12004 = FILL_AREA_STYLE('',(#12005));
#12005 = FILL_AREA_STYLE_COLOUR('',#11105);
#12006 = CURVE_STYLE('',#12007,POSITIVE_LENGTH_MEASURE(0.1),#11105);
#12007 = DRAUGHTING_PRE_DEFINED_CURVE_FONT('continuous');
#12008 = STYLED_ITEM('color',(#12009),#2768);
#12009 = PRESENTATION_STYLE_ASSIGNMENT((#12010,#12015));
#12010 = SURFACE_STYLE_USAGE(.BOTH.,#12011);
#12011 = SURFACE_SIDE_STYLE('',(#12012));
#12012 = SURFACE_STYLE_FILL_AREA(#12013);
#12013 = FILL_AREA_STYLE('',(#12014));
#12014 = FILL_AREA_STYLE_COLOUR('',#11105);
#12015 = CURVE_STYLE('',#12016,POSITIVE_LENGTH_MEASURE(0.1),#11105);
#12016 = DRAUGHTING_PRE_DEFINED_CURVE_FONT('continuous');
#12017 = STYLED_ITEM('color',(#12018),#2785);
#12018 = PRESENTATION_STYLE_ASSIGNMENT((#12019,#12024));
#12019 = SURFACE_STYLE_USAGE(.BOTH.,#12020);
#12020 = SURFACE_SIDE_STYLE('',(#12021));
#12021 = SURFACE_STYLE_FILL_AREA(#12022);
#12022 = FILL_AREA_STYLE('',(#12023));
#12023 = FILL_AREA_STYLE_COLOUR('',#11032);
#12024 = CURVE_STYLE('',#12025,POSITIVE_LENGTH_MEASURE(0.1),#11032);
#12025 = DRAUGHTING_PRE_DEFINED_CURVE_FONT('continuous');
#12026 = OVER_RIDING_STYLED_ITEM('overriding color',(#12027),#2792,
  #12017);
#12027 = PRESENTATION_STYLE_ASSIGNMENT((#12028,#12033));
#12028 = SURFACE_STYLE_USAGE(.BOTH.,#12029);
#12029 = SURFACE_SIDE_STYLE('',(#12030));
#12030 = SURFACE_STYLE_FILL_AREA(#12031);
#12031 = FILL_AREA_STYLE('',(#12032));
#12032 = FILL_AREA_STYLE_COLOUR('',#11105);
#12033 = CURVE_STYLE('',#12034,POSITIVE_LENGTH_MEASURE(0.1),#11105);
#12034 = DRAUGHTING_PRE_DEFINED_CURVE_FONT('continuous');
#12035 = STYLED_ITEM('color',(#12036),#2802);
#12036 = PRESENTATION_STYLE_ASSIGNMENT((#12037,#12042));
#12037 = SURFACE_STYLE_USAGE(.BOTH.,#12038);
#12038 = SURFACE_SIDE_STYLE('',(#12039));
#12039 = SURFACE_STYLE_FILL_AREA(#12040);
#12040 = FILL_AREA_STYLE('',(#12041));
#12041 = FILL_AREA_STYLE_COLOUR('',#11032);
#12042 = CURVE_STYLE('',#12043,POSITIVE_LENGTH_MEASURE(0.1),#11032);
#12043 = DRAUGHTING_PRE_DEFINED_CURVE_FONT('continuous');
#12044 = OVER_RIDING_STYLED_ITEM('overriding color',(#12045),#2807,
  #12035);
#12045 = PRESENTATION_STYLE_ASSIGNMENT((#12046,#12051));
#12046 = SURFACE_STYLE_USAGE(.BOTH.,#12047);
#12047 = SURFACE_SIDE_STYLE('',(#12048));
#12048 = SURFACE_STYLE_FILL_AREA(#12049);
#12049 = FILL_AREA_STYLE('',(#12050));
#12050 = FILL_AREA_STYLE_COLOUR('',#11105);
#12051 = CURVE_STYLE('',#12052,POSITIVE_LENGTH_MEASURE(0.1),#11105);
#12052 = DRAUGHTING_PRE_DEFINED_CURVE_FONT('continuous');
#12053 = STYLED_ITEM('color',(#12054),#2819);
#12054 = PRESENTATION_STYLE_ASSIGNMENT((#12055,#12060));
#12055 = SURFACE_STYLE_USAGE(.BOTH.,#12056);
#12056 = SURFACE_SIDE_STYLE('',(#12057));
#12057 = SURFACE_STYLE_FILL_AREA(#12058);
#12058 = FILL_AREA_STYLE('',(#12059));
#12059 = FILL_AREA_STYLE_COLOUR('',#11105);
#12060 = CURVE_STYLE('',#12061,POSITIVE_LENGTH_MEASURE(0.1),#11105);
#12061 = DRAUGHTING_PRE_DEFINED_CURVE_FONT('continuous');
#12062 = STYLED_ITEM('color',(#12063),#2868);
#12063 = PRESENTATION_STYLE_ASSIGNMENT((#12064,#12069));
#12064 = SURFACE_STYLE_USAGE(.BOTH.,#12065);
#12065 = SURFACE_SIDE_STYLE('',(#12066));
#12066 = SURFACE_STYLE_FILL_AREA(#12067);
#12067 = FILL_AREA_STYLE('',(#12068));
#12068 = FILL_AREA_STYLE_COLOUR('',#11105);
#12069 = CURVE_STYLE('',#12070,POSITIVE_LENGTH_MEASURE(0.1),#11105);
#12070 = DRAUGHTING_PRE_DEFINED_CURVE_FONT('continuous');
#12071 = STYLED_ITEM('color',(#12072),#2892);
#12072 = PRESENTATION_STYLE_ASSIGNMENT((#12073,#12078));
#12073 = SURFACE_STYLE_USAGE(.BOTH.,#12074);
#12074 = SURFACE_SIDE_STYLE('',(#12075));
#12075 = SURFACE_STYLE_FILL_AREA(#12076);
#12076 = FILL_AREA_STYLE('',(#12077));
#12077 = FILL_AREA_STYLE_COLOUR('',#11105);
#12078 = CURVE_STYLE('',#12079,POSITIVE_LENGTH_MEASURE(0.1),#11105);
#12079 = DRAUGHTING_PRE_DEFINED_CURVE_FONT('continuous');
#12080 = STYLED_ITEM('color',(#12081),#2934);
#12081 = PRESENTATION_STYLE_ASSIGNMENT((#12082,#12087));
#12082 = SURFACE_STYLE_USAGE(.BOTH.,#12083);
#12083 = SURFACE_SIDE_STYLE('',(#12084));
#12084 = SURFACE_STYLE_FILL_AREA(#12085);
#12085 = FILL_AREA_STYLE('',(#12086));
#12086 = FILL_AREA_STYLE_COLOUR('',#11105);
#12087 = CURVE_STYLE('',#12088,POSITIVE_LENGTH_MEASURE(0.1),#11105);
#12088 = DRAUGHTING_PRE_DEFINED_CURVE_FONT('continuous');
#12089 = STYLED_ITEM('color',(#12090),#2951);
#12090 = PRESENTATION_STYLE_ASSIGNMENT((#12091,#12096));
#12091 = SURFACE_STYLE_USAGE(.BOTH.,#12092);
#12092 = SURFACE_SIDE_STYLE('',(#12093));
#12093 = SURFACE_STYLE_FILL_AREA(#12094);
#12094 = FILL_AREA_STYLE('',(#12095));
#12095 = FILL_AREA_STYLE_COLOUR('',#11032);
#12096 = CURVE_STYLE('',#12097,POSITIVE_LENGTH_MEASURE(0.1),#11032);
#12097 = DRAUGHTING_PRE_DEFINED_CURVE_FONT('continuous');
#12098 = OVER_RIDING_STYLED_ITEM('overriding color',(#12099),#2958,
  #12089);
#12099 = PRESENTATION_STYLE_ASSIGNMENT((#12100,#12105));
#12100 = SURFACE_STYLE_USAGE(.BOTH.,#12101);
#12101 = SURFACE_SIDE_STYLE('',(#12102));
#12102 = SURFACE_STYLE_FILL_AREA(#12103);
#12103 = FILL_AREA_STYLE('',(#12104));
#12104 = FILL_AREA_STYLE_COLOUR('',#11105);
#12105 = CURVE_STYLE('',#12106,POSITIVE_LENGTH_MEASURE(0.1),#11105);
#12106 = DRAUGHTING_PRE_DEFINED_CURVE_FONT('continuous');
#12107 = STYLED_ITEM('color',(#12108),#2968);
#12108 = PRESENTATION_STYLE_ASSIGNMENT((#12109,#12114));
#12109 = SURFACE_STYLE_USAGE(.BOTH.,#12110);
#12110 = SURFACE_SIDE_STYLE('',(#12111));
#12111 = SURFACE_STYLE_FILL_AREA(#12112);
#12112 = FILL_AREA_STYLE('',(#12113));
#12113 = FILL_AREA_STYLE_COLOUR('',#11032);
#12114 = CURVE_STYLE('',#12115,POSITIVE_LENGTH_MEASURE(0.1),#11032);
#12115 = DRAUGHTING_PRE_DEFINED_CURVE_FONT('continuous');
#12116 = OVER_RIDING_STYLED_ITEM('overriding color',(#12117),#2973,
  #12107);
#12117 = PRESENTATION_STYLE_ASSIGNMENT((#12118,#12123));
#12118 = SURFACE_STYLE_USAGE(.BOTH.,#12119);
#12119 = SURFACE_SIDE_STYLE('',(#12120));
#12120 = SURFACE_STYLE_FILL_AREA(#12121);
#12121 = FILL_AREA_STYLE('',(#12122));
#12122 = FILL_AREA_STYLE_COLOUR('',#11105);
#12123 = CURVE_STYLE('',#12124,POSITIVE_LENGTH_MEASURE(0.1),#11105);
#12124 = DRAUGHTING_PRE_DEFINED_CURVE_FONT('continuous');
#12125 = STYLED_ITEM('color',(#12126),#2985);
#12126 = PRESENTATION_STYLE_ASSIGNMENT((#12127,#12132));
#12127 = SURFACE_STYLE_USAGE(.BOTH.,#12128);
#12128 = SURFACE_SIDE_STYLE('',(#12129));
#12129 = SURFACE_STYLE_FILL_AREA(#12130);
#12130 = FILL_AREA_STYLE('',(#12131));
#12131 = FILL_AREA_STYLE_COLOUR('',#11105);
#12132 = CURVE_STYLE('',#12133,POSITIVE_LENGTH_MEASURE(0.1),#11105);
#12133 = DRAUGHTING_PRE_DEFINED_CURVE_FONT('continuous');
#12134 = STYLED_ITEM('color',(#12135),#3034);
#12135 = PRESENTATION_STYLE_ASSIGNMENT((#12136,#12141));
#12136 = SURFACE_STYLE_USAGE(.BOTH.,#12137);
#12137 = SURFACE_SIDE_STYLE('',(#12138));
#12138 = SURFACE_STYLE_FILL_AREA(#12139);
#12139 = FILL_AREA_STYLE('',(#12140));
#12140 = FILL_AREA_STYLE_COLOUR('',#11105);
#12141 = CURVE_STYLE('',#12142,POSITIVE_LENGTH_MEASURE(0.1),#11105);
#12142 = DRAUGHTING_PRE_DEFINED_CURVE_FONT('continuous');
#12143 = STYLED_ITEM('color',(#12144),#3058);
#12144 = PRESENTATION_STYLE_ASSIGNMENT((#12145,#12150));
#12145 = SURFACE_STYLE_USAGE(.BOTH.,#12146);
#12146 = SURFACE_SIDE_STYLE('',(#12147));
#12147 = SURFACE_STYLE_FILL_AREA(#12148);
#12148 = FILL_AREA_STYLE('',(#12149));
#12149 = FILL_AREA_STYLE_COLOUR('',#11105);
#12150 = CURVE_STYLE('',#12151,POSITIVE_LENGTH_MEASURE(0.1),#11105);
#12151 = DRAUGHTING_PRE_DEFINED_CURVE_FONT('continuous');
#12152 = STYLED_ITEM('color',(#12153),#3100);
#12153 = PRESENTATION_STYLE_ASSIGNMENT((#12154,#12159));
#12154 = SURFACE_STYLE_USAGE(.BOTH.,#12155);
#12155 = SURFACE_SIDE_STYLE('',(#12156));
#12156 = SURFACE_STYLE_FILL_AREA(#12157);
#12157 = FILL_AREA_STYLE('',(#12158));
#12158 = FILL_AREA_STYLE_COLOUR('',#11105);
#12159 = CURVE_STYLE('',#12160,POSITIVE_LENGTH_MEASURE(0.1),#11105);
#12160 = DRAUGHTING_PRE_DEFINED_CURVE_FONT('continuous');
#12161 = STYLED_ITEM('color',(#12162),#3117);
#12162 = PRESENTATION_STYLE_ASSIGNMENT((#12163,#12168));
#12163 = SURFACE_STYLE_USAGE(.BOTH.,#12164);
#12164 = SURFACE_SIDE_STYLE('',(#12165));
#12165 = SURFACE_STYLE_FILL_AREA(#12166);
#12166 = FILL_AREA_STYLE('',(#12167));
#12167 = FILL_AREA_STYLE_COLOUR('',#11032);
#12168 = CURVE_STYLE('',#12169,POSITIVE_LENGTH_MEASURE(0.1),#11032);
#12169 = DRAUGHTING_PRE_DEFINED_CURVE_FONT('continuous');
#12170 = OVER_RIDING_STYLED_ITEM('overriding color',(#12171),#3124,
  #12161);
#12171 = PRESENTATION_STYLE_ASSIGNMENT((#12172,#12177));
#12172 = SURFACE_STYLE_USAGE(.BOTH.,#12173);
#12173 = SURFACE_SIDE_STYLE('',(#12174));
#12174 = SURFACE_STYLE_FILL_AREA(#12175);
#12175 = FILL_AREA_STYLE('',(#12176));
#12176 = FILL_AREA_STYLE_COLOUR('',#11105);
#12177 = CURVE_STYLE('',#12178,POSITIVE_LENGTH_MEASURE(0.1),#11105);
#12178 = DRAUGHTING_PRE_DEFINED_CURVE_FONT('continuous');
#12179 = STYLED_ITEM('color',(#12180),#3134);
#12180 = PRESENTATION_STYLE_ASSIGNMENT((#12181,#12186));
#12181 = SURFACE_STYLE_USAGE(.BOTH.,#12182);
#12182 = SURFACE_SIDE_STYLE('',(#12183));
#12183 = SURFACE_STYLE_FILL_AREA(#12184);
#12184 = FILL_AREA_STYLE('',(#12185));
#12185 = FILL_AREA_STYLE_COLOUR('',#11032);
#12186 = CURVE_STYLE('',#12187,POSITIVE_LENGTH_MEASURE(0.1),#11032);
#12187 = DRAUGHTING_PRE_DEFINED_CURVE_FONT('continuous');
#12188 = OVER_RIDING_STYLED_ITEM('overriding color',(#12189),#3139,
  #12179);
#12189 = PRESENTATION_STYLE_ASSIGNMENT((#12190,#12195));
#12190 = SURFACE_STYLE_USAGE(.BOTH.,#12191);
#12191 = SURFACE_SIDE_STYLE('',(#12192));
#12192 = SURFACE_STYLE_FILL_AREA(#12193);
#12193 = FILL_AREA_STYLE('',(#12194));
#12194 = FILL_AREA_STYLE_COLOUR('',#11105);
#12195 = CURVE_STYLE('',#12196,POSITIVE_LENGTH_MEASURE(0.1),#11105);
#12196 = DRAUGHTING_PRE_DEFINED_CURVE_FONT('continuous');
#12197 = STYLED_ITEM('color',(#12198),#3151);
#12198 = PRESENTATION_STYLE_ASSIGNMENT((#12199,#12204));
#12199 = SURFACE_STYLE_USAGE(.BOTH.,#12200);
#12200 = SURFACE_SIDE_STYLE('',(#12201));
#12201 = SURFACE_STYLE_FILL_AREA(#12202);
#12202 = FILL_AREA_STYLE('',(#12203));
#12203 = FILL_AREA_STYLE_COLOUR('',#11105);
#12204 = CURVE_STYLE('',#12205,POSITIVE_LENGTH_MEASURE(0.1),#11105);
#12205 = DRAUGHTING_PRE_DEFINED_CURVE_FONT('continuous');
#12206 = STYLED_ITEM('color',(#12207),#3200);
#12207 = PRESENTATION_STYLE_ASSIGNMENT((#12208,#12213));
#12208 = SURFACE_STYLE_USAGE(.BOTH.,#12209);
#12209 = SURFACE_SIDE_STYLE('',(#12210));
#12210 = SURFACE_STYLE_FILL_AREA(#12211);
#12211 = FILL_AREA_STYLE('',(#12212));
#12212 = FILL_AREA_STYLE_COLOUR('',#11105);
#12213 = CURVE_STYLE('',#12214,POSITIVE_LENGTH_MEASURE(0.1),#11105);
#12214 = DRAUGHTING_PRE_DEFINED_CURVE_FONT('continuous');
#12215 = STYLED_ITEM('color',(#12216),#3224);
#12216 = PRESENTATION_STYLE_ASSIGNMENT((#12217,#12222));
#12217 = SURFACE_STYLE_USAGE(.BOTH.,#12218);
#12218 = SURFACE_SIDE_STYLE('',(#12219));
#12219 = SURFACE_STYLE_FILL_AREA(#12220);
#12220 = FILL_AREA_STYLE('',(#12221));
#12221 = FILL_AREA_STYLE_COLOUR('',#11105);
#12222 = CURVE_STYLE('',#12223,POSITIVE_LENGTH_MEASURE(0.1),#11105);
#12223 = DRAUGHTING_PRE_DEFINED_CURVE_FONT('continuous');
#12224 = STYLED_ITEM('color',(#12225),#3266);
#12225 = PRESENTATION_STYLE_ASSIGNMENT((#12226,#12231));
#12226 = SURFACE_STYLE_USAGE(.BOTH.,#12227);
#12227 = SURFACE_SIDE_STYLE('',(#12228));
#12228 = SURFACE_STYLE_FILL_AREA(#12229);
#12229 = FILL_AREA_STYLE('',(#12230));
#12230 = FILL_AREA_STYLE_COLOUR('',#11105);
#12231 = CURVE_STYLE('',#12232,POSITIVE_LENGTH_MEASURE(0.1),#11105);
#12232 = DRAUGHTING_PRE_DEFINED_CURVE_FONT('continuous');
#12233 = STYLED_ITEM('color',(#12234),#3283);
#12234 = PRESENTATION_STYLE_ASSIGNMENT((#12235,#12240));
#12235 = SURFACE_STYLE_USAGE(.BOTH.,#12236);
#12236 = SURFACE_SIDE_STYLE('',(#12237));
#12237 = SURFACE_STYLE_FILL_AREA(#12238);
#12238 = FILL_AREA_STYLE('',(#12239));
#12239 = FILL_AREA_STYLE_COLOUR('',#11105);
#12240 = CURVE_STYLE('',#12241,POSITIVE_LENGTH_MEASURE(0.1),#11105);
#12241 = DRAUGHTING_PRE_DEFINED_CURVE_FONT('continuous');
#12242 = STYLED_ITEM('color',(#12243),#3300);
#12243 = PRESENTATION_STYLE_ASSIGNMENT((#12244,#12249));
#12244 = SURFACE_STYLE_USAGE(.BOTH.,#12245);
#12245 = SURFACE_SIDE_STYLE('',(#12246));
#12246 = SURFACE_STYLE_FILL_AREA(#12247);
#12247 = FILL_AREA_STYLE('',(#12248));
#12248 = FILL_AREA_STYLE_COLOUR('',#11105);
#12249 = CURVE_STYLE('',#12250,POSITIVE_LENGTH_MEASURE(0.1),#11105);
#12250 = DRAUGHTING_PRE_DEFINED_CURVE_FONT('continuous');
#12251 = STYLED_ITEM('color',(#12252),#3317);
#12252 = PRESENTATION_STYLE_ASSIGNMENT((#12253,#12258));
#12253 = SURFACE_STYLE_USAGE(.BOTH.,#12254);
#12254 = SURFACE_SIDE_STYLE('',(#12255));
#12255 = SURFACE_STYLE_FILL_AREA(#12256);
#12256 = FILL_AREA_STYLE('',(#12257));
#12257 = FILL_AREA_STYLE_COLOUR('',#11105);
#12258 = CURVE_STYLE('',#12259,POSITIVE_LENGTH_MEASURE(0.1),#11105);
#12259 = DRAUGHTING_PRE_DEFINED_CURVE_FONT('continuous');
#12260 = STYLED_ITEM('color',(#12261),#3329);
#12261 = PRESENTATION_STYLE_ASSIGNMENT((#12262,#12267));
#12262 = SURFACE_STYLE_USAGE(.BOTH.,#12263);
#12263 = SURFACE_SIDE_STYLE('',(#12264));
#12264 = SURFACE_STYLE_FILL_AREA(#12265);
#12265 = FILL_AREA_STYLE('',(#12266));
#12266 = FILL_AREA_STYLE_COLOUR('',#11105);
#12267 = CURVE_STYLE('',#12268,POSITIVE_LENGTH_MEASURE(0.1),#11105);
#12268 = DRAUGHTING_PRE_DEFINED_CURVE_FONT('continuous');
#12269 = STYLED_ITEM('color',(#12270),#3346);
#12270 = PRESENTATION_STYLE_ASSIGNMENT((#12271,#12276));
#12271 = SURFACE_STYLE_USAGE(.BOTH.,#12272);
#12272 = SURFACE_SIDE_STYLE('',(#12273));
#12273 = SURFACE_STYLE_FILL_AREA(#12274);
#12274 = FILL_AREA_STYLE('',(#12275));
#12275 = FILL_AREA_STYLE_COLOUR('',#11105);
#12276 = CURVE_STYLE('',#12277,POSITIVE_LENGTH_MEASURE(0.1),#11105);
#12277 = DRAUGHTING_PRE_DEFINED_CURVE_FONT('continuous');
#12278 = STYLED_ITEM('color',(#12279),#3363);
#12279 = PRESENTATION_STYLE_ASSIGNMENT((#12280,#12285));
#12280 = SURFACE_STYLE_USAGE(.BOTH.,#12281);
#12281 = SURFACE_SIDE_STYLE('',(#12282));
#12282 = SURFACE_STYLE_FILL_AREA(#12283);
#12283 = FILL_AREA_STYLE('',(#12284));
#12284 = FILL_AREA_STYLE_COLOUR('',#11105);
#12285 = CURVE_STYLE('',#12286,POSITIVE_LENGTH_MEASURE(0.1),#11105);
#12286 = DRAUGHTING_PRE_DEFINED_CURVE_FONT('continuous');
#12287 = STYLED_ITEM('color',(#12288),#3375);
#12288 = PRESENTATION_STYLE_ASSIGNMENT((#12289,#12294));
#12289 = SURFACE_STYLE_USAGE(.BOTH.,#12290);
#12290 = SURFACE_SIDE_STYLE('',(#12291));
#12291 = SURFACE_STYLE_FILL_AREA(#12292);
#12292 = FILL_AREA_STYLE('',(#12293));
#12293 = FILL_AREA_STYLE_COLOUR('',#11105);
#12294 = CURVE_STYLE('',#12295,POSITIVE_LENGTH_MEASURE(0.1),#11105);
#12295 = DRAUGHTING_PRE_DEFINED_CURVE_FONT('continuous');
#12296 = STYLED_ITEM('color',(#12297),#3392);
#12297 = PRESENTATION_STYLE_ASSIGNMENT((#12298,#12303));
#12298 = SURFACE_STYLE_USAGE(.BOTH.,#12299);
#12299 = SURFACE_SIDE_STYLE('',(#12300));
#12300 = SURFACE_STYLE_FILL_AREA(#12301);
#12301 = FILL_AREA_STYLE('',(#12302));
#12302 = FILL_AREA_STYLE_COLOUR('',#11105);
#12303 = CURVE_STYLE('',#12304,POSITIVE_LENGTH_MEASURE(0.1),#11105);
#12304 = DRAUGHTING_PRE_DEFINED_CURVE_FONT('continuous');
#12305 = STYLED_ITEM('color',(#12306),#3409);
#12306 = PRESENTATION_STYLE_ASSIGNMENT((#12307,#12312));
#12307 = SURFACE_STYLE_USAGE(.BOTH.,#12308);
#12308 = SURFACE_SIDE_STYLE('',(#12309));
#12309 = SURFACE_STYLE_FILL_AREA(#12310);
#12310 = FILL_AREA_STYLE('',(#12311));
#12311 = FILL_AREA_STYLE_COLOUR('',#11105);
#12312 = CURVE_STYLE('',#12313,POSITIVE_LENGTH_MEASURE(0.1),#11105);
#12313 = DRAUGHTING_PRE_DEFINED_CURVE_FONT('continuous');
#12314 = STYLED_ITEM('color',(#12315),#3421);
#12315 = PRESENTATION_STYLE_ASSIGNMENT((#12316,#12321));
#12316 = SURFACE_STYLE_USAGE(.BOTH.,#12317);
#12317 = SURFACE_SIDE_STYLE('',(#12318));
#12318 = SURFACE_STYLE_FILL_AREA(#12319);
#12319 = FILL_AREA_STYLE('',(#12320));
#12320 = FILL_AREA_STYLE_COLOUR('',#11105);
#12321 = CURVE_STYLE('',#12322,POSITIVE_LENGTH_MEASURE(0.1),#11105);
#12322 = DRAUGHTING_PRE_DEFINED_CURVE_FONT('continuous');
#12323 = STYLED_ITEM('color',(#12324),#3438);
#12324 = PRESENTATION_STYLE_ASSIGNMENT((#12325,#12330));
#12325 = SURFACE_STYLE_USAGE(.BOTH.,#12326);
#12326 = SURFACE_SIDE_STYLE('',(#12327));
#12327 = SURFACE_STYLE_FILL_AREA(#12328);
#12328 = FILL_AREA_STYLE('',(#12329));
#12329 = FILL_AREA_STYLE_COLOUR('',#11105);
#12330 = CURVE_STYLE('',#12331,POSITIVE_LENGTH_MEASURE(0.1),#11105);
#12331 = DRAUGHTING_PRE_DEFINED_CURVE_FONT('continuous');
#12332 = STYLED_ITEM('color',(#12333),#3455);
#12333 = PRESENTATION_STYLE_ASSIGNMENT((#12334,#12339));
#12334 = SURFACE_STYLE_USAGE(.BOTH.,#12335);
#12335 = SURFACE_SIDE_STYLE('',(#12336));
#12336 = SURFACE_STYLE_FILL_AREA(#12337);
#12337 = FILL_AREA_STYLE('',(#12338));
#12338 = FILL_AREA_STYLE_COLOUR('',#11105);
#12339 = CURVE_STYLE('',#12340,POSITIVE_LENGTH_MEASURE(0.1),#11105);
#12340 = DRAUGHTING_PRE_DEFINED_CURVE_FONT('continuous');
#12341 = MECHANICAL_DESIGN_GEOMETRIC_PRESENTATION_REPRESENTATION('',(
    #12342,#12350,#12357,#12364,#12371,#12378,#12385,#12392,#12400,
    #12407,#12414,#12421,#12428,#12435,#12443,#12450,#12457,#12464,
    #12471,#12478,#12485,#12492,#12499,#12506,#12513,#12520),#4296);
#12342 = STYLED_ITEM('color',(#12343),#3508);
#12343 = PRESENTATION_STYLE_ASSIGNMENT((#12344));
#12344 = SURFACE_STYLE_USAGE(.BOTH.,#12345);
#12345 = SURFACE_SIDE_STYLE('',(#12346));
#12346 = SURFACE_STYLE_FILL_AREA(#12347);
#12347 = FILL_AREA_STYLE('',(#12348));
#12348 = FILL_AREA_STYLE_COLOUR('',#12349);
#12349 = COLOUR_RGB('',0.823999987314,0.819999987296,0.781000009244);
#12350 = STYLED_ITEM('color',(#12351),#3548);
#12351 = PRESENTATION_STYLE_ASSIGNMENT((#12352));
#12352 = SURFACE_STYLE_USAGE(.BOTH.,#12353);
#12353 = SURFACE_SIDE_STYLE('',(#12354));
#12354 = SURFACE_STYLE_FILL_AREA(#12355);
#12355 = FILL_AREA_STYLE('',(#12356));
#12356 = FILL_AREA_STYLE_COLOUR('',#12349);
#12357 = STYLED_ITEM('color',(#12358),#3631);
#12358 = PRESENTATION_STYLE_ASSIGNMENT((#12359));
#12359 = SURFACE_STYLE_USAGE(.BOTH.,#12360);
#12360 = SURFACE_SIDE_STYLE('',(#12361));
#12361 = SURFACE_STYLE_FILL_AREA(#12362);
#12362 = FILL_AREA_STYLE('',(#12363));
#12363 = FILL_AREA_STYLE_COLOUR('',#12349);
#12364 = STYLED_ITEM('color',(#12365),#3656);
#12365 = PRESENTATION_STYLE_ASSIGNMENT((#12366));
#12366 = SURFACE_STYLE_USAGE(.BOTH.,#12367);
#12367 = SURFACE_SIDE_STYLE('',(#12368));
#12368 = SURFACE_STYLE_FILL_AREA(#12369);
#12369 = FILL_AREA_STYLE('',(#12370));
#12370 = FILL_AREA_STYLE_COLOUR('',#12349);
#12371 = STYLED_ITEM('color',(#12372),#3681);
#12372 = PRESENTATION_STYLE_ASSIGNMENT((#12373));
#12373 = SURFACE_STYLE_USAGE(.BOTH.,#12374);
#12374 = SURFACE_SIDE_STYLE('',(#12375));
#12375 = SURFACE_STYLE_FILL_AREA(#12376);
#12376 = FILL_AREA_STYLE('',(#12377));
#12377 = FILL_AREA_STYLE_COLOUR('',#12349);
#12378 = STYLED_ITEM('color',(#12379),#3748);
#12379 = PRESENTATION_STYLE_ASSIGNMENT((#12380));
#12380 = SURFACE_STYLE_USAGE(.BOTH.,#12381);
#12381 = SURFACE_SIDE_STYLE('',(#12382));
#12382 = SURFACE_STYLE_FILL_AREA(#12383);
#12383 = FILL_AREA_STYLE('',(#12384));
#12384 = FILL_AREA_STYLE_COLOUR('',#12349);
#12385 = STYLED_ITEM('color',(#12386),#3765);
#12386 = PRESENTATION_STYLE_ASSIGNMENT((#12387));
#12387 = SURFACE_STYLE_USAGE(.BOTH.,#12388);
#12388 = SURFACE_SIDE_STYLE('',(#12389));
#12389 = SURFACE_STYLE_FILL_AREA(#12390);
#12390 = FILL_AREA_STYLE('',(#12391));
#12391 = FILL_AREA_STYLE_COLOUR('',#12349);
#12392 = STYLED_ITEM('color',(#12393),#3782);
#12393 = PRESENTATION_STYLE_ASSIGNMENT((#12394));
#12394 = SURFACE_STYLE_USAGE(.BOTH.,#12395);
#12395 = SURFACE_SIDE_STYLE('',(#12396));
#12396 = SURFACE_STYLE_FILL_AREA(#12397);
#12397 = FILL_AREA_STYLE('',(#12398));
#12398 = FILL_AREA_STYLE_COLOUR('',#12399);
#12399 = COLOUR_RGB('',0.894999966383,0.890999961016,0.813000030345);
#12400 = STYLED_ITEM('color',(#12401),#3831);
#12401 = PRESENTATION_STYLE_ASSIGNMENT((#12402));
#12402 = SURFACE_STYLE_USAGE(.BOTH.,#12403);
#12403 = SURFACE_SIDE_STYLE('',(#12404));
#12404 = SURFACE_STYLE_FILL_AREA(#12405);
#12405 = FILL_AREA_STYLE('',(#12406));
#12406 = FILL_AREA_STYLE_COLOUR('',#12349);
#12407 = STYLED_ITEM('color',(#12408),#3848);
#12408 = PRESENTATION_STYLE_ASSIGNMENT((#12409));
#12409 = SURFACE_STYLE_USAGE(.BOTH.,#12410);
#12410 = SURFACE_SIDE_STYLE('',(#12411));
#12411 = SURFACE_STYLE_FILL_AREA(#12412);
#12412 = FILL_AREA_STYLE('',(#12413));
#12413 = FILL_AREA_STYLE_COLOUR('',#12349);
#12414 = STYLED_ITEM('color',(#12415),#3865);
#12415 = PRESENTATION_STYLE_ASSIGNMENT((#12416));
#12416 = SURFACE_STYLE_USAGE(.BOTH.,#12417);
#12417 = SURFACE_SIDE_STYLE('',(#12418));
#12418 = SURFACE_STYLE_FILL_AREA(#12419);
#12419 = FILL_AREA_STYLE('',(#12420));
#12420 = FILL_AREA_STYLE_COLOUR('',#12399);
#12421 = STYLED_ITEM('color',(#12422),#3914);
#12422 = PRESENTATION_STYLE_ASSIGNMENT((#12423));
#12423 = SURFACE_STYLE_USAGE(.BOTH.,#12424);
#12424 = SURFACE_SIDE_STYLE('',(#12425));
#12425 = SURFACE_STYLE_FILL_AREA(#12426);
#12426 = FILL_AREA_STYLE('',(#12427));
#12427 = FILL_AREA_STYLE_COLOUR('',#12399);
#12428 = STYLED_ITEM('color',(#12429),#3931);
#12429 = PRESENTATION_STYLE_ASSIGNMENT((#12430));
#12430 = SURFACE_STYLE_USAGE(.BOTH.,#12431);
#12431 = SURFACE_SIDE_STYLE('',(#12432));
#12432 = SURFACE_STYLE_FILL_AREA(#12433);
#12433 = FILL_AREA_STYLE('',(#12434));
#12434 = FILL_AREA_STYLE_COLOUR('',#12349);
#12435 = STYLED_ITEM('color',(#12436),#4000);
#12436 = PRESENTATION_STYLE_ASSIGNMENT((#12437));
#12437 = SURFACE_STYLE_USAGE(.BOTH.,#12438);
#12438 = SURFACE_SIDE_STYLE('',(#12439));
#12439 = SURFACE_STYLE_FILL_AREA(#12440);
#12440 = FILL_AREA_STYLE('',(#12441));
#12441 = FILL_AREA_STYLE_COLOUR('',#12442);
#12442 = COLOUR_RGB('',8.200000279077E-02,8.600000121357E-02,
  9.399999706163E-02);
#12443 = STYLED_ITEM('color',(#12444),#4031);
#12444 = PRESENTATION_STYLE_ASSIGNMENT((#12445));
#12445 = SURFACE_STYLE_USAGE(.BOTH.,#12446);
#12446 = SURFACE_SIDE_STYLE('',(#12447));
#12447 = SURFACE_STYLE_FILL_AREA(#12448);
#12448 = FILL_AREA_STYLE('',(#12449));
#12449 = FILL_AREA_STYLE_COLOUR('',#12442);
#12450 = STYLED_ITEM('color',(#12451),#4055);
#12451 = PRESENTATION_STYLE_ASSIGNMENT((#12452));
#12452 = SURFACE_STYLE_USAGE(.BOTH.,#12453);
#12453 = SURFACE_SIDE_STYLE('',(#12454));
#12454 = SURFACE_STYLE_FILL_AREA(#12455);
#12455 = FILL_AREA_STYLE('',(#12456));
#12456 = FILL_AREA_STYLE_COLOUR('',#12349);
#12457 = STYLED_ITEM('color',(#12458),#4124);
#12458 = PRESENTATION_STYLE_ASSIGNMENT((#12459));
#12459 = SURFACE_STYLE_USAGE(.BOTH.,#12460);
#12460 = SURFACE_SIDE_STYLE('',(#12461));
#12461 = SURFACE_STYLE_FILL_AREA(#12462);
#12462 = FILL_AREA_STYLE('',(#12463));
#12463 = FILL_AREA_STYLE_COLOUR('',#12442);
#12464 = STYLED_ITEM('color',(#12465),#4148);
#12465 = PRESENTATION_STYLE_ASSIGNMENT((#12466));
#12466 = SURFACE_STYLE_USAGE(.BOTH.,#12467);
#12467 = SURFACE_SIDE_STYLE('',(#12468));
#12468 = SURFACE_STYLE_FILL_AREA(#12469);
#12469 = FILL_AREA_STYLE('',(#12470));
#12470 = FILL_AREA_STYLE_COLOUR('',#12349);
#12471 = STYLED_ITEM('color',(#12472),#4165);
#12472 = PRESENTATION_STYLE_ASSIGNMENT((#12473));
#12473 = SURFACE_STYLE_USAGE(.BOTH.,#12474);
#12474 = SURFACE_SIDE_STYLE('',(#12475));
#12475 = SURFACE_STYLE_FILL_AREA(#12476);
#12476 = FILL_AREA_STYLE('',(#12477));
#12477 = FILL_AREA_STYLE_COLOUR('',#12349);
#12478 = STYLED_ITEM('color',(#12479),#4182);
#12479 = PRESENTATION_STYLE_ASSIGNMENT((#12480));
#12480 = SURFACE_STYLE_USAGE(.BOTH.,#12481);
#12481 = SURFACE_SIDE_STYLE('',(#12482));
#12482 = SURFACE_STYLE_FILL_AREA(#12483);
#12483 = FILL_AREA_STYLE('',(#12484));
#12484 = FILL_AREA_STYLE_COLOUR('',#12349);
#12485 = STYLED_ITEM('color',(#12486),#4199);
#12486 = PRESENTATION_STYLE_ASSIGNMENT((#12487));
#12487 = SURFACE_STYLE_USAGE(.BOTH.,#12488);
#12488 = SURFACE_SIDE_STYLE('',(#12489));
#12489 = SURFACE_STYLE_FILL_AREA(#12490);
#12490 = FILL_AREA_STYLE('',(#12491));
#12491 = FILL_AREA_STYLE_COLOUR('',#12349);
#12492 = STYLED_ITEM('color',(#12493),#4216);
#12493 = PRESENTATION_STYLE_ASSIGNMENT((#12494));
#12494 = SURFACE_STYLE_USAGE(.BOTH.,#12495);
#12495 = SURFACE_SIDE_STYLE('',(#12496));
#12496 = SURFACE_STYLE_FILL_AREA(#12497);
#12497 = FILL_AREA_STYLE('',(#12498));
#12498 = FILL_AREA_STYLE_COLOUR('',#12349);
#12499 = STYLED_ITEM('color',(#12500),#4233);
#12500 = PRESENTATION_STYLE_ASSIGNMENT((#12501));
#12501 = SURFACE_STYLE_USAGE(.BOTH.,#12502);
#12502 = SURFACE_SIDE_STYLE('',(#12503));
#12503 = SURFACE_STYLE_FILL_AREA(#12504);
#12504 = FILL_AREA_STYLE('',(#12505));
#12505 = FILL_AREA_STYLE_COLOUR('',#12349);
#12506 = STYLED_ITEM('color',(#12507),#4250);
#12507 = PRESENTATION_STYLE_ASSIGNMENT((#12508));
#12508 = SURFACE_STYLE_USAGE(.BOTH.,#12509);
#12509 = SURFACE_SIDE_STYLE('',(#12510));
#12510 = SURFACE_STYLE_FILL_AREA(#12511);
#12511 = FILL_AREA_STYLE('',(#12512));
#12512 = FILL_AREA_STYLE_COLOUR('',#12349);
#12513 = STYLED_ITEM('color',(#12514),#4267);
#12514 = PRESENTATION_STYLE_ASSIGNMENT((#12515));
#12515 = SURFACE_STYLE_USAGE(.BOTH.,#12516);
#12516 = SURFACE_SIDE_STYLE('',(#12517));
#12517 = SURFACE_STYLE_FILL_AREA(#12518);
#12518 = FILL_AREA_STYLE('',(#12519));
#12519 = FILL_AREA_STYLE_COLOUR('',#12442);
#12520 = STYLED_ITEM('color',(#12521),#4284);
#12521 = PRESENTATION_STYLE_ASSIGNMENT((#12522));
#12522 = SURFACE_STYLE_USAGE(.BOTH.,#12523);
#12523 = SURFACE_SIDE_STYLE('',(#12524));
#12524 = SURFACE_STYLE_FILL_AREA(#12525);
#12525 = FILL_AREA_STYLE('',(#12526));
#12526 = FILL_AREA_STYLE_COLOUR('',#12442);
#12527 = MECHANICAL_DESIGN_GEOMETRIC_PRESENTATION_REPRESENTATION('',(
    #12528),#11013);
#12528 = STYLED_ITEM('color',(#12529),#4345);
#12529 = PRESENTATION_STYLE_ASSIGNMENT((#12530));
#12530 = SURFACE_STYLE_USAGE(.BOTH.,#12531);
#12531 = SURFACE_SIDE_STYLE('',(#12532));
#12532 = SURFACE_STYLE_FILL_AREA(#12533);
#12533 = FILL_AREA_STYLE('',(#12534));
#12534 = FILL_AREA_STYLE_COLOUR('',#12535);
#12535 = COLOUR_RGB('',0.313304153717,0.484529207832,0.410020903123);
ENDSEC;
END-ISO-10303-21;
